

================================================================
== Vitis HLS Report for 'dense_latency_ap_ufixed_9_0_4_0_0_ap_fixed_16_6_5_3_0_config14_s'
================================================================
* Date:           Mon Oct 21 21:36:18 2024

* Version:        2023.2 (Build 4023990 on Oct 11 2023)
* Project:        JetTagger
* Solution:       solution1 (Vivado IP Flow Target)
* Product family: virtexuplus
* Target device:  xcvu13p-flga2577-2-e


================================================================
== Performance Estimates
================================================================
+ Timing: 
    * Summary: 
    +--------+---------+----------+------------+
    |  Clock |  Target | Estimated| Uncertainty|
    +--------+---------+----------+------------+
    |ap_clk  |  2.00 ns|  1.460 ns|     0.54 ns|
    +--------+---------+----------+------------+

+ Latency: 
    * Summary: 
    +---------+---------+-----------+-----------+-----+-----+---------+
    |  Latency (cycles) |   Latency (absolute)  |  Interval | Pipeline|
    |   min   |   max   |    min    |    max    | min | max |   Type  |
    +---------+---------+-----------+-----------+-----+-----+---------+
    |        5|        5|  10.000 ns|  10.000 ns|    1|    1|      yes|
    +---------+---------+-----------+-----------+-----+-----+---------+

    + Detail: 
        * Instance: 
        N/A

        * Loop: 
        N/A



================================================================
== Utilization Estimates
================================================================
* Summary: 
+---------------------+---------+-------+---------+---------+------+
|         Name        | BRAM_18K|  DSP  |    FF   |   LUT   | URAM |
+---------------------+---------+-------+---------+---------+------+
|DSP                  |        -|      -|        -|        -|     -|
|Expression           |        -|      -|        0|     7778|     -|
|FIFO                 |        -|      -|        -|        -|     -|
|Instance             |        -|      0|        0|     6370|     -|
|Memory               |        -|      -|        -|        -|     -|
|Multiplexer          |        -|      -|        -|      280|     -|
|Register             |        -|      -|     6285|       64|     -|
+---------------------+---------+-------+---------+---------+------+
|Total                |        0|      0|     6285|    14492|     0|
+---------------------+---------+-------+---------+---------+------+
|Available SLR        |     1344|   3072|   864000|   432000|   320|
+---------------------+---------+-------+---------+---------+------+
|Utilization SLR (%)  |        0|      0|       ~0|        3|     0|
+---------------------+---------+-------+---------+---------+------+
|Available            |     5376|  12288|  3456000|  1728000|  1280|
+---------------------+---------+-------+---------+---------+------+
|Utilization (%)      |        0|      0|       ~0|       ~0|     0|
+---------------------+---------+-------+---------+---------+------+

+ Detail: 
    * Instance: 
    +--------------------------+--------------------+---------+----+---+----+-----+
    |         Instance         |       Module       | BRAM_18K| DSP| FF| LUT| URAM|
    +--------------------------+--------------------+---------+----+---+----+-----+
    |mul_9ns_5ns_13_1_1_U5674  |mul_9ns_5ns_13_1_1  |        0|   0|  0|  49|    0|
    |mul_9ns_5ns_13_1_1_U5699  |mul_9ns_5ns_13_1_1  |        0|   0|  0|  49|    0|
    |mul_9ns_5ns_13_1_1_U5717  |mul_9ns_5ns_13_1_1  |        0|   0|  0|  49|    0|
    |mul_9ns_5ns_13_1_1_U5723  |mul_9ns_5ns_13_1_1  |        0|   0|  0|  49|    0|
    |mul_9ns_5ns_13_1_1_U5729  |mul_9ns_5ns_13_1_1  |        0|   0|  0|  49|    0|
    |mul_9ns_5ns_13_1_1_U5746  |mul_9ns_5ns_13_1_1  |        0|   0|  0|  49|    0|
    |mul_9ns_5ns_13_1_1_U5757  |mul_9ns_5ns_13_1_1  |        0|   0|  0|  49|    0|
    |mul_9ns_5s_14_1_1_U5645   |mul_9ns_5s_14_1_1   |        0|   0|  0|  49|    0|
    |mul_9ns_5s_14_1_1_U5695   |mul_9ns_5s_14_1_1   |        0|   0|  0|  49|    0|
    |mul_9ns_5s_14_1_1_U5716   |mul_9ns_5s_14_1_1   |        0|   0|  0|  49|    0|
    |mul_9ns_5s_14_1_1_U5739   |mul_9ns_5s_14_1_1   |        0|   0|  0|  49|    0|
    |mul_9ns_6ns_14_1_1_U5640  |mul_9ns_6ns_14_1_1  |        0|   0|  0|  49|    0|
    |mul_9ns_6ns_14_1_1_U5641  |mul_9ns_6ns_14_1_1  |        0|   0|  0|  49|    0|
    |mul_9ns_6ns_14_1_1_U5651  |mul_9ns_6ns_14_1_1  |        0|   0|  0|  49|    0|
    |mul_9ns_6ns_14_1_1_U5652  |mul_9ns_6ns_14_1_1  |        0|   0|  0|  49|    0|
    |mul_9ns_6ns_14_1_1_U5653  |mul_9ns_6ns_14_1_1  |        0|   0|  0|  49|    0|
    |mul_9ns_6ns_14_1_1_U5655  |mul_9ns_6ns_14_1_1  |        0|   0|  0|  49|    0|
    |mul_9ns_6ns_14_1_1_U5664  |mul_9ns_6ns_14_1_1  |        0|   0|  0|  49|    0|
    |mul_9ns_6ns_14_1_1_U5667  |mul_9ns_6ns_14_1_1  |        0|   0|  0|  49|    0|
    |mul_9ns_6ns_14_1_1_U5683  |mul_9ns_6ns_14_1_1  |        0|   0|  0|  49|    0|
    |mul_9ns_6ns_14_1_1_U5691  |mul_9ns_6ns_14_1_1  |        0|   0|  0|  49|    0|
    |mul_9ns_6ns_14_1_1_U5694  |mul_9ns_6ns_14_1_1  |        0|   0|  0|  49|    0|
    |mul_9ns_6ns_14_1_1_U5702  |mul_9ns_6ns_14_1_1  |        0|   0|  0|  49|    0|
    |mul_9ns_6ns_14_1_1_U5707  |mul_9ns_6ns_14_1_1  |        0|   0|  0|  49|    0|
    |mul_9ns_6ns_14_1_1_U5709  |mul_9ns_6ns_14_1_1  |        0|   0|  0|  49|    0|
    |mul_9ns_6ns_14_1_1_U5711  |mul_9ns_6ns_14_1_1  |        0|   0|  0|  49|    0|
    |mul_9ns_6ns_14_1_1_U5712  |mul_9ns_6ns_14_1_1  |        0|   0|  0|  49|    0|
    |mul_9ns_6ns_14_1_1_U5724  |mul_9ns_6ns_14_1_1  |        0|   0|  0|  49|    0|
    |mul_9ns_6ns_14_1_1_U5727  |mul_9ns_6ns_14_1_1  |        0|   0|  0|  49|    0|
    |mul_9ns_6ns_14_1_1_U5748  |mul_9ns_6ns_14_1_1  |        0|   0|  0|  49|    0|
    |mul_9ns_6ns_14_1_1_U5755  |mul_9ns_6ns_14_1_1  |        0|   0|  0|  49|    0|
    |mul_9ns_6ns_14_1_1_U5763  |mul_9ns_6ns_14_1_1  |        0|   0|  0|  49|    0|
    |mul_9ns_6s_15_1_1_U5644   |mul_9ns_6s_15_1_1   |        0|   0|  0|  49|    0|
    |mul_9ns_6s_15_1_1_U5662   |mul_9ns_6s_15_1_1   |        0|   0|  0|  49|    0|
    |mul_9ns_6s_15_1_1_U5665   |mul_9ns_6s_15_1_1   |        0|   0|  0|  49|    0|
    |mul_9ns_6s_15_1_1_U5677   |mul_9ns_6s_15_1_1   |        0|   0|  0|  49|    0|
    |mul_9ns_6s_15_1_1_U5681   |mul_9ns_6s_15_1_1   |        0|   0|  0|  49|    0|
    |mul_9ns_6s_15_1_1_U5685   |mul_9ns_6s_15_1_1   |        0|   0|  0|  49|    0|
    |mul_9ns_6s_15_1_1_U5689   |mul_9ns_6s_15_1_1   |        0|   0|  0|  49|    0|
    |mul_9ns_6s_15_1_1_U5696   |mul_9ns_6s_15_1_1   |        0|   0|  0|  49|    0|
    |mul_9ns_6s_15_1_1_U5697   |mul_9ns_6s_15_1_1   |        0|   0|  0|  49|    0|
    |mul_9ns_6s_15_1_1_U5715   |mul_9ns_6s_15_1_1   |        0|   0|  0|  49|    0|
    |mul_9ns_6s_15_1_1_U5720   |mul_9ns_6s_15_1_1   |        0|   0|  0|  49|    0|
    |mul_9ns_6s_15_1_1_U5730   |mul_9ns_6s_15_1_1   |        0|   0|  0|  49|    0|
    |mul_9ns_6s_15_1_1_U5738   |mul_9ns_6s_15_1_1   |        0|   0|  0|  49|    0|
    |mul_9ns_6s_15_1_1_U5742   |mul_9ns_6s_15_1_1   |        0|   0|  0|  49|    0|
    |mul_9ns_6s_15_1_1_U5747   |mul_9ns_6s_15_1_1   |        0|   0|  0|  49|    0|
    |mul_9ns_6s_15_1_1_U5760   |mul_9ns_6s_15_1_1   |        0|   0|  0|  49|    0|
    |mul_9ns_7ns_15_1_1_U5635  |mul_9ns_7ns_15_1_1  |        0|   0|  0|  49|    0|
    |mul_9ns_7ns_15_1_1_U5637  |mul_9ns_7ns_15_1_1  |        0|   0|  0|  49|    0|
    |mul_9ns_7ns_15_1_1_U5643  |mul_9ns_7ns_15_1_1  |        0|   0|  0|  49|    0|
    |mul_9ns_7ns_15_1_1_U5649  |mul_9ns_7ns_15_1_1  |        0|   0|  0|  49|    0|
    |mul_9ns_7ns_15_1_1_U5666  |mul_9ns_7ns_15_1_1  |        0|   0|  0|  49|    0|
    |mul_9ns_7ns_15_1_1_U5669  |mul_9ns_7ns_15_1_1  |        0|   0|  0|  49|    0|
    |mul_9ns_7ns_15_1_1_U5672  |mul_9ns_7ns_15_1_1  |        0|   0|  0|  49|    0|
    |mul_9ns_7ns_15_1_1_U5675  |mul_9ns_7ns_15_1_1  |        0|   0|  0|  49|    0|
    |mul_9ns_7ns_15_1_1_U5678  |mul_9ns_7ns_15_1_1  |        0|   0|  0|  49|    0|
    |mul_9ns_7ns_15_1_1_U5682  |mul_9ns_7ns_15_1_1  |        0|   0|  0|  49|    0|
    |mul_9ns_7ns_15_1_1_U5686  |mul_9ns_7ns_15_1_1  |        0|   0|  0|  49|    0|
    |mul_9ns_7ns_15_1_1_U5700  |mul_9ns_7ns_15_1_1  |        0|   0|  0|  49|    0|
    |mul_9ns_7ns_15_1_1_U5704  |mul_9ns_7ns_15_1_1  |        0|   0|  0|  49|    0|
    |mul_9ns_7ns_15_1_1_U5710  |mul_9ns_7ns_15_1_1  |        0|   0|  0|  49|    0|
    |mul_9ns_7ns_15_1_1_U5718  |mul_9ns_7ns_15_1_1  |        0|   0|  0|  49|    0|
    |mul_9ns_7ns_15_1_1_U5721  |mul_9ns_7ns_15_1_1  |        0|   0|  0|  49|    0|
    |mul_9ns_7ns_15_1_1_U5728  |mul_9ns_7ns_15_1_1  |        0|   0|  0|  49|    0|
    |mul_9ns_7ns_15_1_1_U5733  |mul_9ns_7ns_15_1_1  |        0|   0|  0|  49|    0|
    |mul_9ns_7ns_15_1_1_U5734  |mul_9ns_7ns_15_1_1  |        0|   0|  0|  49|    0|
    |mul_9ns_7ns_15_1_1_U5737  |mul_9ns_7ns_15_1_1  |        0|   0|  0|  49|    0|
    |mul_9ns_7ns_15_1_1_U5743  |mul_9ns_7ns_15_1_1  |        0|   0|  0|  49|    0|
    |mul_9ns_7ns_15_1_1_U5750  |mul_9ns_7ns_15_1_1  |        0|   0|  0|  49|    0|
    |mul_9ns_7ns_15_1_1_U5759  |mul_9ns_7ns_15_1_1  |        0|   0|  0|  49|    0|
    |mul_9ns_7s_16_1_1_U5634   |mul_9ns_7s_16_1_1   |        0|   0|  0|  49|    0|
    |mul_9ns_7s_16_1_1_U5639   |mul_9ns_7s_16_1_1   |        0|   0|  0|  49|    0|
    |mul_9ns_7s_16_1_1_U5646   |mul_9ns_7s_16_1_1   |        0|   0|  0|  49|    0|
    |mul_9ns_7s_16_1_1_U5654   |mul_9ns_7s_16_1_1   |        0|   0|  0|  49|    0|
    |mul_9ns_7s_16_1_1_U5657   |mul_9ns_7s_16_1_1   |        0|   0|  0|  49|    0|
    |mul_9ns_7s_16_1_1_U5658   |mul_9ns_7s_16_1_1   |        0|   0|  0|  49|    0|
    |mul_9ns_7s_16_1_1_U5659   |mul_9ns_7s_16_1_1   |        0|   0|  0|  49|    0|
    |mul_9ns_7s_16_1_1_U5661   |mul_9ns_7s_16_1_1   |        0|   0|  0|  49|    0|
    |mul_9ns_7s_16_1_1_U5663   |mul_9ns_7s_16_1_1   |        0|   0|  0|  49|    0|
    |mul_9ns_7s_16_1_1_U5670   |mul_9ns_7s_16_1_1   |        0|   0|  0|  49|    0|
    |mul_9ns_7s_16_1_1_U5679   |mul_9ns_7s_16_1_1   |        0|   0|  0|  49|    0|
    |mul_9ns_7s_16_1_1_U5680   |mul_9ns_7s_16_1_1   |        0|   0|  0|  49|    0|
    |mul_9ns_7s_16_1_1_U5687   |mul_9ns_7s_16_1_1   |        0|   0|  0|  49|    0|
    |mul_9ns_7s_16_1_1_U5688   |mul_9ns_7s_16_1_1   |        0|   0|  0|  49|    0|
    |mul_9ns_7s_16_1_1_U5690   |mul_9ns_7s_16_1_1   |        0|   0|  0|  49|    0|
    |mul_9ns_7s_16_1_1_U5693   |mul_9ns_7s_16_1_1   |        0|   0|  0|  49|    0|
    |mul_9ns_7s_16_1_1_U5698   |mul_9ns_7s_16_1_1   |        0|   0|  0|  49|    0|
    |mul_9ns_7s_16_1_1_U5701   |mul_9ns_7s_16_1_1   |        0|   0|  0|  49|    0|
    |mul_9ns_7s_16_1_1_U5713   |mul_9ns_7s_16_1_1   |        0|   0|  0|  49|    0|
    |mul_9ns_7s_16_1_1_U5726   |mul_9ns_7s_16_1_1   |        0|   0|  0|  49|    0|
    |mul_9ns_7s_16_1_1_U5731   |mul_9ns_7s_16_1_1   |        0|   0|  0|  49|    0|
    |mul_9ns_7s_16_1_1_U5732   |mul_9ns_7s_16_1_1   |        0|   0|  0|  49|    0|
    |mul_9ns_7s_16_1_1_U5740   |mul_9ns_7s_16_1_1   |        0|   0|  0|  49|    0|
    |mul_9ns_7s_16_1_1_U5749   |mul_9ns_7s_16_1_1   |        0|   0|  0|  49|    0|
    |mul_9ns_7s_16_1_1_U5752   |mul_9ns_7s_16_1_1   |        0|   0|  0|  49|    0|
    |mul_9ns_7s_16_1_1_U5753   |mul_9ns_7s_16_1_1   |        0|   0|  0|  49|    0|
    |mul_9ns_7s_16_1_1_U5754   |mul_9ns_7s_16_1_1   |        0|   0|  0|  49|    0|
    |mul_9ns_7s_16_1_1_U5756   |mul_9ns_7s_16_1_1   |        0|   0|  0|  49|    0|
    |mul_9ns_8ns_16_1_1_U5636  |mul_9ns_8ns_16_1_1  |        0|   0|  0|  49|    0|
    |mul_9ns_8ns_16_1_1_U5638  |mul_9ns_8ns_16_1_1  |        0|   0|  0|  49|    0|
    |mul_9ns_8ns_16_1_1_U5650  |mul_9ns_8ns_16_1_1  |        0|   0|  0|  49|    0|
    |mul_9ns_8ns_16_1_1_U5656  |mul_9ns_8ns_16_1_1  |        0|   0|  0|  49|    0|
    |mul_9ns_8ns_16_1_1_U5660  |mul_9ns_8ns_16_1_1  |        0|   0|  0|  49|    0|
    |mul_9ns_8ns_16_1_1_U5671  |mul_9ns_8ns_16_1_1  |        0|   0|  0|  49|    0|
    |mul_9ns_8ns_16_1_1_U5673  |mul_9ns_8ns_16_1_1  |        0|   0|  0|  49|    0|
    |mul_9ns_8ns_16_1_1_U5684  |mul_9ns_8ns_16_1_1  |        0|   0|  0|  49|    0|
    |mul_9ns_8ns_16_1_1_U5705  |mul_9ns_8ns_16_1_1  |        0|   0|  0|  49|    0|
    |mul_9ns_8ns_16_1_1_U5714  |mul_9ns_8ns_16_1_1  |        0|   0|  0|  49|    0|
    |mul_9ns_8ns_16_1_1_U5722  |mul_9ns_8ns_16_1_1  |        0|   0|  0|  49|    0|
    |mul_9ns_8ns_16_1_1_U5736  |mul_9ns_8ns_16_1_1  |        0|   0|  0|  49|    0|
    |mul_9ns_8ns_16_1_1_U5744  |mul_9ns_8ns_16_1_1  |        0|   0|  0|  49|    0|
    |mul_9ns_8ns_16_1_1_U5745  |mul_9ns_8ns_16_1_1  |        0|   0|  0|  49|    0|
    |mul_9ns_8ns_16_1_1_U5758  |mul_9ns_8ns_16_1_1  |        0|   0|  0|  49|    0|
    |mul_9ns_8s_17_1_1_U5642   |mul_9ns_8s_17_1_1   |        0|   0|  0|  49|    0|
    |mul_9ns_8s_17_1_1_U5647   |mul_9ns_8s_17_1_1   |        0|   0|  0|  49|    0|
    |mul_9ns_8s_17_1_1_U5648   |mul_9ns_8s_17_1_1   |        0|   0|  0|  49|    0|
    |mul_9ns_8s_17_1_1_U5668   |mul_9ns_8s_17_1_1   |        0|   0|  0|  49|    0|
    |mul_9ns_8s_17_1_1_U5676   |mul_9ns_8s_17_1_1   |        0|   0|  0|  49|    0|
    |mul_9ns_8s_17_1_1_U5692   |mul_9ns_8s_17_1_1   |        0|   0|  0|  49|    0|
    |mul_9ns_8s_17_1_1_U5703   |mul_9ns_8s_17_1_1   |        0|   0|  0|  49|    0|
    |mul_9ns_8s_17_1_1_U5708   |mul_9ns_8s_17_1_1   |        0|   0|  0|  49|    0|
    |mul_9ns_8s_17_1_1_U5719   |mul_9ns_8s_17_1_1   |        0|   0|  0|  49|    0|
    |mul_9ns_8s_17_1_1_U5725   |mul_9ns_8s_17_1_1   |        0|   0|  0|  49|    0|
    |mul_9ns_8s_17_1_1_U5735   |mul_9ns_8s_17_1_1   |        0|   0|  0|  49|    0|
    |mul_9ns_8s_17_1_1_U5741   |mul_9ns_8s_17_1_1   |        0|   0|  0|  49|    0|
    |mul_9ns_8s_17_1_1_U5751   |mul_9ns_8s_17_1_1   |        0|   0|  0|  49|    0|
    |mul_9ns_8s_17_1_1_U5761   |mul_9ns_8s_17_1_1   |        0|   0|  0|  49|    0|
    |mul_9ns_8s_17_1_1_U5762   |mul_9ns_8s_17_1_1   |        0|   0|  0|  49|    0|
    |mul_9ns_9ns_17_1_1_U5706  |mul_9ns_9ns_17_1_1  |        0|   0|  0|  49|    0|
    +--------------------------+--------------------+---------+----+---+----+-----+
    |Total                     |                    |        0|   0|  0|6370|    0|
    +--------------------------+--------------------+---------+----+---+----+-----+

    * DSP: 
    N/A

    * Memory: 
    N/A

    * FIFO: 
    N/A

    * Expression: 
    +----------------------------+----------+----+---+----+------------+------------+
    |        Variable Name       | Operation| DSP| FF| LUT| Bitwidth P0| Bitwidth P1|
    +----------------------------+----------+----+---+----+------------+------------+
    |add_ln42_14_fu_138559_p2    |         +|   0|  0|  22|          15|          15|
    |add_ln42_15_fu_138615_p2    |         +|   0|  0|  20|          13|          13|
    |add_ln42_16_fu_138841_p2    |         +|   0|  0|  22|          15|          15|
    |add_ln42_17_fu_139060_p2    |         +|   0|  0|  22|          15|          15|
    |add_ln42_18_fu_139076_p2    |         +|   0|  0|  20|          13|          13|
    |add_ln42_19_fu_139130_p2    |         +|   0|  0|  22|          15|          15|
    |add_ln42_20_fu_139532_p2    |         +|   0|  0|  22|          15|          15|
    |add_ln42_21_fu_139754_p2    |         +|   0|  0|  20|          13|          13|
    |add_ln42_22_fu_139834_p2    |         +|   0|  0|  21|          14|          14|
    |add_ln42_23_fu_139877_p2    |         +|   0|  0|  21|          14|          14|
    |add_ln42_24_fu_137854_p2    |         +|   0|  0|  21|          14|          14|
    |add_ln42_25_fu_140149_p2    |         +|   0|  0|  22|          15|          15|
    |add_ln42_26_fu_140267_p2    |         +|   0|  0|  22|          15|          15|
    |add_ln42_27_fu_140769_p2    |         +|   0|  0|  20|          13|          13|
    |add_ln42_28_fu_140798_p2    |         +|   0|  0|  21|          14|          14|
    |add_ln42_29_fu_141094_p2    |         +|   0|  0|  22|          15|          15|
    |add_ln42_30_fu_141110_p2    |         +|   0|  0|  20|          13|          13|
    |add_ln42_31_fu_141184_p2    |         +|   0|  0|  19|          12|          12|
    |add_ln42_32_fu_141236_p2    |         +|   0|  0|  23|          16|          16|
    |add_ln42_33_fu_141532_p2    |         +|   0|  0|  21|          14|          14|
    |add_ln42_34_fu_141846_p2    |         +|   0|  0|  20|          13|          13|
    |add_ln42_35_fu_141989_p2    |         +|   0|  0|  19|          12|          12|
    |add_ln42_fu_138522_p2       |         +|   0|  0|  21|          14|          14|
    |add_ln58_431_fu_144142_p2   |         +|   0|  0|  19|          12|          12|
    |add_ln58_432_fu_143106_p2   |         +|   0|  0|  16|           9|           9|
    |add_ln58_433_fu_143111_p2   |         +|   0|  0|  20|          13|          13|
    |add_ln58_434_fu_144158_p2   |         +|   0|  0|  16|          14|          14|
    |add_ln58_435_fu_144164_p2   |         +|   0|  0|  16|          14|          14|
    |add_ln58_436_fu_143117_p2   |         +|   0|  0|  17|          11|          11|
    |add_ln58_437_fu_142048_p2   |         +|   0|  0|  17|          10|          10|
    |add_ln58_438_fu_143126_p2   |         +|   0|  0|  17|          11|          11|
    |add_ln58_439_fu_143132_p2   |         +|   0|  0|  17|          12|          12|
    |add_ln58_440_fu_142054_p2   |         +|   0|  0|  17|          10|          10|
    |add_ln58_441_fu_143141_p2   |         +|   0|  0|  17|          12|          12|
    |add_ln58_442_fu_144176_p2   |         +|   0|  0|  20|          13|          13|
    |add_ln58_443_fu_144972_p2   |         +|   0|  0|  22|          15|          15|
    |add_ln58_444_fu_143147_p2   |         +|   0|  0|  17|          10|          10|
    |add_ln58_445_fu_143156_p2   |         +|   0|  0|  18|          11|          11|
    |add_ln58_446_fu_143161_p2   |         +|   0|  0|  19|          12|          12|
    |add_ln58_447_fu_143167_p2   |         +|   0|  0|  20|          13|          13|
    |add_ln58_448_fu_144191_p2   |         +|   0|  0|  16|          14|          14|
    |add_ln58_449_fu_144197_p2   |         +|   0|  0|  16|          14|          14|
    |add_ln58_450_fu_143173_p2   |         +|   0|  0|  19|          12|          12|
    |add_ln58_451_fu_143179_p2   |         +|   0|  0|  18|          11|          11|
    |add_ln58_452_fu_144209_p2   |         +|   0|  0|  17|          13|          13|
    |add_ln58_453_fu_142060_p2   |         +|   0|  0|  17|          10|          10|
    |add_ln58_454_fu_143188_p2   |         +|   0|  0|  17|          11|           8|
    |add_ln58_455_fu_143194_p2   |         +|   0|  0|  17|          11|          11|
    |add_ln58_456_fu_144218_p2   |         +|   0|  0|  17|          13|          13|
    |add_ln58_457_fu_144984_p2   |         +|   0|  0|  22|          15|          15|
    |add_ln58_458_fu_143200_p2   |         +|   0|  0|  17|          12|          12|
    |add_ln58_459_fu_143206_p2   |         +|   0|  0|  17|          12|          12|
    |add_ln58_460_fu_143212_p2   |         +|   0|  0|  19|          12|          12|
    |add_ln58_461_fu_143218_p2   |         +|   0|  0|  19|          12|          12|
    |add_ln58_462_fu_144230_p2   |         +|   0|  0|  20|          13|          13|
    |add_ln58_463_fu_144996_p2   |         +|   0|  0|  21|          14|          14|
    |add_ln58_464_fu_143224_p2   |         +|   0|  0|  18|          11|          11|
    |add_ln58_465_fu_144239_p2   |         +|   0|  0|  18|          11|          11|
    |add_ln58_466_fu_144249_p2   |         +|   0|  0|  20|          13|          13|
    |add_ln58_467_fu_143229_p2   |         +|   0|  0|  18|          11|          11|
    |add_ln58_468_fu_143235_p2   |         +|   0|  0|  19|          12|           9|
    |add_ln58_469_fu_144261_p2   |         +|   0|  0|  20|          13|          13|
    |add_ln58_470_fu_145008_p2   |         +|   0|  0|  21|          14|          14|
    |add_ln58_471_fu_145353_p2   |         +|   0|  0|  22|          15|          15|
    |add_ln58_472_fu_143241_p2   |         +|   0|  0|  16|           9|           9|
    |add_ln58_473_fu_144270_p2   |         +|   0|  0|  17|          10|          10|
    |add_ln58_474_fu_143246_p2   |         +|   0|  0|  19|          12|          12|
    |add_ln58_475_fu_143252_p2   |         +|   0|  0|  17|          10|          10|
    |add_ln58_476_fu_144286_p2   |         +|   0|  0|  17|          13|          13|
    |add_ln58_477_fu_144292_p2   |         +|   0|  0|  17|          13|          13|
    |add_ln58_478_fu_143258_p2   |         +|   0|  0|  17|          13|          13|
    |add_ln58_479_fu_142066_p2   |         +|   0|  0|  19|          12|          12|
    |add_ln58_480_fu_143267_p2   |         +|   0|  0|  17|          13|          13|
    |add_ln58_481_fu_143273_p2   |         +|   0|  0|  17|          10|          10|
    |add_ln58_482_fu_142072_p2   |         +|   0|  0|  19|          12|          11|
    |add_ln58_483_fu_143286_p2   |         +|   0|  0|  20|          13|          13|
    |add_ln58_484_fu_144304_p2   |         +|   0|  0|  21|          14|          14|
    |add_ln58_485_fu_145020_p2   |         +|   0|  0|  22|          15|          15|
    |add_ln58_486_fu_143292_p2   |         +|   0|  0|  16|           9|           9|
    |add_ln58_487_fu_144313_p2   |         +|   0|  0|  18|          11|          11|
    |add_ln58_488_fu_143297_p2   |         +|   0|  0|  18|          11|          11|
    |add_ln58_489_fu_143302_p2   |         +|   0|  0|  20|          13|          13|
    |add_ln58_490_fu_144325_p2   |         +|   0|  0|  21|          14|          14|
    |add_ln58_491_fu_145029_p2   |         +|   0|  0|  16|          14|          14|
    |add_ln58_492_fu_143308_p2   |         +|   0|  0|  17|          10|          10|
    |add_ln58_493_fu_143317_p2   |         +|   0|  0|  17|          10|          10|
    |add_ln58_494_fu_143327_p2   |         +|   0|  0|  18|          11|          11|
    |add_ln58_495_fu_143333_p2   |         +|   0|  0|  18|          11|          11|
    |add_ln58_496_fu_143343_p2   |         +|   0|  0|  17|          10|          10|
    |add_ln58_497_fu_143353_p2   |         +|   0|  0|  19|          12|          12|
    |add_ln58_498_fu_144337_p2   |         +|   0|  0|  20|          13|          13|
    |add_ln58_499_fu_145037_p2   |         +|   0|  0|  16|          14|          14|
    |add_ln58_500_fu_143359_p2   |         +|   0|  0|  18|           9|           9|
    |add_ln58_501_fu_143365_p2   |         +|   0|  0|  18|           9|           9|
    |add_ln58_502_fu_143371_p2   |         +|   0|  0|  17|          10|          10|
    |add_ln58_503_fu_143376_p2   |         +|   0|  0|  19|          12|          12|
    |add_ln58_504_fu_144349_p2   |         +|   0|  0|  17|          12|          12|
    |add_ln58_505_fu_144354_p2   |         +|   0|  0|  17|          12|          12|
    |add_ln58_506_fu_143381_p2   |         +|   0|  0|  17|          10|          10|
    |add_ln58_507_fu_142078_p2   |         +|   0|  0|  16|           9|           9|
    |add_ln58_508_fu_143393_p2   |         +|   0|  0|  19|          12|          12|
    |add_ln58_509_fu_143399_p2   |         +|   0|  0|  18|          11|          11|
    |add_ln58_510_fu_143409_p2   |         +|   0|  0|  18|          11|          10|
    |add_ln58_511_fu_143419_p2   |         +|   0|  0|  19|          12|          12|
    |add_ln58_512_fu_144366_p2   |         +|   0|  0|  20|          13|          13|
    |add_ln58_513_fu_145049_p2   |         +|   0|  0|  21|          14|          14|
    |add_ln58_514_fu_143425_p2   |         +|   0|  0|  18|          11|          11|
    |add_ln58_515_fu_144375_p2   |         +|   0|  0|  19|          12|          12|
    |add_ln58_516_fu_143430_p2   |         +|   0|  0|  19|          12|          12|
    |add_ln58_517_fu_143436_p2   |         +|   0|  0|  19|          12|          12|
    |add_ln58_518_fu_144387_p2   |         +|   0|  0|  20|          13|          13|
    |add_ln58_519_fu_145061_p2   |         +|   0|  0|  21|          14|          14|
    |add_ln58_520_fu_144393_p2   |         +|   0|  0|  19|          12|          12|
    |add_ln58_521_fu_143442_p2   |         +|   0|  0|  20|          13|          13|
    |add_ln58_522_fu_145073_p2   |         +|   0|  0|  16|          14|          14|
    |add_ln58_523_fu_143448_p2   |         +|   0|  0|  19|          12|          12|
    |add_ln58_524_fu_143454_p2   |         +|   0|  0|  19|          12|          11|
    |add_ln58_525_fu_144405_p2   |         +|   0|  0|  20|          13|          13|
    |add_ln58_526_fu_145082_p2   |         +|   0|  0|  16|          14|          14|
    |add_ln58_527_fu_145378_p2   |         +|   0|  0|  22|          15|          15|
    |add_ln58_528_fu_143460_p2   |         +|   0|  0|  17|          10|          10|
    |add_ln58_529_fu_143470_p2   |         +|   0|  0|  18|          11|          11|
    |add_ln58_530_fu_143476_p2   |         +|   0|  0|  17|          10|          10|
    |add_ln58_531_fu_143481_p2   |         +|   0|  0|  19|          12|          12|
    |add_ln58_532_fu_144420_p2   |         +|   0|  0|  17|          13|          13|
    |add_ln58_533_fu_144426_p2   |         +|   0|  0|  17|          13|          13|
    |add_ln58_534_fu_144432_p2   |         +|   0|  0|  17|          13|          13|
    |add_ln58_535_fu_143487_p2   |         +|   0|  0|  18|          11|          11|
    |add_ln58_536_fu_144441_p2   |         +|   0|  0|  17|          13|          13|
    |add_ln58_537_fu_143493_p2   |         +|   0|  0|  19|          12|          12|
    |add_ln58_538_fu_143499_p2   |         +|   0|  0|  18|          11|           9|
    |add_ln58_539_fu_144453_p2   |         +|   0|  0|  20|          13|          13|
    |add_ln58_540_fu_145094_p2   |         +|   0|  0|  21|          14|          14|
    |add_ln58_541_fu_145394_p2   |         +|   0|  0|  22|          15|          15|
    |add_ln58_542_fu_143505_p2   |         +|   0|  0|  18|          11|          11|
    |add_ln58_543_fu_143515_p2   |         +|   0|  0|  19|          12|          12|
    |add_ln58_544_fu_143521_p2   |         +|   0|  0|  19|          12|          12|
    |add_ln58_545_fu_143527_p2   |         +|   0|  0|  19|          12|          12|
    |add_ln58_546_fu_144465_p2   |         +|   0|  0|  21|          14|          14|
    |add_ln58_547_fu_145106_p2   |         +|   0|  0|  16|          15|          15|
    |add_ln58_548_fu_143533_p2   |         +|   0|  0|  19|          12|          12|
    |add_ln58_549_fu_143539_p2   |         +|   0|  0|  19|          12|          12|
    |add_ln58_550_fu_144477_p2   |         +|   0|  0|  20|          13|          13|
    |add_ln58_551_fu_144483_p2   |         +|   0|  0|  17|          13|          13|
    |add_ln58_552_fu_143545_p2   |         +|   0|  0|  18|          11|           8|
    |add_ln58_553_fu_144492_p2   |         +|   0|  0|  17|          13|          13|
    |add_ln58_554_fu_145118_p2   |         +|   0|  0|  21|          14|          14|
    |add_ln58_555_fu_145128_p2   |         +|   0|  0|  16|          15|          15|
    |add_ln58_556_fu_143551_p2   |         +|   0|  0|  17|          12|          12|
    |add_ln58_557_fu_143557_p2   |         +|   0|  0|  17|          12|          12|
    |add_ln58_558_fu_143563_p2   |         +|   0|  0|  19|          12|          12|
    |add_ln58_559_fu_143569_p2   |         +|   0|  0|  19|          12|          12|
    |add_ln58_560_fu_144504_p2   |         +|   0|  0|  20|          13|          13|
    |add_ln58_561_fu_145140_p2   |         +|   0|  0|  21|          14|          14|
    |add_ln58_562_fu_143575_p2   |         +|   0|  0|  19|          12|          12|
    |add_ln58_563_fu_143581_p2   |         +|   0|  0|  17|          10|          10|
    |add_ln58_564_fu_144516_p2   |         +|   0|  0|  20|          13|          13|
    |add_ln58_565_fu_143587_p2   |         +|   0|  0|  19|          12|          12|
    |add_ln58_566_fu_143593_p2   |         +|   0|  0|  18|          11|          10|
    |add_ln58_567_fu_144528_p2   |         +|   0|  0|  20|          13|          13|
    |add_ln58_568_fu_145152_p2   |         +|   0|  0|  21|          14|          14|
    |add_ln58_569_fu_145413_p2   |         +|   0|  0|  22|          15|          15|
    |add_ln58_570_fu_143599_p2   |         +|   0|  0|  17|          10|          10|
    |add_ln58_571_fu_143608_p2   |         +|   0|  0|  19|          12|          12|
    |add_ln58_572_fu_142084_p2   |         +|   0|  0|  16|           9|           9|
    |add_ln58_573_fu_143617_p2   |         +|   0|  0|  17|          12|          12|
    |add_ln58_574_fu_143623_p2   |         +|   0|  0|  17|          12|          12|
    |add_ln58_575_fu_144540_p2   |         +|   0|  0|  20|          13|          13|
    |add_ln58_576_fu_143629_p2   |         +|   0|  0|  19|          12|          12|
    |add_ln58_577_fu_144549_p2   |         +|   0|  0|  17|          13|          13|
    |add_ln58_578_fu_144555_p2   |         +|   0|  0|  17|          13|          13|
    |add_ln58_579_fu_143635_p2   |         +|   0|  0|  19|          12|          12|
    |add_ln58_580_fu_143641_p2   |         +|   0|  0|  19|          12|           9|
    |add_ln58_581_fu_144567_p2   |         +|   0|  0|  20|          13|          13|
    |add_ln58_582_fu_145164_p2   |         +|   0|  0|  21|          14|          14|
    |add_ln58_583_fu_145429_p2   |         +|   0|  0|  22|          15|          15|
    |add_ln58_584_fu_143647_p2   |         +|   0|  0|  17|          10|          10|
    |add_ln58_585_fu_144576_p2   |         +|   0|  0|  18|          11|          11|
    |add_ln58_586_fu_143653_p2   |         +|   0|  0|  17|          10|          10|
    |add_ln58_587_fu_144585_p2   |         +|   0|  0|  17|          12|          12|
    |add_ln58_588_fu_144591_p2   |         +|   0|  0|  17|          12|          12|
    |add_ln58_589_fu_145176_p2   |         +|   0|  0|  20|          13|          13|
    |add_ln58_590_fu_143658_p2   |         +|   0|  0|  18|          11|          11|
    |add_ln58_591_fu_144600_p2   |         +|   0|  0|  17|          13|          13|
    |add_ln58_592_fu_144606_p2   |         +|   0|  0|  17|          13|          13|
    |add_ln58_593_fu_144612_p2   |         +|   0|  0|  20|          13|          13|
    |add_ln58_594_fu_144618_p2   |         +|   0|  0|  19|          12|          10|
    |add_ln58_595_fu_145195_p2   |         +|   0|  0|  21|          14|          14|
    |add_ln58_596_fu_145205_p2   |         +|   0|  0|  16|          15|          15|
    |add_ln58_597_fu_145211_p2   |         +|   0|  0|  16|          15|          15|
    |add_ln58_598_fu_143664_p2   |         +|   0|  0|  18|          11|          11|
    |add_ln58_599_fu_144627_p2   |         +|   0|  0|  19|          12|          12|
    |add_ln58_600_fu_142089_p2   |         +|   0|  0|  16|           9|           9|
    |add_ln58_601_fu_143672_p2   |         +|   0|  0|  17|          12|          12|
    |add_ln58_602_fu_143678_p2   |         +|   0|  0|  17|          12|          12|
    |add_ln58_603_fu_145223_p2   |         +|   0|  0|  20|          13|          13|
    |add_ln58_604_fu_143684_p2   |         +|   0|  0|  19|          12|          12|
    |add_ln58_605_fu_143690_p2   |         +|   0|  0|  20|          13|          13|
    |add_ln58_606_fu_144639_p2   |         +|   0|  0|  16|          14|          14|
    |add_ln58_607_fu_143696_p2   |         +|   0|  0|  18|          11|          11|
    |add_ln58_608_fu_143706_p2   |         +|   0|  0|  18|          11|           8|
    |add_ln58_609_fu_143716_p2   |         +|   0|  0|  19|          12|          12|
    |add_ln58_610_fu_144648_p2   |         +|   0|  0|  16|          14|          14|
    |add_ln58_611_fu_145448_p2   |         +|   0|  0|  22|          15|          15|
    |add_ln58_612_fu_143722_p2   |         +|   0|  0|  17|          12|          12|
    |add_ln58_613_fu_143728_p2   |         +|   0|  0|  17|          12|          12|
    |add_ln58_614_fu_143734_p2   |         +|   0|  0|  17|          12|          12|
    |add_ln58_615_fu_142095_p2   |         +|   0|  0|  15|           8|           8|
    |add_ln58_616_fu_143743_p2   |         +|   0|  0|  17|          12|          12|
    |add_ln58_617_fu_144660_p2   |         +|   0|  0|  20|          13|          13|
    |add_ln58_618_fu_143749_p2   |         +|   0|  0|  17|          13|          13|
    |add_ln58_619_fu_143755_p2   |         +|   0|  0|  17|          13|          13|
    |add_ln58_620_fu_143761_p2   |         +|   0|  0|  19|          12|          12|
    |add_ln58_621_fu_143767_p2   |         +|   0|  0|  18|          11|           9|
    |add_ln58_622_fu_144672_p2   |         +|   0|  0|  20|          13|          13|
    |add_ln58_623_fu_145235_p2   |         +|   0|  0|  21|          14|          14|
    |add_ln58_624_fu_145464_p2   |         +|   0|  0|  22|          15|          15|
    |add_ln58_625_fu_143773_p2   |         +|   0|  0|  17|          10|          10|
    |add_ln58_626_fu_143782_p2   |         +|   0|  0|  18|          11|          11|
    |add_ln58_627_fu_143788_p2   |         +|   0|  0|  18|          11|          11|
    |add_ln58_628_fu_143794_p2   |         +|   0|  0|  19|          12|          12|
    |add_ln58_629_fu_144687_p2   |         +|   0|  0|  17|          13|          13|
    |add_ln58_630_fu_144693_p2   |         +|   0|  0|  17|          13|          13|
    |add_ln58_631_fu_143800_p2   |         +|   0|  0|  19|          12|          12|
    |add_ln58_632_fu_143806_p2   |         +|   0|  0|  19|          12|          12|
    |add_ln58_633_fu_144705_p2   |         +|   0|  0|  20|          13|          13|
    |add_ln58_634_fu_144711_p2   |         +|   0|  0|  20|          13|          13|
    |add_ln58_635_fu_145247_p2   |         +|   0|  0|  19|          12|          10|
    |add_ln58_636_fu_145257_p2   |         +|   0|  0|  16|          14|          14|
    |add_ln58_637_fu_145263_p2   |         +|   0|  0|  16|          14|          14|
    |add_ln58_638_fu_145480_p2   |         +|   0|  0|  22|          15|          15|
    |add_ln58_639_fu_143812_p2   |         +|   0|  0|  17|          12|          12|
    |add_ln58_640_fu_143818_p2   |         +|   0|  0|  17|          12|          12|
    |add_ln58_641_fu_143824_p2   |         +|   0|  0|  19|          12|          12|
    |add_ln58_642_fu_143830_p2   |         +|   0|  0|  16|           9|           9|
    |add_ln58_643_fu_144726_p2   |         +|   0|  0|  17|          13|          13|
    |add_ln58_644_fu_144732_p2   |         +|   0|  0|  17|          13|          13|
    |add_ln58_645_fu_143835_p2   |         +|   0|  0|  17|          12|          12|
    |add_ln58_646_fu_142100_p2   |         +|   0|  0|  16|           9|           9|
    |add_ln58_647_fu_143844_p2   |         +|   0|  0|  17|          12|          12|
    |add_ln58_648_fu_143850_p2   |         +|   0|  0|  19|          12|          12|
    |add_ln58_649_fu_143856_p2   |         +|   0|  0|  18|          11|          11|
    |add_ln58_650_fu_144747_p2   |         +|   0|  0|  17|          13|          13|
    |add_ln58_651_fu_144753_p2   |         +|   0|  0|  17|          13|          13|
    |add_ln58_652_fu_145275_p2   |         +|   0|  0|  22|          15|          15|
    |add_ln58_653_fu_143862_p2   |         +|   0|  0|  19|          12|          12|
    |add_ln58_654_fu_144762_p2   |         +|   0|  0|  20|          13|          13|
    |add_ln58_655_fu_143868_p2   |         +|   0|  0|  19|          12|          12|
    |add_ln58_656_fu_143874_p2   |         +|   0|  0|  17|          10|          10|
    |add_ln58_657_fu_144774_p2   |         +|   0|  0|  20|          13|          13|
    |add_ln58_658_fu_145287_p2   |         +|   0|  0|  21|          14|          14|
    |add_ln58_659_fu_143879_p2   |         +|   0|  0|  18|          11|          11|
    |add_ln58_660_fu_144783_p2   |         +|   0|  0|  17|          12|          12|
    |add_ln58_661_fu_144789_p2   |         +|   0|  0|  17|          12|          12|
    |add_ln58_662_fu_144795_p2   |         +|   0|  0|  17|          13|          13|
    |add_ln58_663_fu_143885_p2   |         +|   0|  0|  18|          11|          11|
    |add_ln58_664_fu_144804_p2   |         +|   0|  0|  17|          13|          13|
    |add_ln58_665_fu_145299_p2   |         +|   0|  0|  21|          14|          14|
    |add_ln58_666_fu_145499_p2   |         +|   0|  0|  22|          15|          15|
    |add_ln58_667_fu_143891_p2   |         +|   0|  0|  16|           9|           9|
    |add_ln58_668_fu_143900_p2   |         +|   0|  0|  18|          11|          11|
    |add_ln58_669_fu_143906_p2   |         +|   0|  0|  19|          12|          12|
    |add_ln58_670_fu_143912_p2   |         +|   0|  0|  19|          12|          12|
    |add_ln58_671_fu_144819_p2   |         +|   0|  0|  17|          13|          13|
    |add_ln58_672_fu_144825_p2   |         +|   0|  0|  17|          13|          13|
    |add_ln58_673_fu_143918_p2   |         +|   0|  0|  19|          12|          12|
    |add_ln58_674_fu_143924_p2   |         +|   0|  0|  19|          12|          12|
    |add_ln58_675_fu_144837_p2   |         +|   0|  0|  16|          14|          14|
    |add_ln58_676_fu_143930_p2   |         +|   0|  0|  17|          10|          10|
    |add_ln58_677_fu_143936_p2   |         +|   0|  0|  17|          10|           9|
    |add_ln58_678_fu_144849_p2   |         +|   0|  0|  18|          11|          11|
    |add_ln58_679_fu_144859_p2   |         +|   0|  0|  16|          14|          14|
    |add_ln58_680_fu_145311_p2   |         +|   0|  0|  22|          15|          15|
    |add_ln58_681_fu_143942_p2   |         +|   0|  0|  17|          12|          12|
    |add_ln58_682_fu_143948_p2   |         +|   0|  0|  17|          12|          12|
    |add_ln58_683_fu_144865_p2   |         +|   0|  0|  17|          12|          12|
    |add_ln58_684_fu_143954_p2   |         +|   0|  0|  17|          10|          10|
    |add_ln58_685_fu_144874_p2   |         +|   0|  0|  17|          12|          12|
    |add_ln58_686_fu_145323_p2   |         +|   0|  0|  20|          13|          13|
    |add_ln58_687_fu_143960_p2   |         +|   0|  0|  19|          12|          12|
    |add_ln58_688_fu_143966_p2   |         +|   0|  0|  18|          11|          11|
    |add_ln58_689_fu_144886_p2   |         +|   0|  0|  20|          13|          13|
    |add_ln58_690_fu_144892_p2   |         +|   0|  0|  17|          13|          13|
    |add_ln58_691_fu_143972_p2   |         +|   0|  0|  19|          12|          10|
    |add_ln58_692_fu_144901_p2   |         +|   0|  0|  17|          13|          13|
    |add_ln58_693_fu_145335_p2   |         +|   0|  0|  21|          14|          14|
    |add_ln58_694_fu_145518_p2   |         +|   0|  0|  22|          15|          15|
    |add_ln58_695_fu_143978_p2   |         +|   0|  0|  17|          12|          12|
    |add_ln58_696_fu_143984_p2   |         +|   0|  0|  17|          12|          12|
    |add_ln58_697_fu_143990_p2   |         +|   0|  0|  19|          12|          12|
    |add_ln58_698_fu_143996_p2   |         +|   0|  0|  20|          13|          13|
    |add_ln58_699_fu_144916_p2   |         +|   0|  0|  21|          14|          14|
    |add_ln58_700_fu_144926_p2   |         +|   0|  0|  16|          15|          15|
    |add_ln58_701_fu_144002_p2   |         +|   0|  0|  17|          12|          12|
    |add_ln58_702_fu_142106_p2   |         +|   0|  0|  16|           9|           9|
    |add_ln58_703_fu_144011_p2   |         +|   0|  0|  17|          12|          12|
    |add_ln58_704_fu_144017_p2   |         +|   0|  0|  20|          13|          13|
    |add_ln58_705_fu_144023_p2   |         +|   0|  0|  18|          11|           9|
    |add_ln58_706_fu_144941_p2   |         +|   0|  0|  16|          14|          14|
    |add_ln58_707_fu_144947_p2   |         +|   0|  0|  16|          14|          14|
    |add_ln58_708_fu_144957_p2   |         +|   0|  0|  16|          15|          15|
    |add_ln58_fu_143101_p2       |         +|   0|  0|  18|          11|          11|
    |sub_ln42_17_fu_138713_p2    |         -|   0|  0|  22|          15|          15|
    |sub_ln42_18_fu_138805_p2    |         -|   0|  0|  21|          14|          14|
    |sub_ln42_19_fu_138857_p2    |         -|   0|  0|  23|          16|          16|
    |sub_ln42_20_fu_137666_p2    |         -|   0|  0|  19|          12|          12|
    |sub_ln42_21_fu_139157_p2    |         -|   0|  0|  23|          16|          16|
    |sub_ln42_22_fu_139713_p2    |         -|   0|  0|  21|          14|          14|
    |sub_ln42_23_fu_139770_p2    |         -|   0|  0|  22|          15|          15|
    |sub_ln42_24_fu_139943_p2    |         -|   0|  0|  21|          14|          14|
    |sub_ln42_25_fu_139969_p2    |         -|   0|  0|  22|          15|          15|
    |sub_ln42_26_fu_139985_p2    |         -|   0|  0|  19|          12|          12|
    |sub_ln42_27_fu_137902_p2    |         -|   0|  0|  23|          16|          16|
    |sub_ln42_28_fu_140098_p2    |         -|   0|  0|  23|          16|          16|
    |sub_ln42_29_fu_140179_p2    |         -|   0|  0|  21|          14|          14|
    |sub_ln42_30_fu_140195_p2    |         -|   0|  0|  19|          12|          12|
    |sub_ln42_31_fu_140252_p2    |         -|   0|  0|  20|          13|          13|
    |sub_ln42_32_fu_140362_p2    |         -|   0|  0|  21|          14|          14|
    |sub_ln42_33_fu_140400_p2    |         -|   0|  0|  22|          15|          15|
    |sub_ln42_34_fu_140545_p2    |         -|   0|  0|  22|          15|          15|
    |sub_ln42_35_fu_140653_p2    |         -|   0|  0|  21|          14|          14|
    |sub_ln42_36_fu_140743_p2    |         -|   0|  0|  20|          13|          13|
    |sub_ln42_37_fu_140829_p2    |         -|   0|  0|  21|          14|          14|
    |sub_ln42_38_fu_141001_p2    |         -|   0|  0|  20|          13|          13|
    |sub_ln42_39_fu_141042_p2    |         -|   0|  0|  23|          16|          16|
    |sub_ln42_40_fu_141075_p2    |         -|   0|  0|  23|          16|          16|
    |sub_ln42_41_fu_141366_p2    |         -|   0|  0|  23|          16|          16|
    |sub_ln42_42_fu_141403_p2    |         -|   0|  0|  23|          16|          16|
    |sub_ln42_43_fu_141429_p2    |         -|   0|  0|  20|          13|          13|
    |sub_ln42_44_fu_141701_p2    |         -|   0|  0|  19|          12|          12|
    |sub_ln42_45_fu_141932_p2    |         -|   0|  0|  21|          14|          14|
    |sub_ln42_46_fu_142032_p2    |         -|   0|  0|  23|          16|          16|
    |sub_ln42_fu_142200_p2       |         -|   0|  0|  22|          15|          15|
    |sub_ln73_34_fu_142825_p2    |         -|   0|  0|  17|           1|          10|
    |sub_ln73_35_fu_141476_p2    |         -|   0|  0|  17|           1|          10|
    |sub_ln73_4760_fu_137590_p2  |         -|   0|  0|  21|           1|          14|
    |sub_ln73_4761_fu_138228_p2  |         -|   0|  0|  22|          15|          15|
    |sub_ln73_4762_fu_138367_p2  |         -|   0|  0|  20|           1|          13|
    |sub_ln73_4763_fu_138408_p2  |         -|   0|  0|  21|           1|          14|
    |sub_ln73_4764_fu_142236_p2  |         -|   0|  0|  22|          15|          15|
    |sub_ln73_4765_fu_138425_p2  |         -|   0|  0|  20|          13|          13|
    |sub_ln73_4766_fu_142270_p2  |         -|   0|  0|  18|           1|          11|
    |sub_ln73_4767_fu_138599_p2  |         -|   0|  0|  22|          15|          15|
    |sub_ln73_4768_fu_137608_p2  |         -|   0|  0|  23|           1|          16|
    |sub_ln73_4769_fu_138675_p2  |         -|   0|  0|  24|          17|          17|
    |sub_ln73_4770_fu_138751_p2  |         -|   0|  0|  24|          17|          17|
    |sub_ln73_4771_fu_138767_p2  |         -|   0|  0|  21|           1|          14|
    |sub_ln73_4772_fu_138933_p2  |         -|   0|  0|  22|          15|          15|
    |sub_ln73_4773_fu_137650_p2  |         -|   0|  0|  19|           1|          12|
    |sub_ln73_4774_fu_138972_p2  |         -|   0|  0|  20|          13|          13|
    |sub_ln73_4775_fu_139023_p2  |         -|   0|  0|  21|           1|          14|
    |sub_ln73_4776_fu_137694_p2  |         -|   0|  0|  20|           1|          13|
    |sub_ln73_4777_fu_139180_p2  |         -|   0|  0|  21|          14|          14|
    |sub_ln73_4778_fu_139212_p2  |         -|   0|  0|  22|          15|          15|
    |sub_ln73_4779_fu_139274_p2  |         -|   0|  0|  23|          16|          16|
    |sub_ln73_4780_fu_139331_p2  |         -|   0|  0|  23|          16|          16|
    |sub_ln73_4781_fu_139379_p2  |         -|   0|  0|  22|          15|          15|
    |sub_ln73_4782_fu_139395_p2  |         -|   0|  0|  21|           1|          14|
    |sub_ln73_4783_fu_139442_p2  |         -|   0|  0|  19|           1|          12|
    |sub_ln73_4784_fu_139484_p2  |         -|   0|  0|  23|           1|          16|
    |sub_ln73_4785_fu_142519_p2  |         -|   0|  0|  24|          17|          17|
    |sub_ln73_4786_fu_137722_p2  |         -|   0|  0|  22|           1|          15|
    |sub_ln73_4787_fu_139620_p2  |         -|   0|  0|  23|          16|          16|
    |sub_ln73_4788_fu_139647_p2  |         -|   0|  0|  21|           1|          14|
    |sub_ln73_4789_fu_139674_p2  |         -|   0|  0|  20|           1|          13|
    |sub_ln73_4790_fu_139739_p2  |         -|   0|  0|  22|          15|          15|
    |sub_ln73_4791_fu_137750_p2  |         -|   0|  0|  19|           1|          12|
    |sub_ln73_4792_fu_139788_p2  |         -|   0|  0|  20|          13|          13|
    |sub_ln73_4793_fu_137786_p2  |         -|   0|  0|  21|          14|          14|
    |sub_ln73_4794_fu_139862_p2  |         -|   0|  0|  21|          14|          14|
    |sub_ln73_4795_fu_137848_p2  |         -|   0|  0|  20|           1|          13|
    |sub_ln73_4796_fu_139905_p2  |         -|   0|  0|  21|          14|          14|
    |sub_ln73_4797_fu_140053_p2  |         -|   0|  0|  22|          15|          15|
    |sub_ln73_4798_fu_137965_p2  |         -|   0|  0|  20|           1|          13|
    |sub_ln73_4799_fu_140437_p2  |         -|   0|  0|  21|          14|          14|
    |sub_ln73_4800_fu_140467_p2  |         -|   0|  0|  19|           1|          12|
    |sub_ln73_4801_fu_140513_p2  |         -|   0|  0|  20|          13|          13|
    |sub_ln73_4802_fu_140638_p2  |         -|   0|  0|  21|          14|          14|
    |sub_ln73_4803_fu_137993_p2  |         -|   0|  0|  21|           1|          14|
    |sub_ln73_4804_fu_140682_p2  |         -|   0|  0|  22|          15|          15|
    |sub_ln73_4805_fu_140719_p2  |         -|   0|  0|  20|           1|          13|
    |sub_ln73_4806_fu_140813_p2  |         -|   0|  0|  19|           1|          12|
    |sub_ln73_4807_fu_142844_p2  |         -|   0|  0|  20|          13|          13|
    |sub_ln73_4808_fu_138026_p2  |         -|   0|  0|  19|           1|          12|
    |sub_ln73_4809_fu_140868_p2  |         -|   0|  0|  20|          13|          13|
    |sub_ln73_4810_fu_140908_p2  |         -|   0|  0|  21|          14|          14|
    |sub_ln73_4811_fu_140950_p2  |         -|   0|  0|  20|          13|          13|
    |sub_ln73_4812_fu_140981_p2  |         -|   0|  0|  22|          15|          15|
    |sub_ln73_4813_fu_141270_p2  |         -|   0|  0|  22|          15|          15|
    |sub_ln73_4814_fu_141350_p2  |         -|   0|  0|  23|          16|          16|
    |sub_ln73_4815_fu_141568_p2  |         -|   0|  0|  21|          14|          14|
    |sub_ln73_4816_fu_141646_p2  |         -|   0|  0|  22|          15|          15|
    |sub_ln73_4817_fu_138089_p2  |         -|   0|  0|  20|           1|          13|
    |sub_ln73_4818_fu_141675_p2  |         -|   0|  0|  21|          14|          14|
    |sub_ln73_4819_fu_138117_p2  |         -|   0|  0|  22|           1|          15|
    |sub_ln73_4820_fu_141770_p2  |         -|   0|  0|  23|          16|          16|
    |sub_ln73_4821_fu_141822_p2  |         -|   0|  0|  20|          13|          13|
    |sub_ln73_4822_fu_141876_p2  |         -|   0|  0|  22|          15|          15|
    |sub_ln73_4823_fu_141969_p2  |         -|   0|  0|  23|          16|          16|
    |sub_ln73_5015_fu_138201_p2  |         -|   0|  0|  19|          12|          12|
    |sub_ln73_5016_fu_138903_p2  |         -|   0|  0|  20|          13|          13|
    |sub_ln73_5017_fu_139196_p2  |         -|   0|  0|  21|          14|          14|
    |sub_ln73_5018_fu_139559_p2  |         -|   0|  0|  22|          15|          15|
    |sub_ln73_5019_fu_140607_p2  |         -|   0|  0|  22|          15|          15|
    |sub_ln73_5020_fu_142005_p2  |         -|   0|  0|  21|          14|          14|
    |sub_ln73_fu_139468_p2       |         -|   0|  0|  17|           1|          10|
    +----------------------------+----------+----+---+----+------------+------------+
    |Total                       |          |   0|  0|7778|        4870|        5174|
    +----------------------------+----------+----+---+----+------------+------------+

    * Multiplexer: 
    +--------------+----+-----------+-----+-----------+
    |     Name     | LUT| Input Size| Bits| Total Bits|
    +--------------+----+-----------+-----+-----------+
    |ap_return_0   |  14|          3|   16|         48|
    |ap_return_1   |  14|          3|   16|         48|
    |ap_return_10  |  14|          3|   16|         48|
    |ap_return_11  |  14|          3|   16|         48|
    |ap_return_12  |  14|          3|   16|         48|
    |ap_return_13  |  14|          3|   16|         48|
    |ap_return_14  |  14|          3|   16|         48|
    |ap_return_15  |  14|          3|   16|         48|
    |ap_return_16  |  14|          3|   16|         48|
    |ap_return_17  |  14|          3|   16|         48|
    |ap_return_18  |  14|          3|   16|         48|
    |ap_return_19  |  14|          3|   16|         48|
    |ap_return_2   |  14|          3|   16|         48|
    |ap_return_3   |  14|          3|   16|         48|
    |ap_return_4   |  14|          3|   16|         48|
    |ap_return_5   |  14|          3|   16|         48|
    |ap_return_6   |  14|          3|   16|         48|
    |ap_return_7   |  14|          3|   16|         48|
    |ap_return_8   |  14|          3|   16|         48|
    |ap_return_9   |  14|          3|   16|         48|
    +--------------+----+-----------+-----+-----------+
    |Total         | 280|         60|  320|        960|
    +--------------+----+-----------+-----+-----------+

    * Register: 
    +-------------------------------------------+----+----+-----+-----------+
    |                    Name                   | FF | LUT| Bits| Const Bits|
    +-------------------------------------------+----+----+-----+-----------+
    |add_ln58_432_reg_147350                    |   9|   0|    9|          0|
    |add_ln58_433_reg_147355                    |  13|   0|   13|          0|
    |add_ln58_435_reg_147890                    |  14|   0|   14|          0|
    |add_ln58_437_reg_147195                    |  10|   0|   10|          0|
    |add_ln58_438_reg_147360                    |  11|   0|   11|          0|
    |add_ln58_440_reg_147200                    |  10|   0|   10|          0|
    |add_ln58_441_reg_147365                    |  12|   0|   12|          0|
    |add_ln58_442_reg_147895                    |  13|   0|   13|          0|
    |add_ln58_443_reg_148160                    |  15|   0|   15|          0|
    |add_ln58_445_reg_147370                    |  11|   0|   11|          0|
    |add_ln58_446_reg_147375                    |  12|   0|   12|          0|
    |add_ln58_447_reg_147380                    |  13|   0|   13|          0|
    |add_ln58_449_reg_147900                    |  14|   0|   14|          0|
    |add_ln58_450_reg_147385                    |  12|   0|   12|          0|
    |add_ln58_451_reg_147390                    |  11|   0|   11|          0|
    |add_ln58_453_reg_147205                    |  10|   0|   10|          0|
    |add_ln58_455_reg_147395                    |  11|   0|   11|          0|
    |add_ln58_456_reg_147905                    |  13|   0|   13|          0|
    |add_ln58_457_reg_148165                    |  15|   0|   15|          0|
    |add_ln58_459_reg_147400                    |  12|   0|   12|          0|
    |add_ln58_459_reg_147400_pp0_iter3_reg      |  12|   0|   12|          0|
    |add_ln58_460_reg_147405                    |  12|   0|   12|          0|
    |add_ln58_461_reg_147410                    |  12|   0|   12|          0|
    |add_ln58_462_reg_147910                    |  13|   0|   13|          0|
    |add_ln58_463_reg_148170                    |  14|   0|   14|          0|
    |add_ln58_464_reg_147415                    |  11|   0|   11|          0|
    |add_ln58_466_reg_147915                    |  13|   0|   13|          0|
    |add_ln58_467_reg_147420                    |  11|   0|   11|          0|
    |add_ln58_468_reg_147425                    |  12|   0|   12|          0|
    |add_ln58_469_reg_147920                    |  13|   0|   13|          0|
    |add_ln58_470_reg_148175                    |  14|   0|   14|          0|
    |add_ln58_472_reg_147430                    |   9|   0|    9|          0|
    |add_ln58_474_reg_147435                    |  12|   0|   12|          0|
    |add_ln58_475_reg_147440                    |  10|   0|   10|          0|
    |add_ln58_477_reg_147925                    |  13|   0|   13|          0|
    |add_ln58_479_reg_147210                    |  12|   0|   12|          0|
    |add_ln58_480_reg_147445                    |  13|   0|   13|          0|
    |add_ln58_482_reg_147215                    |  12|   0|   12|          0|
    |add_ln58_483_reg_147450                    |  13|   0|   13|          0|
    |add_ln58_484_reg_147930                    |  14|   0|   14|          0|
    |add_ln58_485_reg_148180                    |  15|   0|   15|          0|
    |add_ln58_486_reg_147455                    |   9|   0|    9|          0|
    |add_ln58_487_reg_147935                    |  11|   0|   11|          0|
    |add_ln58_488_reg_147460                    |  11|   0|   11|          0|
    |add_ln58_489_reg_147465                    |  13|   0|   13|          0|
    |add_ln58_490_reg_147940                    |  14|   0|   14|          0|
    |add_ln58_494_reg_147470                    |  11|   0|   11|          0|
    |add_ln58_497_reg_147475                    |  12|   0|   12|          0|
    |add_ln58_498_reg_147945                    |  13|   0|   13|          0|
    |add_ln58_499_reg_148185                    |  14|   0|   14|          0|
    |add_ln58_501_reg_147480                    |   9|   0|    9|          0|
    |add_ln58_502_reg_147485                    |  10|   0|   10|          0|
    |add_ln58_503_reg_147490                    |  12|   0|   12|          0|
    |add_ln58_505_reg_147950                    |  12|   0|   12|          0|
    |add_ln58_507_reg_147220                    |   9|   0|    9|          0|
    |add_ln58_508_reg_147495                    |  12|   0|   12|          0|
    |add_ln58_511_reg_147500                    |  12|   0|   12|          0|
    |add_ln58_512_reg_147955                    |  13|   0|   13|          0|
    |add_ln58_513_reg_148190                    |  14|   0|   14|          0|
    |add_ln58_514_reg_147505                    |  11|   0|   11|          0|
    |add_ln58_515_reg_147960                    |  12|   0|   12|          0|
    |add_ln58_516_reg_147510                    |  12|   0|   12|          0|
    |add_ln58_517_reg_147515                    |  12|   0|   12|          0|
    |add_ln58_518_reg_147965                    |  13|   0|   13|          0|
    |add_ln58_519_reg_148195                    |  14|   0|   14|          0|
    |add_ln58_520_reg_147970                    |  12|   0|   12|          0|
    |add_ln58_521_reg_147520                    |  13|   0|   13|          0|
    |add_ln58_521_reg_147520_pp0_iter3_reg      |  13|   0|   13|          0|
    |add_ln58_523_reg_147525                    |  12|   0|   12|          0|
    |add_ln58_524_reg_147530                    |  12|   0|   12|          0|
    |add_ln58_525_reg_147975                    |  13|   0|   13|          0|
    |add_ln58_526_reg_148200                    |  14|   0|   14|          0|
    |add_ln58_529_reg_147535                    |  11|   0|   11|          0|
    |add_ln58_530_reg_147540                    |  10|   0|   10|          0|
    |add_ln58_531_reg_147545                    |  12|   0|   12|          0|
    |add_ln58_533_reg_147980                    |  13|   0|   13|          0|
    |add_ln58_533_reg_147980_pp0_iter4_reg      |  13|   0|   13|          0|
    |add_ln58_535_reg_147550                    |  11|   0|   11|          0|
    |add_ln58_536_reg_147985                    |  13|   0|   13|          0|
    |add_ln58_537_reg_147555                    |  12|   0|   12|          0|
    |add_ln58_538_reg_147560                    |  11|   0|   11|          0|
    |add_ln58_539_reg_147990                    |  13|   0|   13|          0|
    |add_ln58_540_reg_148205                    |  14|   0|   14|          0|
    |add_ln58_543_reg_147565                    |  12|   0|   12|          0|
    |add_ln58_543_reg_147565_pp0_iter3_reg      |  12|   0|   12|          0|
    |add_ln58_544_reg_147570                    |  12|   0|   12|          0|
    |add_ln58_545_reg_147575                    |  12|   0|   12|          0|
    |add_ln58_546_reg_147995                    |  14|   0|   14|          0|
    |add_ln58_548_reg_147580                    |  12|   0|   12|          0|
    |add_ln58_549_reg_147585                    |  12|   0|   12|          0|
    |add_ln58_550_reg_148000                    |  13|   0|   13|          0|
    |add_ln58_552_reg_147590                    |  11|   0|   11|          0|
    |add_ln58_553_reg_148005                    |  13|   0|   13|          0|
    |add_ln58_555_reg_148210                    |  15|   0|   15|          0|
    |add_ln58_557_reg_147595                    |  12|   0|   12|          0|
    |add_ln58_557_reg_147595_pp0_iter3_reg      |  12|   0|   12|          0|
    |add_ln58_558_reg_147600                    |  12|   0|   12|          0|
    |add_ln58_559_reg_147605                    |  12|   0|   12|          0|
    |add_ln58_560_reg_148010                    |  13|   0|   13|          0|
    |add_ln58_561_reg_148215                    |  14|   0|   14|          0|
    |add_ln58_562_reg_147610                    |  12|   0|   12|          0|
    |add_ln58_563_reg_147615                    |  10|   0|   10|          0|
    |add_ln58_564_reg_148015                    |  13|   0|   13|          0|
    |add_ln58_565_reg_147620                    |  12|   0|   12|          0|
    |add_ln58_566_reg_147625                    |  11|   0|   11|          0|
    |add_ln58_567_reg_148020                    |  13|   0|   13|          0|
    |add_ln58_568_reg_148220                    |  14|   0|   14|          0|
    |add_ln58_571_reg_147630                    |  12|   0|   12|          0|
    |add_ln58_572_reg_147225                    |   9|   0|    9|          0|
    |add_ln58_574_reg_147635                    |  12|   0|   12|          0|
    |add_ln58_575_reg_148025                    |  13|   0|   13|          0|
    |add_ln58_575_reg_148025_pp0_iter4_reg      |  13|   0|   13|          0|
    |add_ln58_576_reg_147640                    |  12|   0|   12|          0|
    |add_ln58_578_reg_148030                    |  13|   0|   13|          0|
    |add_ln58_579_reg_147645                    |  12|   0|   12|          0|
    |add_ln58_580_reg_147650                    |  12|   0|   12|          0|
    |add_ln58_581_reg_148035                    |  13|   0|   13|          0|
    |add_ln58_582_reg_148225                    |  14|   0|   14|          0|
    |add_ln58_584_reg_147655                    |  10|   0|   10|          0|
    |add_ln58_585_reg_148040                    |  11|   0|   11|          0|
    |add_ln58_586_reg_147660                    |  10|   0|   10|          0|
    |add_ln58_588_reg_148045                    |  12|   0|   12|          0|
    |add_ln58_590_reg_147665                    |  11|   0|   11|          0|
    |add_ln58_592_reg_148050                    |  13|   0|   13|          0|
    |add_ln58_593_reg_148055                    |  13|   0|   13|          0|
    |add_ln58_594_reg_148060                    |  12|   0|   12|          0|
    |add_ln58_597_reg_148230                    |  15|   0|   15|          0|
    |add_ln58_598_reg_147670                    |  11|   0|   11|          0|
    |add_ln58_599_reg_148065                    |  12|   0|   12|          0|
    |add_ln58_600_reg_147230                    |   9|   0|    9|          0|
    |add_ln58_602_reg_147675                    |  12|   0|   12|          0|
    |add_ln58_602_reg_147675_pp0_iter3_reg      |  12|   0|   12|          0|
    |add_ln58_603_reg_148235                    |  13|   0|   13|          0|
    |add_ln58_604_reg_147680                    |  12|   0|   12|          0|
    |add_ln58_605_reg_147685                    |  13|   0|   13|          0|
    |add_ln58_609_reg_147690                    |  12|   0|   12|          0|
    |add_ln58_610_reg_148070                    |  14|   0|   14|          0|
    |add_ln58_610_reg_148070_pp0_iter4_reg      |  14|   0|   14|          0|
    |add_ln58_613_reg_147695                    |  12|   0|   12|          0|
    |add_ln58_615_reg_147235                    |   8|   0|    8|          0|
    |add_ln58_616_reg_147700                    |  12|   0|   12|          0|
    |add_ln58_617_reg_148075                    |  13|   0|   13|          0|
    |add_ln58_617_reg_148075_pp0_iter4_reg      |  13|   0|   13|          0|
    |add_ln58_619_reg_147705                    |  13|   0|   13|          0|
    |add_ln58_619_reg_147705_pp0_iter3_reg      |  13|   0|   13|          0|
    |add_ln58_620_reg_147710                    |  12|   0|   12|          0|
    |add_ln58_621_reg_147715                    |  11|   0|   11|          0|
    |add_ln58_622_reg_148080                    |  13|   0|   13|          0|
    |add_ln58_623_reg_148240                    |  14|   0|   14|          0|
    |add_ln58_626_reg_147720                    |  11|   0|   11|          0|
    |add_ln58_627_reg_147725                    |  11|   0|   11|          0|
    |add_ln58_628_reg_147730                    |  12|   0|   12|          0|
    |add_ln58_630_reg_148085                    |  13|   0|   13|          0|
    |add_ln58_630_reg_148085_pp0_iter4_reg      |  13|   0|   13|          0|
    |add_ln58_631_reg_147735                    |  12|   0|   12|          0|
    |add_ln58_632_reg_147740                    |  12|   0|   12|          0|
    |add_ln58_633_reg_148090                    |  13|   0|   13|          0|
    |add_ln58_634_reg_148095                    |  13|   0|   13|          0|
    |add_ln58_637_reg_148245                    |  14|   0|   14|          0|
    |add_ln58_640_reg_147745                    |  12|   0|   12|          0|
    |add_ln58_641_reg_147750                    |  12|   0|   12|          0|
    |add_ln58_642_reg_147755                    |   9|   0|    9|          0|
    |add_ln58_644_reg_148100                    |  13|   0|   13|          0|
    |add_ln58_646_reg_147240                    |   9|   0|    9|          0|
    |add_ln58_647_reg_147760                    |  12|   0|   12|          0|
    |add_ln58_648_reg_147765                    |  12|   0|   12|          0|
    |add_ln58_649_reg_147770                    |  11|   0|   11|          0|
    |add_ln58_651_reg_148105                    |  13|   0|   13|          0|
    |add_ln58_652_reg_148250                    |  15|   0|   15|          0|
    |add_ln58_653_reg_147775                    |  12|   0|   12|          0|
    |add_ln58_654_reg_148110                    |  13|   0|   13|          0|
    |add_ln58_655_reg_147780                    |  12|   0|   12|          0|
    |add_ln58_656_reg_147785                    |  10|   0|   10|          0|
    |add_ln58_657_reg_148115                    |  13|   0|   13|          0|
    |add_ln58_658_reg_148255                    |  14|   0|   14|          0|
    |add_ln58_659_reg_147790                    |  11|   0|   11|          0|
    |add_ln58_661_reg_148120                    |  12|   0|   12|          0|
    |add_ln58_663_reg_147795                    |  11|   0|   11|          0|
    |add_ln58_664_reg_148125                    |  13|   0|   13|          0|
    |add_ln58_665_reg_148260                    |  14|   0|   14|          0|
    |add_ln58_668_reg_147800                    |  11|   0|   11|          0|
    |add_ln58_669_reg_147805                    |  12|   0|   12|          0|
    |add_ln58_670_reg_147810                    |  12|   0|   12|          0|
    |add_ln58_672_reg_148130                    |  13|   0|   13|          0|
    |add_ln58_673_reg_147815                    |  12|   0|   12|          0|
    |add_ln58_674_reg_147820                    |  12|   0|   12|          0|
    |add_ln58_676_reg_147825                    |  10|   0|   10|          0|
    |add_ln58_677_reg_147830                    |  10|   0|   10|          0|
    |add_ln58_679_reg_148135                    |  14|   0|   14|          0|
    |add_ln58_680_reg_148265                    |  15|   0|   15|          0|
    |add_ln58_682_reg_147835                    |  12|   0|   12|          0|
    |add_ln58_682_reg_147835_pp0_iter3_reg      |  12|   0|   12|          0|
    |add_ln58_684_reg_147840                    |  10|   0|   10|          0|
    |add_ln58_685_reg_148140                    |  12|   0|   12|          0|
    |add_ln58_686_reg_148270                    |  13|   0|   13|          0|
    |add_ln58_687_reg_147845                    |  12|   0|   12|          0|
    |add_ln58_688_reg_147850                    |  11|   0|   11|          0|
    |add_ln58_689_reg_148145                    |  13|   0|   13|          0|
    |add_ln58_691_reg_147855                    |  12|   0|   12|          0|
    |add_ln58_692_reg_148150                    |  13|   0|   13|          0|
    |add_ln58_693_reg_148275                    |  14|   0|   14|          0|
    |add_ln58_696_reg_147860                    |  12|   0|   12|          0|
    |add_ln58_697_reg_147865                    |  12|   0|   12|          0|
    |add_ln58_698_reg_147870                    |  13|   0|   13|          0|
    |add_ln58_702_reg_147245                    |   9|   0|    9|          0|
    |add_ln58_703_reg_147875                    |  12|   0|   12|          0|
    |add_ln58_704_reg_147880                    |  13|   0|   13|          0|
    |add_ln58_705_reg_147885                    |  11|   0|   11|          0|
    |add_ln58_708_reg_148155                    |  15|   0|   15|          0|
    |add_ln58_708_reg_148155_pp0_iter4_reg      |  15|   0|   15|          0|
    |add_ln58_reg_147345                        |  11|   0|   11|          0|
    |ap_ce_reg                                  |   1|   0|    1|          0|
    |ap_return_0_int_reg                        |  16|   0|   16|          0|
    |ap_return_10_int_reg                       |  16|   0|   16|          0|
    |ap_return_11_int_reg                       |  16|   0|   16|          0|
    |ap_return_12_int_reg                       |  16|   0|   16|          0|
    |ap_return_13_int_reg                       |  16|   0|   16|          0|
    |ap_return_14_int_reg                       |  16|   0|   16|          0|
    |ap_return_15_int_reg                       |  16|   0|   16|          0|
    |ap_return_16_int_reg                       |  16|   0|   16|          0|
    |ap_return_17_int_reg                       |  16|   0|   16|          0|
    |ap_return_18_int_reg                       |  16|   0|   16|          0|
    |ap_return_19_int_reg                       |  16|   0|   16|          0|
    |ap_return_1_int_reg                        |  16|   0|   16|          0|
    |ap_return_2_int_reg                        |  16|   0|   16|          0|
    |ap_return_3_int_reg                        |  16|   0|   16|          0|
    |ap_return_4_int_reg                        |  16|   0|   16|          0|
    |ap_return_5_int_reg                        |  16|   0|   16|          0|
    |ap_return_6_int_reg                        |  16|   0|   16|          0|
    |ap_return_7_int_reg                        |  16|   0|   16|          0|
    |ap_return_8_int_reg                        |  16|   0|   16|          0|
    |ap_return_9_int_reg                        |  16|   0|   16|          0|
    |data_10_val_int_reg                        |   9|   0|    9|          0|
    |data_10_val_read_reg_145783                |   9|   0|    9|          0|
    |data_10_val_read_reg_145783_pp0_iter1_reg  |   9|   0|    9|          0|
    |data_12_val_int_reg                        |   9|   0|    9|          0|
    |data_12_val_read_reg_145769                |   9|   0|    9|          0|
    |data_14_val_int_reg                        |   9|   0|    9|          0|
    |data_14_val_read_reg_145757                |   9|   0|    9|          0|
    |data_17_val_int_reg                        |   9|   0|    9|          0|
    |data_17_val_read_reg_145748                |   9|   0|    9|          0|
    |data_20_val_int_reg                        |   9|   0|    9|          0|
    |data_20_val_read_reg_145733                |   9|   0|    9|          0|
    |data_23_val_int_reg                        |   9|   0|    9|          0|
    |data_23_val_read_reg_145721                |   9|   0|    9|          0|
    |data_23_val_read_reg_145721_pp0_iter1_reg  |   9|   0|    9|          0|
    |data_24_val_int_reg                        |   9|   0|    9|          0|
    |data_24_val_read_reg_145707                |   9|   0|    9|          0|
    |data_24_val_read_reg_145707_pp0_iter1_reg  |   9|   0|    9|          0|
    |data_26_val_int_reg                        |   9|   0|    9|          0|
    |data_26_val_read_reg_145693                |   9|   0|    9|          0|
    |data_28_val_int_reg                        |   9|   0|    9|          0|
    |data_28_val_read_reg_145679                |   9|   0|    9|          0|
    |data_28_val_read_reg_145679_pp0_iter1_reg  |   9|   0|    9|          0|
    |data_30_val_int_reg                        |   9|   0|    9|          0|
    |data_30_val_read_reg_145664                |   9|   0|    9|          0|
    |data_31_val_int_reg                        |   9|   0|    9|          0|
    |data_31_val_read_reg_145651                |   9|   0|    9|          0|
    |data_3_val_int_reg                         |   9|   0|    9|          0|
    |data_3_val_read_reg_145824                 |   9|   0|    9|          0|
    |data_3_val_read_reg_145824_pp0_iter1_reg   |   9|   0|    9|          0|
    |data_4_val_int_reg                         |   9|   0|    9|          0|
    |data_4_val_read_reg_145810                 |   9|   0|    9|          0|
    |data_7_val_int_reg                         |   9|   0|    9|          0|
    |data_7_val_read_reg_145796                 |   9|   0|    9|          0|
    |data_7_val_read_reg_145796_pp0_iter1_reg   |   9|   0|    9|          0|
    |mult_581_reg_145873                        |   8|   0|    8|          0|
    |mult_581_reg_145873_pp0_iter1_reg          |   8|   0|    8|          0|
    |mult_582_reg_145893                        |   5|   0|    5|          0|
    |mult_582_reg_145893_pp0_iter1_reg          |   5|   0|    5|          0|
    |mult_583_reg_145951                        |   4|   0|    4|          0|
    |mult_583_reg_145951_pp0_iter1_reg          |   4|   0|    4|          0|
    |mult_584_reg_145972                        |   6|   0|    6|          0|
    |mult_585_reg_145994                        |   5|   0|    5|          0|
    |mult_585_reg_145994_pp0_iter1_reg          |   5|   0|    5|          0|
    |mult_586_reg_145999                        |   7|   0|    7|          0|
    |mult_586_reg_145999_pp0_iter1_reg          |   7|   0|    7|          0|
    |mult_587_reg_146024                        |   8|   0|    8|          0|
    |mult_587_reg_146024_pp0_iter1_reg          |   8|   0|    8|          0|
    |mult_588_reg_146042                        |   8|   0|    8|          0|
    |mult_589_reg_146853                        |   9|   0|    9|          0|
    |mult_590_reg_146063                        |   5|   0|    5|          0|
    |mult_590_reg_146063_pp0_iter1_reg          |   5|   0|    5|          0|
    |mult_591_reg_146954                        |   7|   0|    7|          0|
    |mult_592_reg_146960                        |   9|   0|    9|          0|
    |mult_593_reg_146081                        |   4|   0|    4|          0|
    |mult_593_reg_146081_pp0_iter1_reg          |   4|   0|    4|          0|
    |mult_594_reg_146091                        |   5|   0|    5|          0|
    |mult_594_reg_146091_pp0_iter1_reg          |   5|   0|    5|          0|
    |mult_595_reg_147125                        |   9|   0|    9|          0|
    |mult_596_reg_147130                        |   9|   0|   10|          1|
    |mult_598_reg_147140                        |   9|   0|    9|          0|
    |mult_reg_145852                            |   5|   0|    5|          0|
    |mult_reg_145852_pp0_iter1_reg              |   5|   0|    5|          0|
    |mult_s_reg_145858                          |   6|   0|    6|          0|
    |mult_s_reg_145858_pp0_iter1_reg            |   6|   0|    6|          0|
    |sext_ln73_3679_reg_146361                  |  10|   0|   10|          0|
    |shl_ln42_33_reg_145917                     |   9|   0|   11|          2|
    |shl_ln73_2809_reg_146199                   |   9|   0|   10|          1|
    |shl_ln73_2814_reg_145863                   |   9|   0|   11|          2|
    |shl_ln73_2818_reg_146455                   |   9|   0|   10|          1|
    |shl_ln73_2825_reg_145935                   |   9|   0|   11|          2|
    |shl_ln73_2829_reg_146009                   |   9|   0|   12|          3|
    |shl_ln73_2834_reg_146047                   |   9|   0|   11|          2|
    |sub_ln73_4760_reg_145837                   |  10|   0|   14|          4|
    |sub_ln73_4763_reg_146194                   |  10|   0|   14|          4|
    |sub_ln73_4768_reg_145847                   |  10|   0|   16|          6|
    |sub_ln73_4773_reg_145868                   |  10|   0|   12|          2|
    |sub_ln73_4776_reg_145888                   |  10|   0|   13|          3|
    |sub_ln73_4784_reg_146505                   |  10|   0|   16|          6|
    |sub_ln73_4786_reg_145907                   |  10|   0|   15|          5|
    |sub_ln73_4791_reg_145922                   |  10|   0|   12|          2|
    |sub_ln73_4795_reg_145962                   |  10|   0|   13|          3|
    |sub_ln73_4798_reg_146019                   |  10|   0|   13|          3|
    |sub_ln73_4803_reg_146037                   |  10|   0|   14|          4|
    |sub_ln73_4806_reg_146863                   |  10|   0|   12|          2|
    |sub_ln73_4808_reg_146053                   |  10|   0|   12|          2|
    |sub_ln73_4817_reg_146086                   |  10|   0|   13|          3|
    |sub_ln73_4819_reg_146101                   |  10|   0|   15|          5|
    |tmp_2949_reg_147250                        |   8|   0|    8|          0|
    |tmp_2950_reg_147255                        |  10|   0|   10|          0|
    |tmp_2952_reg_147260                        |  10|   0|   10|          0|
    |tmp_2953_reg_146149                        |  11|   0|   11|          0|
    |tmp_2954_reg_147265                        |  10|   0|   10|          0|
    |tmp_2955_reg_146159                        |   9|   0|    9|          0|
    |tmp_2956_reg_146169                        |  10|   0|   10|          0|
    |tmp_2957_reg_146174                        |   9|   0|    9|          0|
    |tmp_2958_reg_146215                        |   8|   0|    8|          0|
    |tmp_2960_reg_146231                        |  11|   0|   11|          0|
    |tmp_2961_reg_146241                        |   9|   0|    9|          0|
    |tmp_2962_reg_146246                        |   9|   0|    9|          0|
    |tmp_2962_reg_146246_pp0_iter2_reg          |   9|   0|    9|          0|
    |tmp_2963_reg_146256                        |  10|   0|   10|          0|
    |tmp_2964_reg_146266                        |  11|   0|   11|          0|
    |tmp_2965_reg_146276                        |   8|   0|    8|          0|
    |tmp_2966_reg_146306                        |  10|   0|   10|          0|
    |tmp_2967_reg_146316                        |   8|   0|    8|          0|
    |tmp_2968_reg_146326                        |  10|   0|   10|          0|
    |tmp_2969_reg_146331                        |  11|   0|   11|          0|
    |tmp_2970_reg_146341                        |  10|   0|   10|          0|
    |tmp_2972_reg_146371                        |  10|   0|   10|          0|
    |tmp_2973_reg_146387                        |  10|   0|   10|          0|
    |tmp_2975_reg_146397                        |   9|   0|    9|          0|
    |tmp_2976_reg_146402                        |  10|   0|   10|          0|
    |tmp_2977_reg_146408                        |  11|   0|   11|          0|
    |tmp_2979_reg_147290                        |  10|   0|   10|          0|
    |tmp_2980_reg_146440                        |  11|   0|   11|          0|
    |tmp_2981_reg_146465                        |  11|   0|   11|          0|
    |tmp_2982_reg_146485                        |   9|   0|    9|          0|
    |tmp_2983_reg_146495                        |  11|   0|   11|          0|
    |tmp_2984_reg_146515                        |   8|   0|    8|          0|
    |tmp_2986_reg_146540                        |   9|   0|    9|          0|
    |tmp_2987_reg_146545                        |   9|   0|    9|          0|
    |tmp_2988_reg_146565                        |   9|   0|    9|          0|
    |tmp_2989_reg_146590                        |   8|   0|    8|          0|
    |tmp_2990_reg_146600                        |   9|   0|    9|          0|
    |tmp_2991_reg_146615                        |   9|   0|    9|          0|
    |tmp_2992_reg_146620                        |  10|   0|   10|          0|
    |tmp_2994_reg_145983                        |  11|   0|   11|          0|
    |tmp_2994_reg_145983_pp0_iter1_reg          |  11|   0|   11|          0|
    |tmp_2995_reg_146660                        |  11|   0|   11|          0|
    |tmp_2996_reg_146665                        |   9|   0|    9|          0|
    |tmp_2997_reg_146715                        |  10|   0|   10|          0|
    |tmp_2997_reg_146715_pp0_iter2_reg          |  10|   0|   10|          0|
    |tmp_2998_reg_146721                        |  10|   0|   10|          0|
    |tmp_2999_reg_146726                        |   8|   0|    8|          0|
    |tmp_3000_reg_146783                        |  10|   0|   10|          0|
    |tmp_3001_reg_146788                        |   9|   0|    9|          0|
    |tmp_3003_reg_146843                        |   9|   0|    9|          0|
    |tmp_3004_reg_146848                        |   8|   0|    8|          0|
    |tmp_3005_reg_146868                        |   9|   0|    9|          0|
    |tmp_3006_reg_146883                        |  10|   0|   10|          0|
    |tmp_3007_reg_146914                        |  11|   0|   11|          0|
    |tmp_3008_reg_146924                        |  11|   0|   11|          0|
    |tmp_3008_reg_146924_pp0_iter2_reg          |  11|   0|   11|          0|
    |tmp_3009_reg_146929                        |  10|   0|   10|          0|
    |tmp_3010_reg_146934                        |   8|   0|    8|          0|
    |tmp_3011_reg_146939                        |  11|   0|   11|          0|
    |tmp_3013_reg_146985                        |  11|   0|   11|          0|
    |tmp_3014_reg_146990                        |  10|   0|   10|          0|
    |tmp_3015_reg_146995                        |  11|   0|   11|          0|
    |tmp_3016_reg_147010                        |  11|   0|   11|          0|
    |tmp_3017_reg_147020                        |  11|   0|   11|          0|
    |tmp_3018_reg_147025                        |   9|   0|    9|          0|
    |tmp_3019_reg_147035                        |  10|   0|   10|          0|
    |tmp_3020_reg_147040                        |   9|   0|    9|          0|
    |tmp_3021_reg_147060                        |  10|   0|   10|          0|
    |tmp_3022_reg_147070                        |   8|   0|    8|          0|
    |tmp_3022_reg_147070_pp0_iter2_reg          |   8|   0|    8|          0|
    |tmp_3023_reg_147075                        |  10|   0|   10|          0|
    |tmp_3024_reg_147085                        |  10|   0|   10|          0|
    |tmp_3025_reg_147110                        |  11|   0|   11|          0|
    |tmp_3026_reg_147170                        |  10|   0|   10|          0|
    |tmp_3027_reg_147180                        |   7|   0|    7|          0|
    |tmp_3029_reg_147190                        |  11|   0|   11|          0|
    |tmp_reg_146129                             |  10|   0|   10|          0|
    |trunc_ln17_10_reg_146382                   |  11|   0|   11|          0|
    |trunc_ln17_11_reg_146445                   |   9|   0|    9|          0|
    |trunc_ln17_12_reg_146450                   |  10|   0|   10|          0|
    |trunc_ln17_13_reg_146480                   |  11|   0|   11|          0|
    |trunc_ln17_14_reg_146520                   |  10|   0|   10|          0|
    |trunc_ln17_15_reg_146530                   |   9|   0|    9|          0|
    |trunc_ln17_16_reg_146535                   |  12|   0|   12|          0|
    |trunc_ln17_17_reg_145967                   |   9|   0|    9|          0|
    |trunc_ln17_18_reg_146630                   |  10|   0|   10|          0|
    |trunc_ln17_19_reg_146675                   |  10|   0|   10|          0|
    |trunc_ln17_20_reg_146004                   |   8|   0|    8|          0|
    |trunc_ln17_21_reg_146731                   |  11|   0|   11|          0|
    |trunc_ln17_22_reg_146751                   |  11|   0|   11|          0|
    |trunc_ln17_23_reg_146798                   |   9|   0|    9|          0|
    |trunc_ln17_24_reg_146858                   |   9|   0|    9|          0|
    |trunc_ln17_25_reg_146965                   |  11|   0|   11|          0|
    |trunc_ln17_26_reg_146975                   |  10|   0|   10|          0|
    |trunc_ln17_8_reg_146236                    |  10|   0|   10|          0|
    |trunc_ln17_9_reg_146351                    |   9|   0|    9|          0|
    |trunc_ln17_s_reg_146189                    |  11|   0|   11|          0|
    |trunc_ln42_185_reg_146134                  |  10|   0|   10|          0|
    |trunc_ln42_186_reg_146139                  |  11|   0|   11|          0|
    |trunc_ln42_187_reg_146144                  |  11|   0|   11|          0|
    |trunc_ln42_188_reg_146154                  |  11|   0|   11|          0|
    |trunc_ln42_189_reg_146164                  |  11|   0|   11|          0|
    |trunc_ln42_190_reg_147270                  |  10|   0|   10|          0|
    |trunc_ln42_191_reg_146179                  |  11|   0|   11|          0|
    |trunc_ln42_192_reg_146184                  |   8|   0|    8|          0|
    |trunc_ln42_193_reg_147275                  |  10|   0|   10|          0|
    |trunc_ln42_194_reg_146205                  |   8|   0|    8|          0|
    |trunc_ln42_195_reg_146210                  |   9|   0|    9|          0|
    |trunc_ln42_196_reg_146221                  |  11|   0|   11|          0|
    |trunc_ln42_197_reg_146226                  |  11|   0|   11|          0|
    |trunc_ln42_199_reg_146251                  |  12|   0|   12|          0|
    |trunc_ln42_200_reg_146261                  |  11|   0|   11|          0|
    |trunc_ln42_201_reg_146271                  |  10|   0|   10|          0|
    |trunc_ln42_202_reg_146281                  |  10|   0|   10|          0|
    |trunc_ln42_203_reg_146286                  |  12|   0|   12|          0|
    |trunc_ln42_204_reg_146291                  |  10|   0|   10|          0|
    |trunc_ln42_205_reg_146296                  |  12|   0|   12|          0|
    |trunc_ln42_206_reg_146301                  |   9|   0|    9|          0|
    |trunc_ln42_207_reg_147280                  |  11|   0|   11|          0|
    |trunc_ln42_208_reg_146311                  |   9|   0|    9|          0|
    |trunc_ln42_209_reg_146321                  |  10|   0|   10|          0|
    |trunc_ln42_210_reg_146336                  |   9|   0|    9|          0|
    |trunc_ln42_211_reg_146346                  |   8|   0|    8|          0|
    |trunc_ln42_212_reg_146356                  |  10|   0|   10|          0|
    |trunc_ln42_214_reg_146366                  |  11|   0|   11|          0|
    |trunc_ln42_215_reg_146376                  |   9|   0|    9|          0|
    |trunc_ln42_216_reg_147285                  |  12|   0|   12|          0|
    |trunc_ln42_217_reg_145878                  |   7|   0|    7|          0|
    |trunc_ln42_217_reg_145878_pp0_iter1_reg    |   7|   0|    7|          0|
    |trunc_ln42_218_reg_146392                  |  10|   0|   10|          0|
    |trunc_ln42_219_reg_146413                  |   9|   0|    9|          0|
    |trunc_ln42_220_reg_146418                  |   9|   0|    9|          0|
    |trunc_ln42_221_reg_146423                  |  10|   0|   10|          0|
    |trunc_ln42_222_reg_146435                  |  11|   0|   11|          0|
    |trunc_ln42_223_reg_147295                  |  10|   0|   10|          0|
    |trunc_ln42_224_reg_147300                  |  10|   0|   10|          0|
    |trunc_ln42_225_reg_146460                  |  11|   0|   11|          0|
    |trunc_ln42_226_reg_146470                  |  10|   0|   10|          0|
    |trunc_ln42_227_reg_146475                  |   9|   0|    9|          0|
    |trunc_ln42_227_reg_146475_pp0_iter2_reg    |   9|   0|    9|          0|
    |trunc_ln42_228_reg_146490                  |   7|   0|    7|          0|
    |trunc_ln42_229_reg_146500                  |   5|   0|    5|          0|
    |trunc_ln42_230_reg_147305                  |  12|   0|   12|          0|
    |trunc_ln42_231_reg_146510                  |  11|   0|   11|          0|
    |trunc_ln42_232_reg_146525                  |  10|   0|   10|          0|
    |trunc_ln42_232_reg_146525_pp0_iter2_reg    |  10|   0|   10|          0|
    |trunc_ln42_233_reg_145912                  |  10|   0|   10|          0|
    |trunc_ln42_234_reg_146550                  |  11|   0|   11|          0|
    |trunc_ln42_235_reg_146555                  |   9|   0|    9|          0|
    |trunc_ln42_236_reg_146560                  |   8|   0|    8|          0|
    |trunc_ln42_236_reg_146560_pp0_iter2_reg    |   8|   0|    8|          0|
    |trunc_ln42_237_reg_146570                  |  12|   0|   12|          0|
    |trunc_ln42_238_reg_146575                  |   9|   0|    9|          0|
    |trunc_ln42_239_reg_146580                  |  11|   0|   11|          0|
    |trunc_ln42_240_reg_146585                  |  10|   0|   10|          0|
    |trunc_ln42_241_reg_146595                  |  10|   0|   10|          0|
    |trunc_ln42_243_reg_145941                  |   9|   0|    9|          0|
    |trunc_ln42_244_reg_146605                  |  10|   0|   10|          0|
    |trunc_ln42_245_reg_145946                  |  11|   0|   11|          0|
    |trunc_ln42_246_reg_146610                  |   9|   0|    9|          0|
    |trunc_ln42_247_reg_145956                  |  11|   0|   11|          0|
    |trunc_ln42_247_reg_145956_pp0_iter1_reg    |  11|   0|   11|          0|
    |trunc_ln42_248_reg_146625                  |   9|   0|    9|          0|
    |trunc_ln42_249_reg_146635                  |   9|   0|    9|          0|
    |trunc_ln42_250_reg_146640                  |  10|   0|   10|          0|
    |trunc_ln42_251_reg_146645                  |   7|   0|    7|          0|
    |trunc_ln42_252_reg_145978                  |   8|   0|    8|          0|
    |trunc_ln42_253_reg_146650                  |  11|   0|   11|          0|
    |trunc_ln42_254_reg_146655                  |  10|   0|   10|          0|
    |trunc_ln42_255_reg_146670                  |  12|   0|   12|          0|
    |trunc_ln42_256_reg_146680                  |  11|   0|   11|          0|
    |trunc_ln42_257_reg_146685                  |   9|   0|    9|          0|
    |trunc_ln42_258_reg_146690                  |   7|   0|    7|          0|
    |trunc_ln42_259_reg_146695                  |  12|   0|   12|          0|
    |trunc_ln42_259_reg_146695_pp0_iter2_reg    |  12|   0|   12|          0|
    |trunc_ln42_260_reg_146700                  |  12|   0|   12|          0|
    |trunc_ln42_261_reg_146705                  |  10|   0|   10|          0|
    |trunc_ln42_261_reg_146705_pp0_iter2_reg    |  10|   0|   10|          0|
    |trunc_ln42_262_reg_146710                  |   8|   0|    8|          0|
    |trunc_ln42_263_reg_146736                  |  10|   0|   10|          0|
    |trunc_ln42_264_reg_146741                  |   9|   0|    9|          0|
    |trunc_ln42_265_reg_146746                  |  10|   0|   10|          0|
    |trunc_ln42_266_reg_146756                  |   9|   0|    9|          0|
    |trunc_ln42_267_reg_146762                  |  11|   0|   11|          0|
    |trunc_ln42_267_reg_146762_pp0_iter2_reg    |  11|   0|   11|          0|
    |trunc_ln42_268_reg_146768                  |   7|   0|    7|          0|
    |trunc_ln42_269_reg_147310                  |  12|   0|   12|          0|
    |trunc_ln42_270_reg_147315                  |  12|   0|   12|          0|
    |trunc_ln42_271_reg_146773                  |  10|   0|   10|          0|
    |trunc_ln42_272_reg_146778                  |  10|   0|   10|          0|
    |trunc_ln42_274_reg_146793                  |  10|   0|   10|          0|
    |trunc_ln42_274_reg_146793_pp0_iter2_reg    |  10|   0|   10|          0|
    |trunc_ln42_275_reg_146803                  |   9|   0|    9|          0|
    |trunc_ln42_276_reg_146808                  |  10|   0|   10|          0|
    |trunc_ln42_277_reg_146813                  |   9|   0|    9|          0|
    |trunc_ln42_278_reg_146818                  |   9|   0|    9|          0|
    |trunc_ln42_279_reg_146823                  |  10|   0|   10|          0|
    |trunc_ln42_280_reg_146828                  |  11|   0|   11|          0|
    |trunc_ln42_281_reg_146833                  |   8|   0|    8|          0|
    |trunc_ln42_282_reg_147320                  |  12|   0|   12|          0|
    |trunc_ln42_283_reg_146838                  |   8|   0|    8|          0|
    |trunc_ln42_284_reg_147325                  |  12|   0|   12|          0|
    |trunc_ln42_285_reg_147330                  |   5|   0|    5|          0|
    |trunc_ln42_287_reg_146873                  |   9|   0|    9|          0|
    |trunc_ln42_288_reg_146878                  |   8|   0|    8|          0|
    |trunc_ln42_289_reg_146058                  |   9|   0|    9|          0|
    |trunc_ln42_290_reg_146888                  |   9|   0|    9|          0|
    |trunc_ln42_291_reg_146893                  |   8|   0|    8|          0|
    |trunc_ln42_292_reg_146899                  |  10|   0|   10|          0|
    |trunc_ln42_293_reg_146904                  |   8|   0|    8|          0|
    |trunc_ln42_294_reg_146909                  |  10|   0|   10|          0|
    |trunc_ln42_295_reg_146919                  |  10|   0|   10|          0|
    |trunc_ln42_296_reg_146944                  |  11|   0|   11|          0|
    |trunc_ln42_297_reg_146949                  |  12|   0|   12|          0|
    |trunc_ln42_298_reg_146076                  |  11|   0|   11|          0|
    |trunc_ln42_299_reg_146970                  |  10|   0|   10|          0|
    |trunc_ln42_300_reg_146980                  |  11|   0|   11|          0|
    |trunc_ln42_301_reg_147335                  |  12|   0|   12|          0|
    |trunc_ln42_302_reg_147000                  |  10|   0|   10|          0|
    |trunc_ln42_303_reg_147005                  |  11|   0|   11|          0|
    |trunc_ln42_304_reg_147015                  |  11|   0|   11|          0|
    |trunc_ln42_305_reg_147340                  |  12|   0|   12|          0|
    |trunc_ln42_306_reg_147030                  |   8|   0|    8|          0|
    |trunc_ln42_308_reg_147045                  |  10|   0|   10|          0|
    |trunc_ln42_309_reg_147050                  |  11|   0|   11|          0|
    |trunc_ln42_310_reg_147055                  |   9|   0|    9|          0|
    |trunc_ln42_311_reg_147065                  |  11|   0|   11|          0|
    |trunc_ln42_312_reg_147080                  |  10|   0|   10|          0|
    |trunc_ln42_313_reg_147090                  |   9|   0|    9|          0|
    |trunc_ln42_314_reg_147095                  |  11|   0|   11|          0|
    |trunc_ln42_314_reg_147095_pp0_iter2_reg    |  11|   0|   11|          0|
    |trunc_ln42_315_reg_147100                  |   7|   0|    7|          0|
    |trunc_ln42_316_reg_147105                  |  12|   0|   12|          0|
    |trunc_ln42_317_reg_147115                  |  10|   0|   10|          0|
    |trunc_ln42_318_reg_147120                  |  11|   0|   11|          0|
    |trunc_ln42_319_reg_147135                  |   8|   0|    8|          0|
    |trunc_ln42_320_reg_147145                  |  10|   0|   10|          0|
    |trunc_ln42_321_reg_146106                  |  10|   0|   10|          0|
    |trunc_ln42_321_reg_146106_pp0_iter1_reg    |  10|   0|   10|          0|
    |trunc_ln42_322_reg_147150                  |  10|   0|   10|          0|
    |trunc_ln42_323_reg_147155                  |  11|   0|   11|          0|
    |trunc_ln42_324_reg_147160                  |  11|   0|   11|          0|
    |trunc_ln42_324_reg_147160_pp0_iter2_reg    |  11|   0|   11|          0|
    |trunc_ln42_325_reg_147165                  |   9|   0|    9|          0|
    |trunc_ln42_326_reg_147175                  |  11|   0|   11|          0|
    |trunc_ln42_327_reg_147185                  |   9|   0|    9|          0|
    |trunc_ln42_s_reg_146116                    |  11|   0|   11|          0|
    |trunc_ln_reg_146111                        |  12|   0|   12|          0|
    |zext_ln42_102_reg_146428                   |   9|   0|   15|          6|
    |zext_ln42_106_reg_145899                   |   9|   0|   15|          6|
    |zext_ln42_117_reg_145988                   |   9|   0|   13|          4|
    |zext_ln42_54_reg_146068                    |   9|   0|   16|          7|
    |zext_ln42_84_reg_146121                    |   9|   0|   15|          6|
    |zext_ln42_97_reg_145883                    |   9|   0|   13|          4|
    |zext_ln73_3603_reg_145842                  |   9|   0|   16|          7|
    |zext_ln73_3639_reg_145927                  |   9|   0|   14|          5|
    |zext_ln73_3649_reg_146014                  |   9|   0|   13|          4|
    |zext_ln73_3657_reg_146029                  |   9|   0|   14|          5|
    |zext_ln73_3688_reg_146096                  |   9|   0|   15|          6|
    |trunc_ln42_252_reg_145978                  |  64|  32|    8|          0|
    |trunc_ln42_326_reg_147175                  |  64|  32|   11|          0|
    +-------------------------------------------+----+----+-----+-----------+
    |Total                                      |6285|  64| 6304|        128|
    +-------------------------------------------+----+----+-----+-----------+



================================================================
== Interface
================================================================
* Summary: 
+--------------+-----+-----+------------+-----------------------------------------------------------------------------+--------------+
|   RTL Ports  | Dir | Bits|  Protocol  |                                Source Object                                |    C Type    |
+--------------+-----+-----+------------+-----------------------------------------------------------------------------+--------------+
|ap_clk        |   in|    1|  ap_ctrl_hs|  dense_latency<ap_ufixed<9, 0, 4, 0, 0>, ap_fixed<16, 6, 5, 3, 0>, config14>|  return value|
|ap_rst        |   in|    1|  ap_ctrl_hs|  dense_latency<ap_ufixed<9, 0, 4, 0, 0>, ap_fixed<16, 6, 5, 3, 0>, config14>|  return value|
|ap_return_0   |  out|   16|  ap_ctrl_hs|  dense_latency<ap_ufixed<9, 0, 4, 0, 0>, ap_fixed<16, 6, 5, 3, 0>, config14>|  return value|
|ap_return_1   |  out|   16|  ap_ctrl_hs|  dense_latency<ap_ufixed<9, 0, 4, 0, 0>, ap_fixed<16, 6, 5, 3, 0>, config14>|  return value|
|ap_return_2   |  out|   16|  ap_ctrl_hs|  dense_latency<ap_ufixed<9, 0, 4, 0, 0>, ap_fixed<16, 6, 5, 3, 0>, config14>|  return value|
|ap_return_3   |  out|   16|  ap_ctrl_hs|  dense_latency<ap_ufixed<9, 0, 4, 0, 0>, ap_fixed<16, 6, 5, 3, 0>, config14>|  return value|
|ap_return_4   |  out|   16|  ap_ctrl_hs|  dense_latency<ap_ufixed<9, 0, 4, 0, 0>, ap_fixed<16, 6, 5, 3, 0>, config14>|  return value|
|ap_return_5   |  out|   16|  ap_ctrl_hs|  dense_latency<ap_ufixed<9, 0, 4, 0, 0>, ap_fixed<16, 6, 5, 3, 0>, config14>|  return value|
|ap_return_6   |  out|   16|  ap_ctrl_hs|  dense_latency<ap_ufixed<9, 0, 4, 0, 0>, ap_fixed<16, 6, 5, 3, 0>, config14>|  return value|
|ap_return_7   |  out|   16|  ap_ctrl_hs|  dense_latency<ap_ufixed<9, 0, 4, 0, 0>, ap_fixed<16, 6, 5, 3, 0>, config14>|  return value|
|ap_return_8   |  out|   16|  ap_ctrl_hs|  dense_latency<ap_ufixed<9, 0, 4, 0, 0>, ap_fixed<16, 6, 5, 3, 0>, config14>|  return value|
|ap_return_9   |  out|   16|  ap_ctrl_hs|  dense_latency<ap_ufixed<9, 0, 4, 0, 0>, ap_fixed<16, 6, 5, 3, 0>, config14>|  return value|
|ap_return_10  |  out|   16|  ap_ctrl_hs|  dense_latency<ap_ufixed<9, 0, 4, 0, 0>, ap_fixed<16, 6, 5, 3, 0>, config14>|  return value|
|ap_return_11  |  out|   16|  ap_ctrl_hs|  dense_latency<ap_ufixed<9, 0, 4, 0, 0>, ap_fixed<16, 6, 5, 3, 0>, config14>|  return value|
|ap_return_12  |  out|   16|  ap_ctrl_hs|  dense_latency<ap_ufixed<9, 0, 4, 0, 0>, ap_fixed<16, 6, 5, 3, 0>, config14>|  return value|
|ap_return_13  |  out|   16|  ap_ctrl_hs|  dense_latency<ap_ufixed<9, 0, 4, 0, 0>, ap_fixed<16, 6, 5, 3, 0>, config14>|  return value|
|ap_return_14  |  out|   16|  ap_ctrl_hs|  dense_latency<ap_ufixed<9, 0, 4, 0, 0>, ap_fixed<16, 6, 5, 3, 0>, config14>|  return value|
|ap_return_15  |  out|   16|  ap_ctrl_hs|  dense_latency<ap_ufixed<9, 0, 4, 0, 0>, ap_fixed<16, 6, 5, 3, 0>, config14>|  return value|
|ap_return_16  |  out|   16|  ap_ctrl_hs|  dense_latency<ap_ufixed<9, 0, 4, 0, 0>, ap_fixed<16, 6, 5, 3, 0>, config14>|  return value|
|ap_return_17  |  out|   16|  ap_ctrl_hs|  dense_latency<ap_ufixed<9, 0, 4, 0, 0>, ap_fixed<16, 6, 5, 3, 0>, config14>|  return value|
|ap_return_18  |  out|   16|  ap_ctrl_hs|  dense_latency<ap_ufixed<9, 0, 4, 0, 0>, ap_fixed<16, 6, 5, 3, 0>, config14>|  return value|
|ap_return_19  |  out|   16|  ap_ctrl_hs|  dense_latency<ap_ufixed<9, 0, 4, 0, 0>, ap_fixed<16, 6, 5, 3, 0>, config14>|  return value|
|ap_ce         |   in|    1|  ap_ctrl_hs|  dense_latency<ap_ufixed<9, 0, 4, 0, 0>, ap_fixed<16, 6, 5, 3, 0>, config14>|  return value|
|data_3_val    |   in|    9|     ap_none|                                                                   data_3_val|        scalar|
|data_4_val    |   in|    9|     ap_none|                                                                   data_4_val|        scalar|
|data_7_val    |   in|    9|     ap_none|                                                                   data_7_val|        scalar|
|data_10_val   |   in|    9|     ap_none|                                                                  data_10_val|        scalar|
|data_12_val   |   in|    9|     ap_none|                                                                  data_12_val|        scalar|
|data_14_val   |   in|    9|     ap_none|                                                                  data_14_val|        scalar|
|data_17_val   |   in|    9|     ap_none|                                                                  data_17_val|        scalar|
|data_20_val   |   in|    9|     ap_none|                                                                  data_20_val|        scalar|
|data_23_val   |   in|    9|     ap_none|                                                                  data_23_val|        scalar|
|data_24_val   |   in|    9|     ap_none|                                                                  data_24_val|        scalar|
|data_26_val   |   in|    9|     ap_none|                                                                  data_26_val|        scalar|
|data_28_val   |   in|    9|     ap_none|                                                                  data_28_val|        scalar|
|data_30_val   |   in|    9|     ap_none|                                                                  data_30_val|        scalar|
|data_31_val   |   in|    9|     ap_none|                                                                  data_31_val|        scalar|
+--------------+-----+-----+------------+-----------------------------------------------------------------------------+--------------+

