

================================================================
== Vitis HLS Report for 'normalize_ap_fixed_16_6_5_3_0_ap_fixed_16_6_5_3_0_config2_s'
================================================================
* Date:           Mon Oct 21 21:30:35 2024

* Version:        2023.2 (Build 4023990 on Oct 11 2023)
* Project:        JetTagger
* Solution:       solution1 (Vivado IP Flow Target)
* Product family: virtexuplus
* Target device:  xcvu13p-flga2577-2-e


================================================================
== Performance Estimates
================================================================
+ Timing: 
    * Summary: 
    +--------+---------+----------+------------+
    |  Clock |  Target | Estimated| Uncertainty|
    +--------+---------+----------+------------+
    |ap_clk  |  2.00 ns|  1.041 ns|     0.54 ns|
    +--------+---------+----------+------------+

+ Latency: 
    * Summary: 
    +---------+---------+----------+----------+-----+-----+---------+
    |  Latency (cycles) |  Latency (absolute) |  Interval | Pipeline|
    |   min   |   max   |    min   |    max   | min | max |   Type  |
    +---------+---------+----------+----------+-----+-----+---------+
    |        2|        2|  4.000 ns|  4.000 ns|    1|    1|      yes|
    +---------+---------+----------+----------+-----+-----+---------+

    + Detail: 
        * Instance: 
        N/A

        * Loop: 
        N/A



================================================================
== Utilization Estimates
================================================================
* Summary: 
+---------------------+---------+-------+---------+---------+------+
|         Name        | BRAM_18K|  DSP  |    FF   |   LUT   | URAM |
+---------------------+---------+-------+---------+---------+------+
|DSP                  |        -|      -|        -|        -|     -|
|Expression           |        -|      -|        0|    10864|     -|
|FIFO                 |        -|      -|        -|        -|     -|
|Instance             |        -|    288|    19296|      288|     -|
|Memory               |        -|      -|        -|        -|     -|
|Multiplexer          |        -|      -|        -|     4480|     -|
|Register             |        -|      -|    18449|        -|     -|
+---------------------+---------+-------+---------+---------+------+
|Total                |        0|    288|    37745|    15632|     0|
+---------------------+---------+-------+---------+---------+------+
|Available SLR        |     1344|   3072|   864000|   432000|   320|
+---------------------+---------+-------+---------+---------+------+
|Utilization SLR (%)  |        0|      9|        4|        3|     0|
+---------------------+---------+-------+---------+---------+------+
|Available            |     5376|  12288|  3456000|  1728000|  1280|
+---------------------+---------+-------+---------+---------+------+
|Utilization (%)      |        0|      2|        1|       ~0|     0|
+---------------------+---------+-------+---------+---------+------+

+ Detail: 
    * Instance: 
    +--------------------------+---------------------+---------+----+-----+----+-----+
    |         Instance         |        Module       | BRAM_18K| DSP|  FF | LUT| URAM|
    +--------------------------+---------------------+---------+----+-----+----+-----+
    |mul_16s_10ns_25_2_0_U200  |mul_16s_10ns_25_2_0  |        0|   1|   67|   1|    0|
    |mul_16s_10ns_25_2_0_U207  |mul_16s_10ns_25_2_0  |        0|   1|   67|   1|    0|
    |mul_16s_10ns_25_2_0_U209  |mul_16s_10ns_25_2_0  |        0|   1|   67|   1|    0|
    |mul_16s_10ns_25_2_0_U272  |mul_16s_10ns_25_2_0  |        0|   1|   67|   1|    0|
    |mul_16s_10ns_25_2_0_U279  |mul_16s_10ns_25_2_0  |        0|   1|   67|   1|    0|
    |mul_16s_10ns_25_2_0_U281  |mul_16s_10ns_25_2_0  |        0|   1|   67|   1|    0|
    |mul_16s_10ns_25_2_0_U300  |mul_16s_10ns_25_2_0  |        0|   1|   67|   1|    0|
    |mul_16s_10ns_25_2_0_U312  |mul_16s_10ns_25_2_0  |        0|   1|   67|   1|    0|
    |mul_16s_10ns_25_2_0_U330  |mul_16s_10ns_25_2_0  |        0|   1|   67|   1|    0|
    |mul_16s_10ns_25_2_0_U331  |mul_16s_10ns_25_2_0  |        0|   1|   67|   1|    0|
    |mul_16s_10ns_25_2_0_U367  |mul_16s_10ns_25_2_0  |        0|   1|   67|   1|    0|
    |mul_16s_10ns_25_2_0_U378  |mul_16s_10ns_25_2_0  |        0|   1|   67|   1|    0|
    |mul_16s_10ns_25_2_0_U396  |mul_16s_10ns_25_2_0  |        0|   1|   67|   1|    0|
    |mul_16s_10ns_25_2_0_U415  |mul_16s_10ns_25_2_0  |        0|   1|   67|   1|    0|
    |mul_16s_10ns_25_2_0_U429  |mul_16s_10ns_25_2_0  |        0|   1|   67|   1|    0|
    |mul_16s_10ns_25_2_0_U438  |mul_16s_10ns_25_2_0  |        0|   1|   67|   1|    0|
    |mul_16s_12ns_26_2_0_U197  |mul_16s_12ns_26_2_0  |        0|   1|   67|   1|    0|
    |mul_16s_12ns_26_2_0_U201  |mul_16s_12ns_26_2_0  |        0|   1|   67|   1|    0|
    |mul_16s_12ns_26_2_0_U213  |mul_16s_12ns_26_2_0  |        0|   1|   67|   1|    0|
    |mul_16s_12ns_26_2_0_U246  |mul_16s_12ns_26_2_0  |        0|   1|   67|   1|    0|
    |mul_16s_12ns_26_2_0_U254  |mul_16s_12ns_26_2_0  |        0|   1|   67|   1|    0|
    |mul_16s_12ns_26_2_0_U277  |mul_16s_12ns_26_2_0  |        0|   1|   67|   1|    0|
    |mul_16s_12ns_26_2_0_U278  |mul_16s_12ns_26_2_0  |        0|   1|   67|   1|    0|
    |mul_16s_12ns_26_2_0_U302  |mul_16s_12ns_26_2_0  |        0|   1|   67|   1|    0|
    |mul_16s_12ns_26_2_0_U326  |mul_16s_12ns_26_2_0  |        0|   1|   67|   1|    0|
    |mul_16s_12ns_26_2_0_U336  |mul_16s_12ns_26_2_0  |        0|   1|   67|   1|    0|
    |mul_16s_12ns_26_2_0_U390  |mul_16s_12ns_26_2_0  |        0|   1|   67|   1|    0|
    |mul_16s_12ns_26_2_0_U395  |mul_16s_12ns_26_2_0  |        0|   1|   67|   1|    0|
    |mul_16s_12ns_26_2_0_U400  |mul_16s_12ns_26_2_0  |        0|   1|   67|   1|    0|
    |mul_16s_12ns_26_2_0_U405  |mul_16s_12ns_26_2_0  |        0|   1|   67|   1|    0|
    |mul_16s_12ns_26_2_0_U416  |mul_16s_12ns_26_2_0  |        0|   1|   67|   1|    0|
    |mul_16s_12ns_26_2_0_U432  |mul_16s_12ns_26_2_0  |        0|   1|   67|   1|    0|
    |mul_16s_13ns_26_2_0_U181  |mul_16s_13ns_26_2_0  |        0|   1|   67|   1|    0|
    |mul_16s_13ns_26_2_0_U182  |mul_16s_13ns_26_2_0  |        0|   1|   67|   1|    0|
    |mul_16s_13ns_26_2_0_U183  |mul_16s_13ns_26_2_0  |        0|   1|   67|   1|    0|
    |mul_16s_13ns_26_2_0_U185  |mul_16s_13ns_26_2_0  |        0|   1|   67|   1|    0|
    |mul_16s_13ns_26_2_0_U186  |mul_16s_13ns_26_2_0  |        0|   1|   67|   1|    0|
    |mul_16s_13ns_26_2_0_U196  |mul_16s_13ns_26_2_0  |        0|   1|   67|   1|    0|
    |mul_16s_13ns_26_2_0_U199  |mul_16s_13ns_26_2_0  |        0|   1|   67|   1|    0|
    |mul_16s_13ns_26_2_0_U203  |mul_16s_13ns_26_2_0  |        0|   1|   67|   1|    0|
    |mul_16s_13ns_26_2_0_U212  |mul_16s_13ns_26_2_0  |        0|   1|   67|   1|    0|
    |mul_16s_13ns_26_2_0_U215  |mul_16s_13ns_26_2_0  |        0|   1|   67|   1|    0|
    |mul_16s_13ns_26_2_0_U216  |mul_16s_13ns_26_2_0  |        0|   1|   67|   1|    0|
    |mul_16s_13ns_26_2_0_U217  |mul_16s_13ns_26_2_0  |        0|   1|   67|   1|    0|
    |mul_16s_13ns_26_2_0_U219  |mul_16s_13ns_26_2_0  |        0|   1|   67|   1|    0|
    |mul_16s_13ns_26_2_0_U225  |mul_16s_13ns_26_2_0  |        0|   1|   67|   1|    0|
    |mul_16s_13ns_26_2_0_U227  |mul_16s_13ns_26_2_0  |        0|   1|   67|   1|    0|
    |mul_16s_13ns_26_2_0_U229  |mul_16s_13ns_26_2_0  |        0|   1|   67|   1|    0|
    |mul_16s_13ns_26_2_0_U239  |mul_16s_13ns_26_2_0  |        0|   1|   67|   1|    0|
    |mul_16s_13ns_26_2_0_U259  |mul_16s_13ns_26_2_0  |        0|   1|   67|   1|    0|
    |mul_16s_13ns_26_2_0_U261  |mul_16s_13ns_26_2_0  |        0|   1|   67|   1|    0|
    |mul_16s_13ns_26_2_0_U263  |mul_16s_13ns_26_2_0  |        0|   1|   67|   1|    0|
    |mul_16s_13ns_26_2_0_U265  |mul_16s_13ns_26_2_0  |        0|   1|   67|   1|    0|
    |mul_16s_13ns_26_2_0_U289  |mul_16s_13ns_26_2_0  |        0|   1|   67|   1|    0|
    |mul_16s_13ns_26_2_0_U290  |mul_16s_13ns_26_2_0  |        0|   1|   67|   1|    0|
    |mul_16s_13ns_26_2_0_U296  |mul_16s_13ns_26_2_0  |        0|   1|   67|   1|    0|
    |mul_16s_13ns_26_2_0_U304  |mul_16s_13ns_26_2_0  |        0|   1|   67|   1|    0|
    |mul_16s_13ns_26_2_0_U315  |mul_16s_13ns_26_2_0  |        0|   1|   67|   1|    0|
    |mul_16s_13ns_26_2_0_U325  |mul_16s_13ns_26_2_0  |        0|   1|   67|   1|    0|
    |mul_16s_13ns_26_2_0_U327  |mul_16s_13ns_26_2_0  |        0|   1|   67|   1|    0|
    |mul_16s_13ns_26_2_0_U332  |mul_16s_13ns_26_2_0  |        0|   1|   67|   1|    0|
    |mul_16s_13ns_26_2_0_U342  |mul_16s_13ns_26_2_0  |        0|   1|   67|   1|    0|
    |mul_16s_13ns_26_2_0_U344  |mul_16s_13ns_26_2_0  |        0|   1|   67|   1|    0|
    |mul_16s_13ns_26_2_0_U351  |mul_16s_13ns_26_2_0  |        0|   1|   67|   1|    0|
    |mul_16s_13ns_26_2_0_U372  |mul_16s_13ns_26_2_0  |        0|   1|   67|   1|    0|
    |mul_16s_13ns_26_2_0_U379  |mul_16s_13ns_26_2_0  |        0|   1|   67|   1|    0|
    |mul_16s_13ns_26_2_0_U384  |mul_16s_13ns_26_2_0  |        0|   1|   67|   1|    0|
    |mul_16s_13ns_26_2_0_U386  |mul_16s_13ns_26_2_0  |        0|   1|   67|   1|    0|
    |mul_16s_13ns_26_2_0_U388  |mul_16s_13ns_26_2_0  |        0|   1|   67|   1|    0|
    |mul_16s_13ns_26_2_0_U394  |mul_16s_13ns_26_2_0  |        0|   1|   67|   1|    0|
    |mul_16s_13ns_26_2_0_U402  |mul_16s_13ns_26_2_0  |        0|   1|   67|   1|    0|
    |mul_16s_13ns_26_2_0_U403  |mul_16s_13ns_26_2_0  |        0|   1|   67|   1|    0|
    |mul_16s_13ns_26_2_0_U421  |mul_16s_13ns_26_2_0  |        0|   1|   67|   1|    0|
    |mul_16s_13ns_26_2_0_U427  |mul_16s_13ns_26_2_0  |        0|   1|   67|   1|    0|
    |mul_16s_13ns_26_2_0_U428  |mul_16s_13ns_26_2_0  |        0|   1|   67|   1|    0|
    |mul_16s_13ns_26_2_0_U430  |mul_16s_13ns_26_2_0  |        0|   1|   67|   1|    0|
    |mul_16s_13ns_26_2_0_U439  |mul_16s_13ns_26_2_0  |        0|   1|   67|   1|    0|
    |mul_16s_13ns_26_2_0_U447  |mul_16s_13ns_26_2_0  |        0|   1|   67|   1|    0|
    |mul_16s_13ns_26_2_0_U462  |mul_16s_13ns_26_2_0  |        0|   1|   67|   1|    0|
    |mul_16s_13ns_26_2_0_U467  |mul_16s_13ns_26_2_0  |        0|   1|   67|   1|    0|
    |mul_16s_13s_26_2_0_U195   |mul_16s_13s_26_2_0   |        0|   1|   67|   1|    0|
    |mul_16s_13s_26_2_0_U202   |mul_16s_13s_26_2_0   |        0|   1|   67|   1|    0|
    |mul_16s_13s_26_2_0_U214   |mul_16s_13s_26_2_0   |        0|   1|   67|   1|    0|
    |mul_16s_13s_26_2_0_U221   |mul_16s_13s_26_2_0   |        0|   1|   67|   1|    0|
    |mul_16s_13s_26_2_0_U222   |mul_16s_13s_26_2_0   |        0|   1|   67|   1|    0|
    |mul_16s_13s_26_2_0_U240   |mul_16s_13s_26_2_0   |        0|   1|   67|   1|    0|
    |mul_16s_13s_26_2_0_U247   |mul_16s_13s_26_2_0   |        0|   1|   67|   1|    0|
    |mul_16s_13s_26_2_0_U250   |mul_16s_13s_26_2_0   |        0|   1|   67|   1|    0|
    |mul_16s_13s_26_2_0_U266   |mul_16s_13s_26_2_0   |        0|   1|   67|   1|    0|
    |mul_16s_13s_26_2_0_U297   |mul_16s_13s_26_2_0   |        0|   1|   67|   1|    0|
    |mul_16s_13s_26_2_0_U337   |mul_16s_13s_26_2_0   |        0|   1|   67|   1|    0|
    |mul_16s_13s_26_2_0_U349   |mul_16s_13s_26_2_0   |        0|   1|   67|   1|    0|
    |mul_16s_13s_26_2_0_U417   |mul_16s_13s_26_2_0   |        0|   1|   67|   1|    0|
    |mul_16s_13s_26_2_0_U441   |mul_16s_13s_26_2_0   |        0|   1|   67|   1|    0|
    |mul_16s_13s_26_2_0_U453   |mul_16s_13s_26_2_0   |        0|   1|   67|   1|    0|
    |mul_16s_13s_26_2_0_U456   |mul_16s_13s_26_2_0   |        0|   1|   67|   1|    0|
    |mul_16s_14ns_26_2_0_U187  |mul_16s_14ns_26_2_0  |        0|   1|   67|   1|    0|
    |mul_16s_14ns_26_2_0_U191  |mul_16s_14ns_26_2_0  |        0|   1|   67|   1|    0|
    |mul_16s_14ns_26_2_0_U193  |mul_16s_14ns_26_2_0  |        0|   1|   67|   1|    0|
    |mul_16s_14ns_26_2_0_U198  |mul_16s_14ns_26_2_0  |        0|   1|   67|   1|    0|
    |mul_16s_14ns_26_2_0_U208  |mul_16s_14ns_26_2_0  |        0|   1|   67|   1|    0|
    |mul_16s_14ns_26_2_0_U211  |mul_16s_14ns_26_2_0  |        0|   1|   67|   1|    0|
    |mul_16s_14ns_26_2_0_U223  |mul_16s_14ns_26_2_0  |        0|   1|   67|   1|    0|
    |mul_16s_14ns_26_2_0_U224  |mul_16s_14ns_26_2_0  |        0|   1|   67|   1|    0|
    |mul_16s_14ns_26_2_0_U228  |mul_16s_14ns_26_2_0  |        0|   1|   67|   1|    0|
    |mul_16s_14ns_26_2_0_U230  |mul_16s_14ns_26_2_0  |        0|   1|   67|   1|    0|
    |mul_16s_14ns_26_2_0_U231  |mul_16s_14ns_26_2_0  |        0|   1|   67|   1|    0|
    |mul_16s_14ns_26_2_0_U235  |mul_16s_14ns_26_2_0  |        0|   1|   67|   1|    0|
    |mul_16s_14ns_26_2_0_U238  |mul_16s_14ns_26_2_0  |        0|   1|   67|   1|    0|
    |mul_16s_14ns_26_2_0_U241  |mul_16s_14ns_26_2_0  |        0|   1|   67|   1|    0|
    |mul_16s_14ns_26_2_0_U243  |mul_16s_14ns_26_2_0  |        0|   1|   67|   1|    0|
    |mul_16s_14ns_26_2_0_U245  |mul_16s_14ns_26_2_0  |        0|   1|   67|   1|    0|
    |mul_16s_14ns_26_2_0_U252  |mul_16s_14ns_26_2_0  |        0|   1|   67|   1|    0|
    |mul_16s_14ns_26_2_0_U253  |mul_16s_14ns_26_2_0  |        0|   1|   67|   1|    0|
    |mul_16s_14ns_26_2_0_U256  |mul_16s_14ns_26_2_0  |        0|   1|   67|   1|    0|
    |mul_16s_14ns_26_2_0_U257  |mul_16s_14ns_26_2_0  |        0|   1|   67|   1|    0|
    |mul_16s_14ns_26_2_0_U258  |mul_16s_14ns_26_2_0  |        0|   1|   67|   1|    0|
    |mul_16s_14ns_26_2_0_U264  |mul_16s_14ns_26_2_0  |        0|   1|   67|   1|    0|
    |mul_16s_14ns_26_2_0_U269  |mul_16s_14ns_26_2_0  |        0|   1|   67|   1|    0|
    |mul_16s_14ns_26_2_0_U273  |mul_16s_14ns_26_2_0  |        0|   1|   67|   1|    0|
    |mul_16s_14ns_26_2_0_U274  |mul_16s_14ns_26_2_0  |        0|   1|   67|   1|    0|
    |mul_16s_14ns_26_2_0_U283  |mul_16s_14ns_26_2_0  |        0|   1|   67|   1|    0|
    |mul_16s_14ns_26_2_0_U286  |mul_16s_14ns_26_2_0  |        0|   1|   67|   1|    0|
    |mul_16s_14ns_26_2_0_U288  |mul_16s_14ns_26_2_0  |        0|   1|   67|   1|    0|
    |mul_16s_14ns_26_2_0_U292  |mul_16s_14ns_26_2_0  |        0|   1|   67|   1|    0|
    |mul_16s_14ns_26_2_0_U293  |mul_16s_14ns_26_2_0  |        0|   1|   67|   1|    0|
    |mul_16s_14ns_26_2_0_U294  |mul_16s_14ns_26_2_0  |        0|   1|   67|   1|    0|
    |mul_16s_14ns_26_2_0_U295  |mul_16s_14ns_26_2_0  |        0|   1|   67|   1|    0|
    |mul_16s_14ns_26_2_0_U301  |mul_16s_14ns_26_2_0  |        0|   1|   67|   1|    0|
    |mul_16s_14ns_26_2_0_U303  |mul_16s_14ns_26_2_0  |        0|   1|   67|   1|    0|
    |mul_16s_14ns_26_2_0_U310  |mul_16s_14ns_26_2_0  |        0|   1|   67|   1|    0|
    |mul_16s_14ns_26_2_0_U311  |mul_16s_14ns_26_2_0  |        0|   1|   67|   1|    0|
    |mul_16s_14ns_26_2_0_U313  |mul_16s_14ns_26_2_0  |        0|   1|   67|   1|    0|
    |mul_16s_14ns_26_2_0_U314  |mul_16s_14ns_26_2_0  |        0|   1|   67|   1|    0|
    |mul_16s_14ns_26_2_0_U320  |mul_16s_14ns_26_2_0  |        0|   1|   67|   1|    0|
    |mul_16s_14ns_26_2_0_U321  |mul_16s_14ns_26_2_0  |        0|   1|   67|   1|    0|
    |mul_16s_14ns_26_2_0_U323  |mul_16s_14ns_26_2_0  |        0|   1|   67|   1|    0|
    |mul_16s_14ns_26_2_0_U335  |mul_16s_14ns_26_2_0  |        0|   1|   67|   1|    0|
    |mul_16s_14ns_26_2_0_U340  |mul_16s_14ns_26_2_0  |        0|   1|   67|   1|    0|
    |mul_16s_14ns_26_2_0_U341  |mul_16s_14ns_26_2_0  |        0|   1|   67|   1|    0|
    |mul_16s_14ns_26_2_0_U348  |mul_16s_14ns_26_2_0  |        0|   1|   67|   1|    0|
    |mul_16s_14ns_26_2_0_U355  |mul_16s_14ns_26_2_0  |        0|   1|   67|   1|    0|
    |mul_16s_14ns_26_2_0_U356  |mul_16s_14ns_26_2_0  |        0|   1|   67|   1|    0|
    |mul_16s_14ns_26_2_0_U358  |mul_16s_14ns_26_2_0  |        0|   1|   67|   1|    0|
    |mul_16s_14ns_26_2_0_U360  |mul_16s_14ns_26_2_0  |        0|   1|   67|   1|    0|
    |mul_16s_14ns_26_2_0_U361  |mul_16s_14ns_26_2_0  |        0|   1|   67|   1|    0|
    |mul_16s_14ns_26_2_0_U366  |mul_16s_14ns_26_2_0  |        0|   1|   67|   1|    0|
    |mul_16s_14ns_26_2_0_U368  |mul_16s_14ns_26_2_0  |        0|   1|   67|   1|    0|
    |mul_16s_14ns_26_2_0_U373  |mul_16s_14ns_26_2_0  |        0|   1|   67|   1|    0|
    |mul_16s_14ns_26_2_0_U374  |mul_16s_14ns_26_2_0  |        0|   1|   67|   1|    0|
    |mul_16s_14ns_26_2_0_U376  |mul_16s_14ns_26_2_0  |        0|   1|   67|   1|    0|
    |mul_16s_14ns_26_2_0_U389  |mul_16s_14ns_26_2_0  |        0|   1|   67|   1|    0|
    |mul_16s_14ns_26_2_0_U392  |mul_16s_14ns_26_2_0  |        0|   1|   67|   1|    0|
    |mul_16s_14ns_26_2_0_U399  |mul_16s_14ns_26_2_0  |        0|   1|   67|   1|    0|
    |mul_16s_14ns_26_2_0_U404  |mul_16s_14ns_26_2_0  |        0|   1|   67|   1|    0|
    |mul_16s_14ns_26_2_0_U408  |mul_16s_14ns_26_2_0  |        0|   1|   67|   1|    0|
    |mul_16s_14ns_26_2_0_U409  |mul_16s_14ns_26_2_0  |        0|   1|   67|   1|    0|
    |mul_16s_14ns_26_2_0_U410  |mul_16s_14ns_26_2_0  |        0|   1|   67|   1|    0|
    |mul_16s_14ns_26_2_0_U420  |mul_16s_14ns_26_2_0  |        0|   1|   67|   1|    0|
    |mul_16s_14ns_26_2_0_U426  |mul_16s_14ns_26_2_0  |        0|   1|   67|   1|    0|
    |mul_16s_14ns_26_2_0_U431  |mul_16s_14ns_26_2_0  |        0|   1|   67|   1|    0|
    |mul_16s_14ns_26_2_0_U433  |mul_16s_14ns_26_2_0  |        0|   1|   67|   1|    0|
    |mul_16s_14ns_26_2_0_U434  |mul_16s_14ns_26_2_0  |        0|   1|   67|   1|    0|
    |mul_16s_14ns_26_2_0_U435  |mul_16s_14ns_26_2_0  |        0|   1|   67|   1|    0|
    |mul_16s_14ns_26_2_0_U436  |mul_16s_14ns_26_2_0  |        0|   1|   67|   1|    0|
    |mul_16s_14ns_26_2_0_U437  |mul_16s_14ns_26_2_0  |        0|   1|   67|   1|    0|
    |mul_16s_14ns_26_2_0_U440  |mul_16s_14ns_26_2_0  |        0|   1|   67|   1|    0|
    |mul_16s_14ns_26_2_0_U443  |mul_16s_14ns_26_2_0  |        0|   1|   67|   1|    0|
    |mul_16s_14ns_26_2_0_U444  |mul_16s_14ns_26_2_0  |        0|   1|   67|   1|    0|
    |mul_16s_14ns_26_2_0_U445  |mul_16s_14ns_26_2_0  |        0|   1|   67|   1|    0|
    |mul_16s_14ns_26_2_0_U452  |mul_16s_14ns_26_2_0  |        0|   1|   67|   1|    0|
    |mul_16s_14ns_26_2_0_U454  |mul_16s_14ns_26_2_0  |        0|   1|   67|   1|    0|
    |mul_16s_14ns_26_2_0_U459  |mul_16s_14ns_26_2_0  |        0|   1|   67|   1|    0|
    |mul_16s_14ns_26_2_0_U461  |mul_16s_14ns_26_2_0  |        0|   1|   67|   1|    0|
    |mul_16s_14ns_26_2_0_U463  |mul_16s_14ns_26_2_0  |        0|   1|   67|   1|    0|
    |mul_16s_14ns_26_2_0_U465  |mul_16s_14ns_26_2_0  |        0|   1|   67|   1|    0|
    |mul_16s_15ns_26_2_0_U184  |mul_16s_15ns_26_2_0  |        0|   1|   67|   1|    0|
    |mul_16s_15ns_26_2_0_U188  |mul_16s_15ns_26_2_0  |        0|   1|   67|   1|    0|
    |mul_16s_15ns_26_2_0_U189  |mul_16s_15ns_26_2_0  |        0|   1|   67|   1|    0|
    |mul_16s_15ns_26_2_0_U190  |mul_16s_15ns_26_2_0  |        0|   1|   67|   1|    0|
    |mul_16s_15ns_26_2_0_U192  |mul_16s_15ns_26_2_0  |        0|   1|   67|   1|    0|
    |mul_16s_15ns_26_2_0_U194  |mul_16s_15ns_26_2_0  |        0|   1|   67|   1|    0|
    |mul_16s_15ns_26_2_0_U204  |mul_16s_15ns_26_2_0  |        0|   1|   67|   1|    0|
    |mul_16s_15ns_26_2_0_U205  |mul_16s_15ns_26_2_0  |        0|   1|   67|   1|    0|
    |mul_16s_15ns_26_2_0_U206  |mul_16s_15ns_26_2_0  |        0|   1|   67|   1|    0|
    |mul_16s_15ns_26_2_0_U210  |mul_16s_15ns_26_2_0  |        0|   1|   67|   1|    0|
    |mul_16s_15ns_26_2_0_U218  |mul_16s_15ns_26_2_0  |        0|   1|   67|   1|    0|
    |mul_16s_15ns_26_2_0_U220  |mul_16s_15ns_26_2_0  |        0|   1|   67|   1|    0|
    |mul_16s_15ns_26_2_0_U226  |mul_16s_15ns_26_2_0  |        0|   1|   67|   1|    0|
    |mul_16s_15ns_26_2_0_U232  |mul_16s_15ns_26_2_0  |        0|   1|   67|   1|    0|
    |mul_16s_15ns_26_2_0_U233  |mul_16s_15ns_26_2_0  |        0|   1|   67|   1|    0|
    |mul_16s_15ns_26_2_0_U234  |mul_16s_15ns_26_2_0  |        0|   1|   67|   1|    0|
    |mul_16s_15ns_26_2_0_U237  |mul_16s_15ns_26_2_0  |        0|   1|   67|   1|    0|
    |mul_16s_15ns_26_2_0_U242  |mul_16s_15ns_26_2_0  |        0|   1|   67|   1|    0|
    |mul_16s_15ns_26_2_0_U244  |mul_16s_15ns_26_2_0  |        0|   1|   67|   1|    0|
    |mul_16s_15ns_26_2_0_U248  |mul_16s_15ns_26_2_0  |        0|   1|   67|   1|    0|
    |mul_16s_15ns_26_2_0_U251  |mul_16s_15ns_26_2_0  |        0|   1|   67|   1|    0|
    |mul_16s_15ns_26_2_0_U255  |mul_16s_15ns_26_2_0  |        0|   1|   67|   1|    0|
    |mul_16s_15ns_26_2_0_U260  |mul_16s_15ns_26_2_0  |        0|   1|   67|   1|    0|
    |mul_16s_15ns_26_2_0_U267  |mul_16s_15ns_26_2_0  |        0|   1|   67|   1|    0|
    |mul_16s_15ns_26_2_0_U268  |mul_16s_15ns_26_2_0  |        0|   1|   67|   1|    0|
    |mul_16s_15ns_26_2_0_U270  |mul_16s_15ns_26_2_0  |        0|   1|   67|   1|    0|
    |mul_16s_15ns_26_2_0_U271  |mul_16s_15ns_26_2_0  |        0|   1|   67|   1|    0|
    |mul_16s_15ns_26_2_0_U275  |mul_16s_15ns_26_2_0  |        0|   1|   67|   1|    0|
    |mul_16s_15ns_26_2_0_U276  |mul_16s_15ns_26_2_0  |        0|   1|   67|   1|    0|
    |mul_16s_15ns_26_2_0_U280  |mul_16s_15ns_26_2_0  |        0|   1|   67|   1|    0|
    |mul_16s_15ns_26_2_0_U282  |mul_16s_15ns_26_2_0  |        0|   1|   67|   1|    0|
    |mul_16s_15ns_26_2_0_U284  |mul_16s_15ns_26_2_0  |        0|   1|   67|   1|    0|
    |mul_16s_15ns_26_2_0_U285  |mul_16s_15ns_26_2_0  |        0|   1|   67|   1|    0|
    |mul_16s_15ns_26_2_0_U287  |mul_16s_15ns_26_2_0  |        0|   1|   67|   1|    0|
    |mul_16s_15ns_26_2_0_U298  |mul_16s_15ns_26_2_0  |        0|   1|   67|   1|    0|
    |mul_16s_15ns_26_2_0_U299  |mul_16s_15ns_26_2_0  |        0|   1|   67|   1|    0|
    |mul_16s_15ns_26_2_0_U305  |mul_16s_15ns_26_2_0  |        0|   1|   67|   1|    0|
    |mul_16s_15ns_26_2_0_U306  |mul_16s_15ns_26_2_0  |        0|   1|   67|   1|    0|
    |mul_16s_15ns_26_2_0_U307  |mul_16s_15ns_26_2_0  |        0|   1|   67|   1|    0|
    |mul_16s_15ns_26_2_0_U308  |mul_16s_15ns_26_2_0  |        0|   1|   67|   1|    0|
    |mul_16s_15ns_26_2_0_U309  |mul_16s_15ns_26_2_0  |        0|   1|   67|   1|    0|
    |mul_16s_15ns_26_2_0_U317  |mul_16s_15ns_26_2_0  |        0|   1|   67|   1|    0|
    |mul_16s_15ns_26_2_0_U322  |mul_16s_15ns_26_2_0  |        0|   1|   67|   1|    0|
    |mul_16s_15ns_26_2_0_U324  |mul_16s_15ns_26_2_0  |        0|   1|   67|   1|    0|
    |mul_16s_15ns_26_2_0_U328  |mul_16s_15ns_26_2_0  |        0|   1|   67|   1|    0|
    |mul_16s_15ns_26_2_0_U329  |mul_16s_15ns_26_2_0  |        0|   1|   67|   1|    0|
    |mul_16s_15ns_26_2_0_U333  |mul_16s_15ns_26_2_0  |        0|   1|   67|   1|    0|
    |mul_16s_15ns_26_2_0_U334  |mul_16s_15ns_26_2_0  |        0|   1|   67|   1|    0|
    |mul_16s_15ns_26_2_0_U338  |mul_16s_15ns_26_2_0  |        0|   1|   67|   1|    0|
    |mul_16s_15ns_26_2_0_U339  |mul_16s_15ns_26_2_0  |        0|   1|   67|   1|    0|
    |mul_16s_15ns_26_2_0_U343  |mul_16s_15ns_26_2_0  |        0|   1|   67|   1|    0|
    |mul_16s_15ns_26_2_0_U347  |mul_16s_15ns_26_2_0  |        0|   1|   67|   1|    0|
    |mul_16s_15ns_26_2_0_U350  |mul_16s_15ns_26_2_0  |        0|   1|   67|   1|    0|
    |mul_16s_15ns_26_2_0_U352  |mul_16s_15ns_26_2_0  |        0|   1|   67|   1|    0|
    |mul_16s_15ns_26_2_0_U353  |mul_16s_15ns_26_2_0  |        0|   1|   67|   1|    0|
    |mul_16s_15ns_26_2_0_U357  |mul_16s_15ns_26_2_0  |        0|   1|   67|   1|    0|
    |mul_16s_15ns_26_2_0_U359  |mul_16s_15ns_26_2_0  |        0|   1|   67|   1|    0|
    |mul_16s_15ns_26_2_0_U362  |mul_16s_15ns_26_2_0  |        0|   1|   67|   1|    0|
    |mul_16s_15ns_26_2_0_U363  |mul_16s_15ns_26_2_0  |        0|   1|   67|   1|    0|
    |mul_16s_15ns_26_2_0_U365  |mul_16s_15ns_26_2_0  |        0|   1|   67|   1|    0|
    |mul_16s_15ns_26_2_0_U369  |mul_16s_15ns_26_2_0  |        0|   1|   67|   1|    0|
    |mul_16s_15ns_26_2_0_U371  |mul_16s_15ns_26_2_0  |        0|   1|   67|   1|    0|
    |mul_16s_15ns_26_2_0_U375  |mul_16s_15ns_26_2_0  |        0|   1|   67|   1|    0|
    |mul_16s_15ns_26_2_0_U377  |mul_16s_15ns_26_2_0  |        0|   1|   67|   1|    0|
    |mul_16s_15ns_26_2_0_U382  |mul_16s_15ns_26_2_0  |        0|   1|   67|   1|    0|
    |mul_16s_15ns_26_2_0_U383  |mul_16s_15ns_26_2_0  |        0|   1|   67|   1|    0|
    |mul_16s_15ns_26_2_0_U385  |mul_16s_15ns_26_2_0  |        0|   1|   67|   1|    0|
    |mul_16s_15ns_26_2_0_U387  |mul_16s_15ns_26_2_0  |        0|   1|   67|   1|    0|
    |mul_16s_15ns_26_2_0_U391  |mul_16s_15ns_26_2_0  |        0|   1|   67|   1|    0|
    |mul_16s_15ns_26_2_0_U393  |mul_16s_15ns_26_2_0  |        0|   1|   67|   1|    0|
    |mul_16s_15ns_26_2_0_U397  |mul_16s_15ns_26_2_0  |        0|   1|   67|   1|    0|
    |mul_16s_15ns_26_2_0_U398  |mul_16s_15ns_26_2_0  |        0|   1|   67|   1|    0|
    |mul_16s_15ns_26_2_0_U401  |mul_16s_15ns_26_2_0  |        0|   1|   67|   1|    0|
    |mul_16s_15ns_26_2_0_U406  |mul_16s_15ns_26_2_0  |        0|   1|   67|   1|    0|
    |mul_16s_15ns_26_2_0_U407  |mul_16s_15ns_26_2_0  |        0|   1|   67|   1|    0|
    |mul_16s_15ns_26_2_0_U411  |mul_16s_15ns_26_2_0  |        0|   1|   67|   1|    0|
    |mul_16s_15ns_26_2_0_U412  |mul_16s_15ns_26_2_0  |        0|   1|   67|   1|    0|
    |mul_16s_15ns_26_2_0_U414  |mul_16s_15ns_26_2_0  |        0|   1|   67|   1|    0|
    |mul_16s_15ns_26_2_0_U418  |mul_16s_15ns_26_2_0  |        0|   1|   67|   1|    0|
    |mul_16s_15ns_26_2_0_U419  |mul_16s_15ns_26_2_0  |        0|   1|   67|   1|    0|
    |mul_16s_15ns_26_2_0_U422  |mul_16s_15ns_26_2_0  |        0|   1|   67|   1|    0|
    |mul_16s_15ns_26_2_0_U423  |mul_16s_15ns_26_2_0  |        0|   1|   67|   1|    0|
    |mul_16s_15ns_26_2_0_U424  |mul_16s_15ns_26_2_0  |        0|   1|   67|   1|    0|
    |mul_16s_15ns_26_2_0_U425  |mul_16s_15ns_26_2_0  |        0|   1|   67|   1|    0|
    |mul_16s_15ns_26_2_0_U442  |mul_16s_15ns_26_2_0  |        0|   1|   67|   1|    0|
    |mul_16s_15ns_26_2_0_U446  |mul_16s_15ns_26_2_0  |        0|   1|   67|   1|    0|
    |mul_16s_15ns_26_2_0_U448  |mul_16s_15ns_26_2_0  |        0|   1|   67|   1|    0|
    |mul_16s_15ns_26_2_0_U449  |mul_16s_15ns_26_2_0  |        0|   1|   67|   1|    0|
    |mul_16s_15ns_26_2_0_U450  |mul_16s_15ns_26_2_0  |        0|   1|   67|   1|    0|
    |mul_16s_15ns_26_2_0_U451  |mul_16s_15ns_26_2_0  |        0|   1|   67|   1|    0|
    |mul_16s_15ns_26_2_0_U455  |mul_16s_15ns_26_2_0  |        0|   1|   67|   1|    0|
    |mul_16s_15ns_26_2_0_U457  |mul_16s_15ns_26_2_0  |        0|   1|   67|   1|    0|
    |mul_16s_15ns_26_2_0_U460  |mul_16s_15ns_26_2_0  |        0|   1|   67|   1|    0|
    |mul_16s_15ns_26_2_0_U464  |mul_16s_15ns_26_2_0  |        0|   1|   67|   1|    0|
    |mul_16s_15ns_26_2_0_U466  |mul_16s_15ns_26_2_0  |        0|   1|   67|   1|    0|
    |mul_16s_15ns_26_2_0_U468  |mul_16s_15ns_26_2_0  |        0|   1|   67|   1|    0|
    |mul_16s_9ns_24_2_0_U236   |mul_16s_9ns_24_2_0   |        0|   1|   67|   1|    0|
    |mul_16s_9ns_24_2_0_U249   |mul_16s_9ns_24_2_0   |        0|   1|   67|   1|    0|
    |mul_16s_9ns_24_2_0_U262   |mul_16s_9ns_24_2_0   |        0|   1|   67|   1|    0|
    |mul_16s_9ns_24_2_0_U291   |mul_16s_9ns_24_2_0   |        0|   1|   67|   1|    0|
    |mul_16s_9ns_24_2_0_U316   |mul_16s_9ns_24_2_0   |        0|   1|   67|   1|    0|
    |mul_16s_9ns_24_2_0_U318   |mul_16s_9ns_24_2_0   |        0|   1|   67|   1|    0|
    |mul_16s_9ns_24_2_0_U319   |mul_16s_9ns_24_2_0   |        0|   1|   67|   1|    0|
    |mul_16s_9ns_24_2_0_U345   |mul_16s_9ns_24_2_0   |        0|   1|   67|   1|    0|
    |mul_16s_9ns_24_2_0_U346   |mul_16s_9ns_24_2_0   |        0|   1|   67|   1|    0|
    |mul_16s_9ns_24_2_0_U354   |mul_16s_9ns_24_2_0   |        0|   1|   67|   1|    0|
    |mul_16s_9ns_24_2_0_U364   |mul_16s_9ns_24_2_0   |        0|   1|   67|   1|    0|
    |mul_16s_9ns_24_2_0_U370   |mul_16s_9ns_24_2_0   |        0|   1|   67|   1|    0|
    |mul_16s_9ns_24_2_0_U380   |mul_16s_9ns_24_2_0   |        0|   1|   67|   1|    0|
    |mul_16s_9ns_24_2_0_U381   |mul_16s_9ns_24_2_0   |        0|   1|   67|   1|    0|
    |mul_16s_9ns_24_2_0_U413   |mul_16s_9ns_24_2_0   |        0|   1|   67|   1|    0|
    |mul_16s_9ns_24_2_0_U458   |mul_16s_9ns_24_2_0   |        0|   1|   67|   1|    0|
    +--------------------------+---------------------+---------+----+-----+----+-----+
    |Total                     |                     |        0| 288|19296| 288|    0|
    +--------------------------+---------------------+---------+----+-----+----+-----+

    * DSP: 
    N/A

    * Memory: 
    N/A

    * FIFO: 
    N/A

    * Expression: 
    +---------------------------+----------+----+---+-----+------------+------------+
    |       Variable Name       | Operation| DSP| FF| LUT | Bitwidth P0| Bitwidth P1|
    +---------------------------+----------+----+---+-----+------------+------------+
    |add_ln59_100_fu_396032_p2  |         +|   0|  0|   33|          26|          19|
    |add_ln59_101_fu_396047_p2  |         +|   0|  0|   33|          26|          12|
    |add_ln59_102_fu_396062_p2  |         +|   0|  0|   33|          26|          21|
    |add_ln59_103_fu_396077_p2  |         +|   0|  0|   33|          26|          19|
    |add_ln59_104_fu_396092_p2  |         +|   0|  0|   33|          26|          17|
    |add_ln59_105_fu_396107_p2  |         +|   0|  0|   33|          26|          13|
    |add_ln59_106_fu_396122_p2  |         +|   0|  0|   33|          26|          15|
    |add_ln59_107_fu_396137_p2  |         +|   0|  0|   33|          26|          20|
    |add_ln59_108_fu_392884_p2  |         +|   0|  0|   26|          26|          19|
    |add_ln59_109_fu_392918_p2  |         +|   0|  0|   18|          18|          16|
    |add_ln59_110_fu_396155_p2  |         +|   0|  0|   33|          26|          20|
    |add_ln59_111_fu_396170_p2  |         +|   0|  0|   33|          26|          23|
    |add_ln59_112_fu_396185_p2  |         +|   0|  0|   33|          26|          17|
    |add_ln59_113_fu_396200_p2  |         +|   0|  0|   33|          26|          15|
    |add_ln59_114_fu_396215_p2  |         +|   0|  0|   31|          24|          21|
    |add_ln59_115_fu_396234_p2  |         +|   0|  0|   33|          26|          20|
    |add_ln59_116_fu_396249_p2  |         +|   0|  0|   33|          26|          17|
    |add_ln59_117_fu_396264_p2  |         +|   0|  0|   33|          26|          14|
    |add_ln59_118_fu_396279_p2  |         +|   0|  0|   32|          25|          22|
    |add_ln59_119_fu_396298_p2  |         +|   0|  0|   33|          26|          19|
    |add_ln59_120_fu_396313_p2  |         +|   0|  0|   33|          26|          19|
    |add_ln59_121_fu_396328_p2  |         +|   0|  0|   33|          26|          12|
    |add_ln59_122_fu_396343_p2  |         +|   0|  0|   33|          26|          21|
    |add_ln59_123_fu_396358_p2  |         +|   0|  0|   33|          26|          19|
    |add_ln59_124_fu_396373_p2  |         +|   0|  0|   33|          26|          17|
    |add_ln59_125_fu_396388_p2  |         +|   0|  0|   33|          26|          13|
    |add_ln59_126_fu_396403_p2  |         +|   0|  0|   33|          26|          15|
    |add_ln59_127_fu_396418_p2  |         +|   0|  0|   33|          26|          20|
    |add_ln59_128_fu_393054_p2  |         +|   0|  0|   26|          26|          19|
    |add_ln59_129_fu_393088_p2  |         +|   0|  0|   18|          18|          16|
    |add_ln59_130_fu_396436_p2  |         +|   0|  0|   33|          26|          20|
    |add_ln59_131_fu_396451_p2  |         +|   0|  0|   33|          26|          23|
    |add_ln59_132_fu_396466_p2  |         +|   0|  0|   33|          26|          17|
    |add_ln59_133_fu_396481_p2  |         +|   0|  0|   33|          26|          15|
    |add_ln59_134_fu_396496_p2  |         +|   0|  0|   31|          24|          21|
    |add_ln59_135_fu_396515_p2  |         +|   0|  0|   33|          26|          20|
    |add_ln59_136_fu_396530_p2  |         +|   0|  0|   33|          26|          17|
    |add_ln59_137_fu_396545_p2  |         +|   0|  0|   33|          26|          14|
    |add_ln59_138_fu_396560_p2  |         +|   0|  0|   32|          25|          22|
    |add_ln59_139_fu_396579_p2  |         +|   0|  0|   33|          26|          19|
    |add_ln59_140_fu_396594_p2  |         +|   0|  0|   33|          26|          19|
    |add_ln59_141_fu_396609_p2  |         +|   0|  0|   33|          26|          12|
    |add_ln59_142_fu_396624_p2  |         +|   0|  0|   33|          26|          21|
    |add_ln59_143_fu_396639_p2  |         +|   0|  0|   33|          26|          19|
    |add_ln59_144_fu_396654_p2  |         +|   0|  0|   33|          26|          17|
    |add_ln59_145_fu_396669_p2  |         +|   0|  0|   33|          26|          13|
    |add_ln59_146_fu_396684_p2  |         +|   0|  0|   33|          26|          15|
    |add_ln59_147_fu_396699_p2  |         +|   0|  0|   33|          26|          20|
    |add_ln59_148_fu_393224_p2  |         +|   0|  0|   26|          26|          19|
    |add_ln59_149_fu_393258_p2  |         +|   0|  0|   18|          18|          16|
    |add_ln59_150_fu_396717_p2  |         +|   0|  0|   33|          26|          20|
    |add_ln59_151_fu_396732_p2  |         +|   0|  0|   33|          26|          23|
    |add_ln59_152_fu_396747_p2  |         +|   0|  0|   33|          26|          17|
    |add_ln59_153_fu_396762_p2  |         +|   0|  0|   33|          26|          15|
    |add_ln59_154_fu_396777_p2  |         +|   0|  0|   31|          24|          21|
    |add_ln59_155_fu_396796_p2  |         +|   0|  0|   33|          26|          20|
    |add_ln59_156_fu_396811_p2  |         +|   0|  0|   33|          26|          17|
    |add_ln59_157_fu_396826_p2  |         +|   0|  0|   33|          26|          14|
    |add_ln59_158_fu_396841_p2  |         +|   0|  0|   32|          25|          22|
    |add_ln59_159_fu_396860_p2  |         +|   0|  0|   33|          26|          19|
    |add_ln59_160_fu_396875_p2  |         +|   0|  0|   33|          26|          19|
    |add_ln59_161_fu_396890_p2  |         +|   0|  0|   33|          26|          12|
    |add_ln59_162_fu_396905_p2  |         +|   0|  0|   33|          26|          21|
    |add_ln59_163_fu_396920_p2  |         +|   0|  0|   33|          26|          19|
    |add_ln59_164_fu_396935_p2  |         +|   0|  0|   33|          26|          17|
    |add_ln59_165_fu_396950_p2  |         +|   0|  0|   33|          26|          13|
    |add_ln59_166_fu_396965_p2  |         +|   0|  0|   33|          26|          15|
    |add_ln59_167_fu_396980_p2  |         +|   0|  0|   33|          26|          20|
    |add_ln59_168_fu_393394_p2  |         +|   0|  0|   26|          26|          19|
    |add_ln59_169_fu_393428_p2  |         +|   0|  0|   18|          18|          16|
    |add_ln59_16_fu_394844_p2   |         +|   0|  0|   33|          26|          17|
    |add_ln59_170_fu_396998_p2  |         +|   0|  0|   33|          26|          20|
    |add_ln59_171_fu_397013_p2  |         +|   0|  0|   33|          26|          23|
    |add_ln59_172_fu_397028_p2  |         +|   0|  0|   33|          26|          17|
    |add_ln59_173_fu_397043_p2  |         +|   0|  0|   33|          26|          15|
    |add_ln59_174_fu_397058_p2  |         +|   0|  0|   31|          24|          21|
    |add_ln59_175_fu_397077_p2  |         +|   0|  0|   33|          26|          20|
    |add_ln59_176_fu_397092_p2  |         +|   0|  0|   33|          26|          17|
    |add_ln59_177_fu_397107_p2  |         +|   0|  0|   33|          26|          14|
    |add_ln59_178_fu_397122_p2  |         +|   0|  0|   32|          25|          22|
    |add_ln59_179_fu_397141_p2  |         +|   0|  0|   33|          26|          19|
    |add_ln59_17_fu_394859_p2   |         +|   0|  0|   33|          26|          14|
    |add_ln59_180_fu_397156_p2  |         +|   0|  0|   33|          26|          19|
    |add_ln59_181_fu_397171_p2  |         +|   0|  0|   33|          26|          12|
    |add_ln59_182_fu_397186_p2  |         +|   0|  0|   33|          26|          21|
    |add_ln59_183_fu_397201_p2  |         +|   0|  0|   33|          26|          19|
    |add_ln59_184_fu_397216_p2  |         +|   0|  0|   33|          26|          17|
    |add_ln59_185_fu_397231_p2  |         +|   0|  0|   33|          26|          13|
    |add_ln59_186_fu_397246_p2  |         +|   0|  0|   33|          26|          15|
    |add_ln59_187_fu_397261_p2  |         +|   0|  0|   33|          26|          20|
    |add_ln59_188_fu_393564_p2  |         +|   0|  0|   26|          26|          19|
    |add_ln59_189_fu_393598_p2  |         +|   0|  0|   18|          18|          16|
    |add_ln59_18_fu_394874_p2   |         +|   0|  0|   32|          25|          22|
    |add_ln59_190_fu_397279_p2  |         +|   0|  0|   33|          26|          20|
    |add_ln59_191_fu_397294_p2  |         +|   0|  0|   33|          26|          23|
    |add_ln59_192_fu_397309_p2  |         +|   0|  0|   33|          26|          17|
    |add_ln59_193_fu_397324_p2  |         +|   0|  0|   33|          26|          15|
    |add_ln59_194_fu_397339_p2  |         +|   0|  0|   31|          24|          21|
    |add_ln59_195_fu_397358_p2  |         +|   0|  0|   33|          26|          20|
    |add_ln59_196_fu_397373_p2  |         +|   0|  0|   33|          26|          17|
    |add_ln59_197_fu_397388_p2  |         +|   0|  0|   33|          26|          14|
    |add_ln59_198_fu_397403_p2  |         +|   0|  0|   32|          25|          22|
    |add_ln59_199_fu_397422_p2  |         +|   0|  0|   33|          26|          19|
    |add_ln59_19_fu_394893_p2   |         +|   0|  0|   33|          26|          19|
    |add_ln59_200_fu_397437_p2  |         +|   0|  0|   33|          26|          19|
    |add_ln59_201_fu_397452_p2  |         +|   0|  0|   33|          26|          12|
    |add_ln59_202_fu_397467_p2  |         +|   0|  0|   33|          26|          21|
    |add_ln59_203_fu_397482_p2  |         +|   0|  0|   33|          26|          19|
    |add_ln59_204_fu_397497_p2  |         +|   0|  0|   33|          26|          17|
    |add_ln59_205_fu_397512_p2  |         +|   0|  0|   33|          26|          13|
    |add_ln59_206_fu_397527_p2  |         +|   0|  0|   33|          26|          15|
    |add_ln59_207_fu_397542_p2  |         +|   0|  0|   33|          26|          20|
    |add_ln59_208_fu_393734_p2  |         +|   0|  0|   26|          26|          19|
    |add_ln59_209_fu_393768_p2  |         +|   0|  0|   18|          18|          16|
    |add_ln59_20_fu_394908_p2   |         +|   0|  0|   33|          26|          19|
    |add_ln59_210_fu_397560_p2  |         +|   0|  0|   33|          26|          20|
    |add_ln59_211_fu_397575_p2  |         +|   0|  0|   33|          26|          23|
    |add_ln59_212_fu_397590_p2  |         +|   0|  0|   33|          26|          17|
    |add_ln59_213_fu_397605_p2  |         +|   0|  0|   33|          26|          15|
    |add_ln59_214_fu_397620_p2  |         +|   0|  0|   31|          24|          21|
    |add_ln59_215_fu_397639_p2  |         +|   0|  0|   33|          26|          20|
    |add_ln59_216_fu_397654_p2  |         +|   0|  0|   33|          26|          17|
    |add_ln59_217_fu_397669_p2  |         +|   0|  0|   33|          26|          14|
    |add_ln59_218_fu_397684_p2  |         +|   0|  0|   32|          25|          22|
    |add_ln59_219_fu_397703_p2  |         +|   0|  0|   33|          26|          19|
    |add_ln59_21_fu_394923_p2   |         +|   0|  0|   33|          26|          12|
    |add_ln59_220_fu_397718_p2  |         +|   0|  0|   33|          26|          19|
    |add_ln59_221_fu_397733_p2  |         +|   0|  0|   33|          26|          12|
    |add_ln59_222_fu_397748_p2  |         +|   0|  0|   33|          26|          21|
    |add_ln59_223_fu_397763_p2  |         +|   0|  0|   33|          26|          19|
    |add_ln59_224_fu_397778_p2  |         +|   0|  0|   33|          26|          17|
    |add_ln59_225_fu_397793_p2  |         +|   0|  0|   33|          26|          13|
    |add_ln59_226_fu_397808_p2  |         +|   0|  0|   33|          26|          15|
    |add_ln59_227_fu_397823_p2  |         +|   0|  0|   33|          26|          20|
    |add_ln59_228_fu_393904_p2  |         +|   0|  0|   26|          26|          19|
    |add_ln59_229_fu_393938_p2  |         +|   0|  0|   18|          18|          16|
    |add_ln59_22_fu_394938_p2   |         +|   0|  0|   33|          26|          21|
    |add_ln59_230_fu_397841_p2  |         +|   0|  0|   33|          26|          20|
    |add_ln59_231_fu_397856_p2  |         +|   0|  0|   33|          26|          23|
    |add_ln59_232_fu_397871_p2  |         +|   0|  0|   33|          26|          17|
    |add_ln59_233_fu_397886_p2  |         +|   0|  0|   33|          26|          15|
    |add_ln59_234_fu_397901_p2  |         +|   0|  0|   31|          24|          21|
    |add_ln59_235_fu_397920_p2  |         +|   0|  0|   33|          26|          20|
    |add_ln59_236_fu_397935_p2  |         +|   0|  0|   33|          26|          17|
    |add_ln59_237_fu_397950_p2  |         +|   0|  0|   33|          26|          14|
    |add_ln59_238_fu_397965_p2  |         +|   0|  0|   32|          25|          22|
    |add_ln59_239_fu_397984_p2  |         +|   0|  0|   33|          26|          19|
    |add_ln59_23_fu_394953_p2   |         +|   0|  0|   33|          26|          19|
    |add_ln59_240_fu_397999_p2  |         +|   0|  0|   33|          26|          19|
    |add_ln59_241_fu_398014_p2  |         +|   0|  0|   33|          26|          12|
    |add_ln59_242_fu_398029_p2  |         +|   0|  0|   33|          26|          21|
    |add_ln59_243_fu_398044_p2  |         +|   0|  0|   33|          26|          19|
    |add_ln59_244_fu_398059_p2  |         +|   0|  0|   33|          26|          17|
    |add_ln59_245_fu_398074_p2  |         +|   0|  0|   33|          26|          13|
    |add_ln59_246_fu_398089_p2  |         +|   0|  0|   33|          26|          15|
    |add_ln59_247_fu_398104_p2  |         +|   0|  0|   33|          26|          20|
    |add_ln59_248_fu_394074_p2  |         +|   0|  0|   26|          26|          19|
    |add_ln59_249_fu_394108_p2  |         +|   0|  0|   18|          18|          16|
    |add_ln59_24_fu_394968_p2   |         +|   0|  0|   33|          26|          17|
    |add_ln59_250_fu_398122_p2  |         +|   0|  0|   33|          26|          20|
    |add_ln59_251_fu_398137_p2  |         +|   0|  0|   33|          26|          23|
    |add_ln59_252_fu_398152_p2  |         +|   0|  0|   33|          26|          17|
    |add_ln59_253_fu_398167_p2  |         +|   0|  0|   33|          26|          15|
    |add_ln59_254_fu_398182_p2  |         +|   0|  0|   31|          24|          21|
    |add_ln59_255_fu_398201_p2  |         +|   0|  0|   33|          26|          20|
    |add_ln59_256_fu_398216_p2  |         +|   0|  0|   33|          26|          17|
    |add_ln59_257_fu_398231_p2  |         +|   0|  0|   33|          26|          14|
    |add_ln59_258_fu_398246_p2  |         +|   0|  0|   32|          25|          22|
    |add_ln59_259_fu_398265_p2  |         +|   0|  0|   33|          26|          19|
    |add_ln59_25_fu_394983_p2   |         +|   0|  0|   33|          26|          13|
    |add_ln59_260_fu_398280_p2  |         +|   0|  0|   33|          26|          19|
    |add_ln59_261_fu_398295_p2  |         +|   0|  0|   33|          26|          12|
    |add_ln59_262_fu_398310_p2  |         +|   0|  0|   33|          26|          21|
    |add_ln59_263_fu_398325_p2  |         +|   0|  0|   33|          26|          19|
    |add_ln59_264_fu_398340_p2  |         +|   0|  0|   33|          26|          17|
    |add_ln59_265_fu_398355_p2  |         +|   0|  0|   33|          26|          13|
    |add_ln59_266_fu_398370_p2  |         +|   0|  0|   33|          26|          15|
    |add_ln59_267_fu_398385_p2  |         +|   0|  0|   33|          26|          20|
    |add_ln59_268_fu_394244_p2  |         +|   0|  0|   26|          26|          19|
    |add_ln59_269_fu_394278_p2  |         +|   0|  0|   18|          18|          16|
    |add_ln59_26_fu_394998_p2   |         +|   0|  0|   33|          26|          15|
    |add_ln59_270_fu_398403_p2  |         +|   0|  0|   33|          26|          20|
    |add_ln59_271_fu_398418_p2  |         +|   0|  0|   33|          26|          23|
    |add_ln59_272_fu_398433_p2  |         +|   0|  0|   33|          26|          17|
    |add_ln59_273_fu_398448_p2  |         +|   0|  0|   33|          26|          15|
    |add_ln59_274_fu_398463_p2  |         +|   0|  0|   31|          24|          21|
    |add_ln59_275_fu_398482_p2  |         +|   0|  0|   33|          26|          20|
    |add_ln59_276_fu_398497_p2  |         +|   0|  0|   33|          26|          17|
    |add_ln59_277_fu_398512_p2  |         +|   0|  0|   33|          26|          14|
    |add_ln59_278_fu_398527_p2  |         +|   0|  0|   32|          25|          22|
    |add_ln59_279_fu_398546_p2  |         +|   0|  0|   33|          26|          19|
    |add_ln59_27_fu_395013_p2   |         +|   0|  0|   33|          26|          20|
    |add_ln59_280_fu_398561_p2  |         +|   0|  0|   33|          26|          19|
    |add_ln59_281_fu_398576_p2  |         +|   0|  0|   33|          26|          12|
    |add_ln59_282_fu_398591_p2  |         +|   0|  0|   33|          26|          21|
    |add_ln59_283_fu_398606_p2  |         +|   0|  0|   33|          26|          19|
    |add_ln59_284_fu_398621_p2  |         +|   0|  0|   33|          26|          17|
    |add_ln59_285_fu_398636_p2  |         +|   0|  0|   33|          26|          13|
    |add_ln59_286_fu_398651_p2  |         +|   0|  0|   33|          26|          15|
    |add_ln59_287_fu_398666_p2  |         +|   0|  0|   33|          26|          20|
    |add_ln59_288_fu_394414_p2  |         +|   0|  0|   26|          26|          19|
    |add_ln59_289_fu_394448_p2  |         +|   0|  0|   18|          18|          16|
    |add_ln59_28_fu_392204_p2   |         +|   0|  0|   26|          26|          19|
    |add_ln59_290_fu_398684_p2  |         +|   0|  0|   33|          26|          20|
    |add_ln59_291_fu_398699_p2  |         +|   0|  0|   33|          26|          23|
    |add_ln59_292_fu_398714_p2  |         +|   0|  0|   33|          26|          17|
    |add_ln59_293_fu_398729_p2  |         +|   0|  0|   33|          26|          15|
    |add_ln59_294_fu_398744_p2  |         +|   0|  0|   31|          24|          21|
    |add_ln59_295_fu_398763_p2  |         +|   0|  0|   33|          26|          20|
    |add_ln59_296_fu_398778_p2  |         +|   0|  0|   33|          26|          17|
    |add_ln59_297_fu_398793_p2  |         +|   0|  0|   33|          26|          14|
    |add_ln59_298_fu_398808_p2  |         +|   0|  0|   32|          25|          22|
    |add_ln59_299_fu_398827_p2  |         +|   0|  0|   33|          26|          19|
    |add_ln59_29_fu_392238_p2   |         +|   0|  0|   18|          18|          16|
    |add_ln59_300_fu_398842_p2  |         +|   0|  0|   33|          26|          19|
    |add_ln59_301_fu_398857_p2  |         +|   0|  0|   33|          26|          12|
    |add_ln59_302_fu_398872_p2  |         +|   0|  0|   33|          26|          21|
    |add_ln59_303_fu_398887_p2  |         +|   0|  0|   33|          26|          19|
    |add_ln59_304_fu_398902_p2  |         +|   0|  0|   33|          26|          17|
    |add_ln59_305_fu_398917_p2  |         +|   0|  0|   33|          26|          13|
    |add_ln59_306_fu_398932_p2  |         +|   0|  0|   33|          26|          15|
    |add_ln59_307_fu_398947_p2  |         +|   0|  0|   33|          26|          20|
    |add_ln59_308_fu_394584_p2  |         +|   0|  0|   26|          26|          19|
    |add_ln59_309_fu_394618_p2  |         +|   0|  0|   18|          18|          16|
    |add_ln59_30_fu_395031_p2   |         +|   0|  0|   33|          26|          20|
    |add_ln59_310_fu_398965_p2  |         +|   0|  0|   33|          26|          20|
    |add_ln59_311_fu_398980_p2  |         +|   0|  0|   33|          26|          23|
    |add_ln59_312_fu_398995_p2  |         +|   0|  0|   33|          26|          17|
    |add_ln59_313_fu_399010_p2  |         +|   0|  0|   33|          26|          15|
    |add_ln59_314_fu_399025_p2  |         +|   0|  0|   31|          24|          21|
    |add_ln59_315_fu_399044_p2  |         +|   0|  0|   33|          26|          20|
    |add_ln59_316_fu_399059_p2  |         +|   0|  0|   33|          26|          17|
    |add_ln59_317_fu_399074_p2  |         +|   0|  0|   33|          26|          14|
    |add_ln59_318_fu_399089_p2  |         +|   0|  0|   32|          25|          22|
    |add_ln59_319_fu_399108_p2  |         +|   0|  0|   33|          26|          19|
    |add_ln59_31_fu_395046_p2   |         +|   0|  0|   33|          26|          23|
    |add_ln59_320_fu_399123_p2  |         +|   0|  0|   33|          26|          19|
    |add_ln59_321_fu_399138_p2  |         +|   0|  0|   33|          26|          12|
    |add_ln59_322_fu_399153_p2  |         +|   0|  0|   33|          26|          21|
    |add_ln59_323_fu_399168_p2  |         +|   0|  0|   33|          26|          19|
    |add_ln59_324_fu_399183_p2  |         +|   0|  0|   33|          26|          17|
    |add_ln59_325_fu_399198_p2  |         +|   0|  0|   33|          26|          13|
    |add_ln59_326_fu_399213_p2  |         +|   0|  0|   33|          26|          15|
    |add_ln59_327_fu_399228_p2  |         +|   0|  0|   33|          26|          20|
    |add_ln59_328_fu_394754_p2  |         +|   0|  0|   26|          26|          19|
    |add_ln59_329_fu_394788_p2  |         +|   0|  0|   18|          18|          16|
    |add_ln59_32_fu_395061_p2   |         +|   0|  0|   33|          26|          17|
    |add_ln59_330_fu_399246_p2  |         +|   0|  0|   33|          26|          20|
    |add_ln59_331_fu_399261_p2  |         +|   0|  0|   33|          26|          23|
    |add_ln59_332_fu_399276_p2  |         +|   0|  0|   33|          26|          17|
    |add_ln59_333_fu_399291_p2  |         +|   0|  0|   33|          26|          15|
    |add_ln59_334_fu_399306_p2  |         +|   0|  0|   31|          24|          21|
    |add_ln59_33_fu_395076_p2   |         +|   0|  0|   33|          26|          15|
    |add_ln59_34_fu_395091_p2   |         +|   0|  0|   31|          24|          21|
    |add_ln59_35_fu_395110_p2   |         +|   0|  0|   33|          26|          20|
    |add_ln59_36_fu_395125_p2   |         +|   0|  0|   33|          26|          17|
    |add_ln59_37_fu_395140_p2   |         +|   0|  0|   33|          26|          14|
    |add_ln59_38_fu_395155_p2   |         +|   0|  0|   32|          25|          22|
    |add_ln59_39_fu_395174_p2   |         +|   0|  0|   33|          26|          19|
    |add_ln59_40_fu_395189_p2   |         +|   0|  0|   33|          26|          19|
    |add_ln59_41_fu_395204_p2   |         +|   0|  0|   33|          26|          12|
    |add_ln59_42_fu_395219_p2   |         +|   0|  0|   33|          26|          21|
    |add_ln59_43_fu_395234_p2   |         +|   0|  0|   33|          26|          19|
    |add_ln59_44_fu_395249_p2   |         +|   0|  0|   33|          26|          17|
    |add_ln59_45_fu_395264_p2   |         +|   0|  0|   33|          26|          13|
    |add_ln59_46_fu_395279_p2   |         +|   0|  0|   33|          26|          15|
    |add_ln59_47_fu_395294_p2   |         +|   0|  0|   33|          26|          20|
    |add_ln59_48_fu_392374_p2   |         +|   0|  0|   26|          26|          19|
    |add_ln59_49_fu_392408_p2   |         +|   0|  0|   18|          18|          16|
    |add_ln59_50_fu_395312_p2   |         +|   0|  0|   33|          26|          20|
    |add_ln59_51_fu_395327_p2   |         +|   0|  0|   33|          26|          23|
    |add_ln59_52_fu_395342_p2   |         +|   0|  0|   33|          26|          17|
    |add_ln59_53_fu_395357_p2   |         +|   0|  0|   33|          26|          15|
    |add_ln59_54_fu_395372_p2   |         +|   0|  0|   31|          24|          21|
    |add_ln59_55_fu_395391_p2   |         +|   0|  0|   33|          26|          20|
    |add_ln59_56_fu_395406_p2   |         +|   0|  0|   33|          26|          17|
    |add_ln59_57_fu_395421_p2   |         +|   0|  0|   33|          26|          14|
    |add_ln59_58_fu_395436_p2   |         +|   0|  0|   32|          25|          22|
    |add_ln59_59_fu_395455_p2   |         +|   0|  0|   33|          26|          19|
    |add_ln59_60_fu_395470_p2   |         +|   0|  0|   33|          26|          19|
    |add_ln59_61_fu_395485_p2   |         +|   0|  0|   33|          26|          12|
    |add_ln59_62_fu_395500_p2   |         +|   0|  0|   33|          26|          21|
    |add_ln59_63_fu_395515_p2   |         +|   0|  0|   33|          26|          19|
    |add_ln59_64_fu_395530_p2   |         +|   0|  0|   33|          26|          17|
    |add_ln59_65_fu_395545_p2   |         +|   0|  0|   33|          26|          13|
    |add_ln59_66_fu_395560_p2   |         +|   0|  0|   33|          26|          15|
    |add_ln59_67_fu_395575_p2   |         +|   0|  0|   33|          26|          20|
    |add_ln59_68_fu_392544_p2   |         +|   0|  0|   26|          26|          19|
    |add_ln59_69_fu_392578_p2   |         +|   0|  0|   18|          18|          16|
    |add_ln59_70_fu_395593_p2   |         +|   0|  0|   33|          26|          20|
    |add_ln59_71_fu_395608_p2   |         +|   0|  0|   33|          26|          23|
    |add_ln59_72_fu_395623_p2   |         +|   0|  0|   33|          26|          17|
    |add_ln59_73_fu_395638_p2   |         +|   0|  0|   33|          26|          15|
    |add_ln59_74_fu_395653_p2   |         +|   0|  0|   31|          24|          21|
    |add_ln59_75_fu_395672_p2   |         +|   0|  0|   33|          26|          20|
    |add_ln59_76_fu_395687_p2   |         +|   0|  0|   33|          26|          17|
    |add_ln59_77_fu_395702_p2   |         +|   0|  0|   33|          26|          14|
    |add_ln59_78_fu_395717_p2   |         +|   0|  0|   32|          25|          22|
    |add_ln59_79_fu_395736_p2   |         +|   0|  0|   33|          26|          19|
    |add_ln59_80_fu_395751_p2   |         +|   0|  0|   33|          26|          19|
    |add_ln59_81_fu_395766_p2   |         +|   0|  0|   33|          26|          12|
    |add_ln59_82_fu_395781_p2   |         +|   0|  0|   33|          26|          21|
    |add_ln59_83_fu_395796_p2   |         +|   0|  0|   33|          26|          19|
    |add_ln59_84_fu_395811_p2   |         +|   0|  0|   33|          26|          17|
    |add_ln59_85_fu_395826_p2   |         +|   0|  0|   33|          26|          13|
    |add_ln59_86_fu_395841_p2   |         +|   0|  0|   33|          26|          15|
    |add_ln59_87_fu_395856_p2   |         +|   0|  0|   33|          26|          20|
    |add_ln59_88_fu_392714_p2   |         +|   0|  0|   26|          26|          19|
    |add_ln59_89_fu_392748_p2   |         +|   0|  0|   18|          18|          16|
    |add_ln59_90_fu_395874_p2   |         +|   0|  0|   33|          26|          20|
    |add_ln59_91_fu_395889_p2   |         +|   0|  0|   33|          26|          23|
    |add_ln59_92_fu_395904_p2   |         +|   0|  0|   33|          26|          17|
    |add_ln59_93_fu_395919_p2   |         +|   0|  0|   33|          26|          15|
    |add_ln59_94_fu_395934_p2   |         +|   0|  0|   31|          24|          21|
    |add_ln59_95_fu_395953_p2   |         +|   0|  0|   33|          26|          20|
    |add_ln59_96_fu_395968_p2   |         +|   0|  0|   33|          26|          17|
    |add_ln59_97_fu_395983_p2   |         +|   0|  0|   33|          26|          14|
    |add_ln59_98_fu_395998_p2   |         +|   0|  0|   32|          25|          22|
    |add_ln59_99_fu_396017_p2   |         +|   0|  0|   33|          26|          19|
    |add_ln59_fu_394829_p2      |         +|   0|  0|   33|          26|          20|
    |add_ln73_400_fu_392368_p2  |         +|   0|  0|   26|          26|          26|
    |add_ln73_401_fu_392538_p2  |         +|   0|  0|   26|          26|          26|
    |add_ln73_402_fu_392708_p2  |         +|   0|  0|   26|          26|          26|
    |add_ln73_403_fu_392878_p2  |         +|   0|  0|   26|          26|          26|
    |add_ln73_404_fu_393048_p2  |         +|   0|  0|   26|          26|          26|
    |add_ln73_405_fu_393218_p2  |         +|   0|  0|   26|          26|          26|
    |add_ln73_406_fu_393388_p2  |         +|   0|  0|   26|          26|          26|
    |add_ln73_407_fu_393558_p2  |         +|   0|  0|   26|          26|          26|
    |add_ln73_408_fu_393728_p2  |         +|   0|  0|   26|          26|          26|
    |add_ln73_409_fu_393898_p2  |         +|   0|  0|   26|          26|          26|
    |add_ln73_410_fu_394068_p2  |         +|   0|  0|   26|          26|          26|
    |add_ln73_411_fu_394238_p2  |         +|   0|  0|   26|          26|          26|
    |add_ln73_412_fu_394408_p2  |         +|   0|  0|   26|          26|          26|
    |add_ln73_413_fu_394578_p2  |         +|   0|  0|   26|          26|          26|
    |add_ln73_414_fu_394748_p2  |         +|   0|  0|   26|          26|          26|
    |add_ln73_fu_392198_p2      |         +|   0|  0|   26|          26|          26|
    |sub_ln59_48_fu_392402_p2   |         -|   0|  0|   18|          18|          18|
    |sub_ln59_49_fu_392572_p2   |         -|   0|  0|   18|          18|          18|
    |sub_ln59_50_fu_392742_p2   |         -|   0|  0|   18|          18|          18|
    |sub_ln59_51_fu_392912_p2   |         -|   0|  0|   18|          18|          18|
    |sub_ln59_52_fu_393082_p2   |         -|   0|  0|   18|          18|          18|
    |sub_ln59_53_fu_393252_p2   |         -|   0|  0|   18|          18|          18|
    |sub_ln59_54_fu_393422_p2   |         -|   0|  0|   18|          18|          18|
    |sub_ln59_55_fu_393592_p2   |         -|   0|  0|   18|          18|          18|
    |sub_ln59_56_fu_393762_p2   |         -|   0|  0|   18|          18|          18|
    |sub_ln59_57_fu_393932_p2   |         -|   0|  0|   18|          18|          18|
    |sub_ln59_58_fu_394102_p2   |         -|   0|  0|   18|          18|          18|
    |sub_ln59_59_fu_394272_p2   |         -|   0|  0|   18|          18|          18|
    |sub_ln59_60_fu_394442_p2   |         -|   0|  0|   18|          18|          18|
    |sub_ln59_61_fu_394612_p2   |         -|   0|  0|   18|          18|          18|
    |sub_ln59_62_fu_394782_p2   |         -|   0|  0|   18|          18|          18|
    |sub_ln59_fu_392232_p2      |         -|   0|  0|   18|          18|          18|
    +---------------------------+----------+----+---+-----+------------+------------+
    |Total                      |          |   0|  0|10864|        8848|        6448|
    +---------------------------+----------+----+---+-----+------------+------------+

    * Multiplexer: 
    +---------------+----+-----------+-----+-----------+
    |      Name     | LUT| Input Size| Bits| Total Bits|
    +---------------+----+-----------+-----+-----------+
    |ap_return_0    |  14|          3|   16|         48|
    |ap_return_1    |  14|          3|   16|         48|
    |ap_return_10   |  14|          3|   16|         48|
    |ap_return_100  |  14|          3|   16|         48|
    |ap_return_101  |  14|          3|   16|         48|
    |ap_return_102  |  14|          3|   16|         48|
    |ap_return_103  |  14|          3|   16|         48|
    |ap_return_104  |  14|          3|   16|         48|
    |ap_return_105  |  14|          3|   16|         48|
    |ap_return_106  |  14|          3|   16|         48|
    |ap_return_107  |  14|          3|   16|         48|
    |ap_return_108  |  14|          3|   16|         48|
    |ap_return_109  |  14|          3|   16|         48|
    |ap_return_11   |  14|          3|   16|         48|
    |ap_return_110  |  14|          3|   16|         48|
    |ap_return_111  |  14|          3|   16|         48|
    |ap_return_112  |  14|          3|   16|         48|
    |ap_return_113  |  14|          3|   16|         48|
    |ap_return_114  |  14|          3|   16|         48|
    |ap_return_115  |  14|          3|   16|         48|
    |ap_return_116  |  14|          3|   16|         48|
    |ap_return_117  |  14|          3|   16|         48|
    |ap_return_118  |  14|          3|   16|         48|
    |ap_return_119  |  14|          3|   16|         48|
    |ap_return_12   |  14|          3|   16|         48|
    |ap_return_120  |  14|          3|   16|         48|
    |ap_return_121  |  14|          3|   16|         48|
    |ap_return_122  |  14|          3|   16|         48|
    |ap_return_123  |  14|          3|   16|         48|
    |ap_return_124  |  14|          3|   16|         48|
    |ap_return_125  |  14|          3|   16|         48|
    |ap_return_126  |  14|          3|   16|         48|
    |ap_return_127  |  14|          3|   16|         48|
    |ap_return_128  |  14|          3|   16|         48|
    |ap_return_129  |  14|          3|   16|         48|
    |ap_return_13   |  14|          3|   16|         48|
    |ap_return_130  |  14|          3|   16|         48|
    |ap_return_131  |  14|          3|   16|         48|
    |ap_return_132  |  14|          3|   16|         48|
    |ap_return_133  |  14|          3|   16|         48|
    |ap_return_134  |  14|          3|   16|         48|
    |ap_return_135  |  14|          3|   16|         48|
    |ap_return_136  |  14|          3|   16|         48|
    |ap_return_137  |  14|          3|   16|         48|
    |ap_return_138  |  14|          3|   16|         48|
    |ap_return_139  |  14|          3|   16|         48|
    |ap_return_14   |  14|          3|   16|         48|
    |ap_return_140  |  14|          3|   16|         48|
    |ap_return_141  |  14|          3|   16|         48|
    |ap_return_142  |  14|          3|   16|         48|
    |ap_return_143  |  14|          3|   16|         48|
    |ap_return_144  |  14|          3|   16|         48|
    |ap_return_145  |  14|          3|   16|         48|
    |ap_return_146  |  14|          3|   16|         48|
    |ap_return_147  |  14|          3|   16|         48|
    |ap_return_148  |  14|          3|   16|         48|
    |ap_return_149  |  14|          3|   16|         48|
    |ap_return_15   |  14|          3|   16|         48|
    |ap_return_150  |  14|          3|   16|         48|
    |ap_return_151  |  14|          3|   16|         48|
    |ap_return_152  |  14|          3|   16|         48|
    |ap_return_153  |  14|          3|   16|         48|
    |ap_return_154  |  14|          3|   16|         48|
    |ap_return_155  |  14|          3|   16|         48|
    |ap_return_156  |  14|          3|   16|         48|
    |ap_return_157  |  14|          3|   16|         48|
    |ap_return_158  |  14|          3|   16|         48|
    |ap_return_159  |  14|          3|   16|         48|
    |ap_return_16   |  14|          3|   16|         48|
    |ap_return_160  |  14|          3|   16|         48|
    |ap_return_161  |  14|          3|   16|         48|
    |ap_return_162  |  14|          3|   16|         48|
    |ap_return_163  |  14|          3|   16|         48|
    |ap_return_164  |  14|          3|   16|         48|
    |ap_return_165  |  14|          3|   16|         48|
    |ap_return_166  |  14|          3|   16|         48|
    |ap_return_167  |  14|          3|   16|         48|
    |ap_return_168  |  14|          3|   16|         48|
    |ap_return_169  |  14|          3|   16|         48|
    |ap_return_17   |  14|          3|   16|         48|
    |ap_return_170  |  14|          3|   16|         48|
    |ap_return_171  |  14|          3|   16|         48|
    |ap_return_172  |  14|          3|   16|         48|
    |ap_return_173  |  14|          3|   16|         48|
    |ap_return_174  |  14|          3|   16|         48|
    |ap_return_175  |  14|          3|   16|         48|
    |ap_return_176  |  14|          3|   16|         48|
    |ap_return_177  |  14|          3|   16|         48|
    |ap_return_178  |  14|          3|   16|         48|
    |ap_return_179  |  14|          3|   16|         48|
    |ap_return_18   |  14|          3|   16|         48|
    |ap_return_180  |  14|          3|   16|         48|
    |ap_return_181  |  14|          3|   16|         48|
    |ap_return_182  |  14|          3|   16|         48|
    |ap_return_183  |  14|          3|   16|         48|
    |ap_return_184  |  14|          3|   16|         48|
    |ap_return_185  |  14|          3|   16|         48|
    |ap_return_186  |  14|          3|   16|         48|
    |ap_return_187  |  14|          3|   16|         48|
    |ap_return_188  |  14|          3|   16|         48|
    |ap_return_189  |  14|          3|   16|         48|
    |ap_return_19   |  14|          3|   16|         48|
    |ap_return_190  |  14|          3|   16|         48|
    |ap_return_191  |  14|          3|   16|         48|
    |ap_return_192  |  14|          3|   16|         48|
    |ap_return_193  |  14|          3|   16|         48|
    |ap_return_194  |  14|          3|   16|         48|
    |ap_return_195  |  14|          3|   16|         48|
    |ap_return_196  |  14|          3|   16|         48|
    |ap_return_197  |  14|          3|   16|         48|
    |ap_return_198  |  14|          3|   16|         48|
    |ap_return_199  |  14|          3|   16|         48|
    |ap_return_2    |  14|          3|   16|         48|
    |ap_return_20   |  14|          3|   16|         48|
    |ap_return_200  |  14|          3|   16|         48|
    |ap_return_201  |  14|          3|   16|         48|
    |ap_return_202  |  14|          3|   16|         48|
    |ap_return_203  |  14|          3|   16|         48|
    |ap_return_204  |  14|          3|   16|         48|
    |ap_return_205  |  14|          3|   16|         48|
    |ap_return_206  |  14|          3|   16|         48|
    |ap_return_207  |  14|          3|   16|         48|
    |ap_return_208  |  14|          3|   16|         48|
    |ap_return_209  |  14|          3|   16|         48|
    |ap_return_21   |  14|          3|   16|         48|
    |ap_return_210  |  14|          3|   16|         48|
    |ap_return_211  |  14|          3|   16|         48|
    |ap_return_212  |  14|          3|   16|         48|
    |ap_return_213  |  14|          3|   16|         48|
    |ap_return_214  |  14|          3|   16|         48|
    |ap_return_215  |  14|          3|   16|         48|
    |ap_return_216  |  14|          3|   16|         48|
    |ap_return_217  |  14|          3|   16|         48|
    |ap_return_218  |  14|          3|   16|         48|
    |ap_return_219  |  14|          3|   16|         48|
    |ap_return_22   |  14|          3|   16|         48|
    |ap_return_220  |  14|          3|   16|         48|
    |ap_return_221  |  14|          3|   16|         48|
    |ap_return_222  |  14|          3|   16|         48|
    |ap_return_223  |  14|          3|   16|         48|
    |ap_return_224  |  14|          3|   16|         48|
    |ap_return_225  |  14|          3|   16|         48|
    |ap_return_226  |  14|          3|   16|         48|
    |ap_return_227  |  14|          3|   16|         48|
    |ap_return_228  |  14|          3|   16|         48|
    |ap_return_229  |  14|          3|   16|         48|
    |ap_return_23   |  14|          3|   16|         48|
    |ap_return_230  |  14|          3|   16|         48|
    |ap_return_231  |  14|          3|   16|         48|
    |ap_return_232  |  14|          3|   16|         48|
    |ap_return_233  |  14|          3|   16|         48|
    |ap_return_234  |  14|          3|   16|         48|
    |ap_return_235  |  14|          3|   16|         48|
    |ap_return_236  |  14|          3|   16|         48|
    |ap_return_237  |  14|          3|   16|         48|
    |ap_return_238  |  14|          3|   16|         48|
    |ap_return_239  |  14|          3|   16|         48|
    |ap_return_24   |  14|          3|   16|         48|
    |ap_return_240  |  14|          3|   16|         48|
    |ap_return_241  |  14|          3|   16|         48|
    |ap_return_242  |  14|          3|   16|         48|
    |ap_return_243  |  14|          3|   16|         48|
    |ap_return_244  |  14|          3|   16|         48|
    |ap_return_245  |  14|          3|   16|         48|
    |ap_return_246  |  14|          3|   16|         48|
    |ap_return_247  |  14|          3|   16|         48|
    |ap_return_248  |  14|          3|   16|         48|
    |ap_return_249  |  14|          3|   16|         48|
    |ap_return_25   |  14|          3|   16|         48|
    |ap_return_250  |  14|          3|   16|         48|
    |ap_return_251  |  14|          3|   16|         48|
    |ap_return_252  |  14|          3|   16|         48|
    |ap_return_253  |  14|          3|   16|         48|
    |ap_return_254  |  14|          3|   16|         48|
    |ap_return_255  |  14|          3|   16|         48|
    |ap_return_256  |  14|          3|   16|         48|
    |ap_return_257  |  14|          3|   16|         48|
    |ap_return_258  |  14|          3|   16|         48|
    |ap_return_259  |  14|          3|   16|         48|
    |ap_return_26   |  14|          3|   16|         48|
    |ap_return_260  |  14|          3|   16|         48|
    |ap_return_261  |  14|          3|   16|         48|
    |ap_return_262  |  14|          3|   16|         48|
    |ap_return_263  |  14|          3|   16|         48|
    |ap_return_264  |  14|          3|   16|         48|
    |ap_return_265  |  14|          3|   16|         48|
    |ap_return_266  |  14|          3|   16|         48|
    |ap_return_267  |  14|          3|   16|         48|
    |ap_return_268  |  14|          3|   16|         48|
    |ap_return_269  |  14|          3|   16|         48|
    |ap_return_27   |  14|          3|   16|         48|
    |ap_return_270  |  14|          3|   16|         48|
    |ap_return_271  |  14|          3|   16|         48|
    |ap_return_272  |  14|          3|   16|         48|
    |ap_return_273  |  14|          3|   16|         48|
    |ap_return_274  |  14|          3|   16|         48|
    |ap_return_275  |  14|          3|   16|         48|
    |ap_return_276  |  14|          3|   16|         48|
    |ap_return_277  |  14|          3|   16|         48|
    |ap_return_278  |  14|          3|   16|         48|
    |ap_return_279  |  14|          3|   16|         48|
    |ap_return_28   |  14|          3|   16|         48|
    |ap_return_280  |  14|          3|   16|         48|
    |ap_return_281  |  14|          3|   16|         48|
    |ap_return_282  |  14|          3|   16|         48|
    |ap_return_283  |  14|          3|   16|         48|
    |ap_return_284  |  14|          3|   16|         48|
    |ap_return_285  |  14|          3|   16|         48|
    |ap_return_286  |  14|          3|   16|         48|
    |ap_return_287  |  14|          3|   16|         48|
    |ap_return_288  |  14|          3|   16|         48|
    |ap_return_289  |  14|          3|   16|         48|
    |ap_return_29   |  14|          3|   16|         48|
    |ap_return_290  |  14|          3|   16|         48|
    |ap_return_291  |  14|          3|   16|         48|
    |ap_return_292  |  14|          3|   16|         48|
    |ap_return_293  |  14|          3|   16|         48|
    |ap_return_294  |  14|          3|   16|         48|
    |ap_return_295  |  14|          3|   16|         48|
    |ap_return_296  |  14|          3|   16|         48|
    |ap_return_297  |  14|          3|   16|         48|
    |ap_return_298  |  14|          3|   16|         48|
    |ap_return_299  |  14|          3|   16|         48|
    |ap_return_3    |  14|          3|   16|         48|
    |ap_return_30   |  14|          3|   16|         48|
    |ap_return_300  |  14|          3|   16|         48|
    |ap_return_301  |  14|          3|   16|         48|
    |ap_return_302  |  14|          3|   16|         48|
    |ap_return_303  |  14|          3|   16|         48|
    |ap_return_304  |  14|          3|   16|         48|
    |ap_return_305  |  14|          3|   16|         48|
    |ap_return_306  |  14|          3|   16|         48|
    |ap_return_307  |  14|          3|   16|         48|
    |ap_return_308  |  14|          3|   16|         48|
    |ap_return_309  |  14|          3|   16|         48|
    |ap_return_31   |  14|          3|   16|         48|
    |ap_return_310  |  14|          3|   16|         48|
    |ap_return_311  |  14|          3|   16|         48|
    |ap_return_312  |  14|          3|   16|         48|
    |ap_return_313  |  14|          3|   16|         48|
    |ap_return_314  |  14|          3|   16|         48|
    |ap_return_315  |  14|          3|   16|         48|
    |ap_return_316  |  14|          3|   16|         48|
    |ap_return_317  |  14|          3|   16|         48|
    |ap_return_318  |  14|          3|   16|         48|
    |ap_return_319  |  14|          3|   16|         48|
    |ap_return_32   |  14|          3|   16|         48|
    |ap_return_33   |  14|          3|   16|         48|
    |ap_return_34   |  14|          3|   16|         48|
    |ap_return_35   |  14|          3|   16|         48|
    |ap_return_36   |  14|          3|   16|         48|
    |ap_return_37   |  14|          3|   16|         48|
    |ap_return_38   |  14|          3|   16|         48|
    |ap_return_39   |  14|          3|   16|         48|
    |ap_return_4    |  14|          3|   16|         48|
    |ap_return_40   |  14|          3|   16|         48|
    |ap_return_41   |  14|          3|   16|         48|
    |ap_return_42   |  14|          3|   16|         48|
    |ap_return_43   |  14|          3|   16|         48|
    |ap_return_44   |  14|          3|   16|         48|
    |ap_return_45   |  14|          3|   16|         48|
    |ap_return_46   |  14|          3|   16|         48|
    |ap_return_47   |  14|          3|   16|         48|
    |ap_return_48   |  14|          3|   16|         48|
    |ap_return_49   |  14|          3|   16|         48|
    |ap_return_5    |  14|          3|   16|         48|
    |ap_return_50   |  14|          3|   16|         48|
    |ap_return_51   |  14|          3|   16|         48|
    |ap_return_52   |  14|          3|   16|         48|
    |ap_return_53   |  14|          3|   16|         48|
    |ap_return_54   |  14|          3|   16|         48|
    |ap_return_55   |  14|          3|   16|         48|
    |ap_return_56   |  14|          3|   16|         48|
    |ap_return_57   |  14|          3|   16|         48|
    |ap_return_58   |  14|          3|   16|         48|
    |ap_return_59   |  14|          3|   16|         48|
    |ap_return_6    |  14|          3|   16|         48|
    |ap_return_60   |  14|          3|   16|         48|
    |ap_return_61   |  14|          3|   16|         48|
    |ap_return_62   |  14|          3|   16|         48|
    |ap_return_63   |  14|          3|   16|         48|
    |ap_return_64   |  14|          3|   16|         48|
    |ap_return_65   |  14|          3|   16|         48|
    |ap_return_66   |  14|          3|   16|         48|
    |ap_return_67   |  14|          3|   16|         48|
    |ap_return_68   |  14|          3|   16|         48|
    |ap_return_69   |  14|          3|   16|         48|
    |ap_return_7    |  14|          3|   16|         48|
    |ap_return_70   |  14|          3|   16|         48|
    |ap_return_71   |  14|          3|   16|         48|
    |ap_return_72   |  14|          3|   16|         48|
    |ap_return_73   |  14|          3|   16|         48|
    |ap_return_74   |  14|          3|   16|         48|
    |ap_return_75   |  14|          3|   16|         48|
    |ap_return_76   |  14|          3|   16|         48|
    |ap_return_77   |  14|          3|   16|         48|
    |ap_return_78   |  14|          3|   16|         48|
    |ap_return_79   |  14|          3|   16|         48|
    |ap_return_8    |  14|          3|   16|         48|
    |ap_return_80   |  14|          3|   16|         48|
    |ap_return_81   |  14|          3|   16|         48|
    |ap_return_82   |  14|          3|   16|         48|
    |ap_return_83   |  14|          3|   16|         48|
    |ap_return_84   |  14|          3|   16|         48|
    |ap_return_85   |  14|          3|   16|         48|
    |ap_return_86   |  14|          3|   16|         48|
    |ap_return_87   |  14|          3|   16|         48|
    |ap_return_88   |  14|          3|   16|         48|
    |ap_return_89   |  14|          3|   16|         48|
    |ap_return_9    |  14|          3|   16|         48|
    |ap_return_90   |  14|          3|   16|         48|
    |ap_return_91   |  14|          3|   16|         48|
    |ap_return_92   |  14|          3|   16|         48|
    |ap_return_93   |  14|          3|   16|         48|
    |ap_return_94   |  14|          3|   16|         48|
    |ap_return_95   |  14|          3|   16|         48|
    |ap_return_96   |  14|          3|   16|         48|
    |ap_return_97   |  14|          3|   16|         48|
    |ap_return_98   |  14|          3|   16|         48|
    |ap_return_99   |  14|          3|   16|         48|
    +---------------+----+-----------+-----+-----------+
    |Total          |4480|        960| 5120|      15360|
    +---------------+----+-----------+-----+-----------+

    * Register: 
    +-----------------------------------------+-----+----+-----+-----------+
    |                   Name                  |  FF | LUT| Bits| Const Bits|
    +-----------------------------------------+-----+----+-----+-----------+
    |ap_ce_reg                                |    1|   0|    1|          0|
    |ap_return_0_int_reg                      |   16|   0|   16|          0|
    |ap_return_100_int_reg                    |   16|   0|   16|          0|
    |ap_return_101_int_reg                    |   16|   0|   16|          0|
    |ap_return_102_int_reg                    |   16|   0|   16|          0|
    |ap_return_103_int_reg                    |   16|   0|   16|          0|
    |ap_return_104_int_reg                    |   16|   0|   16|          0|
    |ap_return_105_int_reg                    |   16|   0|   16|          0|
    |ap_return_106_int_reg                    |   16|   0|   16|          0|
    |ap_return_107_int_reg                    |   16|   0|   16|          0|
    |ap_return_108_int_reg                    |   16|   0|   16|          0|
    |ap_return_109_int_reg                    |   16|   0|   16|          0|
    |ap_return_10_int_reg                     |   16|   0|   16|          0|
    |ap_return_110_int_reg                    |   16|   0|   16|          0|
    |ap_return_111_int_reg                    |   16|   0|   16|          0|
    |ap_return_112_int_reg                    |   16|   0|   16|          0|
    |ap_return_113_int_reg                    |   16|   0|   16|          0|
    |ap_return_114_int_reg                    |   16|   0|   16|          0|
    |ap_return_115_int_reg                    |   16|   0|   16|          0|
    |ap_return_116_int_reg                    |   16|   0|   16|          0|
    |ap_return_117_int_reg                    |   16|   0|   16|          0|
    |ap_return_118_int_reg                    |   16|   0|   16|          0|
    |ap_return_119_int_reg                    |   16|   0|   16|          0|
    |ap_return_11_int_reg                     |   16|   0|   16|          0|
    |ap_return_120_int_reg                    |   16|   0|   16|          0|
    |ap_return_121_int_reg                    |   16|   0|   16|          0|
    |ap_return_122_int_reg                    |   16|   0|   16|          0|
    |ap_return_123_int_reg                    |   16|   0|   16|          0|
    |ap_return_124_int_reg                    |   16|   0|   16|          0|
    |ap_return_125_int_reg                    |   16|   0|   16|          0|
    |ap_return_126_int_reg                    |   16|   0|   16|          0|
    |ap_return_127_int_reg                    |   16|   0|   16|          0|
    |ap_return_128_int_reg                    |   16|   0|   16|          0|
    |ap_return_129_int_reg                    |   16|   0|   16|          0|
    |ap_return_12_int_reg                     |   16|   0|   16|          0|
    |ap_return_130_int_reg                    |   16|   0|   16|          0|
    |ap_return_131_int_reg                    |   16|   0|   16|          0|
    |ap_return_132_int_reg                    |   16|   0|   16|          0|
    |ap_return_133_int_reg                    |   16|   0|   16|          0|
    |ap_return_134_int_reg                    |   16|   0|   16|          0|
    |ap_return_135_int_reg                    |   16|   0|   16|          0|
    |ap_return_136_int_reg                    |   16|   0|   16|          0|
    |ap_return_137_int_reg                    |   16|   0|   16|          0|
    |ap_return_138_int_reg                    |   16|   0|   16|          0|
    |ap_return_139_int_reg                    |   16|   0|   16|          0|
    |ap_return_13_int_reg                     |   16|   0|   16|          0|
    |ap_return_140_int_reg                    |   16|   0|   16|          0|
    |ap_return_141_int_reg                    |   16|   0|   16|          0|
    |ap_return_142_int_reg                    |   16|   0|   16|          0|
    |ap_return_143_int_reg                    |   16|   0|   16|          0|
    |ap_return_144_int_reg                    |   16|   0|   16|          0|
    |ap_return_145_int_reg                    |   16|   0|   16|          0|
    |ap_return_146_int_reg                    |   16|   0|   16|          0|
    |ap_return_147_int_reg                    |   16|   0|   16|          0|
    |ap_return_148_int_reg                    |   16|   0|   16|          0|
    |ap_return_149_int_reg                    |   16|   0|   16|          0|
    |ap_return_14_int_reg                     |   16|   0|   16|          0|
    |ap_return_150_int_reg                    |   16|   0|   16|          0|
    |ap_return_151_int_reg                    |   16|   0|   16|          0|
    |ap_return_152_int_reg                    |   16|   0|   16|          0|
    |ap_return_153_int_reg                    |   16|   0|   16|          0|
    |ap_return_154_int_reg                    |   16|   0|   16|          0|
    |ap_return_155_int_reg                    |   16|   0|   16|          0|
    |ap_return_156_int_reg                    |   16|   0|   16|          0|
    |ap_return_157_int_reg                    |   16|   0|   16|          0|
    |ap_return_158_int_reg                    |   16|   0|   16|          0|
    |ap_return_159_int_reg                    |   16|   0|   16|          0|
    |ap_return_15_int_reg                     |   16|   0|   16|          0|
    |ap_return_160_int_reg                    |   16|   0|   16|          0|
    |ap_return_161_int_reg                    |   16|   0|   16|          0|
    |ap_return_162_int_reg                    |   16|   0|   16|          0|
    |ap_return_163_int_reg                    |   16|   0|   16|          0|
    |ap_return_164_int_reg                    |   16|   0|   16|          0|
    |ap_return_165_int_reg                    |   16|   0|   16|          0|
    |ap_return_166_int_reg                    |   16|   0|   16|          0|
    |ap_return_167_int_reg                    |   16|   0|   16|          0|
    |ap_return_168_int_reg                    |   16|   0|   16|          0|
    |ap_return_169_int_reg                    |   16|   0|   16|          0|
    |ap_return_16_int_reg                     |   16|   0|   16|          0|
    |ap_return_170_int_reg                    |   16|   0|   16|          0|
    |ap_return_171_int_reg                    |   16|   0|   16|          0|
    |ap_return_172_int_reg                    |   16|   0|   16|          0|
    |ap_return_173_int_reg                    |   16|   0|   16|          0|
    |ap_return_174_int_reg                    |   16|   0|   16|          0|
    |ap_return_175_int_reg                    |   16|   0|   16|          0|
    |ap_return_176_int_reg                    |   16|   0|   16|          0|
    |ap_return_177_int_reg                    |   16|   0|   16|          0|
    |ap_return_178_int_reg                    |   16|   0|   16|          0|
    |ap_return_179_int_reg                    |   16|   0|   16|          0|
    |ap_return_17_int_reg                     |   16|   0|   16|          0|
    |ap_return_180_int_reg                    |   16|   0|   16|          0|
    |ap_return_181_int_reg                    |   16|   0|   16|          0|
    |ap_return_182_int_reg                    |   16|   0|   16|          0|
    |ap_return_183_int_reg                    |   16|   0|   16|          0|
    |ap_return_184_int_reg                    |   16|   0|   16|          0|
    |ap_return_185_int_reg                    |   16|   0|   16|          0|
    |ap_return_186_int_reg                    |   16|   0|   16|          0|
    |ap_return_187_int_reg                    |   16|   0|   16|          0|
    |ap_return_188_int_reg                    |   16|   0|   16|          0|
    |ap_return_189_int_reg                    |   16|   0|   16|          0|
    |ap_return_18_int_reg                     |   16|   0|   16|          0|
    |ap_return_190_int_reg                    |   16|   0|   16|          0|
    |ap_return_191_int_reg                    |   16|   0|   16|          0|
    |ap_return_192_int_reg                    |   16|   0|   16|          0|
    |ap_return_193_int_reg                    |   16|   0|   16|          0|
    |ap_return_194_int_reg                    |   16|   0|   16|          0|
    |ap_return_195_int_reg                    |   16|   0|   16|          0|
    |ap_return_196_int_reg                    |   16|   0|   16|          0|
    |ap_return_197_int_reg                    |   16|   0|   16|          0|
    |ap_return_198_int_reg                    |   16|   0|   16|          0|
    |ap_return_199_int_reg                    |   16|   0|   16|          0|
    |ap_return_19_int_reg                     |   16|   0|   16|          0|
    |ap_return_1_int_reg                      |   16|   0|   16|          0|
    |ap_return_200_int_reg                    |   16|   0|   16|          0|
    |ap_return_201_int_reg                    |   16|   0|   16|          0|
    |ap_return_202_int_reg                    |   16|   0|   16|          0|
    |ap_return_203_int_reg                    |   16|   0|   16|          0|
    |ap_return_204_int_reg                    |   16|   0|   16|          0|
    |ap_return_205_int_reg                    |   16|   0|   16|          0|
    |ap_return_206_int_reg                    |   16|   0|   16|          0|
    |ap_return_207_int_reg                    |   16|   0|   16|          0|
    |ap_return_208_int_reg                    |   16|   0|   16|          0|
    |ap_return_209_int_reg                    |   16|   0|   16|          0|
    |ap_return_20_int_reg                     |   16|   0|   16|          0|
    |ap_return_210_int_reg                    |   16|   0|   16|          0|
    |ap_return_211_int_reg                    |   16|   0|   16|          0|
    |ap_return_212_int_reg                    |   16|   0|   16|          0|
    |ap_return_213_int_reg                    |   16|   0|   16|          0|
    |ap_return_214_int_reg                    |   16|   0|   16|          0|
    |ap_return_215_int_reg                    |   16|   0|   16|          0|
    |ap_return_216_int_reg                    |   16|   0|   16|          0|
    |ap_return_217_int_reg                    |   16|   0|   16|          0|
    |ap_return_218_int_reg                    |   16|   0|   16|          0|
    |ap_return_219_int_reg                    |   16|   0|   16|          0|
    |ap_return_21_int_reg                     |   16|   0|   16|          0|
    |ap_return_220_int_reg                    |   16|   0|   16|          0|
    |ap_return_221_int_reg                    |   16|   0|   16|          0|
    |ap_return_222_int_reg                    |   16|   0|   16|          0|
    |ap_return_223_int_reg                    |   16|   0|   16|          0|
    |ap_return_224_int_reg                    |   16|   0|   16|          0|
    |ap_return_225_int_reg                    |   16|   0|   16|          0|
    |ap_return_226_int_reg                    |   16|   0|   16|          0|
    |ap_return_227_int_reg                    |   16|   0|   16|          0|
    |ap_return_228_int_reg                    |   16|   0|   16|          0|
    |ap_return_229_int_reg                    |   16|   0|   16|          0|
    |ap_return_22_int_reg                     |   16|   0|   16|          0|
    |ap_return_230_int_reg                    |   16|   0|   16|          0|
    |ap_return_231_int_reg                    |   16|   0|   16|          0|
    |ap_return_232_int_reg                    |   16|   0|   16|          0|
    |ap_return_233_int_reg                    |   16|   0|   16|          0|
    |ap_return_234_int_reg                    |   16|   0|   16|          0|
    |ap_return_235_int_reg                    |   16|   0|   16|          0|
    |ap_return_236_int_reg                    |   16|   0|   16|          0|
    |ap_return_237_int_reg                    |   16|   0|   16|          0|
    |ap_return_238_int_reg                    |   16|   0|   16|          0|
    |ap_return_239_int_reg                    |   16|   0|   16|          0|
    |ap_return_23_int_reg                     |   16|   0|   16|          0|
    |ap_return_240_int_reg                    |   16|   0|   16|          0|
    |ap_return_241_int_reg                    |   16|   0|   16|          0|
    |ap_return_242_int_reg                    |   16|   0|   16|          0|
    |ap_return_243_int_reg                    |   16|   0|   16|          0|
    |ap_return_244_int_reg                    |   16|   0|   16|          0|
    |ap_return_245_int_reg                    |   16|   0|   16|          0|
    |ap_return_246_int_reg                    |   16|   0|   16|          0|
    |ap_return_247_int_reg                    |   16|   0|   16|          0|
    |ap_return_248_int_reg                    |   16|   0|   16|          0|
    |ap_return_249_int_reg                    |   16|   0|   16|          0|
    |ap_return_24_int_reg                     |   16|   0|   16|          0|
    |ap_return_250_int_reg                    |   16|   0|   16|          0|
    |ap_return_251_int_reg                    |   16|   0|   16|          0|
    |ap_return_252_int_reg                    |   16|   0|   16|          0|
    |ap_return_253_int_reg                    |   16|   0|   16|          0|
    |ap_return_254_int_reg                    |   16|   0|   16|          0|
    |ap_return_255_int_reg                    |   16|   0|   16|          0|
    |ap_return_256_int_reg                    |   16|   0|   16|          0|
    |ap_return_257_int_reg                    |   16|   0|   16|          0|
    |ap_return_258_int_reg                    |   16|   0|   16|          0|
    |ap_return_259_int_reg                    |   16|   0|   16|          0|
    |ap_return_25_int_reg                     |   16|   0|   16|          0|
    |ap_return_260_int_reg                    |   16|   0|   16|          0|
    |ap_return_261_int_reg                    |   16|   0|   16|          0|
    |ap_return_262_int_reg                    |   16|   0|   16|          0|
    |ap_return_263_int_reg                    |   16|   0|   16|          0|
    |ap_return_264_int_reg                    |   16|   0|   16|          0|
    |ap_return_265_int_reg                    |   16|   0|   16|          0|
    |ap_return_266_int_reg                    |   16|   0|   16|          0|
    |ap_return_267_int_reg                    |   16|   0|   16|          0|
    |ap_return_268_int_reg                    |   16|   0|   16|          0|
    |ap_return_269_int_reg                    |   16|   0|   16|          0|
    |ap_return_26_int_reg                     |   16|   0|   16|          0|
    |ap_return_270_int_reg                    |   16|   0|   16|          0|
    |ap_return_271_int_reg                    |   16|   0|   16|          0|
    |ap_return_272_int_reg                    |   16|   0|   16|          0|
    |ap_return_273_int_reg                    |   16|   0|   16|          0|
    |ap_return_274_int_reg                    |   16|   0|   16|          0|
    |ap_return_275_int_reg                    |   16|   0|   16|          0|
    |ap_return_276_int_reg                    |   16|   0|   16|          0|
    |ap_return_277_int_reg                    |   16|   0|   16|          0|
    |ap_return_278_int_reg                    |   16|   0|   16|          0|
    |ap_return_279_int_reg                    |   16|   0|   16|          0|
    |ap_return_27_int_reg                     |   16|   0|   16|          0|
    |ap_return_280_int_reg                    |   16|   0|   16|          0|
    |ap_return_281_int_reg                    |   16|   0|   16|          0|
    |ap_return_282_int_reg                    |   16|   0|   16|          0|
    |ap_return_283_int_reg                    |   16|   0|   16|          0|
    |ap_return_284_int_reg                    |   16|   0|   16|          0|
    |ap_return_285_int_reg                    |   16|   0|   16|          0|
    |ap_return_286_int_reg                    |   16|   0|   16|          0|
    |ap_return_287_int_reg                    |   16|   0|   16|          0|
    |ap_return_288_int_reg                    |   16|   0|   16|          0|
    |ap_return_289_int_reg                    |   16|   0|   16|          0|
    |ap_return_28_int_reg                     |   16|   0|   16|          0|
    |ap_return_290_int_reg                    |   16|   0|   16|          0|
    |ap_return_291_int_reg                    |   16|   0|   16|          0|
    |ap_return_292_int_reg                    |   16|   0|   16|          0|
    |ap_return_293_int_reg                    |   16|   0|   16|          0|
    |ap_return_294_int_reg                    |   16|   0|   16|          0|
    |ap_return_295_int_reg                    |   16|   0|   16|          0|
    |ap_return_296_int_reg                    |   16|   0|   16|          0|
    |ap_return_297_int_reg                    |   16|   0|   16|          0|
    |ap_return_298_int_reg                    |   16|   0|   16|          0|
    |ap_return_299_int_reg                    |   16|   0|   16|          0|
    |ap_return_29_int_reg                     |   16|   0|   16|          0|
    |ap_return_2_int_reg                      |   16|   0|   16|          0|
    |ap_return_300_int_reg                    |   16|   0|   16|          0|
    |ap_return_301_int_reg                    |   16|   0|   16|          0|
    |ap_return_302_int_reg                    |   16|   0|   16|          0|
    |ap_return_303_int_reg                    |   16|   0|   16|          0|
    |ap_return_304_int_reg                    |   16|   0|   16|          0|
    |ap_return_305_int_reg                    |   16|   0|   16|          0|
    |ap_return_306_int_reg                    |   16|   0|   16|          0|
    |ap_return_307_int_reg                    |   16|   0|   16|          0|
    |ap_return_308_int_reg                    |   16|   0|   16|          0|
    |ap_return_309_int_reg                    |   16|   0|   16|          0|
    |ap_return_30_int_reg                     |   16|   0|   16|          0|
    |ap_return_310_int_reg                    |   16|   0|   16|          0|
    |ap_return_311_int_reg                    |   16|   0|   16|          0|
    |ap_return_312_int_reg                    |   16|   0|   16|          0|
    |ap_return_313_int_reg                    |   16|   0|   16|          0|
    |ap_return_314_int_reg                    |   16|   0|   16|          0|
    |ap_return_315_int_reg                    |   16|   0|   16|          0|
    |ap_return_316_int_reg                    |   16|   0|   16|          0|
    |ap_return_317_int_reg                    |   16|   0|   16|          0|
    |ap_return_318_int_reg                    |   16|   0|   16|          0|
    |ap_return_319_int_reg                    |   16|   0|   16|          0|
    |ap_return_31_int_reg                     |   16|   0|   16|          0|
    |ap_return_32_int_reg                     |   16|   0|   16|          0|
    |ap_return_33_int_reg                     |   16|   0|   16|          0|
    |ap_return_34_int_reg                     |   16|   0|   16|          0|
    |ap_return_35_int_reg                     |   16|   0|   16|          0|
    |ap_return_36_int_reg                     |   16|   0|   16|          0|
    |ap_return_37_int_reg                     |   16|   0|   16|          0|
    |ap_return_38_int_reg                     |   16|   0|   16|          0|
    |ap_return_39_int_reg                     |   16|   0|   16|          0|
    |ap_return_3_int_reg                      |   16|   0|   16|          0|
    |ap_return_40_int_reg                     |   16|   0|   16|          0|
    |ap_return_41_int_reg                     |   16|   0|   16|          0|
    |ap_return_42_int_reg                     |   16|   0|   16|          0|
    |ap_return_43_int_reg                     |   16|   0|   16|          0|
    |ap_return_44_int_reg                     |   16|   0|   16|          0|
    |ap_return_45_int_reg                     |   16|   0|   16|          0|
    |ap_return_46_int_reg                     |   16|   0|   16|          0|
    |ap_return_47_int_reg                     |   16|   0|   16|          0|
    |ap_return_48_int_reg                     |   16|   0|   16|          0|
    |ap_return_49_int_reg                     |   16|   0|   16|          0|
    |ap_return_4_int_reg                      |   16|   0|   16|          0|
    |ap_return_50_int_reg                     |   16|   0|   16|          0|
    |ap_return_51_int_reg                     |   16|   0|   16|          0|
    |ap_return_52_int_reg                     |   16|   0|   16|          0|
    |ap_return_53_int_reg                     |   16|   0|   16|          0|
    |ap_return_54_int_reg                     |   16|   0|   16|          0|
    |ap_return_55_int_reg                     |   16|   0|   16|          0|
    |ap_return_56_int_reg                     |   16|   0|   16|          0|
    |ap_return_57_int_reg                     |   16|   0|   16|          0|
    |ap_return_58_int_reg                     |   16|   0|   16|          0|
    |ap_return_59_int_reg                     |   16|   0|   16|          0|
    |ap_return_5_int_reg                      |   16|   0|   16|          0|
    |ap_return_60_int_reg                     |   16|   0|   16|          0|
    |ap_return_61_int_reg                     |   16|   0|   16|          0|
    |ap_return_62_int_reg                     |   16|   0|   16|          0|
    |ap_return_63_int_reg                     |   16|   0|   16|          0|
    |ap_return_64_int_reg                     |   16|   0|   16|          0|
    |ap_return_65_int_reg                     |   16|   0|   16|          0|
    |ap_return_66_int_reg                     |   16|   0|   16|          0|
    |ap_return_67_int_reg                     |   16|   0|   16|          0|
    |ap_return_68_int_reg                     |   16|   0|   16|          0|
    |ap_return_69_int_reg                     |   16|   0|   16|          0|
    |ap_return_6_int_reg                      |   16|   0|   16|          0|
    |ap_return_70_int_reg                     |   16|   0|   16|          0|
    |ap_return_71_int_reg                     |   16|   0|   16|          0|
    |ap_return_72_int_reg                     |   16|   0|   16|          0|
    |ap_return_73_int_reg                     |   16|   0|   16|          0|
    |ap_return_74_int_reg                     |   16|   0|   16|          0|
    |ap_return_75_int_reg                     |   16|   0|   16|          0|
    |ap_return_76_int_reg                     |   16|   0|   16|          0|
    |ap_return_77_int_reg                     |   16|   0|   16|          0|
    |ap_return_78_int_reg                     |   16|   0|   16|          0|
    |ap_return_79_int_reg                     |   16|   0|   16|          0|
    |ap_return_7_int_reg                      |   16|   0|   16|          0|
    |ap_return_80_int_reg                     |   16|   0|   16|          0|
    |ap_return_81_int_reg                     |   16|   0|   16|          0|
    |ap_return_82_int_reg                     |   16|   0|   16|          0|
    |ap_return_83_int_reg                     |   16|   0|   16|          0|
    |ap_return_84_int_reg                     |   16|   0|   16|          0|
    |ap_return_85_int_reg                     |   16|   0|   16|          0|
    |ap_return_86_int_reg                     |   16|   0|   16|          0|
    |ap_return_87_int_reg                     |   16|   0|   16|          0|
    |ap_return_88_int_reg                     |   16|   0|   16|          0|
    |ap_return_89_int_reg                     |   16|   0|   16|          0|
    |ap_return_8_int_reg                      |   16|   0|   16|          0|
    |ap_return_90_int_reg                     |   16|   0|   16|          0|
    |ap_return_91_int_reg                     |   16|   0|   16|          0|
    |ap_return_92_int_reg                     |   16|   0|   16|          0|
    |ap_return_93_int_reg                     |   16|   0|   16|          0|
    |ap_return_94_int_reg                     |   16|   0|   16|          0|
    |ap_return_95_int_reg                     |   16|   0|   16|          0|
    |ap_return_96_int_reg                     |   16|   0|   16|          0|
    |ap_return_97_int_reg                     |   16|   0|   16|          0|
    |ap_return_98_int_reg                     |   16|   0|   16|          0|
    |ap_return_99_int_reg                     |   16|   0|   16|          0|
    |ap_return_9_int_reg                      |   16|   0|   16|          0|
    |data_0_val_int_reg                       |   16|   0|   16|          0|
    |data_100_val_int_reg                     |   16|   0|   16|          0|
    |data_101_val_int_reg                     |   16|   0|   16|          0|
    |data_102_val_int_reg                     |   16|   0|   16|          0|
    |data_103_val_int_reg                     |   16|   0|   16|          0|
    |data_104_val_int_reg                     |   16|   0|   16|          0|
    |data_105_val_int_reg                     |   16|   0|   16|          0|
    |data_106_val_int_reg                     |   16|   0|   16|          0|
    |data_107_val_int_reg                     |   16|   0|   16|          0|
    |data_108_val_int_reg                     |   16|   0|   16|          0|
    |data_109_val_int_reg                     |   16|   0|   16|          0|
    |data_10_val_int_reg                      |   16|   0|   16|          0|
    |data_111_val_int_reg                     |   16|   0|   16|          0|
    |data_112_val_int_reg                     |   16|   0|   16|          0|
    |data_113_val_int_reg                     |   16|   0|   16|          0|
    |data_114_val_int_reg                     |   16|   0|   16|          0|
    |data_115_val_int_reg                     |   16|   0|   16|          0|
    |data_116_val_int_reg                     |   16|   0|   16|          0|
    |data_117_val_int_reg                     |   16|   0|   16|          0|
    |data_118_val_int_reg                     |   16|   0|   16|          0|
    |data_119_val_int_reg                     |   16|   0|   16|          0|
    |data_11_val_int_reg                      |   16|   0|   16|          0|
    |data_120_val_int_reg                     |   16|   0|   16|          0|
    |data_121_val_int_reg                     |   16|   0|   16|          0|
    |data_122_val_int_reg                     |   16|   0|   16|          0|
    |data_123_val_int_reg                     |   16|   0|   16|          0|
    |data_124_val_int_reg                     |   16|   0|   16|          0|
    |data_125_val_int_reg                     |   16|   0|   16|          0|
    |data_126_val_int_reg                     |   16|   0|   16|          0|
    |data_127_val_int_reg                     |   16|   0|   16|          0|
    |data_128_val_int_reg                     |   16|   0|   16|          0|
    |data_129_val_int_reg                     |   16|   0|   16|          0|
    |data_12_val_int_reg                      |   16|   0|   16|          0|
    |data_130_val_int_reg                     |   16|   0|   16|          0|
    |data_132_val_int_reg                     |   16|   0|   16|          0|
    |data_133_val_int_reg                     |   16|   0|   16|          0|
    |data_134_val_int_reg                     |   16|   0|   16|          0|
    |data_135_val_int_reg                     |   16|   0|   16|          0|
    |data_136_val_int_reg                     |   16|   0|   16|          0|
    |data_137_val_int_reg                     |   16|   0|   16|          0|
    |data_138_val_int_reg                     |   16|   0|   16|          0|
    |data_139_val_int_reg                     |   16|   0|   16|          0|
    |data_13_val_int_reg                      |   16|   0|   16|          0|
    |data_140_val_int_reg                     |   16|   0|   16|          0|
    |data_141_val_int_reg                     |   16|   0|   16|          0|
    |data_142_val_int_reg                     |   16|   0|   16|          0|
    |data_143_val_int_reg                     |   16|   0|   16|          0|
    |data_144_val_int_reg                     |   16|   0|   16|          0|
    |data_145_val_int_reg                     |   16|   0|   16|          0|
    |data_146_val_int_reg                     |   16|   0|   16|          0|
    |data_147_val_int_reg                     |   16|   0|   16|          0|
    |data_148_val_int_reg                     |   16|   0|   16|          0|
    |data_149_val_int_reg                     |   16|   0|   16|          0|
    |data_14_val_int_reg                      |   16|   0|   16|          0|
    |data_150_val_int_reg                     |   16|   0|   16|          0|
    |data_151_val_int_reg                     |   16|   0|   16|          0|
    |data_153_val_int_reg                     |   16|   0|   16|          0|
    |data_154_val_int_reg                     |   16|   0|   16|          0|
    |data_155_val_int_reg                     |   16|   0|   16|          0|
    |data_156_val_int_reg                     |   16|   0|   16|          0|
    |data_157_val_int_reg                     |   16|   0|   16|          0|
    |data_158_val_int_reg                     |   16|   0|   16|          0|
    |data_159_val_int_reg                     |   16|   0|   16|          0|
    |data_15_val_int_reg                      |   16|   0|   16|          0|
    |data_160_val_int_reg                     |   16|   0|   16|          0|
    |data_161_val_int_reg                     |   16|   0|   16|          0|
    |data_162_val_int_reg                     |   16|   0|   16|          0|
    |data_163_val_int_reg                     |   16|   0|   16|          0|
    |data_164_val_int_reg                     |   16|   0|   16|          0|
    |data_165_val_int_reg                     |   16|   0|   16|          0|
    |data_166_val_int_reg                     |   16|   0|   16|          0|
    |data_167_val_int_reg                     |   16|   0|   16|          0|
    |data_168_val_int_reg                     |   16|   0|   16|          0|
    |data_169_val_int_reg                     |   16|   0|   16|          0|
    |data_16_val_int_reg                      |   16|   0|   16|          0|
    |data_170_val_int_reg                     |   16|   0|   16|          0|
    |data_171_val_int_reg                     |   16|   0|   16|          0|
    |data_172_val_int_reg                     |   16|   0|   16|          0|
    |data_174_val_int_reg                     |   16|   0|   16|          0|
    |data_175_val_int_reg                     |   16|   0|   16|          0|
    |data_176_val_int_reg                     |   16|   0|   16|          0|
    |data_177_val_int_reg                     |   16|   0|   16|          0|
    |data_178_val_int_reg                     |   16|   0|   16|          0|
    |data_179_val_int_reg                     |   16|   0|   16|          0|
    |data_17_val_int_reg                      |   16|   0|   16|          0|
    |data_180_val_int_reg                     |   16|   0|   16|          0|
    |data_181_val_int_reg                     |   16|   0|   16|          0|
    |data_182_val_int_reg                     |   16|   0|   16|          0|
    |data_183_val_int_reg                     |   16|   0|   16|          0|
    |data_184_val_int_reg                     |   16|   0|   16|          0|
    |data_185_val_int_reg                     |   16|   0|   16|          0|
    |data_186_val_int_reg                     |   16|   0|   16|          0|
    |data_187_val_int_reg                     |   16|   0|   16|          0|
    |data_188_val_int_reg                     |   16|   0|   16|          0|
    |data_189_val_int_reg                     |   16|   0|   16|          0|
    |data_18_val_int_reg                      |   16|   0|   16|          0|
    |data_190_val_int_reg                     |   16|   0|   16|          0|
    |data_191_val_int_reg                     |   16|   0|   16|          0|
    |data_192_val_int_reg                     |   16|   0|   16|          0|
    |data_193_val_int_reg                     |   16|   0|   16|          0|
    |data_195_val_int_reg                     |   16|   0|   16|          0|
    |data_196_val_int_reg                     |   16|   0|   16|          0|
    |data_197_val_int_reg                     |   16|   0|   16|          0|
    |data_198_val_int_reg                     |   16|   0|   16|          0|
    |data_199_val_int_reg                     |   16|   0|   16|          0|
    |data_19_val_int_reg                      |   16|   0|   16|          0|
    |data_1_val_int_reg                       |   16|   0|   16|          0|
    |data_200_val_int_reg                     |   16|   0|   16|          0|
    |data_201_val_int_reg                     |   16|   0|   16|          0|
    |data_202_val_int_reg                     |   16|   0|   16|          0|
    |data_203_val_int_reg                     |   16|   0|   16|          0|
    |data_204_val_int_reg                     |   16|   0|   16|          0|
    |data_205_val_int_reg                     |   16|   0|   16|          0|
    |data_206_val_int_reg                     |   16|   0|   16|          0|
    |data_207_val_int_reg                     |   16|   0|   16|          0|
    |data_208_val_int_reg                     |   16|   0|   16|          0|
    |data_209_val_int_reg                     |   16|   0|   16|          0|
    |data_20_val_int_reg                      |   16|   0|   16|          0|
    |data_210_val_int_reg                     |   16|   0|   16|          0|
    |data_211_val_int_reg                     |   16|   0|   16|          0|
    |data_212_val_int_reg                     |   16|   0|   16|          0|
    |data_213_val_int_reg                     |   16|   0|   16|          0|
    |data_214_val_int_reg                     |   16|   0|   16|          0|
    |data_216_val_int_reg                     |   16|   0|   16|          0|
    |data_217_val_int_reg                     |   16|   0|   16|          0|
    |data_218_val_int_reg                     |   16|   0|   16|          0|
    |data_219_val_int_reg                     |   16|   0|   16|          0|
    |data_21_val_int_reg                      |   16|   0|   16|          0|
    |data_220_val_int_reg                     |   16|   0|   16|          0|
    |data_221_val_int_reg                     |   16|   0|   16|          0|
    |data_222_val_int_reg                     |   16|   0|   16|          0|
    |data_223_val_int_reg                     |   16|   0|   16|          0|
    |data_224_val_int_reg                     |   16|   0|   16|          0|
    |data_225_val_int_reg                     |   16|   0|   16|          0|
    |data_226_val_int_reg                     |   16|   0|   16|          0|
    |data_227_val_int_reg                     |   16|   0|   16|          0|
    |data_228_val_int_reg                     |   16|   0|   16|          0|
    |data_229_val_int_reg                     |   16|   0|   16|          0|
    |data_22_val_int_reg                      |   16|   0|   16|          0|
    |data_230_val_int_reg                     |   16|   0|   16|          0|
    |data_231_val_int_reg                     |   16|   0|   16|          0|
    |data_232_val_int_reg                     |   16|   0|   16|          0|
    |data_233_val_int_reg                     |   16|   0|   16|          0|
    |data_234_val_int_reg                     |   16|   0|   16|          0|
    |data_235_val_int_reg                     |   16|   0|   16|          0|
    |data_237_val_int_reg                     |   16|   0|   16|          0|
    |data_238_val_int_reg                     |   16|   0|   16|          0|
    |data_239_val_int_reg                     |   16|   0|   16|          0|
    |data_23_val_int_reg                      |   16|   0|   16|          0|
    |data_240_val_int_reg                     |   16|   0|   16|          0|
    |data_241_val_int_reg                     |   16|   0|   16|          0|
    |data_242_val_int_reg                     |   16|   0|   16|          0|
    |data_243_val_int_reg                     |   16|   0|   16|          0|
    |data_244_val_int_reg                     |   16|   0|   16|          0|
    |data_245_val_int_reg                     |   16|   0|   16|          0|
    |data_246_val_int_reg                     |   16|   0|   16|          0|
    |data_247_val_int_reg                     |   16|   0|   16|          0|
    |data_248_val_int_reg                     |   16|   0|   16|          0|
    |data_249_val_int_reg                     |   16|   0|   16|          0|
    |data_24_val_int_reg                      |   16|   0|   16|          0|
    |data_250_val_int_reg                     |   16|   0|   16|          0|
    |data_251_val_int_reg                     |   16|   0|   16|          0|
    |data_252_val_int_reg                     |   16|   0|   16|          0|
    |data_253_val_int_reg                     |   16|   0|   16|          0|
    |data_254_val_int_reg                     |   16|   0|   16|          0|
    |data_255_val_int_reg                     |   16|   0|   16|          0|
    |data_256_val_int_reg                     |   16|   0|   16|          0|
    |data_258_val_int_reg                     |   16|   0|   16|          0|
    |data_259_val_int_reg                     |   16|   0|   16|          0|
    |data_25_val_int_reg                      |   16|   0|   16|          0|
    |data_260_val_int_reg                     |   16|   0|   16|          0|
    |data_261_val_int_reg                     |   16|   0|   16|          0|
    |data_262_val_int_reg                     |   16|   0|   16|          0|
    |data_263_val_int_reg                     |   16|   0|   16|          0|
    |data_264_val_int_reg                     |   16|   0|   16|          0|
    |data_265_val_int_reg                     |   16|   0|   16|          0|
    |data_266_val_int_reg                     |   16|   0|   16|          0|
    |data_267_val_int_reg                     |   16|   0|   16|          0|
    |data_268_val_int_reg                     |   16|   0|   16|          0|
    |data_269_val_int_reg                     |   16|   0|   16|          0|
    |data_270_val_int_reg                     |   16|   0|   16|          0|
    |data_271_val_int_reg                     |   16|   0|   16|          0|
    |data_272_val_int_reg                     |   16|   0|   16|          0|
    |data_273_val_int_reg                     |   16|   0|   16|          0|
    |data_274_val_int_reg                     |   16|   0|   16|          0|
    |data_275_val_int_reg                     |   16|   0|   16|          0|
    |data_276_val_int_reg                     |   16|   0|   16|          0|
    |data_277_val_int_reg                     |   16|   0|   16|          0|
    |data_279_val_int_reg                     |   16|   0|   16|          0|
    |data_27_val_int_reg                      |   16|   0|   16|          0|
    |data_280_val_int_reg                     |   16|   0|   16|          0|
    |data_281_val_int_reg                     |   16|   0|   16|          0|
    |data_282_val_int_reg                     |   16|   0|   16|          0|
    |data_283_val_int_reg                     |   16|   0|   16|          0|
    |data_284_val_int_reg                     |   16|   0|   16|          0|
    |data_285_val_int_reg                     |   16|   0|   16|          0|
    |data_286_val_int_reg                     |   16|   0|   16|          0|
    |data_287_val_int_reg                     |   16|   0|   16|          0|
    |data_288_val_int_reg                     |   16|   0|   16|          0|
    |data_289_val_int_reg                     |   16|   0|   16|          0|
    |data_28_val_int_reg                      |   16|   0|   16|          0|
    |data_290_val_int_reg                     |   16|   0|   16|          0|
    |data_291_val_int_reg                     |   16|   0|   16|          0|
    |data_292_val_int_reg                     |   16|   0|   16|          0|
    |data_293_val_int_reg                     |   16|   0|   16|          0|
    |data_294_val_int_reg                     |   16|   0|   16|          0|
    |data_295_val_int_reg                     |   16|   0|   16|          0|
    |data_296_val_int_reg                     |   16|   0|   16|          0|
    |data_297_val_int_reg                     |   16|   0|   16|          0|
    |data_298_val_int_reg                     |   16|   0|   16|          0|
    |data_29_val_int_reg                      |   16|   0|   16|          0|
    |data_2_val_int_reg                       |   16|   0|   16|          0|
    |data_300_val_int_reg                     |   16|   0|   16|          0|
    |data_301_val_int_reg                     |   16|   0|   16|          0|
    |data_302_val_int_reg                     |   16|   0|   16|          0|
    |data_303_val_int_reg                     |   16|   0|   16|          0|
    |data_304_val_int_reg                     |   16|   0|   16|          0|
    |data_305_val_int_reg                     |   16|   0|   16|          0|
    |data_306_val_int_reg                     |   16|   0|   16|          0|
    |data_307_val_int_reg                     |   16|   0|   16|          0|
    |data_308_val_int_reg                     |   16|   0|   16|          0|
    |data_309_val_int_reg                     |   16|   0|   16|          0|
    |data_30_val_int_reg                      |   16|   0|   16|          0|
    |data_310_val_int_reg                     |   16|   0|   16|          0|
    |data_311_val_int_reg                     |   16|   0|   16|          0|
    |data_312_val_int_reg                     |   16|   0|   16|          0|
    |data_313_val_int_reg                     |   16|   0|   16|          0|
    |data_314_val_int_reg                     |   16|   0|   16|          0|
    |data_315_val_int_reg                     |   16|   0|   16|          0|
    |data_316_val_int_reg                     |   16|   0|   16|          0|
    |data_317_val_int_reg                     |   16|   0|   16|          0|
    |data_318_val_int_reg                     |   16|   0|   16|          0|
    |data_319_val_int_reg                     |   16|   0|   16|          0|
    |data_31_val_int_reg                      |   16|   0|   16|          0|
    |data_321_val_int_reg                     |   16|   0|   16|          0|
    |data_322_val_int_reg                     |   16|   0|   16|          0|
    |data_323_val_int_reg                     |   16|   0|   16|          0|
    |data_324_val_int_reg                     |   16|   0|   16|          0|
    |data_325_val_int_reg                     |   16|   0|   16|          0|
    |data_326_val_int_reg                     |   16|   0|   16|          0|
    |data_327_val_int_reg                     |   16|   0|   16|          0|
    |data_328_val_int_reg                     |   16|   0|   16|          0|
    |data_329_val_int_reg                     |   16|   0|   16|          0|
    |data_32_val_int_reg                      |   16|   0|   16|          0|
    |data_330_val_int_reg                     |   16|   0|   16|          0|
    |data_331_val_int_reg                     |   16|   0|   16|          0|
    |data_332_val_int_reg                     |   16|   0|   16|          0|
    |data_333_val_int_reg                     |   16|   0|   16|          0|
    |data_334_val_int_reg                     |   16|   0|   16|          0|
    |data_335_val_int_reg                     |   16|   0|   16|          0|
    |data_33_val_int_reg                      |   16|   0|   16|          0|
    |data_34_val_int_reg                      |   16|   0|   16|          0|
    |data_35_val_int_reg                      |   16|   0|   16|          0|
    |data_36_val_int_reg                      |   16|   0|   16|          0|
    |data_37_val_int_reg                      |   16|   0|   16|          0|
    |data_38_val_int_reg                      |   16|   0|   16|          0|
    |data_39_val_int_reg                      |   16|   0|   16|          0|
    |data_3_val_int_reg                       |   16|   0|   16|          0|
    |data_40_val_int_reg                      |   16|   0|   16|          0|
    |data_41_val_int_reg                      |   16|   0|   16|          0|
    |data_42_val_int_reg                      |   16|   0|   16|          0|
    |data_43_val_int_reg                      |   16|   0|   16|          0|
    |data_44_val_int_reg                      |   16|   0|   16|          0|
    |data_45_val_int_reg                      |   16|   0|   16|          0|
    |data_46_val_int_reg                      |   16|   0|   16|          0|
    |data_48_val_int_reg                      |   16|   0|   16|          0|
    |data_49_val_int_reg                      |   16|   0|   16|          0|
    |data_4_val_int_reg                       |   16|   0|   16|          0|
    |data_50_val_int_reg                      |   16|   0|   16|          0|
    |data_51_val_int_reg                      |   16|   0|   16|          0|
    |data_52_val_int_reg                      |   16|   0|   16|          0|
    |data_53_val_int_reg                      |   16|   0|   16|          0|
    |data_54_val_int_reg                      |   16|   0|   16|          0|
    |data_55_val_int_reg                      |   16|   0|   16|          0|
    |data_56_val_int_reg                      |   16|   0|   16|          0|
    |data_57_val_int_reg                      |   16|   0|   16|          0|
    |data_58_val_int_reg                      |   16|   0|   16|          0|
    |data_59_val_int_reg                      |   16|   0|   16|          0|
    |data_60_val_int_reg                      |   16|   0|   16|          0|
    |data_61_val_int_reg                      |   16|   0|   16|          0|
    |data_62_val_int_reg                      |   16|   0|   16|          0|
    |data_63_val_int_reg                      |   16|   0|   16|          0|
    |data_64_val_int_reg                      |   16|   0|   16|          0|
    |data_65_val_int_reg                      |   16|   0|   16|          0|
    |data_66_val_int_reg                      |   16|   0|   16|          0|
    |data_67_val_int_reg                      |   16|   0|   16|          0|
    |data_69_val_int_reg                      |   16|   0|   16|          0|
    |data_6_val_int_reg                       |   16|   0|   16|          0|
    |data_70_val_int_reg                      |   16|   0|   16|          0|
    |data_71_val_int_reg                      |   16|   0|   16|          0|
    |data_72_val_int_reg                      |   16|   0|   16|          0|
    |data_73_val_int_reg                      |   16|   0|   16|          0|
    |data_74_val_int_reg                      |   16|   0|   16|          0|
    |data_75_val_int_reg                      |   16|   0|   16|          0|
    |data_76_val_int_reg                      |   16|   0|   16|          0|
    |data_77_val_int_reg                      |   16|   0|   16|          0|
    |data_78_val_int_reg                      |   16|   0|   16|          0|
    |data_79_val_int_reg                      |   16|   0|   16|          0|
    |data_7_val_int_reg                       |   16|   0|   16|          0|
    |data_80_val_int_reg                      |   16|   0|   16|          0|
    |data_81_val_int_reg                      |   16|   0|   16|          0|
    |data_82_val_int_reg                      |   16|   0|   16|          0|
    |data_83_val_int_reg                      |   16|   0|   16|          0|
    |data_84_val_int_reg                      |   16|   0|   16|          0|
    |data_85_val_int_reg                      |   16|   0|   16|          0|
    |data_86_val_int_reg                      |   16|   0|   16|          0|
    |data_87_val_int_reg                      |   16|   0|   16|          0|
    |data_88_val_int_reg                      |   16|   0|   16|          0|
    |data_8_val_int_reg                       |   16|   0|   16|          0|
    |data_90_val_int_reg                      |   16|   0|   16|          0|
    |data_91_val_int_reg                      |   16|   0|   16|          0|
    |data_92_val_int_reg                      |   16|   0|   16|          0|
    |data_93_val_int_reg                      |   16|   0|   16|          0|
    |data_94_val_int_reg                      |   16|   0|   16|          0|
    |data_95_val_int_reg                      |   16|   0|   16|          0|
    |data_96_val_int_reg                      |   16|   0|   16|          0|
    |data_97_val_int_reg                      |   16|   0|   16|          0|
    |data_98_val_int_reg                      |   16|   0|   16|          0|
    |data_99_val_int_reg                      |   16|   0|   16|          0|
    |data_9_val_int_reg                       |   16|   0|   16|          0|
    |mul_ln59_100_reg_403329                  |   26|   0|   26|          0|
    |mul_ln59_101_reg_403334                  |   26|   0|   26|          0|
    |mul_ln59_102_reg_403339                  |   26|   0|   26|          0|
    |mul_ln59_103_reg_403344                  |   26|   0|   26|          0|
    |mul_ln59_104_reg_403349                  |   26|   0|   26|          0|
    |mul_ln59_105_reg_403354                  |   26|   0|   26|          0|
    |mul_ln59_106_reg_403359                  |   26|   0|   26|          0|
    |mul_ln59_107_reg_403364                  |   24|   0|   24|          0|
    |mul_ln59_108_reg_403369                  |   26|   0|   26|          0|
    |mul_ln59_109_reg_403374                  |   26|   0|   26|          0|
    |mul_ln59_10_reg_402879                   |   26|   0|   26|          0|
    |mul_ln59_110_reg_403379                  |   26|   0|   26|          0|
    |mul_ln59_111_reg_403384                  |   25|   0|   25|          0|
    |mul_ln59_112_reg_403389                  |   26|   0|   26|          0|
    |mul_ln59_113_reg_403394                  |   26|   0|   26|          0|
    |mul_ln59_114_reg_403399                  |   26|   0|   26|          0|
    |mul_ln59_115_reg_403404                  |   26|   0|   26|          0|
    |mul_ln59_116_reg_403409                  |   26|   0|   26|          0|
    |mul_ln59_117_reg_403414                  |   26|   0|   26|          0|
    |mul_ln59_118_reg_403419                  |   26|   0|   26|          0|
    |mul_ln59_119_reg_403424                  |   26|   0|   26|          0|
    |mul_ln59_11_reg_402884                   |   26|   0|   26|          0|
    |mul_ln59_120_reg_403429                  |   26|   0|   26|          0|
    |mul_ln59_121_reg_403434                  |   26|   0|   26|          0|
    |mul_ln59_122_reg_403439                  |   26|   0|   26|          0|
    |mul_ln59_123_reg_403444                  |   26|   0|   26|          0|
    |mul_ln59_124_reg_403449                  |   26|   0|   26|          0|
    |mul_ln59_125_reg_403454                  |   24|   0|   24|          0|
    |mul_ln59_126_reg_403459                  |   26|   0|   26|          0|
    |mul_ln59_127_reg_403464                  |   26|   0|   26|          0|
    |mul_ln59_128_reg_403469                  |   26|   0|   26|          0|
    |mul_ln59_129_reg_403474                  |   25|   0|   25|          0|
    |mul_ln59_12_reg_402889                   |   26|   0|   26|          0|
    |mul_ln59_130_reg_403479                  |   26|   0|   26|          0|
    |mul_ln59_131_reg_403484                  |   26|   0|   26|          0|
    |mul_ln59_132_reg_403489                  |   26|   0|   26|          0|
    |mul_ln59_133_reg_403494                  |   26|   0|   26|          0|
    |mul_ln59_134_reg_403499                  |   26|   0|   26|          0|
    |mul_ln59_135_reg_403504                  |   26|   0|   26|          0|
    |mul_ln59_136_reg_403509                  |   26|   0|   26|          0|
    |mul_ln59_137_reg_403514                  |   26|   0|   26|          0|
    |mul_ln59_138_reg_403519                  |   26|   0|   26|          0|
    |mul_ln59_139_reg_403524                  |   26|   0|   26|          0|
    |mul_ln59_13_reg_402894                   |   26|   0|   26|          0|
    |mul_ln59_140_reg_403529                  |   26|   0|   26|          0|
    |mul_ln59_141_reg_403534                  |   26|   0|   26|          0|
    |mul_ln59_142_reg_403539                  |   26|   0|   26|          0|
    |mul_ln59_143_reg_403544                  |   24|   0|   24|          0|
    |mul_ln59_144_reg_403549                  |   26|   0|   26|          0|
    |mul_ln59_145_reg_403554                  |   26|   0|   26|          0|
    |mul_ln59_146_reg_403559                  |   26|   0|   26|          0|
    |mul_ln59_147_reg_403564                  |   25|   0|   25|          0|
    |mul_ln59_148_reg_403569                  |   26|   0|   26|          0|
    |mul_ln59_149_reg_403574                  |   26|   0|   26|          0|
    |mul_ln59_14_reg_402899                   |   26|   0|   26|          0|
    |mul_ln59_150_reg_403579                  |   26|   0|   26|          0|
    |mul_ln59_151_reg_403584                  |   26|   0|   26|          0|
    |mul_ln59_152_reg_403589                  |   26|   0|   26|          0|
    |mul_ln59_153_reg_403594                  |   26|   0|   26|          0|
    |mul_ln59_154_reg_403599                  |   26|   0|   26|          0|
    |mul_ln59_155_reg_403604                  |   26|   0|   26|          0|
    |mul_ln59_156_reg_403609                  |   26|   0|   26|          0|
    |mul_ln59_157_reg_403614                  |   26|   0|   26|          0|
    |mul_ln59_158_reg_403619                  |   26|   0|   26|          0|
    |mul_ln59_159_reg_403624                  |   26|   0|   26|          0|
    |mul_ln59_15_reg_402904                   |   26|   0|   26|          0|
    |mul_ln59_160_reg_403629                  |   26|   0|   26|          0|
    |mul_ln59_161_reg_403634                  |   24|   0|   24|          0|
    |mul_ln59_162_reg_403639                  |   26|   0|   26|          0|
    |mul_ln59_163_reg_403644                  |   26|   0|   26|          0|
    |mul_ln59_164_reg_403649                  |   26|   0|   26|          0|
    |mul_ln59_165_reg_403654                  |   25|   0|   25|          0|
    |mul_ln59_166_reg_403659                  |   26|   0|   26|          0|
    |mul_ln59_167_reg_403664                  |   26|   0|   26|          0|
    |mul_ln59_168_reg_403669                  |   26|   0|   26|          0|
    |mul_ln59_169_reg_403674                  |   26|   0|   26|          0|
    |mul_ln59_16_reg_402909                   |   26|   0|   26|          0|
    |mul_ln59_170_reg_403679                  |   26|   0|   26|          0|
    |mul_ln59_171_reg_403684                  |   26|   0|   26|          0|
    |mul_ln59_172_reg_403689                  |   26|   0|   26|          0|
    |mul_ln59_173_reg_403694                  |   26|   0|   26|          0|
    |mul_ln59_174_reg_403699                  |   26|   0|   26|          0|
    |mul_ln59_175_reg_403704                  |   26|   0|   26|          0|
    |mul_ln59_176_reg_403709                  |   26|   0|   26|          0|
    |mul_ln59_177_reg_403714                  |   26|   0|   26|          0|
    |mul_ln59_178_reg_403719                  |   26|   0|   26|          0|
    |mul_ln59_179_reg_403724                  |   24|   0|   24|          0|
    |mul_ln59_17_reg_402914                   |   24|   0|   24|          0|
    |mul_ln59_180_reg_403729                  |   26|   0|   26|          0|
    |mul_ln59_181_reg_403734                  |   26|   0|   26|          0|
    |mul_ln59_182_reg_403739                  |   26|   0|   26|          0|
    |mul_ln59_183_reg_403744                  |   25|   0|   25|          0|
    |mul_ln59_184_reg_403749                  |   26|   0|   26|          0|
    |mul_ln59_185_reg_403754                  |   26|   0|   26|          0|
    |mul_ln59_186_reg_403759                  |   26|   0|   26|          0|
    |mul_ln59_187_reg_403764                  |   26|   0|   26|          0|
    |mul_ln59_188_reg_403769                  |   26|   0|   26|          0|
    |mul_ln59_189_reg_403774                  |   26|   0|   26|          0|
    |mul_ln59_18_reg_402919                   |   26|   0|   26|          0|
    |mul_ln59_190_reg_403779                  |   26|   0|   26|          0|
    |mul_ln59_191_reg_403784                  |   26|   0|   26|          0|
    |mul_ln59_192_reg_403789                  |   26|   0|   26|          0|
    |mul_ln59_193_reg_403794                  |   26|   0|   26|          0|
    |mul_ln59_194_reg_403799                  |   26|   0|   26|          0|
    |mul_ln59_195_reg_403804                  |   26|   0|   26|          0|
    |mul_ln59_196_reg_403809                  |   26|   0|   26|          0|
    |mul_ln59_197_reg_403814                  |   24|   0|   24|          0|
    |mul_ln59_198_reg_403819                  |   26|   0|   26|          0|
    |mul_ln59_199_reg_403824                  |   26|   0|   26|          0|
    |mul_ln59_19_reg_402924                   |   26|   0|   26|          0|
    |mul_ln59_1_reg_402834                    |   26|   0|   26|          0|
    |mul_ln59_200_reg_403829                  |   26|   0|   26|          0|
    |mul_ln59_201_reg_403834                  |   25|   0|   25|          0|
    |mul_ln59_202_reg_403839                  |   26|   0|   26|          0|
    |mul_ln59_203_reg_403844                  |   26|   0|   26|          0|
    |mul_ln59_204_reg_403849                  |   26|   0|   26|          0|
    |mul_ln59_205_reg_403854                  |   26|   0|   26|          0|
    |mul_ln59_206_reg_403859                  |   26|   0|   26|          0|
    |mul_ln59_207_reg_403864                  |   26|   0|   26|          0|
    |mul_ln59_208_reg_403869                  |   26|   0|   26|          0|
    |mul_ln59_209_reg_403874                  |   26|   0|   26|          0|
    |mul_ln59_20_reg_402929                   |   26|   0|   26|          0|
    |mul_ln59_210_reg_403879                  |   26|   0|   26|          0|
    |mul_ln59_211_reg_403884                  |   26|   0|   26|          0|
    |mul_ln59_212_reg_403889                  |   26|   0|   26|          0|
    |mul_ln59_213_reg_403894                  |   26|   0|   26|          0|
    |mul_ln59_214_reg_403899                  |   26|   0|   26|          0|
    |mul_ln59_215_reg_403904                  |   24|   0|   24|          0|
    |mul_ln59_216_reg_403909                  |   26|   0|   26|          0|
    |mul_ln59_217_reg_403914                  |   26|   0|   26|          0|
    |mul_ln59_218_reg_403919                  |   26|   0|   26|          0|
    |mul_ln59_219_reg_403924                  |   25|   0|   25|          0|
    |mul_ln59_21_reg_402934                   |   25|   0|   25|          0|
    |mul_ln59_220_reg_403929                  |   26|   0|   26|          0|
    |mul_ln59_221_reg_403934                  |   26|   0|   26|          0|
    |mul_ln59_222_reg_403939                  |   26|   0|   26|          0|
    |mul_ln59_223_reg_403944                  |   26|   0|   26|          0|
    |mul_ln59_224_reg_403949                  |   26|   0|   26|          0|
    |mul_ln59_225_reg_403954                  |   26|   0|   26|          0|
    |mul_ln59_226_reg_403959                  |   26|   0|   26|          0|
    |mul_ln59_227_reg_403964                  |   26|   0|   26|          0|
    |mul_ln59_228_reg_403969                  |   26|   0|   26|          0|
    |mul_ln59_229_reg_403974                  |   26|   0|   26|          0|
    |mul_ln59_22_reg_402939                   |   26|   0|   26|          0|
    |mul_ln59_230_reg_403979                  |   26|   0|   26|          0|
    |mul_ln59_231_reg_403984                  |   26|   0|   26|          0|
    |mul_ln59_232_reg_403989                  |   26|   0|   26|          0|
    |mul_ln59_233_reg_403994                  |   24|   0|   24|          0|
    |mul_ln59_234_reg_403999                  |   26|   0|   26|          0|
    |mul_ln59_235_reg_404004                  |   26|   0|   26|          0|
    |mul_ln59_236_reg_404009                  |   26|   0|   26|          0|
    |mul_ln59_237_reg_404014                  |   25|   0|   25|          0|
    |mul_ln59_238_reg_404019                  |   26|   0|   26|          0|
    |mul_ln59_239_reg_404024                  |   26|   0|   26|          0|
    |mul_ln59_23_reg_402944                   |   26|   0|   26|          0|
    |mul_ln59_240_reg_404029                  |   26|   0|   26|          0|
    |mul_ln59_241_reg_404034                  |   26|   0|   26|          0|
    |mul_ln59_242_reg_404039                  |   26|   0|   26|          0|
    |mul_ln59_243_reg_404044                  |   26|   0|   26|          0|
    |mul_ln59_244_reg_404049                  |   26|   0|   26|          0|
    |mul_ln59_245_reg_404054                  |   26|   0|   26|          0|
    |mul_ln59_246_reg_404059                  |   26|   0|   26|          0|
    |mul_ln59_247_reg_404064                  |   26|   0|   26|          0|
    |mul_ln59_248_reg_404069                  |   26|   0|   26|          0|
    |mul_ln59_249_reg_404074                  |   26|   0|   26|          0|
    |mul_ln59_24_reg_402949                   |   26|   0|   26|          0|
    |mul_ln59_250_reg_404079                  |   26|   0|   26|          0|
    |mul_ln59_251_reg_404084                  |   24|   0|   24|          0|
    |mul_ln59_252_reg_404089                  |   26|   0|   26|          0|
    |mul_ln59_253_reg_404094                  |   26|   0|   26|          0|
    |mul_ln59_254_reg_404099                  |   26|   0|   26|          0|
    |mul_ln59_255_reg_404104                  |   25|   0|   25|          0|
    |mul_ln59_256_reg_404109                  |   26|   0|   26|          0|
    |mul_ln59_257_reg_404114                  |   26|   0|   26|          0|
    |mul_ln59_258_reg_404119                  |   26|   0|   26|          0|
    |mul_ln59_259_reg_404124                  |   26|   0|   26|          0|
    |mul_ln59_25_reg_402954                   |   26|   0|   26|          0|
    |mul_ln59_260_reg_404129                  |   26|   0|   26|          0|
    |mul_ln59_261_reg_404134                  |   26|   0|   26|          0|
    |mul_ln59_262_reg_404139                  |   26|   0|   26|          0|
    |mul_ln59_263_reg_404144                  |   26|   0|   26|          0|
    |mul_ln59_264_reg_404149                  |   26|   0|   26|          0|
    |mul_ln59_265_reg_404154                  |   26|   0|   26|          0|
    |mul_ln59_266_reg_404159                  |   26|   0|   26|          0|
    |mul_ln59_267_reg_404164                  |   26|   0|   26|          0|
    |mul_ln59_268_reg_404169                  |   26|   0|   26|          0|
    |mul_ln59_269_reg_404174                  |   24|   0|   24|          0|
    |mul_ln59_26_reg_402959                   |   26|   0|   26|          0|
    |mul_ln59_270_reg_404179                  |   26|   0|   26|          0|
    |mul_ln59_271_reg_404184                  |   26|   0|   26|          0|
    |mul_ln59_272_reg_404189                  |   26|   0|   26|          0|
    |mul_ln59_273_reg_404194                  |   25|   0|   25|          0|
    |mul_ln59_274_reg_404199                  |   26|   0|   26|          0|
    |mul_ln59_275_reg_404204                  |   26|   0|   26|          0|
    |mul_ln59_276_reg_404209                  |   26|   0|   26|          0|
    |mul_ln59_277_reg_404214                  |   26|   0|   26|          0|
    |mul_ln59_278_reg_404219                  |   26|   0|   26|          0|
    |mul_ln59_279_reg_404224                  |   26|   0|   26|          0|
    |mul_ln59_27_reg_402964                   |   26|   0|   26|          0|
    |mul_ln59_280_reg_404229                  |   26|   0|   26|          0|
    |mul_ln59_281_reg_404234                  |   26|   0|   26|          0|
    |mul_ln59_282_reg_404239                  |   26|   0|   26|          0|
    |mul_ln59_283_reg_404244                  |   26|   0|   26|          0|
    |mul_ln59_284_reg_404249                  |   26|   0|   26|          0|
    |mul_ln59_285_reg_404254                  |   26|   0|   26|          0|
    |mul_ln59_286_reg_404259                  |   26|   0|   26|          0|
    |mul_ln59_287_reg_404264                  |   24|   0|   24|          0|
    |mul_ln59_28_reg_402969                   |   26|   0|   26|          0|
    |mul_ln59_29_reg_402974                   |   26|   0|   26|          0|
    |mul_ln59_2_reg_402839                    |   26|   0|   26|          0|
    |mul_ln59_30_reg_402979                   |   26|   0|   26|          0|
    |mul_ln59_31_reg_402984                   |   26|   0|   26|          0|
    |mul_ln59_32_reg_402989                   |   26|   0|   26|          0|
    |mul_ln59_33_reg_402994                   |   26|   0|   26|          0|
    |mul_ln59_34_reg_402999                   |   26|   0|   26|          0|
    |mul_ln59_35_reg_403004                   |   24|   0|   24|          0|
    |mul_ln59_36_reg_403009                   |   26|   0|   26|          0|
    |mul_ln59_37_reg_403014                   |   26|   0|   26|          0|
    |mul_ln59_38_reg_403019                   |   26|   0|   26|          0|
    |mul_ln59_39_reg_403024                   |   25|   0|   25|          0|
    |mul_ln59_3_reg_402844                    |   25|   0|   25|          0|
    |mul_ln59_40_reg_403029                   |   26|   0|   26|          0|
    |mul_ln59_41_reg_403034                   |   26|   0|   26|          0|
    |mul_ln59_42_reg_403039                   |   26|   0|   26|          0|
    |mul_ln59_43_reg_403044                   |   26|   0|   26|          0|
    |mul_ln59_44_reg_403049                   |   26|   0|   26|          0|
    |mul_ln59_45_reg_403054                   |   26|   0|   26|          0|
    |mul_ln59_46_reg_403059                   |   26|   0|   26|          0|
    |mul_ln59_47_reg_403064                   |   26|   0|   26|          0|
    |mul_ln59_48_reg_403069                   |   26|   0|   26|          0|
    |mul_ln59_49_reg_403074                   |   26|   0|   26|          0|
    |mul_ln59_4_reg_402849                    |   26|   0|   26|          0|
    |mul_ln59_50_reg_403079                   |   26|   0|   26|          0|
    |mul_ln59_51_reg_403084                   |   26|   0|   26|          0|
    |mul_ln59_52_reg_403089                   |   26|   0|   26|          0|
    |mul_ln59_53_reg_403094                   |   24|   0|   24|          0|
    |mul_ln59_54_reg_403099                   |   26|   0|   26|          0|
    |mul_ln59_55_reg_403104                   |   26|   0|   26|          0|
    |mul_ln59_56_reg_403109                   |   26|   0|   26|          0|
    |mul_ln59_57_reg_403114                   |   25|   0|   25|          0|
    |mul_ln59_58_reg_403119                   |   26|   0|   26|          0|
    |mul_ln59_59_reg_403124                   |   26|   0|   26|          0|
    |mul_ln59_5_reg_402854                    |   26|   0|   26|          0|
    |mul_ln59_60_reg_403129                   |   26|   0|   26|          0|
    |mul_ln59_61_reg_403134                   |   26|   0|   26|          0|
    |mul_ln59_62_reg_403139                   |   26|   0|   26|          0|
    |mul_ln59_63_reg_403144                   |   26|   0|   26|          0|
    |mul_ln59_64_reg_403149                   |   26|   0|   26|          0|
    |mul_ln59_65_reg_403154                   |   26|   0|   26|          0|
    |mul_ln59_66_reg_403159                   |   26|   0|   26|          0|
    |mul_ln59_67_reg_403164                   |   26|   0|   26|          0|
    |mul_ln59_68_reg_403169                   |   26|   0|   26|          0|
    |mul_ln59_69_reg_403174                   |   26|   0|   26|          0|
    |mul_ln59_6_reg_402859                    |   26|   0|   26|          0|
    |mul_ln59_70_reg_403179                   |   26|   0|   26|          0|
    |mul_ln59_71_reg_403184                   |   24|   0|   24|          0|
    |mul_ln59_72_reg_403189                   |   26|   0|   26|          0|
    |mul_ln59_73_reg_403194                   |   26|   0|   26|          0|
    |mul_ln59_74_reg_403199                   |   26|   0|   26|          0|
    |mul_ln59_75_reg_403204                   |   25|   0|   25|          0|
    |mul_ln59_76_reg_403209                   |   26|   0|   26|          0|
    |mul_ln59_77_reg_403214                   |   26|   0|   26|          0|
    |mul_ln59_78_reg_403219                   |   26|   0|   26|          0|
    |mul_ln59_79_reg_403224                   |   26|   0|   26|          0|
    |mul_ln59_7_reg_402864                    |   26|   0|   26|          0|
    |mul_ln59_80_reg_403229                   |   26|   0|   26|          0|
    |mul_ln59_81_reg_403234                   |   26|   0|   26|          0|
    |mul_ln59_82_reg_403239                   |   26|   0|   26|          0|
    |mul_ln59_83_reg_403244                   |   26|   0|   26|          0|
    |mul_ln59_84_reg_403249                   |   26|   0|   26|          0|
    |mul_ln59_85_reg_403254                   |   26|   0|   26|          0|
    |mul_ln59_86_reg_403259                   |   26|   0|   26|          0|
    |mul_ln59_87_reg_403264                   |   26|   0|   26|          0|
    |mul_ln59_88_reg_403269                   |   26|   0|   26|          0|
    |mul_ln59_89_reg_403274                   |   24|   0|   24|          0|
    |mul_ln59_8_reg_402869                    |   26|   0|   26|          0|
    |mul_ln59_90_reg_403279                   |   26|   0|   26|          0|
    |mul_ln59_91_reg_403284                   |   26|   0|   26|          0|
    |mul_ln59_92_reg_403289                   |   26|   0|   26|          0|
    |mul_ln59_93_reg_403294                   |   25|   0|   25|          0|
    |mul_ln59_94_reg_403299                   |   26|   0|   26|          0|
    |mul_ln59_95_reg_403304                   |   26|   0|   26|          0|
    |mul_ln59_96_reg_403309                   |   26|   0|   26|          0|
    |mul_ln59_97_reg_403314                   |   26|   0|   26|          0|
    |mul_ln59_98_reg_403319                   |   26|   0|   26|          0|
    |mul_ln59_99_reg_403324                   |   26|   0|   26|          0|
    |mul_ln59_9_reg_402874                    |   26|   0|   26|          0|
    |mul_ln59_reg_402829                      |   26|   0|   26|          0|
    |trunc_ln59_112_reg_401794                |   16|   0|   16|          0|
    |trunc_ln59_112_reg_401794_pp0_iter1_reg  |   16|   0|   16|          0|
    |trunc_ln59_113_reg_401799                |    8|   0|    8|          0|
    |trunc_ln59_113_reg_401799_pp0_iter1_reg  |    8|   0|    8|          0|
    |trunc_ln59_12_reg_401294                 |   16|   0|   16|          0|
    |trunc_ln59_12_reg_401294_pp0_iter1_reg   |   16|   0|   16|          0|
    |trunc_ln59_132_reg_401894                |   16|   0|   16|          0|
    |trunc_ln59_132_reg_401894_pp0_iter1_reg  |   16|   0|   16|          0|
    |trunc_ln59_133_reg_401899                |    8|   0|    8|          0|
    |trunc_ln59_133_reg_401899_pp0_iter1_reg  |    8|   0|    8|          0|
    |trunc_ln59_13_reg_401299                 |    8|   0|    8|          0|
    |trunc_ln59_13_reg_401299_pp0_iter1_reg   |    8|   0|    8|          0|
    |trunc_ln59_152_reg_401994                |   16|   0|   16|          0|
    |trunc_ln59_152_reg_401994_pp0_iter1_reg  |   16|   0|   16|          0|
    |trunc_ln59_153_reg_401999                |    8|   0|    8|          0|
    |trunc_ln59_153_reg_401999_pp0_iter1_reg  |    8|   0|    8|          0|
    |trunc_ln59_172_reg_402094                |   16|   0|   16|          0|
    |trunc_ln59_172_reg_402094_pp0_iter1_reg  |   16|   0|   16|          0|
    |trunc_ln59_173_reg_402099                |    8|   0|    8|          0|
    |trunc_ln59_173_reg_402099_pp0_iter1_reg  |    8|   0|    8|          0|
    |trunc_ln59_192_reg_402194                |   16|   0|   16|          0|
    |trunc_ln59_192_reg_402194_pp0_iter1_reg  |   16|   0|   16|          0|
    |trunc_ln59_193_reg_402199                |    8|   0|    8|          0|
    |trunc_ln59_193_reg_402199_pp0_iter1_reg  |    8|   0|    8|          0|
    |trunc_ln59_212_reg_402294                |   16|   0|   16|          0|
    |trunc_ln59_212_reg_402294_pp0_iter1_reg  |   16|   0|   16|          0|
    |trunc_ln59_213_reg_402299                |    8|   0|    8|          0|
    |trunc_ln59_213_reg_402299_pp0_iter1_reg  |    8|   0|    8|          0|
    |trunc_ln59_232_reg_402394                |   16|   0|   16|          0|
    |trunc_ln59_232_reg_402394_pp0_iter1_reg  |   16|   0|   16|          0|
    |trunc_ln59_233_reg_402399                |    8|   0|    8|          0|
    |trunc_ln59_233_reg_402399_pp0_iter1_reg  |    8|   0|    8|          0|
    |trunc_ln59_252_reg_402494                |   16|   0|   16|          0|
    |trunc_ln59_252_reg_402494_pp0_iter1_reg  |   16|   0|   16|          0|
    |trunc_ln59_253_reg_402499                |    8|   0|    8|          0|
    |trunc_ln59_253_reg_402499_pp0_iter1_reg  |    8|   0|    8|          0|
    |trunc_ln59_272_reg_402594                |   16|   0|   16|          0|
    |trunc_ln59_272_reg_402594_pp0_iter1_reg  |   16|   0|   16|          0|
    |trunc_ln59_273_reg_402599                |    8|   0|    8|          0|
    |trunc_ln59_273_reg_402599_pp0_iter1_reg  |    8|   0|    8|          0|
    |trunc_ln59_292_reg_402694                |   16|   0|   16|          0|
    |trunc_ln59_292_reg_402694_pp0_iter1_reg  |   16|   0|   16|          0|
    |trunc_ln59_293_reg_402699                |    8|   0|    8|          0|
    |trunc_ln59_293_reg_402699_pp0_iter1_reg  |    8|   0|    8|          0|
    |trunc_ln59_312_reg_402794                |   16|   0|   16|          0|
    |trunc_ln59_312_reg_402794_pp0_iter1_reg  |   16|   0|   16|          0|
    |trunc_ln59_313_reg_402799                |    8|   0|    8|          0|
    |trunc_ln59_313_reg_402799_pp0_iter1_reg  |    8|   0|    8|          0|
    |trunc_ln59_32_reg_401394                 |   16|   0|   16|          0|
    |trunc_ln59_32_reg_401394_pp0_iter1_reg   |   16|   0|   16|          0|
    |trunc_ln59_33_reg_401399                 |    8|   0|    8|          0|
    |trunc_ln59_33_reg_401399_pp0_iter1_reg   |    8|   0|    8|          0|
    |trunc_ln59_52_reg_401494                 |   16|   0|   16|          0|
    |trunc_ln59_52_reg_401494_pp0_iter1_reg   |   16|   0|   16|          0|
    |trunc_ln59_53_reg_401499                 |    8|   0|    8|          0|
    |trunc_ln59_53_reg_401499_pp0_iter1_reg   |    8|   0|    8|          0|
    |trunc_ln59_72_reg_401594                 |   16|   0|   16|          0|
    |trunc_ln59_72_reg_401594_pp0_iter1_reg   |   16|   0|   16|          0|
    |trunc_ln59_73_reg_401599                 |    8|   0|    8|          0|
    |trunc_ln59_73_reg_401599_pp0_iter1_reg   |    8|   0|    8|          0|
    |trunc_ln59_92_reg_401694                 |   16|   0|   16|          0|
    |trunc_ln59_92_reg_401694_pp0_iter1_reg   |   16|   0|   16|          0|
    |trunc_ln59_93_reg_401699                 |    8|   0|    8|          0|
    |trunc_ln59_93_reg_401699_pp0_iter1_reg   |    8|   0|    8|          0|
    +-----------------------------------------+-----+----+-----+-----------+
    |Total                                    |18449|   0|18449|          0|
    +-----------------------------------------+-----+----+-----+-----------+



================================================================
== Interface
================================================================
* Summary: 
+---------------+-----+-----+------------+------------------------------------------------------------------------+--------------+
|   RTL Ports   | Dir | Bits|  Protocol  |                              Source Object                             |    C Type    |
+---------------+-----+-----+------------+------------------------------------------------------------------------+--------------+
|ap_clk         |   in|    1|  ap_ctrl_hs|  normalize<ap_fixed<16, 6, 5, 3, 0>, ap_fixed<16, 6, 5, 3, 0>, config2>|  return value|
|ap_rst         |   in|    1|  ap_ctrl_hs|  normalize<ap_fixed<16, 6, 5, 3, 0>, ap_fixed<16, 6, 5, 3, 0>, config2>|  return value|
|ap_return_0    |  out|   16|  ap_ctrl_hs|  normalize<ap_fixed<16, 6, 5, 3, 0>, ap_fixed<16, 6, 5, 3, 0>, config2>|  return value|
|ap_return_1    |  out|   16|  ap_ctrl_hs|  normalize<ap_fixed<16, 6, 5, 3, 0>, ap_fixed<16, 6, 5, 3, 0>, config2>|  return value|
|ap_return_2    |  out|   16|  ap_ctrl_hs|  normalize<ap_fixed<16, 6, 5, 3, 0>, ap_fixed<16, 6, 5, 3, 0>, config2>|  return value|
|ap_return_3    |  out|   16|  ap_ctrl_hs|  normalize<ap_fixed<16, 6, 5, 3, 0>, ap_fixed<16, 6, 5, 3, 0>, config2>|  return value|
|ap_return_4    |  out|   16|  ap_ctrl_hs|  normalize<ap_fixed<16, 6, 5, 3, 0>, ap_fixed<16, 6, 5, 3, 0>, config2>|  return value|
|ap_return_5    |  out|   16|  ap_ctrl_hs|  normalize<ap_fixed<16, 6, 5, 3, 0>, ap_fixed<16, 6, 5, 3, 0>, config2>|  return value|
|ap_return_6    |  out|   16|  ap_ctrl_hs|  normalize<ap_fixed<16, 6, 5, 3, 0>, ap_fixed<16, 6, 5, 3, 0>, config2>|  return value|
|ap_return_7    |  out|   16|  ap_ctrl_hs|  normalize<ap_fixed<16, 6, 5, 3, 0>, ap_fixed<16, 6, 5, 3, 0>, config2>|  return value|
|ap_return_8    |  out|   16|  ap_ctrl_hs|  normalize<ap_fixed<16, 6, 5, 3, 0>, ap_fixed<16, 6, 5, 3, 0>, config2>|  return value|
|ap_return_9    |  out|   16|  ap_ctrl_hs|  normalize<ap_fixed<16, 6, 5, 3, 0>, ap_fixed<16, 6, 5, 3, 0>, config2>|  return value|
|ap_return_10   |  out|   16|  ap_ctrl_hs|  normalize<ap_fixed<16, 6, 5, 3, 0>, ap_fixed<16, 6, 5, 3, 0>, config2>|  return value|
|ap_return_11   |  out|   16|  ap_ctrl_hs|  normalize<ap_fixed<16, 6, 5, 3, 0>, ap_fixed<16, 6, 5, 3, 0>, config2>|  return value|
|ap_return_12   |  out|   16|  ap_ctrl_hs|  normalize<ap_fixed<16, 6, 5, 3, 0>, ap_fixed<16, 6, 5, 3, 0>, config2>|  return value|
|ap_return_13   |  out|   16|  ap_ctrl_hs|  normalize<ap_fixed<16, 6, 5, 3, 0>, ap_fixed<16, 6, 5, 3, 0>, config2>|  return value|
|ap_return_14   |  out|   16|  ap_ctrl_hs|  normalize<ap_fixed<16, 6, 5, 3, 0>, ap_fixed<16, 6, 5, 3, 0>, config2>|  return value|
|ap_return_15   |  out|   16|  ap_ctrl_hs|  normalize<ap_fixed<16, 6, 5, 3, 0>, ap_fixed<16, 6, 5, 3, 0>, config2>|  return value|
|ap_return_16   |  out|   16|  ap_ctrl_hs|  normalize<ap_fixed<16, 6, 5, 3, 0>, ap_fixed<16, 6, 5, 3, 0>, config2>|  return value|
|ap_return_17   |  out|   16|  ap_ctrl_hs|  normalize<ap_fixed<16, 6, 5, 3, 0>, ap_fixed<16, 6, 5, 3, 0>, config2>|  return value|
|ap_return_18   |  out|   16|  ap_ctrl_hs|  normalize<ap_fixed<16, 6, 5, 3, 0>, ap_fixed<16, 6, 5, 3, 0>, config2>|  return value|
|ap_return_19   |  out|   16|  ap_ctrl_hs|  normalize<ap_fixed<16, 6, 5, 3, 0>, ap_fixed<16, 6, 5, 3, 0>, config2>|  return value|
|ap_return_20   |  out|   16|  ap_ctrl_hs|  normalize<ap_fixed<16, 6, 5, 3, 0>, ap_fixed<16, 6, 5, 3, 0>, config2>|  return value|
|ap_return_21   |  out|   16|  ap_ctrl_hs|  normalize<ap_fixed<16, 6, 5, 3, 0>, ap_fixed<16, 6, 5, 3, 0>, config2>|  return value|
|ap_return_22   |  out|   16|  ap_ctrl_hs|  normalize<ap_fixed<16, 6, 5, 3, 0>, ap_fixed<16, 6, 5, 3, 0>, config2>|  return value|
|ap_return_23   |  out|   16|  ap_ctrl_hs|  normalize<ap_fixed<16, 6, 5, 3, 0>, ap_fixed<16, 6, 5, 3, 0>, config2>|  return value|
|ap_return_24   |  out|   16|  ap_ctrl_hs|  normalize<ap_fixed<16, 6, 5, 3, 0>, ap_fixed<16, 6, 5, 3, 0>, config2>|  return value|
|ap_return_25   |  out|   16|  ap_ctrl_hs|  normalize<ap_fixed<16, 6, 5, 3, 0>, ap_fixed<16, 6, 5, 3, 0>, config2>|  return value|
|ap_return_26   |  out|   16|  ap_ctrl_hs|  normalize<ap_fixed<16, 6, 5, 3, 0>, ap_fixed<16, 6, 5, 3, 0>, config2>|  return value|
|ap_return_27   |  out|   16|  ap_ctrl_hs|  normalize<ap_fixed<16, 6, 5, 3, 0>, ap_fixed<16, 6, 5, 3, 0>, config2>|  return value|
|ap_return_28   |  out|   16|  ap_ctrl_hs|  normalize<ap_fixed<16, 6, 5, 3, 0>, ap_fixed<16, 6, 5, 3, 0>, config2>|  return value|
|ap_return_29   |  out|   16|  ap_ctrl_hs|  normalize<ap_fixed<16, 6, 5, 3, 0>, ap_fixed<16, 6, 5, 3, 0>, config2>|  return value|
|ap_return_30   |  out|   16|  ap_ctrl_hs|  normalize<ap_fixed<16, 6, 5, 3, 0>, ap_fixed<16, 6, 5, 3, 0>, config2>|  return value|
|ap_return_31   |  out|   16|  ap_ctrl_hs|  normalize<ap_fixed<16, 6, 5, 3, 0>, ap_fixed<16, 6, 5, 3, 0>, config2>|  return value|
|ap_return_32   |  out|   16|  ap_ctrl_hs|  normalize<ap_fixed<16, 6, 5, 3, 0>, ap_fixed<16, 6, 5, 3, 0>, config2>|  return value|
|ap_return_33   |  out|   16|  ap_ctrl_hs|  normalize<ap_fixed<16, 6, 5, 3, 0>, ap_fixed<16, 6, 5, 3, 0>, config2>|  return value|
|ap_return_34   |  out|   16|  ap_ctrl_hs|  normalize<ap_fixed<16, 6, 5, 3, 0>, ap_fixed<16, 6, 5, 3, 0>, config2>|  return value|
|ap_return_35   |  out|   16|  ap_ctrl_hs|  normalize<ap_fixed<16, 6, 5, 3, 0>, ap_fixed<16, 6, 5, 3, 0>, config2>|  return value|
|ap_return_36   |  out|   16|  ap_ctrl_hs|  normalize<ap_fixed<16, 6, 5, 3, 0>, ap_fixed<16, 6, 5, 3, 0>, config2>|  return value|
|ap_return_37   |  out|   16|  ap_ctrl_hs|  normalize<ap_fixed<16, 6, 5, 3, 0>, ap_fixed<16, 6, 5, 3, 0>, config2>|  return value|
|ap_return_38   |  out|   16|  ap_ctrl_hs|  normalize<ap_fixed<16, 6, 5, 3, 0>, ap_fixed<16, 6, 5, 3, 0>, config2>|  return value|
|ap_return_39   |  out|   16|  ap_ctrl_hs|  normalize<ap_fixed<16, 6, 5, 3, 0>, ap_fixed<16, 6, 5, 3, 0>, config2>|  return value|
|ap_return_40   |  out|   16|  ap_ctrl_hs|  normalize<ap_fixed<16, 6, 5, 3, 0>, ap_fixed<16, 6, 5, 3, 0>, config2>|  return value|
|ap_return_41   |  out|   16|  ap_ctrl_hs|  normalize<ap_fixed<16, 6, 5, 3, 0>, ap_fixed<16, 6, 5, 3, 0>, config2>|  return value|
|ap_return_42   |  out|   16|  ap_ctrl_hs|  normalize<ap_fixed<16, 6, 5, 3, 0>, ap_fixed<16, 6, 5, 3, 0>, config2>|  return value|
|ap_return_43   |  out|   16|  ap_ctrl_hs|  normalize<ap_fixed<16, 6, 5, 3, 0>, ap_fixed<16, 6, 5, 3, 0>, config2>|  return value|
|ap_return_44   |  out|   16|  ap_ctrl_hs|  normalize<ap_fixed<16, 6, 5, 3, 0>, ap_fixed<16, 6, 5, 3, 0>, config2>|  return value|
|ap_return_45   |  out|   16|  ap_ctrl_hs|  normalize<ap_fixed<16, 6, 5, 3, 0>, ap_fixed<16, 6, 5, 3, 0>, config2>|  return value|
|ap_return_46   |  out|   16|  ap_ctrl_hs|  normalize<ap_fixed<16, 6, 5, 3, 0>, ap_fixed<16, 6, 5, 3, 0>, config2>|  return value|
|ap_return_47   |  out|   16|  ap_ctrl_hs|  normalize<ap_fixed<16, 6, 5, 3, 0>, ap_fixed<16, 6, 5, 3, 0>, config2>|  return value|
|ap_return_48   |  out|   16|  ap_ctrl_hs|  normalize<ap_fixed<16, 6, 5, 3, 0>, ap_fixed<16, 6, 5, 3, 0>, config2>|  return value|
|ap_return_49   |  out|   16|  ap_ctrl_hs|  normalize<ap_fixed<16, 6, 5, 3, 0>, ap_fixed<16, 6, 5, 3, 0>, config2>|  return value|
|ap_return_50   |  out|   16|  ap_ctrl_hs|  normalize<ap_fixed<16, 6, 5, 3, 0>, ap_fixed<16, 6, 5, 3, 0>, config2>|  return value|
|ap_return_51   |  out|   16|  ap_ctrl_hs|  normalize<ap_fixed<16, 6, 5, 3, 0>, ap_fixed<16, 6, 5, 3, 0>, config2>|  return value|
|ap_return_52   |  out|   16|  ap_ctrl_hs|  normalize<ap_fixed<16, 6, 5, 3, 0>, ap_fixed<16, 6, 5, 3, 0>, config2>|  return value|
|ap_return_53   |  out|   16|  ap_ctrl_hs|  normalize<ap_fixed<16, 6, 5, 3, 0>, ap_fixed<16, 6, 5, 3, 0>, config2>|  return value|
|ap_return_54   |  out|   16|  ap_ctrl_hs|  normalize<ap_fixed<16, 6, 5, 3, 0>, ap_fixed<16, 6, 5, 3, 0>, config2>|  return value|
|ap_return_55   |  out|   16|  ap_ctrl_hs|  normalize<ap_fixed<16, 6, 5, 3, 0>, ap_fixed<16, 6, 5, 3, 0>, config2>|  return value|
|ap_return_56   |  out|   16|  ap_ctrl_hs|  normalize<ap_fixed<16, 6, 5, 3, 0>, ap_fixed<16, 6, 5, 3, 0>, config2>|  return value|
|ap_return_57   |  out|   16|  ap_ctrl_hs|  normalize<ap_fixed<16, 6, 5, 3, 0>, ap_fixed<16, 6, 5, 3, 0>, config2>|  return value|
|ap_return_58   |  out|   16|  ap_ctrl_hs|  normalize<ap_fixed<16, 6, 5, 3, 0>, ap_fixed<16, 6, 5, 3, 0>, config2>|  return value|
|ap_return_59   |  out|   16|  ap_ctrl_hs|  normalize<ap_fixed<16, 6, 5, 3, 0>, ap_fixed<16, 6, 5, 3, 0>, config2>|  return value|
|ap_return_60   |  out|   16|  ap_ctrl_hs|  normalize<ap_fixed<16, 6, 5, 3, 0>, ap_fixed<16, 6, 5, 3, 0>, config2>|  return value|
|ap_return_61   |  out|   16|  ap_ctrl_hs|  normalize<ap_fixed<16, 6, 5, 3, 0>, ap_fixed<16, 6, 5, 3, 0>, config2>|  return value|
|ap_return_62   |  out|   16|  ap_ctrl_hs|  normalize<ap_fixed<16, 6, 5, 3, 0>, ap_fixed<16, 6, 5, 3, 0>, config2>|  return value|
|ap_return_63   |  out|   16|  ap_ctrl_hs|  normalize<ap_fixed<16, 6, 5, 3, 0>, ap_fixed<16, 6, 5, 3, 0>, config2>|  return value|
|ap_return_64   |  out|   16|  ap_ctrl_hs|  normalize<ap_fixed<16, 6, 5, 3, 0>, ap_fixed<16, 6, 5, 3, 0>, config2>|  return value|
|ap_return_65   |  out|   16|  ap_ctrl_hs|  normalize<ap_fixed<16, 6, 5, 3, 0>, ap_fixed<16, 6, 5, 3, 0>, config2>|  return value|
|ap_return_66   |  out|   16|  ap_ctrl_hs|  normalize<ap_fixed<16, 6, 5, 3, 0>, ap_fixed<16, 6, 5, 3, 0>, config2>|  return value|
|ap_return_67   |  out|   16|  ap_ctrl_hs|  normalize<ap_fixed<16, 6, 5, 3, 0>, ap_fixed<16, 6, 5, 3, 0>, config2>|  return value|
|ap_return_68   |  out|   16|  ap_ctrl_hs|  normalize<ap_fixed<16, 6, 5, 3, 0>, ap_fixed<16, 6, 5, 3, 0>, config2>|  return value|
|ap_return_69   |  out|   16|  ap_ctrl_hs|  normalize<ap_fixed<16, 6, 5, 3, 0>, ap_fixed<16, 6, 5, 3, 0>, config2>|  return value|
|ap_return_70   |  out|   16|  ap_ctrl_hs|  normalize<ap_fixed<16, 6, 5, 3, 0>, ap_fixed<16, 6, 5, 3, 0>, config2>|  return value|
|ap_return_71   |  out|   16|  ap_ctrl_hs|  normalize<ap_fixed<16, 6, 5, 3, 0>, ap_fixed<16, 6, 5, 3, 0>, config2>|  return value|
|ap_return_72   |  out|   16|  ap_ctrl_hs|  normalize<ap_fixed<16, 6, 5, 3, 0>, ap_fixed<16, 6, 5, 3, 0>, config2>|  return value|
|ap_return_73   |  out|   16|  ap_ctrl_hs|  normalize<ap_fixed<16, 6, 5, 3, 0>, ap_fixed<16, 6, 5, 3, 0>, config2>|  return value|
|ap_return_74   |  out|   16|  ap_ctrl_hs|  normalize<ap_fixed<16, 6, 5, 3, 0>, ap_fixed<16, 6, 5, 3, 0>, config2>|  return value|
|ap_return_75   |  out|   16|  ap_ctrl_hs|  normalize<ap_fixed<16, 6, 5, 3, 0>, ap_fixed<16, 6, 5, 3, 0>, config2>|  return value|
|ap_return_76   |  out|   16|  ap_ctrl_hs|  normalize<ap_fixed<16, 6, 5, 3, 0>, ap_fixed<16, 6, 5, 3, 0>, config2>|  return value|
|ap_return_77   |  out|   16|  ap_ctrl_hs|  normalize<ap_fixed<16, 6, 5, 3, 0>, ap_fixed<16, 6, 5, 3, 0>, config2>|  return value|
|ap_return_78   |  out|   16|  ap_ctrl_hs|  normalize<ap_fixed<16, 6, 5, 3, 0>, ap_fixed<16, 6, 5, 3, 0>, config2>|  return value|
|ap_return_79   |  out|   16|  ap_ctrl_hs|  normalize<ap_fixed<16, 6, 5, 3, 0>, ap_fixed<16, 6, 5, 3, 0>, config2>|  return value|
|ap_return_80   |  out|   16|  ap_ctrl_hs|  normalize<ap_fixed<16, 6, 5, 3, 0>, ap_fixed<16, 6, 5, 3, 0>, config2>|  return value|
|ap_return_81   |  out|   16|  ap_ctrl_hs|  normalize<ap_fixed<16, 6, 5, 3, 0>, ap_fixed<16, 6, 5, 3, 0>, config2>|  return value|
|ap_return_82   |  out|   16|  ap_ctrl_hs|  normalize<ap_fixed<16, 6, 5, 3, 0>, ap_fixed<16, 6, 5, 3, 0>, config2>|  return value|
|ap_return_83   |  out|   16|  ap_ctrl_hs|  normalize<ap_fixed<16, 6, 5, 3, 0>, ap_fixed<16, 6, 5, 3, 0>, config2>|  return value|
|ap_return_84   |  out|   16|  ap_ctrl_hs|  normalize<ap_fixed<16, 6, 5, 3, 0>, ap_fixed<16, 6, 5, 3, 0>, config2>|  return value|
|ap_return_85   |  out|   16|  ap_ctrl_hs|  normalize<ap_fixed<16, 6, 5, 3, 0>, ap_fixed<16, 6, 5, 3, 0>, config2>|  return value|
|ap_return_86   |  out|   16|  ap_ctrl_hs|  normalize<ap_fixed<16, 6, 5, 3, 0>, ap_fixed<16, 6, 5, 3, 0>, config2>|  return value|
|ap_return_87   |  out|   16|  ap_ctrl_hs|  normalize<ap_fixed<16, 6, 5, 3, 0>, ap_fixed<16, 6, 5, 3, 0>, config2>|  return value|
|ap_return_88   |  out|   16|  ap_ctrl_hs|  normalize<ap_fixed<16, 6, 5, 3, 0>, ap_fixed<16, 6, 5, 3, 0>, config2>|  return value|
|ap_return_89   |  out|   16|  ap_ctrl_hs|  normalize<ap_fixed<16, 6, 5, 3, 0>, ap_fixed<16, 6, 5, 3, 0>, config2>|  return value|
|ap_return_90   |  out|   16|  ap_ctrl_hs|  normalize<ap_fixed<16, 6, 5, 3, 0>, ap_fixed<16, 6, 5, 3, 0>, config2>|  return value|
|ap_return_91   |  out|   16|  ap_ctrl_hs|  normalize<ap_fixed<16, 6, 5, 3, 0>, ap_fixed<16, 6, 5, 3, 0>, config2>|  return value|
|ap_return_92   |  out|   16|  ap_ctrl_hs|  normalize<ap_fixed<16, 6, 5, 3, 0>, ap_fixed<16, 6, 5, 3, 0>, config2>|  return value|
|ap_return_93   |  out|   16|  ap_ctrl_hs|  normalize<ap_fixed<16, 6, 5, 3, 0>, ap_fixed<16, 6, 5, 3, 0>, config2>|  return value|
|ap_return_94   |  out|   16|  ap_ctrl_hs|  normalize<ap_fixed<16, 6, 5, 3, 0>, ap_fixed<16, 6, 5, 3, 0>, config2>|  return value|
|ap_return_95   |  out|   16|  ap_ctrl_hs|  normalize<ap_fixed<16, 6, 5, 3, 0>, ap_fixed<16, 6, 5, 3, 0>, config2>|  return value|
|ap_return_96   |  out|   16|  ap_ctrl_hs|  normalize<ap_fixed<16, 6, 5, 3, 0>, ap_fixed<16, 6, 5, 3, 0>, config2>|  return value|
|ap_return_97   |  out|   16|  ap_ctrl_hs|  normalize<ap_fixed<16, 6, 5, 3, 0>, ap_fixed<16, 6, 5, 3, 0>, config2>|  return value|
|ap_return_98   |  out|   16|  ap_ctrl_hs|  normalize<ap_fixed<16, 6, 5, 3, 0>, ap_fixed<16, 6, 5, 3, 0>, config2>|  return value|
|ap_return_99   |  out|   16|  ap_ctrl_hs|  normalize<ap_fixed<16, 6, 5, 3, 0>, ap_fixed<16, 6, 5, 3, 0>, config2>|  return value|
|ap_return_100  |  out|   16|  ap_ctrl_hs|  normalize<ap_fixed<16, 6, 5, 3, 0>, ap_fixed<16, 6, 5, 3, 0>, config2>|  return value|
|ap_return_101  |  out|   16|  ap_ctrl_hs|  normalize<ap_fixed<16, 6, 5, 3, 0>, ap_fixed<16, 6, 5, 3, 0>, config2>|  return value|
|ap_return_102  |  out|   16|  ap_ctrl_hs|  normalize<ap_fixed<16, 6, 5, 3, 0>, ap_fixed<16, 6, 5, 3, 0>, config2>|  return value|
|ap_return_103  |  out|   16|  ap_ctrl_hs|  normalize<ap_fixed<16, 6, 5, 3, 0>, ap_fixed<16, 6, 5, 3, 0>, config2>|  return value|
|ap_return_104  |  out|   16|  ap_ctrl_hs|  normalize<ap_fixed<16, 6, 5, 3, 0>, ap_fixed<16, 6, 5, 3, 0>, config2>|  return value|
|ap_return_105  |  out|   16|  ap_ctrl_hs|  normalize<ap_fixed<16, 6, 5, 3, 0>, ap_fixed<16, 6, 5, 3, 0>, config2>|  return value|
|ap_return_106  |  out|   16|  ap_ctrl_hs|  normalize<ap_fixed<16, 6, 5, 3, 0>, ap_fixed<16, 6, 5, 3, 0>, config2>|  return value|
|ap_return_107  |  out|   16|  ap_ctrl_hs|  normalize<ap_fixed<16, 6, 5, 3, 0>, ap_fixed<16, 6, 5, 3, 0>, config2>|  return value|
|ap_return_108  |  out|   16|  ap_ctrl_hs|  normalize<ap_fixed<16, 6, 5, 3, 0>, ap_fixed<16, 6, 5, 3, 0>, config2>|  return value|
|ap_return_109  |  out|   16|  ap_ctrl_hs|  normalize<ap_fixed<16, 6, 5, 3, 0>, ap_fixed<16, 6, 5, 3, 0>, config2>|  return value|
|ap_return_110  |  out|   16|  ap_ctrl_hs|  normalize<ap_fixed<16, 6, 5, 3, 0>, ap_fixed<16, 6, 5, 3, 0>, config2>|  return value|
|ap_return_111  |  out|   16|  ap_ctrl_hs|  normalize<ap_fixed<16, 6, 5, 3, 0>, ap_fixed<16, 6, 5, 3, 0>, config2>|  return value|
|ap_return_112  |  out|   16|  ap_ctrl_hs|  normalize<ap_fixed<16, 6, 5, 3, 0>, ap_fixed<16, 6, 5, 3, 0>, config2>|  return value|
|ap_return_113  |  out|   16|  ap_ctrl_hs|  normalize<ap_fixed<16, 6, 5, 3, 0>, ap_fixed<16, 6, 5, 3, 0>, config2>|  return value|
|ap_return_114  |  out|   16|  ap_ctrl_hs|  normalize<ap_fixed<16, 6, 5, 3, 0>, ap_fixed<16, 6, 5, 3, 0>, config2>|  return value|
|ap_return_115  |  out|   16|  ap_ctrl_hs|  normalize<ap_fixed<16, 6, 5, 3, 0>, ap_fixed<16, 6, 5, 3, 0>, config2>|  return value|
|ap_return_116  |  out|   16|  ap_ctrl_hs|  normalize<ap_fixed<16, 6, 5, 3, 0>, ap_fixed<16, 6, 5, 3, 0>, config2>|  return value|
|ap_return_117  |  out|   16|  ap_ctrl_hs|  normalize<ap_fixed<16, 6, 5, 3, 0>, ap_fixed<16, 6, 5, 3, 0>, config2>|  return value|
|ap_return_118  |  out|   16|  ap_ctrl_hs|  normalize<ap_fixed<16, 6, 5, 3, 0>, ap_fixed<16, 6, 5, 3, 0>, config2>|  return value|
|ap_return_119  |  out|   16|  ap_ctrl_hs|  normalize<ap_fixed<16, 6, 5, 3, 0>, ap_fixed<16, 6, 5, 3, 0>, config2>|  return value|
|ap_return_120  |  out|   16|  ap_ctrl_hs|  normalize<ap_fixed<16, 6, 5, 3, 0>, ap_fixed<16, 6, 5, 3, 0>, config2>|  return value|
|ap_return_121  |  out|   16|  ap_ctrl_hs|  normalize<ap_fixed<16, 6, 5, 3, 0>, ap_fixed<16, 6, 5, 3, 0>, config2>|  return value|
|ap_return_122  |  out|   16|  ap_ctrl_hs|  normalize<ap_fixed<16, 6, 5, 3, 0>, ap_fixed<16, 6, 5, 3, 0>, config2>|  return value|
|ap_return_123  |  out|   16|  ap_ctrl_hs|  normalize<ap_fixed<16, 6, 5, 3, 0>, ap_fixed<16, 6, 5, 3, 0>, config2>|  return value|
|ap_return_124  |  out|   16|  ap_ctrl_hs|  normalize<ap_fixed<16, 6, 5, 3, 0>, ap_fixed<16, 6, 5, 3, 0>, config2>|  return value|
|ap_return_125  |  out|   16|  ap_ctrl_hs|  normalize<ap_fixed<16, 6, 5, 3, 0>, ap_fixed<16, 6, 5, 3, 0>, config2>|  return value|
|ap_return_126  |  out|   16|  ap_ctrl_hs|  normalize<ap_fixed<16, 6, 5, 3, 0>, ap_fixed<16, 6, 5, 3, 0>, config2>|  return value|
|ap_return_127  |  out|   16|  ap_ctrl_hs|  normalize<ap_fixed<16, 6, 5, 3, 0>, ap_fixed<16, 6, 5, 3, 0>, config2>|  return value|
|ap_return_128  |  out|   16|  ap_ctrl_hs|  normalize<ap_fixed<16, 6, 5, 3, 0>, ap_fixed<16, 6, 5, 3, 0>, config2>|  return value|
|ap_return_129  |  out|   16|  ap_ctrl_hs|  normalize<ap_fixed<16, 6, 5, 3, 0>, ap_fixed<16, 6, 5, 3, 0>, config2>|  return value|
|ap_return_130  |  out|   16|  ap_ctrl_hs|  normalize<ap_fixed<16, 6, 5, 3, 0>, ap_fixed<16, 6, 5, 3, 0>, config2>|  return value|
|ap_return_131  |  out|   16|  ap_ctrl_hs|  normalize<ap_fixed<16, 6, 5, 3, 0>, ap_fixed<16, 6, 5, 3, 0>, config2>|  return value|
|ap_return_132  |  out|   16|  ap_ctrl_hs|  normalize<ap_fixed<16, 6, 5, 3, 0>, ap_fixed<16, 6, 5, 3, 0>, config2>|  return value|
|ap_return_133  |  out|   16|  ap_ctrl_hs|  normalize<ap_fixed<16, 6, 5, 3, 0>, ap_fixed<16, 6, 5, 3, 0>, config2>|  return value|
|ap_return_134  |  out|   16|  ap_ctrl_hs|  normalize<ap_fixed<16, 6, 5, 3, 0>, ap_fixed<16, 6, 5, 3, 0>, config2>|  return value|
|ap_return_135  |  out|   16|  ap_ctrl_hs|  normalize<ap_fixed<16, 6, 5, 3, 0>, ap_fixed<16, 6, 5, 3, 0>, config2>|  return value|
|ap_return_136  |  out|   16|  ap_ctrl_hs|  normalize<ap_fixed<16, 6, 5, 3, 0>, ap_fixed<16, 6, 5, 3, 0>, config2>|  return value|
|ap_return_137  |  out|   16|  ap_ctrl_hs|  normalize<ap_fixed<16, 6, 5, 3, 0>, ap_fixed<16, 6, 5, 3, 0>, config2>|  return value|
|ap_return_138  |  out|   16|  ap_ctrl_hs|  normalize<ap_fixed<16, 6, 5, 3, 0>, ap_fixed<16, 6, 5, 3, 0>, config2>|  return value|
|ap_return_139  |  out|   16|  ap_ctrl_hs|  normalize<ap_fixed<16, 6, 5, 3, 0>, ap_fixed<16, 6, 5, 3, 0>, config2>|  return value|
|ap_return_140  |  out|   16|  ap_ctrl_hs|  normalize<ap_fixed<16, 6, 5, 3, 0>, ap_fixed<16, 6, 5, 3, 0>, config2>|  return value|
|ap_return_141  |  out|   16|  ap_ctrl_hs|  normalize<ap_fixed<16, 6, 5, 3, 0>, ap_fixed<16, 6, 5, 3, 0>, config2>|  return value|
|ap_return_142  |  out|   16|  ap_ctrl_hs|  normalize<ap_fixed<16, 6, 5, 3, 0>, ap_fixed<16, 6, 5, 3, 0>, config2>|  return value|
|ap_return_143  |  out|   16|  ap_ctrl_hs|  normalize<ap_fixed<16, 6, 5, 3, 0>, ap_fixed<16, 6, 5, 3, 0>, config2>|  return value|
|ap_return_144  |  out|   16|  ap_ctrl_hs|  normalize<ap_fixed<16, 6, 5, 3, 0>, ap_fixed<16, 6, 5, 3, 0>, config2>|  return value|
|ap_return_145  |  out|   16|  ap_ctrl_hs|  normalize<ap_fixed<16, 6, 5, 3, 0>, ap_fixed<16, 6, 5, 3, 0>, config2>|  return value|
|ap_return_146  |  out|   16|  ap_ctrl_hs|  normalize<ap_fixed<16, 6, 5, 3, 0>, ap_fixed<16, 6, 5, 3, 0>, config2>|  return value|
|ap_return_147  |  out|   16|  ap_ctrl_hs|  normalize<ap_fixed<16, 6, 5, 3, 0>, ap_fixed<16, 6, 5, 3, 0>, config2>|  return value|
|ap_return_148  |  out|   16|  ap_ctrl_hs|  normalize<ap_fixed<16, 6, 5, 3, 0>, ap_fixed<16, 6, 5, 3, 0>, config2>|  return value|
|ap_return_149  |  out|   16|  ap_ctrl_hs|  normalize<ap_fixed<16, 6, 5, 3, 0>, ap_fixed<16, 6, 5, 3, 0>, config2>|  return value|
|ap_return_150  |  out|   16|  ap_ctrl_hs|  normalize<ap_fixed<16, 6, 5, 3, 0>, ap_fixed<16, 6, 5, 3, 0>, config2>|  return value|
|ap_return_151  |  out|   16|  ap_ctrl_hs|  normalize<ap_fixed<16, 6, 5, 3, 0>, ap_fixed<16, 6, 5, 3, 0>, config2>|  return value|
|ap_return_152  |  out|   16|  ap_ctrl_hs|  normalize<ap_fixed<16, 6, 5, 3, 0>, ap_fixed<16, 6, 5, 3, 0>, config2>|  return value|
|ap_return_153  |  out|   16|  ap_ctrl_hs|  normalize<ap_fixed<16, 6, 5, 3, 0>, ap_fixed<16, 6, 5, 3, 0>, config2>|  return value|
|ap_return_154  |  out|   16|  ap_ctrl_hs|  normalize<ap_fixed<16, 6, 5, 3, 0>, ap_fixed<16, 6, 5, 3, 0>, config2>|  return value|
|ap_return_155  |  out|   16|  ap_ctrl_hs|  normalize<ap_fixed<16, 6, 5, 3, 0>, ap_fixed<16, 6, 5, 3, 0>, config2>|  return value|
|ap_return_156  |  out|   16|  ap_ctrl_hs|  normalize<ap_fixed<16, 6, 5, 3, 0>, ap_fixed<16, 6, 5, 3, 0>, config2>|  return value|
|ap_return_157  |  out|   16|  ap_ctrl_hs|  normalize<ap_fixed<16, 6, 5, 3, 0>, ap_fixed<16, 6, 5, 3, 0>, config2>|  return value|
|ap_return_158  |  out|   16|  ap_ctrl_hs|  normalize<ap_fixed<16, 6, 5, 3, 0>, ap_fixed<16, 6, 5, 3, 0>, config2>|  return value|
|ap_return_159  |  out|   16|  ap_ctrl_hs|  normalize<ap_fixed<16, 6, 5, 3, 0>, ap_fixed<16, 6, 5, 3, 0>, config2>|  return value|
|ap_return_160  |  out|   16|  ap_ctrl_hs|  normalize<ap_fixed<16, 6, 5, 3, 0>, ap_fixed<16, 6, 5, 3, 0>, config2>|  return value|
|ap_return_161  |  out|   16|  ap_ctrl_hs|  normalize<ap_fixed<16, 6, 5, 3, 0>, ap_fixed<16, 6, 5, 3, 0>, config2>|  return value|
|ap_return_162  |  out|   16|  ap_ctrl_hs|  normalize<ap_fixed<16, 6, 5, 3, 0>, ap_fixed<16, 6, 5, 3, 0>, config2>|  return value|
|ap_return_163  |  out|   16|  ap_ctrl_hs|  normalize<ap_fixed<16, 6, 5, 3, 0>, ap_fixed<16, 6, 5, 3, 0>, config2>|  return value|
|ap_return_164  |  out|   16|  ap_ctrl_hs|  normalize<ap_fixed<16, 6, 5, 3, 0>, ap_fixed<16, 6, 5, 3, 0>, config2>|  return value|
|ap_return_165  |  out|   16|  ap_ctrl_hs|  normalize<ap_fixed<16, 6, 5, 3, 0>, ap_fixed<16, 6, 5, 3, 0>, config2>|  return value|
|ap_return_166  |  out|   16|  ap_ctrl_hs|  normalize<ap_fixed<16, 6, 5, 3, 0>, ap_fixed<16, 6, 5, 3, 0>, config2>|  return value|
|ap_return_167  |  out|   16|  ap_ctrl_hs|  normalize<ap_fixed<16, 6, 5, 3, 0>, ap_fixed<16, 6, 5, 3, 0>, config2>|  return value|
|ap_return_168  |  out|   16|  ap_ctrl_hs|  normalize<ap_fixed<16, 6, 5, 3, 0>, ap_fixed<16, 6, 5, 3, 0>, config2>|  return value|
|ap_return_169  |  out|   16|  ap_ctrl_hs|  normalize<ap_fixed<16, 6, 5, 3, 0>, ap_fixed<16, 6, 5, 3, 0>, config2>|  return value|
|ap_return_170  |  out|   16|  ap_ctrl_hs|  normalize<ap_fixed<16, 6, 5, 3, 0>, ap_fixed<16, 6, 5, 3, 0>, config2>|  return value|
|ap_return_171  |  out|   16|  ap_ctrl_hs|  normalize<ap_fixed<16, 6, 5, 3, 0>, ap_fixed<16, 6, 5, 3, 0>, config2>|  return value|
|ap_return_172  |  out|   16|  ap_ctrl_hs|  normalize<ap_fixed<16, 6, 5, 3, 0>, ap_fixed<16, 6, 5, 3, 0>, config2>|  return value|
|ap_return_173  |  out|   16|  ap_ctrl_hs|  normalize<ap_fixed<16, 6, 5, 3, 0>, ap_fixed<16, 6, 5, 3, 0>, config2>|  return value|
|ap_return_174  |  out|   16|  ap_ctrl_hs|  normalize<ap_fixed<16, 6, 5, 3, 0>, ap_fixed<16, 6, 5, 3, 0>, config2>|  return value|
|ap_return_175  |  out|   16|  ap_ctrl_hs|  normalize<ap_fixed<16, 6, 5, 3, 0>, ap_fixed<16, 6, 5, 3, 0>, config2>|  return value|
|ap_return_176  |  out|   16|  ap_ctrl_hs|  normalize<ap_fixed<16, 6, 5, 3, 0>, ap_fixed<16, 6, 5, 3, 0>, config2>|  return value|
|ap_return_177  |  out|   16|  ap_ctrl_hs|  normalize<ap_fixed<16, 6, 5, 3, 0>, ap_fixed<16, 6, 5, 3, 0>, config2>|  return value|
|ap_return_178  |  out|   16|  ap_ctrl_hs|  normalize<ap_fixed<16, 6, 5, 3, 0>, ap_fixed<16, 6, 5, 3, 0>, config2>|  return value|
|ap_return_179  |  out|   16|  ap_ctrl_hs|  normalize<ap_fixed<16, 6, 5, 3, 0>, ap_fixed<16, 6, 5, 3, 0>, config2>|  return value|
|ap_return_180  |  out|   16|  ap_ctrl_hs|  normalize<ap_fixed<16, 6, 5, 3, 0>, ap_fixed<16, 6, 5, 3, 0>, config2>|  return value|
|ap_return_181  |  out|   16|  ap_ctrl_hs|  normalize<ap_fixed<16, 6, 5, 3, 0>, ap_fixed<16, 6, 5, 3, 0>, config2>|  return value|
|ap_return_182  |  out|   16|  ap_ctrl_hs|  normalize<ap_fixed<16, 6, 5, 3, 0>, ap_fixed<16, 6, 5, 3, 0>, config2>|  return value|
|ap_return_183  |  out|   16|  ap_ctrl_hs|  normalize<ap_fixed<16, 6, 5, 3, 0>, ap_fixed<16, 6, 5, 3, 0>, config2>|  return value|
|ap_return_184  |  out|   16|  ap_ctrl_hs|  normalize<ap_fixed<16, 6, 5, 3, 0>, ap_fixed<16, 6, 5, 3, 0>, config2>|  return value|
|ap_return_185  |  out|   16|  ap_ctrl_hs|  normalize<ap_fixed<16, 6, 5, 3, 0>, ap_fixed<16, 6, 5, 3, 0>, config2>|  return value|
|ap_return_186  |  out|   16|  ap_ctrl_hs|  normalize<ap_fixed<16, 6, 5, 3, 0>, ap_fixed<16, 6, 5, 3, 0>, config2>|  return value|
|ap_return_187  |  out|   16|  ap_ctrl_hs|  normalize<ap_fixed<16, 6, 5, 3, 0>, ap_fixed<16, 6, 5, 3, 0>, config2>|  return value|
|ap_return_188  |  out|   16|  ap_ctrl_hs|  normalize<ap_fixed<16, 6, 5, 3, 0>, ap_fixed<16, 6, 5, 3, 0>, config2>|  return value|
|ap_return_189  |  out|   16|  ap_ctrl_hs|  normalize<ap_fixed<16, 6, 5, 3, 0>, ap_fixed<16, 6, 5, 3, 0>, config2>|  return value|
|ap_return_190  |  out|   16|  ap_ctrl_hs|  normalize<ap_fixed<16, 6, 5, 3, 0>, ap_fixed<16, 6, 5, 3, 0>, config2>|  return value|
|ap_return_191  |  out|   16|  ap_ctrl_hs|  normalize<ap_fixed<16, 6, 5, 3, 0>, ap_fixed<16, 6, 5, 3, 0>, config2>|  return value|
|ap_return_192  |  out|   16|  ap_ctrl_hs|  normalize<ap_fixed<16, 6, 5, 3, 0>, ap_fixed<16, 6, 5, 3, 0>, config2>|  return value|
|ap_return_193  |  out|   16|  ap_ctrl_hs|  normalize<ap_fixed<16, 6, 5, 3, 0>, ap_fixed<16, 6, 5, 3, 0>, config2>|  return value|
|ap_return_194  |  out|   16|  ap_ctrl_hs|  normalize<ap_fixed<16, 6, 5, 3, 0>, ap_fixed<16, 6, 5, 3, 0>, config2>|  return value|
|ap_return_195  |  out|   16|  ap_ctrl_hs|  normalize<ap_fixed<16, 6, 5, 3, 0>, ap_fixed<16, 6, 5, 3, 0>, config2>|  return value|
|ap_return_196  |  out|   16|  ap_ctrl_hs|  normalize<ap_fixed<16, 6, 5, 3, 0>, ap_fixed<16, 6, 5, 3, 0>, config2>|  return value|
|ap_return_197  |  out|   16|  ap_ctrl_hs|  normalize<ap_fixed<16, 6, 5, 3, 0>, ap_fixed<16, 6, 5, 3, 0>, config2>|  return value|
|ap_return_198  |  out|   16|  ap_ctrl_hs|  normalize<ap_fixed<16, 6, 5, 3, 0>, ap_fixed<16, 6, 5, 3, 0>, config2>|  return value|
|ap_return_199  |  out|   16|  ap_ctrl_hs|  normalize<ap_fixed<16, 6, 5, 3, 0>, ap_fixed<16, 6, 5, 3, 0>, config2>|  return value|
|ap_return_200  |  out|   16|  ap_ctrl_hs|  normalize<ap_fixed<16, 6, 5, 3, 0>, ap_fixed<16, 6, 5, 3, 0>, config2>|  return value|
|ap_return_201  |  out|   16|  ap_ctrl_hs|  normalize<ap_fixed<16, 6, 5, 3, 0>, ap_fixed<16, 6, 5, 3, 0>, config2>|  return value|
|ap_return_202  |  out|   16|  ap_ctrl_hs|  normalize<ap_fixed<16, 6, 5, 3, 0>, ap_fixed<16, 6, 5, 3, 0>, config2>|  return value|
|ap_return_203  |  out|   16|  ap_ctrl_hs|  normalize<ap_fixed<16, 6, 5, 3, 0>, ap_fixed<16, 6, 5, 3, 0>, config2>|  return value|
|ap_return_204  |  out|   16|  ap_ctrl_hs|  normalize<ap_fixed<16, 6, 5, 3, 0>, ap_fixed<16, 6, 5, 3, 0>, config2>|  return value|
|ap_return_205  |  out|   16|  ap_ctrl_hs|  normalize<ap_fixed<16, 6, 5, 3, 0>, ap_fixed<16, 6, 5, 3, 0>, config2>|  return value|
|ap_return_206  |  out|   16|  ap_ctrl_hs|  normalize<ap_fixed<16, 6, 5, 3, 0>, ap_fixed<16, 6, 5, 3, 0>, config2>|  return value|
|ap_return_207  |  out|   16|  ap_ctrl_hs|  normalize<ap_fixed<16, 6, 5, 3, 0>, ap_fixed<16, 6, 5, 3, 0>, config2>|  return value|
|ap_return_208  |  out|   16|  ap_ctrl_hs|  normalize<ap_fixed<16, 6, 5, 3, 0>, ap_fixed<16, 6, 5, 3, 0>, config2>|  return value|
|ap_return_209  |  out|   16|  ap_ctrl_hs|  normalize<ap_fixed<16, 6, 5, 3, 0>, ap_fixed<16, 6, 5, 3, 0>, config2>|  return value|
|ap_return_210  |  out|   16|  ap_ctrl_hs|  normalize<ap_fixed<16, 6, 5, 3, 0>, ap_fixed<16, 6, 5, 3, 0>, config2>|  return value|
|ap_return_211  |  out|   16|  ap_ctrl_hs|  normalize<ap_fixed<16, 6, 5, 3, 0>, ap_fixed<16, 6, 5, 3, 0>, config2>|  return value|
|ap_return_212  |  out|   16|  ap_ctrl_hs|  normalize<ap_fixed<16, 6, 5, 3, 0>, ap_fixed<16, 6, 5, 3, 0>, config2>|  return value|
|ap_return_213  |  out|   16|  ap_ctrl_hs|  normalize<ap_fixed<16, 6, 5, 3, 0>, ap_fixed<16, 6, 5, 3, 0>, config2>|  return value|
|ap_return_214  |  out|   16|  ap_ctrl_hs|  normalize<ap_fixed<16, 6, 5, 3, 0>, ap_fixed<16, 6, 5, 3, 0>, config2>|  return value|
|ap_return_215  |  out|   16|  ap_ctrl_hs|  normalize<ap_fixed<16, 6, 5, 3, 0>, ap_fixed<16, 6, 5, 3, 0>, config2>|  return value|
|ap_return_216  |  out|   16|  ap_ctrl_hs|  normalize<ap_fixed<16, 6, 5, 3, 0>, ap_fixed<16, 6, 5, 3, 0>, config2>|  return value|
|ap_return_217  |  out|   16|  ap_ctrl_hs|  normalize<ap_fixed<16, 6, 5, 3, 0>, ap_fixed<16, 6, 5, 3, 0>, config2>|  return value|
|ap_return_218  |  out|   16|  ap_ctrl_hs|  normalize<ap_fixed<16, 6, 5, 3, 0>, ap_fixed<16, 6, 5, 3, 0>, config2>|  return value|
|ap_return_219  |  out|   16|  ap_ctrl_hs|  normalize<ap_fixed<16, 6, 5, 3, 0>, ap_fixed<16, 6, 5, 3, 0>, config2>|  return value|
|ap_return_220  |  out|   16|  ap_ctrl_hs|  normalize<ap_fixed<16, 6, 5, 3, 0>, ap_fixed<16, 6, 5, 3, 0>, config2>|  return value|
|ap_return_221  |  out|   16|  ap_ctrl_hs|  normalize<ap_fixed<16, 6, 5, 3, 0>, ap_fixed<16, 6, 5, 3, 0>, config2>|  return value|
|ap_return_222  |  out|   16|  ap_ctrl_hs|  normalize<ap_fixed<16, 6, 5, 3, 0>, ap_fixed<16, 6, 5, 3, 0>, config2>|  return value|
|ap_return_223  |  out|   16|  ap_ctrl_hs|  normalize<ap_fixed<16, 6, 5, 3, 0>, ap_fixed<16, 6, 5, 3, 0>, config2>|  return value|
|ap_return_224  |  out|   16|  ap_ctrl_hs|  normalize<ap_fixed<16, 6, 5, 3, 0>, ap_fixed<16, 6, 5, 3, 0>, config2>|  return value|
|ap_return_225  |  out|   16|  ap_ctrl_hs|  normalize<ap_fixed<16, 6, 5, 3, 0>, ap_fixed<16, 6, 5, 3, 0>, config2>|  return value|
|ap_return_226  |  out|   16|  ap_ctrl_hs|  normalize<ap_fixed<16, 6, 5, 3, 0>, ap_fixed<16, 6, 5, 3, 0>, config2>|  return value|
|ap_return_227  |  out|   16|  ap_ctrl_hs|  normalize<ap_fixed<16, 6, 5, 3, 0>, ap_fixed<16, 6, 5, 3, 0>, config2>|  return value|
|ap_return_228  |  out|   16|  ap_ctrl_hs|  normalize<ap_fixed<16, 6, 5, 3, 0>, ap_fixed<16, 6, 5, 3, 0>, config2>|  return value|
|ap_return_229  |  out|   16|  ap_ctrl_hs|  normalize<ap_fixed<16, 6, 5, 3, 0>, ap_fixed<16, 6, 5, 3, 0>, config2>|  return value|
|ap_return_230  |  out|   16|  ap_ctrl_hs|  normalize<ap_fixed<16, 6, 5, 3, 0>, ap_fixed<16, 6, 5, 3, 0>, config2>|  return value|
|ap_return_231  |  out|   16|  ap_ctrl_hs|  normalize<ap_fixed<16, 6, 5, 3, 0>, ap_fixed<16, 6, 5, 3, 0>, config2>|  return value|
|ap_return_232  |  out|   16|  ap_ctrl_hs|  normalize<ap_fixed<16, 6, 5, 3, 0>, ap_fixed<16, 6, 5, 3, 0>, config2>|  return value|
|ap_return_233  |  out|   16|  ap_ctrl_hs|  normalize<ap_fixed<16, 6, 5, 3, 0>, ap_fixed<16, 6, 5, 3, 0>, config2>|  return value|
|ap_return_234  |  out|   16|  ap_ctrl_hs|  normalize<ap_fixed<16, 6, 5, 3, 0>, ap_fixed<16, 6, 5, 3, 0>, config2>|  return value|
|ap_return_235  |  out|   16|  ap_ctrl_hs|  normalize<ap_fixed<16, 6, 5, 3, 0>, ap_fixed<16, 6, 5, 3, 0>, config2>|  return value|
|ap_return_236  |  out|   16|  ap_ctrl_hs|  normalize<ap_fixed<16, 6, 5, 3, 0>, ap_fixed<16, 6, 5, 3, 0>, config2>|  return value|
|ap_return_237  |  out|   16|  ap_ctrl_hs|  normalize<ap_fixed<16, 6, 5, 3, 0>, ap_fixed<16, 6, 5, 3, 0>, config2>|  return value|
|ap_return_238  |  out|   16|  ap_ctrl_hs|  normalize<ap_fixed<16, 6, 5, 3, 0>, ap_fixed<16, 6, 5, 3, 0>, config2>|  return value|
|ap_return_239  |  out|   16|  ap_ctrl_hs|  normalize<ap_fixed<16, 6, 5, 3, 0>, ap_fixed<16, 6, 5, 3, 0>, config2>|  return value|
|ap_return_240  |  out|   16|  ap_ctrl_hs|  normalize<ap_fixed<16, 6, 5, 3, 0>, ap_fixed<16, 6, 5, 3, 0>, config2>|  return value|
|ap_return_241  |  out|   16|  ap_ctrl_hs|  normalize<ap_fixed<16, 6, 5, 3, 0>, ap_fixed<16, 6, 5, 3, 0>, config2>|  return value|
|ap_return_242  |  out|   16|  ap_ctrl_hs|  normalize<ap_fixed<16, 6, 5, 3, 0>, ap_fixed<16, 6, 5, 3, 0>, config2>|  return value|
|ap_return_243  |  out|   16|  ap_ctrl_hs|  normalize<ap_fixed<16, 6, 5, 3, 0>, ap_fixed<16, 6, 5, 3, 0>, config2>|  return value|
|ap_return_244  |  out|   16|  ap_ctrl_hs|  normalize<ap_fixed<16, 6, 5, 3, 0>, ap_fixed<16, 6, 5, 3, 0>, config2>|  return value|
|ap_return_245  |  out|   16|  ap_ctrl_hs|  normalize<ap_fixed<16, 6, 5, 3, 0>, ap_fixed<16, 6, 5, 3, 0>, config2>|  return value|
|ap_return_246  |  out|   16|  ap_ctrl_hs|  normalize<ap_fixed<16, 6, 5, 3, 0>, ap_fixed<16, 6, 5, 3, 0>, config2>|  return value|
|ap_return_247  |  out|   16|  ap_ctrl_hs|  normalize<ap_fixed<16, 6, 5, 3, 0>, ap_fixed<16, 6, 5, 3, 0>, config2>|  return value|
|ap_return_248  |  out|   16|  ap_ctrl_hs|  normalize<ap_fixed<16, 6, 5, 3, 0>, ap_fixed<16, 6, 5, 3, 0>, config2>|  return value|
|ap_return_249  |  out|   16|  ap_ctrl_hs|  normalize<ap_fixed<16, 6, 5, 3, 0>, ap_fixed<16, 6, 5, 3, 0>, config2>|  return value|
|ap_return_250  |  out|   16|  ap_ctrl_hs|  normalize<ap_fixed<16, 6, 5, 3, 0>, ap_fixed<16, 6, 5, 3, 0>, config2>|  return value|
|ap_return_251  |  out|   16|  ap_ctrl_hs|  normalize<ap_fixed<16, 6, 5, 3, 0>, ap_fixed<16, 6, 5, 3, 0>, config2>|  return value|
|ap_return_252  |  out|   16|  ap_ctrl_hs|  normalize<ap_fixed<16, 6, 5, 3, 0>, ap_fixed<16, 6, 5, 3, 0>, config2>|  return value|
|ap_return_253  |  out|   16|  ap_ctrl_hs|  normalize<ap_fixed<16, 6, 5, 3, 0>, ap_fixed<16, 6, 5, 3, 0>, config2>|  return value|
|ap_return_254  |  out|   16|  ap_ctrl_hs|  normalize<ap_fixed<16, 6, 5, 3, 0>, ap_fixed<16, 6, 5, 3, 0>, config2>|  return value|
|ap_return_255  |  out|   16|  ap_ctrl_hs|  normalize<ap_fixed<16, 6, 5, 3, 0>, ap_fixed<16, 6, 5, 3, 0>, config2>|  return value|
|ap_return_256  |  out|   16|  ap_ctrl_hs|  normalize<ap_fixed<16, 6, 5, 3, 0>, ap_fixed<16, 6, 5, 3, 0>, config2>|  return value|
|ap_return_257  |  out|   16|  ap_ctrl_hs|  normalize<ap_fixed<16, 6, 5, 3, 0>, ap_fixed<16, 6, 5, 3, 0>, config2>|  return value|
|ap_return_258  |  out|   16|  ap_ctrl_hs|  normalize<ap_fixed<16, 6, 5, 3, 0>, ap_fixed<16, 6, 5, 3, 0>, config2>|  return value|
|ap_return_259  |  out|   16|  ap_ctrl_hs|  normalize<ap_fixed<16, 6, 5, 3, 0>, ap_fixed<16, 6, 5, 3, 0>, config2>|  return value|
|ap_return_260  |  out|   16|  ap_ctrl_hs|  normalize<ap_fixed<16, 6, 5, 3, 0>, ap_fixed<16, 6, 5, 3, 0>, config2>|  return value|
|ap_return_261  |  out|   16|  ap_ctrl_hs|  normalize<ap_fixed<16, 6, 5, 3, 0>, ap_fixed<16, 6, 5, 3, 0>, config2>|  return value|
|ap_return_262  |  out|   16|  ap_ctrl_hs|  normalize<ap_fixed<16, 6, 5, 3, 0>, ap_fixed<16, 6, 5, 3, 0>, config2>|  return value|
|ap_return_263  |  out|   16|  ap_ctrl_hs|  normalize<ap_fixed<16, 6, 5, 3, 0>, ap_fixed<16, 6, 5, 3, 0>, config2>|  return value|
|ap_return_264  |  out|   16|  ap_ctrl_hs|  normalize<ap_fixed<16, 6, 5, 3, 0>, ap_fixed<16, 6, 5, 3, 0>, config2>|  return value|
|ap_return_265  |  out|   16|  ap_ctrl_hs|  normalize<ap_fixed<16, 6, 5, 3, 0>, ap_fixed<16, 6, 5, 3, 0>, config2>|  return value|
|ap_return_266  |  out|   16|  ap_ctrl_hs|  normalize<ap_fixed<16, 6, 5, 3, 0>, ap_fixed<16, 6, 5, 3, 0>, config2>|  return value|
|ap_return_267  |  out|   16|  ap_ctrl_hs|  normalize<ap_fixed<16, 6, 5, 3, 0>, ap_fixed<16, 6, 5, 3, 0>, config2>|  return value|
|ap_return_268  |  out|   16|  ap_ctrl_hs|  normalize<ap_fixed<16, 6, 5, 3, 0>, ap_fixed<16, 6, 5, 3, 0>, config2>|  return value|
|ap_return_269  |  out|   16|  ap_ctrl_hs|  normalize<ap_fixed<16, 6, 5, 3, 0>, ap_fixed<16, 6, 5, 3, 0>, config2>|  return value|
|ap_return_270  |  out|   16|  ap_ctrl_hs|  normalize<ap_fixed<16, 6, 5, 3, 0>, ap_fixed<16, 6, 5, 3, 0>, config2>|  return value|
|ap_return_271  |  out|   16|  ap_ctrl_hs|  normalize<ap_fixed<16, 6, 5, 3, 0>, ap_fixed<16, 6, 5, 3, 0>, config2>|  return value|
|ap_return_272  |  out|   16|  ap_ctrl_hs|  normalize<ap_fixed<16, 6, 5, 3, 0>, ap_fixed<16, 6, 5, 3, 0>, config2>|  return value|
|ap_return_273  |  out|   16|  ap_ctrl_hs|  normalize<ap_fixed<16, 6, 5, 3, 0>, ap_fixed<16, 6, 5, 3, 0>, config2>|  return value|
|ap_return_274  |  out|   16|  ap_ctrl_hs|  normalize<ap_fixed<16, 6, 5, 3, 0>, ap_fixed<16, 6, 5, 3, 0>, config2>|  return value|
|ap_return_275  |  out|   16|  ap_ctrl_hs|  normalize<ap_fixed<16, 6, 5, 3, 0>, ap_fixed<16, 6, 5, 3, 0>, config2>|  return value|
|ap_return_276  |  out|   16|  ap_ctrl_hs|  normalize<ap_fixed<16, 6, 5, 3, 0>, ap_fixed<16, 6, 5, 3, 0>, config2>|  return value|
|ap_return_277  |  out|   16|  ap_ctrl_hs|  normalize<ap_fixed<16, 6, 5, 3, 0>, ap_fixed<16, 6, 5, 3, 0>, config2>|  return value|
|ap_return_278  |  out|   16|  ap_ctrl_hs|  normalize<ap_fixed<16, 6, 5, 3, 0>, ap_fixed<16, 6, 5, 3, 0>, config2>|  return value|
|ap_return_279  |  out|   16|  ap_ctrl_hs|  normalize<ap_fixed<16, 6, 5, 3, 0>, ap_fixed<16, 6, 5, 3, 0>, config2>|  return value|
|ap_return_280  |  out|   16|  ap_ctrl_hs|  normalize<ap_fixed<16, 6, 5, 3, 0>, ap_fixed<16, 6, 5, 3, 0>, config2>|  return value|
|ap_return_281  |  out|   16|  ap_ctrl_hs|  normalize<ap_fixed<16, 6, 5, 3, 0>, ap_fixed<16, 6, 5, 3, 0>, config2>|  return value|
|ap_return_282  |  out|   16|  ap_ctrl_hs|  normalize<ap_fixed<16, 6, 5, 3, 0>, ap_fixed<16, 6, 5, 3, 0>, config2>|  return value|
|ap_return_283  |  out|   16|  ap_ctrl_hs|  normalize<ap_fixed<16, 6, 5, 3, 0>, ap_fixed<16, 6, 5, 3, 0>, config2>|  return value|
|ap_return_284  |  out|   16|  ap_ctrl_hs|  normalize<ap_fixed<16, 6, 5, 3, 0>, ap_fixed<16, 6, 5, 3, 0>, config2>|  return value|
|ap_return_285  |  out|   16|  ap_ctrl_hs|  normalize<ap_fixed<16, 6, 5, 3, 0>, ap_fixed<16, 6, 5, 3, 0>, config2>|  return value|
|ap_return_286  |  out|   16|  ap_ctrl_hs|  normalize<ap_fixed<16, 6, 5, 3, 0>, ap_fixed<16, 6, 5, 3, 0>, config2>|  return value|
|ap_return_287  |  out|   16|  ap_ctrl_hs|  normalize<ap_fixed<16, 6, 5, 3, 0>, ap_fixed<16, 6, 5, 3, 0>, config2>|  return value|
|ap_return_288  |  out|   16|  ap_ctrl_hs|  normalize<ap_fixed<16, 6, 5, 3, 0>, ap_fixed<16, 6, 5, 3, 0>, config2>|  return value|
|ap_return_289  |  out|   16|  ap_ctrl_hs|  normalize<ap_fixed<16, 6, 5, 3, 0>, ap_fixed<16, 6, 5, 3, 0>, config2>|  return value|
|ap_return_290  |  out|   16|  ap_ctrl_hs|  normalize<ap_fixed<16, 6, 5, 3, 0>, ap_fixed<16, 6, 5, 3, 0>, config2>|  return value|
|ap_return_291  |  out|   16|  ap_ctrl_hs|  normalize<ap_fixed<16, 6, 5, 3, 0>, ap_fixed<16, 6, 5, 3, 0>, config2>|  return value|
|ap_return_292  |  out|   16|  ap_ctrl_hs|  normalize<ap_fixed<16, 6, 5, 3, 0>, ap_fixed<16, 6, 5, 3, 0>, config2>|  return value|
|ap_return_293  |  out|   16|  ap_ctrl_hs|  normalize<ap_fixed<16, 6, 5, 3, 0>, ap_fixed<16, 6, 5, 3, 0>, config2>|  return value|
|ap_return_294  |  out|   16|  ap_ctrl_hs|  normalize<ap_fixed<16, 6, 5, 3, 0>, ap_fixed<16, 6, 5, 3, 0>, config2>|  return value|
|ap_return_295  |  out|   16|  ap_ctrl_hs|  normalize<ap_fixed<16, 6, 5, 3, 0>, ap_fixed<16, 6, 5, 3, 0>, config2>|  return value|
|ap_return_296  |  out|   16|  ap_ctrl_hs|  normalize<ap_fixed<16, 6, 5, 3, 0>, ap_fixed<16, 6, 5, 3, 0>, config2>|  return value|
|ap_return_297  |  out|   16|  ap_ctrl_hs|  normalize<ap_fixed<16, 6, 5, 3, 0>, ap_fixed<16, 6, 5, 3, 0>, config2>|  return value|
|ap_return_298  |  out|   16|  ap_ctrl_hs|  normalize<ap_fixed<16, 6, 5, 3, 0>, ap_fixed<16, 6, 5, 3, 0>, config2>|  return value|
|ap_return_299  |  out|   16|  ap_ctrl_hs|  normalize<ap_fixed<16, 6, 5, 3, 0>, ap_fixed<16, 6, 5, 3, 0>, config2>|  return value|
|ap_return_300  |  out|   16|  ap_ctrl_hs|  normalize<ap_fixed<16, 6, 5, 3, 0>, ap_fixed<16, 6, 5, 3, 0>, config2>|  return value|
|ap_return_301  |  out|   16|  ap_ctrl_hs|  normalize<ap_fixed<16, 6, 5, 3, 0>, ap_fixed<16, 6, 5, 3, 0>, config2>|  return value|
|ap_return_302  |  out|   16|  ap_ctrl_hs|  normalize<ap_fixed<16, 6, 5, 3, 0>, ap_fixed<16, 6, 5, 3, 0>, config2>|  return value|
|ap_return_303  |  out|   16|  ap_ctrl_hs|  normalize<ap_fixed<16, 6, 5, 3, 0>, ap_fixed<16, 6, 5, 3, 0>, config2>|  return value|
|ap_return_304  |  out|   16|  ap_ctrl_hs|  normalize<ap_fixed<16, 6, 5, 3, 0>, ap_fixed<16, 6, 5, 3, 0>, config2>|  return value|
|ap_return_305  |  out|   16|  ap_ctrl_hs|  normalize<ap_fixed<16, 6, 5, 3, 0>, ap_fixed<16, 6, 5, 3, 0>, config2>|  return value|
|ap_return_306  |  out|   16|  ap_ctrl_hs|  normalize<ap_fixed<16, 6, 5, 3, 0>, ap_fixed<16, 6, 5, 3, 0>, config2>|  return value|
|ap_return_307  |  out|   16|  ap_ctrl_hs|  normalize<ap_fixed<16, 6, 5, 3, 0>, ap_fixed<16, 6, 5, 3, 0>, config2>|  return value|
|ap_return_308  |  out|   16|  ap_ctrl_hs|  normalize<ap_fixed<16, 6, 5, 3, 0>, ap_fixed<16, 6, 5, 3, 0>, config2>|  return value|
|ap_return_309  |  out|   16|  ap_ctrl_hs|  normalize<ap_fixed<16, 6, 5, 3, 0>, ap_fixed<16, 6, 5, 3, 0>, config2>|  return value|
|ap_return_310  |  out|   16|  ap_ctrl_hs|  normalize<ap_fixed<16, 6, 5, 3, 0>, ap_fixed<16, 6, 5, 3, 0>, config2>|  return value|
|ap_return_311  |  out|   16|  ap_ctrl_hs|  normalize<ap_fixed<16, 6, 5, 3, 0>, ap_fixed<16, 6, 5, 3, 0>, config2>|  return value|
|ap_return_312  |  out|   16|  ap_ctrl_hs|  normalize<ap_fixed<16, 6, 5, 3, 0>, ap_fixed<16, 6, 5, 3, 0>, config2>|  return value|
|ap_return_313  |  out|   16|  ap_ctrl_hs|  normalize<ap_fixed<16, 6, 5, 3, 0>, ap_fixed<16, 6, 5, 3, 0>, config2>|  return value|
|ap_return_314  |  out|   16|  ap_ctrl_hs|  normalize<ap_fixed<16, 6, 5, 3, 0>, ap_fixed<16, 6, 5, 3, 0>, config2>|  return value|
|ap_return_315  |  out|   16|  ap_ctrl_hs|  normalize<ap_fixed<16, 6, 5, 3, 0>, ap_fixed<16, 6, 5, 3, 0>, config2>|  return value|
|ap_return_316  |  out|   16|  ap_ctrl_hs|  normalize<ap_fixed<16, 6, 5, 3, 0>, ap_fixed<16, 6, 5, 3, 0>, config2>|  return value|
|ap_return_317  |  out|   16|  ap_ctrl_hs|  normalize<ap_fixed<16, 6, 5, 3, 0>, ap_fixed<16, 6, 5, 3, 0>, config2>|  return value|
|ap_return_318  |  out|   16|  ap_ctrl_hs|  normalize<ap_fixed<16, 6, 5, 3, 0>, ap_fixed<16, 6, 5, 3, 0>, config2>|  return value|
|ap_return_319  |  out|   16|  ap_ctrl_hs|  normalize<ap_fixed<16, 6, 5, 3, 0>, ap_fixed<16, 6, 5, 3, 0>, config2>|  return value|
|ap_ce          |   in|    1|  ap_ctrl_hs|  normalize<ap_fixed<16, 6, 5, 3, 0>, ap_fixed<16, 6, 5, 3, 0>, config2>|  return value|
|data_0_val     |   in|   16|     ap_none|                                                              data_0_val|        scalar|
|data_1_val     |   in|   16|     ap_none|                                                              data_1_val|        scalar|
|data_2_val     |   in|   16|     ap_none|                                                              data_2_val|        scalar|
|data_3_val     |   in|   16|     ap_none|                                                              data_3_val|        scalar|
|data_4_val     |   in|   16|     ap_none|                                                              data_4_val|        scalar|
|data_6_val     |   in|   16|     ap_none|                                                              data_6_val|        scalar|
|data_7_val     |   in|   16|     ap_none|                                                              data_7_val|        scalar|
|data_8_val     |   in|   16|     ap_none|                                                              data_8_val|        scalar|
|data_9_val     |   in|   16|     ap_none|                                                              data_9_val|        scalar|
|data_10_val    |   in|   16|     ap_none|                                                             data_10_val|        scalar|
|data_11_val    |   in|   16|     ap_none|                                                             data_11_val|        scalar|
|data_12_val    |   in|   16|     ap_none|                                                             data_12_val|        scalar|
|data_13_val    |   in|   16|     ap_none|                                                             data_13_val|        scalar|
|data_14_val    |   in|   16|     ap_none|                                                             data_14_val|        scalar|
|data_15_val    |   in|   16|     ap_none|                                                             data_15_val|        scalar|
|data_16_val    |   in|   16|     ap_none|                                                             data_16_val|        scalar|
|data_17_val    |   in|   16|     ap_none|                                                             data_17_val|        scalar|
|data_18_val    |   in|   16|     ap_none|                                                             data_18_val|        scalar|
|data_19_val    |   in|   16|     ap_none|                                                             data_19_val|        scalar|
|data_20_val    |   in|   16|     ap_none|                                                             data_20_val|        scalar|
|data_21_val    |   in|   16|     ap_none|                                                             data_21_val|        scalar|
|data_22_val    |   in|   16|     ap_none|                                                             data_22_val|        scalar|
|data_23_val    |   in|   16|     ap_none|                                                             data_23_val|        scalar|
|data_24_val    |   in|   16|     ap_none|                                                             data_24_val|        scalar|
|data_25_val    |   in|   16|     ap_none|                                                             data_25_val|        scalar|
|data_27_val    |   in|   16|     ap_none|                                                             data_27_val|        scalar|
|data_28_val    |   in|   16|     ap_none|                                                             data_28_val|        scalar|
|data_29_val    |   in|   16|     ap_none|                                                             data_29_val|        scalar|
|data_30_val    |   in|   16|     ap_none|                                                             data_30_val|        scalar|
|data_31_val    |   in|   16|     ap_none|                                                             data_31_val|        scalar|
|data_32_val    |   in|   16|     ap_none|                                                             data_32_val|        scalar|
|data_33_val    |   in|   16|     ap_none|                                                             data_33_val|        scalar|
|data_34_val    |   in|   16|     ap_none|                                                             data_34_val|        scalar|
|data_35_val    |   in|   16|     ap_none|                                                             data_35_val|        scalar|
|data_36_val    |   in|   16|     ap_none|                                                             data_36_val|        scalar|
|data_37_val    |   in|   16|     ap_none|                                                             data_37_val|        scalar|
|data_38_val    |   in|   16|     ap_none|                                                             data_38_val|        scalar|
|data_39_val    |   in|   16|     ap_none|                                                             data_39_val|        scalar|
|data_40_val    |   in|   16|     ap_none|                                                             data_40_val|        scalar|
|data_41_val    |   in|   16|     ap_none|                                                             data_41_val|        scalar|
|data_42_val    |   in|   16|     ap_none|                                                             data_42_val|        scalar|
|data_43_val    |   in|   16|     ap_none|                                                             data_43_val|        scalar|
|data_44_val    |   in|   16|     ap_none|                                                             data_44_val|        scalar|
|data_45_val    |   in|   16|     ap_none|                                                             data_45_val|        scalar|
|data_46_val    |   in|   16|     ap_none|                                                             data_46_val|        scalar|
|data_48_val    |   in|   16|     ap_none|                                                             data_48_val|        scalar|
|data_49_val    |   in|   16|     ap_none|                                                             data_49_val|        scalar|
|data_50_val    |   in|   16|     ap_none|                                                             data_50_val|        scalar|
|data_51_val    |   in|   16|     ap_none|                                                             data_51_val|        scalar|
|data_52_val    |   in|   16|     ap_none|                                                             data_52_val|        scalar|
|data_53_val    |   in|   16|     ap_none|                                                             data_53_val|        scalar|
|data_54_val    |   in|   16|     ap_none|                                                             data_54_val|        scalar|
|data_55_val    |   in|   16|     ap_none|                                                             data_55_val|        scalar|
|data_56_val    |   in|   16|     ap_none|                                                             data_56_val|        scalar|
|data_57_val    |   in|   16|     ap_none|                                                             data_57_val|        scalar|
|data_58_val    |   in|   16|     ap_none|                                                             data_58_val|        scalar|
|data_59_val    |   in|   16|     ap_none|                                                             data_59_val|        scalar|
|data_60_val    |   in|   16|     ap_none|                                                             data_60_val|        scalar|
|data_61_val    |   in|   16|     ap_none|                                                             data_61_val|        scalar|
|data_62_val    |   in|   16|     ap_none|                                                             data_62_val|        scalar|
|data_63_val    |   in|   16|     ap_none|                                                             data_63_val|        scalar|
|data_64_val    |   in|   16|     ap_none|                                                             data_64_val|        scalar|
|data_65_val    |   in|   16|     ap_none|                                                             data_65_val|        scalar|
|data_66_val    |   in|   16|     ap_none|                                                             data_66_val|        scalar|
|data_67_val    |   in|   16|     ap_none|                                                             data_67_val|        scalar|
|data_69_val    |   in|   16|     ap_none|                                                             data_69_val|        scalar|
|data_70_val    |   in|   16|     ap_none|                                                             data_70_val|        scalar|
|data_71_val    |   in|   16|     ap_none|                                                             data_71_val|        scalar|
|data_72_val    |   in|   16|     ap_none|                                                             data_72_val|        scalar|
|data_73_val    |   in|   16|     ap_none|                                                             data_73_val|        scalar|
|data_74_val    |   in|   16|     ap_none|                                                             data_74_val|        scalar|
|data_75_val    |   in|   16|     ap_none|                                                             data_75_val|        scalar|
|data_76_val    |   in|   16|     ap_none|                                                             data_76_val|        scalar|
|data_77_val    |   in|   16|     ap_none|                                                             data_77_val|        scalar|
|data_78_val    |   in|   16|     ap_none|                                                             data_78_val|        scalar|
|data_79_val    |   in|   16|     ap_none|                                                             data_79_val|        scalar|
|data_80_val    |   in|   16|     ap_none|                                                             data_80_val|        scalar|
|data_81_val    |   in|   16|     ap_none|                                                             data_81_val|        scalar|
|data_82_val    |   in|   16|     ap_none|                                                             data_82_val|        scalar|
|data_83_val    |   in|   16|     ap_none|                                                             data_83_val|        scalar|
|data_84_val    |   in|   16|     ap_none|                                                             data_84_val|        scalar|
|data_85_val    |   in|   16|     ap_none|                                                             data_85_val|        scalar|
|data_86_val    |   in|   16|     ap_none|                                                             data_86_val|        scalar|
|data_87_val    |   in|   16|     ap_none|                                                             data_87_val|        scalar|
|data_88_val    |   in|   16|     ap_none|                                                             data_88_val|        scalar|
|data_90_val    |   in|   16|     ap_none|                                                             data_90_val|        scalar|
|data_91_val    |   in|   16|     ap_none|                                                             data_91_val|        scalar|
|data_92_val    |   in|   16|     ap_none|                                                             data_92_val|        scalar|
|data_93_val    |   in|   16|     ap_none|                                                             data_93_val|        scalar|
|data_94_val    |   in|   16|     ap_none|                                                             data_94_val|        scalar|
|data_95_val    |   in|   16|     ap_none|                                                             data_95_val|        scalar|
|data_96_val    |   in|   16|     ap_none|                                                             data_96_val|        scalar|
|data_97_val    |   in|   16|     ap_none|                                                             data_97_val|        scalar|
|data_98_val    |   in|   16|     ap_none|                                                             data_98_val|        scalar|
|data_99_val    |   in|   16|     ap_none|                                                             data_99_val|        scalar|
|data_100_val   |   in|   16|     ap_none|                                                            data_100_val|        scalar|
|data_101_val   |   in|   16|     ap_none|                                                            data_101_val|        scalar|
|data_102_val   |   in|   16|     ap_none|                                                            data_102_val|        scalar|
|data_103_val   |   in|   16|     ap_none|                                                            data_103_val|        scalar|
|data_104_val   |   in|   16|     ap_none|                                                            data_104_val|        scalar|
|data_105_val   |   in|   16|     ap_none|                                                            data_105_val|        scalar|
|data_106_val   |   in|   16|     ap_none|                                                            data_106_val|        scalar|
|data_107_val   |   in|   16|     ap_none|                                                            data_107_val|        scalar|
|data_108_val   |   in|   16|     ap_none|                                                            data_108_val|        scalar|
|data_109_val   |   in|   16|     ap_none|                                                            data_109_val|        scalar|
|data_111_val   |   in|   16|     ap_none|                                                            data_111_val|        scalar|
|data_112_val   |   in|   16|     ap_none|                                                            data_112_val|        scalar|
|data_113_val   |   in|   16|     ap_none|                                                            data_113_val|        scalar|
|data_114_val   |   in|   16|     ap_none|                                                            data_114_val|        scalar|
|data_115_val   |   in|   16|     ap_none|                                                            data_115_val|        scalar|
|data_116_val   |   in|   16|     ap_none|                                                            data_116_val|        scalar|
|data_117_val   |   in|   16|     ap_none|                                                            data_117_val|        scalar|
|data_118_val   |   in|   16|     ap_none|                                                            data_118_val|        scalar|
|data_119_val   |   in|   16|     ap_none|                                                            data_119_val|        scalar|
|data_120_val   |   in|   16|     ap_none|                                                            data_120_val|        scalar|
|data_121_val   |   in|   16|     ap_none|                                                            data_121_val|        scalar|
|data_122_val   |   in|   16|     ap_none|                                                            data_122_val|        scalar|
|data_123_val   |   in|   16|     ap_none|                                                            data_123_val|        scalar|
|data_124_val   |   in|   16|     ap_none|                                                            data_124_val|        scalar|
|data_125_val   |   in|   16|     ap_none|                                                            data_125_val|        scalar|
|data_126_val   |   in|   16|     ap_none|                                                            data_126_val|        scalar|
|data_127_val   |   in|   16|     ap_none|                                                            data_127_val|        scalar|
|data_128_val   |   in|   16|     ap_none|                                                            data_128_val|        scalar|
|data_129_val   |   in|   16|     ap_none|                                                            data_129_val|        scalar|
|data_130_val   |   in|   16|     ap_none|                                                            data_130_val|        scalar|
|data_132_val   |   in|   16|     ap_none|                                                            data_132_val|        scalar|
|data_133_val   |   in|   16|     ap_none|                                                            data_133_val|        scalar|
|data_134_val   |   in|   16|     ap_none|                                                            data_134_val|        scalar|
|data_135_val   |   in|   16|     ap_none|                                                            data_135_val|        scalar|
|data_136_val   |   in|   16|     ap_none|                                                            data_136_val|        scalar|
|data_137_val   |   in|   16|     ap_none|                                                            data_137_val|        scalar|
|data_138_val   |   in|   16|     ap_none|                                                            data_138_val|        scalar|
|data_139_val   |   in|   16|     ap_none|                                                            data_139_val|        scalar|
|data_140_val   |   in|   16|     ap_none|                                                            data_140_val|        scalar|
|data_141_val   |   in|   16|     ap_none|                                                            data_141_val|        scalar|
|data_142_val   |   in|   16|     ap_none|                                                            data_142_val|        scalar|
|data_143_val   |   in|   16|     ap_none|                                                            data_143_val|        scalar|
|data_144_val   |   in|   16|     ap_none|                                                            data_144_val|        scalar|
|data_145_val   |   in|   16|     ap_none|                                                            data_145_val|        scalar|
|data_146_val   |   in|   16|     ap_none|                                                            data_146_val|        scalar|
|data_147_val   |   in|   16|     ap_none|                                                            data_147_val|        scalar|
|data_148_val   |   in|   16|     ap_none|                                                            data_148_val|        scalar|
|data_149_val   |   in|   16|     ap_none|                                                            data_149_val|        scalar|
|data_150_val   |   in|   16|     ap_none|                                                            data_150_val|        scalar|
|data_151_val   |   in|   16|     ap_none|                                                            data_151_val|        scalar|
|data_153_val   |   in|   16|     ap_none|                                                            data_153_val|        scalar|
|data_154_val   |   in|   16|     ap_none|                                                            data_154_val|        scalar|
|data_155_val   |   in|   16|     ap_none|                                                            data_155_val|        scalar|
|data_156_val   |   in|   16|     ap_none|                                                            data_156_val|        scalar|
|data_157_val   |   in|   16|     ap_none|                                                            data_157_val|        scalar|
|data_158_val   |   in|   16|     ap_none|                                                            data_158_val|        scalar|
|data_159_val   |   in|   16|     ap_none|                                                            data_159_val|        scalar|
|data_160_val   |   in|   16|     ap_none|                                                            data_160_val|        scalar|
|data_161_val   |   in|   16|     ap_none|                                                            data_161_val|        scalar|
|data_162_val   |   in|   16|     ap_none|                                                            data_162_val|        scalar|
|data_163_val   |   in|   16|     ap_none|                                                            data_163_val|        scalar|
|data_164_val   |   in|   16|     ap_none|                                                            data_164_val|        scalar|
|data_165_val   |   in|   16|     ap_none|                                                            data_165_val|        scalar|
|data_166_val   |   in|   16|     ap_none|                                                            data_166_val|        scalar|
|data_167_val   |   in|   16|     ap_none|                                                            data_167_val|        scalar|
|data_168_val   |   in|   16|     ap_none|                                                            data_168_val|        scalar|
|data_169_val   |   in|   16|     ap_none|                                                            data_169_val|        scalar|
|data_170_val   |   in|   16|     ap_none|                                                            data_170_val|        scalar|
|data_171_val   |   in|   16|     ap_none|                                                            data_171_val|        scalar|
|data_172_val   |   in|   16|     ap_none|                                                            data_172_val|        scalar|
|data_174_val   |   in|   16|     ap_none|                                                            data_174_val|        scalar|
|data_175_val   |   in|   16|     ap_none|                                                            data_175_val|        scalar|
|data_176_val   |   in|   16|     ap_none|                                                            data_176_val|        scalar|
|data_177_val   |   in|   16|     ap_none|                                                            data_177_val|        scalar|
|data_178_val   |   in|   16|     ap_none|                                                            data_178_val|        scalar|
|data_179_val   |   in|   16|     ap_none|                                                            data_179_val|        scalar|
|data_180_val   |   in|   16|     ap_none|                                                            data_180_val|        scalar|
|data_181_val   |   in|   16|     ap_none|                                                            data_181_val|        scalar|
|data_182_val   |   in|   16|     ap_none|                                                            data_182_val|        scalar|
|data_183_val   |   in|   16|     ap_none|                                                            data_183_val|        scalar|
|data_184_val   |   in|   16|     ap_none|                                                            data_184_val|        scalar|
|data_185_val   |   in|   16|     ap_none|                                                            data_185_val|        scalar|
|data_186_val   |   in|   16|     ap_none|                                                            data_186_val|        scalar|
|data_187_val   |   in|   16|     ap_none|                                                            data_187_val|        scalar|
|data_188_val   |   in|   16|     ap_none|                                                            data_188_val|        scalar|
|data_189_val   |   in|   16|     ap_none|                                                            data_189_val|        scalar|
|data_190_val   |   in|   16|     ap_none|                                                            data_190_val|        scalar|
|data_191_val   |   in|   16|     ap_none|                                                            data_191_val|        scalar|
|data_192_val   |   in|   16|     ap_none|                                                            data_192_val|        scalar|
|data_193_val   |   in|   16|     ap_none|                                                            data_193_val|        scalar|
|data_195_val   |   in|   16|     ap_none|                                                            data_195_val|        scalar|
|data_196_val   |   in|   16|     ap_none|                                                            data_196_val|        scalar|
|data_197_val   |   in|   16|     ap_none|                                                            data_197_val|        scalar|
|data_198_val   |   in|   16|     ap_none|                                                            data_198_val|        scalar|
|data_199_val   |   in|   16|     ap_none|                                                            data_199_val|        scalar|
|data_200_val   |   in|   16|     ap_none|                                                            data_200_val|        scalar|
|data_201_val   |   in|   16|     ap_none|                                                            data_201_val|        scalar|
|data_202_val   |   in|   16|     ap_none|                                                            data_202_val|        scalar|
|data_203_val   |   in|   16|     ap_none|                                                            data_203_val|        scalar|
|data_204_val   |   in|   16|     ap_none|                                                            data_204_val|        scalar|
|data_205_val   |   in|   16|     ap_none|                                                            data_205_val|        scalar|
|data_206_val   |   in|   16|     ap_none|                                                            data_206_val|        scalar|
|data_207_val   |   in|   16|     ap_none|                                                            data_207_val|        scalar|
|data_208_val   |   in|   16|     ap_none|                                                            data_208_val|        scalar|
|data_209_val   |   in|   16|     ap_none|                                                            data_209_val|        scalar|
|data_210_val   |   in|   16|     ap_none|                                                            data_210_val|        scalar|
|data_211_val   |   in|   16|     ap_none|                                                            data_211_val|        scalar|
|data_212_val   |   in|   16|     ap_none|                                                            data_212_val|        scalar|
|data_213_val   |   in|   16|     ap_none|                                                            data_213_val|        scalar|
|data_214_val   |   in|   16|     ap_none|                                                            data_214_val|        scalar|
|data_216_val   |   in|   16|     ap_none|                                                            data_216_val|        scalar|
|data_217_val   |   in|   16|     ap_none|                                                            data_217_val|        scalar|
|data_218_val   |   in|   16|     ap_none|                                                            data_218_val|        scalar|
|data_219_val   |   in|   16|     ap_none|                                                            data_219_val|        scalar|
|data_220_val   |   in|   16|     ap_none|                                                            data_220_val|        scalar|
|data_221_val   |   in|   16|     ap_none|                                                            data_221_val|        scalar|
|data_222_val   |   in|   16|     ap_none|                                                            data_222_val|        scalar|
|data_223_val   |   in|   16|     ap_none|                                                            data_223_val|        scalar|
|data_224_val   |   in|   16|     ap_none|                                                            data_224_val|        scalar|
|data_225_val   |   in|   16|     ap_none|                                                            data_225_val|        scalar|
|data_226_val   |   in|   16|     ap_none|                                                            data_226_val|        scalar|
|data_227_val   |   in|   16|     ap_none|                                                            data_227_val|        scalar|
|data_228_val   |   in|   16|     ap_none|                                                            data_228_val|        scalar|
|data_229_val   |   in|   16|     ap_none|                                                            data_229_val|        scalar|
|data_230_val   |   in|   16|     ap_none|                                                            data_230_val|        scalar|
|data_231_val   |   in|   16|     ap_none|                                                            data_231_val|        scalar|
|data_232_val   |   in|   16|     ap_none|                                                            data_232_val|        scalar|
|data_233_val   |   in|   16|     ap_none|                                                            data_233_val|        scalar|
|data_234_val   |   in|   16|     ap_none|                                                            data_234_val|        scalar|
|data_235_val   |   in|   16|     ap_none|                                                            data_235_val|        scalar|
|data_237_val   |   in|   16|     ap_none|                                                            data_237_val|        scalar|
|data_238_val   |   in|   16|     ap_none|                                                            data_238_val|        scalar|
|data_239_val   |   in|   16|     ap_none|                                                            data_239_val|        scalar|
|data_240_val   |   in|   16|     ap_none|                                                            data_240_val|        scalar|
|data_241_val   |   in|   16|     ap_none|                                                            data_241_val|        scalar|
|data_242_val   |   in|   16|     ap_none|                                                            data_242_val|        scalar|
|data_243_val   |   in|   16|     ap_none|                                                            data_243_val|        scalar|
|data_244_val   |   in|   16|     ap_none|                                                            data_244_val|        scalar|
|data_245_val   |   in|   16|     ap_none|                                                            data_245_val|        scalar|
|data_246_val   |   in|   16|     ap_none|                                                            data_246_val|        scalar|
|data_247_val   |   in|   16|     ap_none|                                                            data_247_val|        scalar|
|data_248_val   |   in|   16|     ap_none|                                                            data_248_val|        scalar|
|data_249_val   |   in|   16|     ap_none|                                                            data_249_val|        scalar|
|data_250_val   |   in|   16|     ap_none|                                                            data_250_val|        scalar|
|data_251_val   |   in|   16|     ap_none|                                                            data_251_val|        scalar|
|data_252_val   |   in|   16|     ap_none|                                                            data_252_val|        scalar|
|data_253_val   |   in|   16|     ap_none|                                                            data_253_val|        scalar|
|data_254_val   |   in|   16|     ap_none|                                                            data_254_val|        scalar|
|data_255_val   |   in|   16|     ap_none|                                                            data_255_val|        scalar|
|data_256_val   |   in|   16|     ap_none|                                                            data_256_val|        scalar|
|data_258_val   |   in|   16|     ap_none|                                                            data_258_val|        scalar|
|data_259_val   |   in|   16|     ap_none|                                                            data_259_val|        scalar|
|data_260_val   |   in|   16|     ap_none|                                                            data_260_val|        scalar|
|data_261_val   |   in|   16|     ap_none|                                                            data_261_val|        scalar|
|data_262_val   |   in|   16|     ap_none|                                                            data_262_val|        scalar|
|data_263_val   |   in|   16|     ap_none|                                                            data_263_val|        scalar|
|data_264_val   |   in|   16|     ap_none|                                                            data_264_val|        scalar|
|data_265_val   |   in|   16|     ap_none|                                                            data_265_val|        scalar|
|data_266_val   |   in|   16|     ap_none|                                                            data_266_val|        scalar|
|data_267_val   |   in|   16|     ap_none|                                                            data_267_val|        scalar|
|data_268_val   |   in|   16|     ap_none|                                                            data_268_val|        scalar|
|data_269_val   |   in|   16|     ap_none|                                                            data_269_val|        scalar|
|data_270_val   |   in|   16|     ap_none|                                                            data_270_val|        scalar|
|data_271_val   |   in|   16|     ap_none|                                                            data_271_val|        scalar|
|data_272_val   |   in|   16|     ap_none|                                                            data_272_val|        scalar|
|data_273_val   |   in|   16|     ap_none|                                                            data_273_val|        scalar|
|data_274_val   |   in|   16|     ap_none|                                                            data_274_val|        scalar|
|data_275_val   |   in|   16|     ap_none|                                                            data_275_val|        scalar|
|data_276_val   |   in|   16|     ap_none|                                                            data_276_val|        scalar|
|data_277_val   |   in|   16|     ap_none|                                                            data_277_val|        scalar|
|data_279_val   |   in|   16|     ap_none|                                                            data_279_val|        scalar|
|data_280_val   |   in|   16|     ap_none|                                                            data_280_val|        scalar|
|data_281_val   |   in|   16|     ap_none|                                                            data_281_val|        scalar|
|data_282_val   |   in|   16|     ap_none|                                                            data_282_val|        scalar|
|data_283_val   |   in|   16|     ap_none|                                                            data_283_val|        scalar|
|data_284_val   |   in|   16|     ap_none|                                                            data_284_val|        scalar|
|data_285_val   |   in|   16|     ap_none|                                                            data_285_val|        scalar|
|data_286_val   |   in|   16|     ap_none|                                                            data_286_val|        scalar|
|data_287_val   |   in|   16|     ap_none|                                                            data_287_val|        scalar|
|data_288_val   |   in|   16|     ap_none|                                                            data_288_val|        scalar|
|data_289_val   |   in|   16|     ap_none|                                                            data_289_val|        scalar|
|data_290_val   |   in|   16|     ap_none|                                                            data_290_val|        scalar|
|data_291_val   |   in|   16|     ap_none|                                                            data_291_val|        scalar|
|data_292_val   |   in|   16|     ap_none|                                                            data_292_val|        scalar|
|data_293_val   |   in|   16|     ap_none|                                                            data_293_val|        scalar|
|data_294_val   |   in|   16|     ap_none|                                                            data_294_val|        scalar|
|data_295_val   |   in|   16|     ap_none|                                                            data_295_val|        scalar|
|data_296_val   |   in|   16|     ap_none|                                                            data_296_val|        scalar|
|data_297_val   |   in|   16|     ap_none|                                                            data_297_val|        scalar|
|data_298_val   |   in|   16|     ap_none|                                                            data_298_val|        scalar|
|data_300_val   |   in|   16|     ap_none|                                                            data_300_val|        scalar|
|data_301_val   |   in|   16|     ap_none|                                                            data_301_val|        scalar|
|data_302_val   |   in|   16|     ap_none|                                                            data_302_val|        scalar|
|data_303_val   |   in|   16|     ap_none|                                                            data_303_val|        scalar|
|data_304_val   |   in|   16|     ap_none|                                                            data_304_val|        scalar|
|data_305_val   |   in|   16|     ap_none|                                                            data_305_val|        scalar|
|data_306_val   |   in|   16|     ap_none|                                                            data_306_val|        scalar|
|data_307_val   |   in|   16|     ap_none|                                                            data_307_val|        scalar|
|data_308_val   |   in|   16|     ap_none|                                                            data_308_val|        scalar|
|data_309_val   |   in|   16|     ap_none|                                                            data_309_val|        scalar|
|data_310_val   |   in|   16|     ap_none|                                                            data_310_val|        scalar|
|data_311_val   |   in|   16|     ap_none|                                                            data_311_val|        scalar|
|data_312_val   |   in|   16|     ap_none|                                                            data_312_val|        scalar|
|data_313_val   |   in|   16|     ap_none|                                                            data_313_val|        scalar|
|data_314_val   |   in|   16|     ap_none|                                                            data_314_val|        scalar|
|data_315_val   |   in|   16|     ap_none|                                                            data_315_val|        scalar|
|data_316_val   |   in|   16|     ap_none|                                                            data_316_val|        scalar|
|data_317_val   |   in|   16|     ap_none|                                                            data_317_val|        scalar|
|data_318_val   |   in|   16|     ap_none|                                                            data_318_val|        scalar|
|data_319_val   |   in|   16|     ap_none|                                                            data_319_val|        scalar|
|data_321_val   |   in|   16|     ap_none|                                                            data_321_val|        scalar|
|data_322_val   |   in|   16|     ap_none|                                                            data_322_val|        scalar|
|data_323_val   |   in|   16|     ap_none|                                                            data_323_val|        scalar|
|data_324_val   |   in|   16|     ap_none|                                                            data_324_val|        scalar|
|data_325_val   |   in|   16|     ap_none|                                                            data_325_val|        scalar|
|data_326_val   |   in|   16|     ap_none|                                                            data_326_val|        scalar|
|data_327_val   |   in|   16|     ap_none|                                                            data_327_val|        scalar|
|data_328_val   |   in|   16|     ap_none|                                                            data_328_val|        scalar|
|data_329_val   |   in|   16|     ap_none|                                                            data_329_val|        scalar|
|data_330_val   |   in|   16|     ap_none|                                                            data_330_val|        scalar|
|data_331_val   |   in|   16|     ap_none|                                                            data_331_val|        scalar|
|data_332_val   |   in|   16|     ap_none|                                                            data_332_val|        scalar|
|data_333_val   |   in|   16|     ap_none|                                                            data_333_val|        scalar|
|data_334_val   |   in|   16|     ap_none|                                                            data_334_val|        scalar|
|data_335_val   |   in|   16|     ap_none|                                                            data_335_val|        scalar|
+---------------+-----+-----+------------+------------------------------------------------------------------------+--------------+

