

================================================================
== Vitis HLS Report for 'prepare_inputs_16u_21u_s'
================================================================
* Date:           Mon Oct 21 21:28:45 2024

* Version:        2023.2 (Build 4023990 on Oct 11 2023)
* Project:        JetTagger
* Solution:       solution1 (Vivado IP Flow Target)
* Product family: virtexuplus
* Target device:  xcvu13p-flga2577-2-e


================================================================
== Performance Estimates
================================================================
+ Timing: 
    * Summary: 
    +--------+---------+----------+------------+
    |  Clock |  Target | Estimated| Uncertainty|
    +--------+---------+----------+------------+
    |ap_clk  |  2.00 ns|  1.659 ns|     0.54 ns|
    +--------+---------+----------+------------+

+ Latency: 
    * Summary: 
    +---------+---------+----------+----------+-----+-----+---------+
    |  Latency (cycles) |  Latency (absolute) |  Interval | Pipeline|
    |   min   |   max   |    min   |    max   | min | max |   Type  |
    +---------+---------+----------+----------+-----+-----+---------+
    |       72|       72|  0.144 us|  0.144 us|    1|    1|      yes|
    +---------+---------+----------+----------+-----+-----+---------+

    + Detail: 
        * Instance: 
        N/A

        * Loop: 
        N/A



================================================================
== Utilization Estimates
================================================================
* Summary: 
+---------------------+---------+-------+---------+---------+------+
|         Name        | BRAM_18K|  DSP  |    FF   |   LUT   | URAM |
+---------------------+---------+-------+---------+---------+------+
|DSP                  |        -|      -|        -|        -|     -|
|Expression           |        -|      -|        0|    58480|     -|
|FIFO                 |        -|      -|        -|        -|     -|
|Instance             |        -|   1056|    67168|    25584|     -|
|Memory               |        -|      -|        -|        -|     -|
|Multiplexer          |        -|      -|        -|     4480|     -|
|Register             |        -|      -|    47697|     7680|     -|
+---------------------+---------+-------+---------+---------+------+
|Total                |        0|   1056|   114865|    96224|     0|
+---------------------+---------+-------+---------+---------+------+
|Available SLR        |     1344|   3072|   864000|   432000|   320|
+---------------------+---------+-------+---------+---------+------+
|Utilization SLR (%)  |        0|     34|       13|       22|     0|
+---------------------+---------+-------+---------+---------+------+
|Available            |     5376|  12288|  3456000|  1728000|  1280|
+---------------------+---------+-------+---------+---------+------+
|Utilization (%)      |        0|      8|        3|        5|     0|
+---------------------+---------+-------+---------+---------+------+

+ Detail: 
    * Instance: 
    +--------------------------------------+---------------------------------+---------+----+------+------+-----+
    |               Instance               |              Module             | BRAM_18K| DSP|  FF  |  LUT | URAM|
    +--------------------------------------+---------------------------------+---------+----+------+------+-----+
    |dlog_64ns_64ns_64_65_full_dsp_0_U145  |dlog_64ns_64ns_64_65_full_dsp_0  |        0|  57|  3547|  1368|    0|
    |dlog_64ns_64ns_64_65_full_dsp_0_U146  |dlog_64ns_64ns_64_65_full_dsp_0  |        0|  57|  3547|  1368|    0|
    |dlog_64ns_64ns_64_65_full_dsp_0_U147  |dlog_64ns_64ns_64_65_full_dsp_0  |        0|  57|  3547|  1368|    0|
    |dlog_64ns_64ns_64_65_full_dsp_0_U148  |dlog_64ns_64ns_64_65_full_dsp_0  |        0|  57|  3547|  1368|    0|
    |dlog_64ns_64ns_64_65_full_dsp_0_U149  |dlog_64ns_64ns_64_65_full_dsp_0  |        0|  57|  3547|  1368|    0|
    |dlog_64ns_64ns_64_65_full_dsp_0_U150  |dlog_64ns_64ns_64_65_full_dsp_0  |        0|  57|  3547|  1368|    0|
    |dlog_64ns_64ns_64_65_full_dsp_0_U151  |dlog_64ns_64ns_64_65_full_dsp_0  |        0|  57|  3547|  1368|    0|
    |dlog_64ns_64ns_64_65_full_dsp_0_U152  |dlog_64ns_64ns_64_65_full_dsp_0  |        0|  57|  3547|  1368|    0|
    |dlog_64ns_64ns_64_65_full_dsp_0_U153  |dlog_64ns_64ns_64_65_full_dsp_0  |        0|  57|  3547|  1368|    0|
    |dlog_64ns_64ns_64_65_full_dsp_0_U154  |dlog_64ns_64ns_64_65_full_dsp_0  |        0|  57|  3547|  1368|    0|
    |dlog_64ns_64ns_64_65_full_dsp_0_U155  |dlog_64ns_64ns_64_65_full_dsp_0  |        0|  57|  3547|  1368|    0|
    |dlog_64ns_64ns_64_65_full_dsp_0_U156  |dlog_64ns_64ns_64_65_full_dsp_0  |        0|  57|  3547|  1368|    0|
    |dlog_64ns_64ns_64_65_full_dsp_0_U157  |dlog_64ns_64ns_64_65_full_dsp_0  |        0|  57|  3547|  1368|    0|
    |dlog_64ns_64ns_64_65_full_dsp_0_U158  |dlog_64ns_64ns_64_65_full_dsp_0  |        0|  57|  3547|  1368|    0|
    |dlog_64ns_64ns_64_65_full_dsp_0_U159  |dlog_64ns_64ns_64_65_full_dsp_0  |        0|  57|  3547|  1368|    0|
    |dlog_64ns_64ns_64_65_full_dsp_0_U160  |dlog_64ns_64ns_64_65_full_dsp_0  |        0|  57|  3547|  1368|    0|
    |fmul_32ns_32ns_32_8_max_dsp_0_U1      |fmul_32ns_32ns_32_8_max_dsp_0    |        0|   3|   217|    77|    0|
    |fmul_32ns_32ns_32_8_max_dsp_0_U2      |fmul_32ns_32ns_32_8_max_dsp_0    |        0|   3|   217|    77|    0|
    |fmul_32ns_32ns_32_8_max_dsp_0_U3      |fmul_32ns_32ns_32_8_max_dsp_0    |        0|   3|   217|    77|    0|
    |fmul_32ns_32ns_32_8_max_dsp_0_U4      |fmul_32ns_32ns_32_8_max_dsp_0    |        0|   3|   217|    77|    0|
    |fmul_32ns_32ns_32_8_max_dsp_0_U5      |fmul_32ns_32ns_32_8_max_dsp_0    |        0|   3|   217|    77|    0|
    |fmul_32ns_32ns_32_8_max_dsp_0_U6      |fmul_32ns_32ns_32_8_max_dsp_0    |        0|   3|   217|    77|    0|
    |fmul_32ns_32ns_32_8_max_dsp_0_U7      |fmul_32ns_32ns_32_8_max_dsp_0    |        0|   3|   217|    77|    0|
    |fmul_32ns_32ns_32_8_max_dsp_0_U8      |fmul_32ns_32ns_32_8_max_dsp_0    |        0|   3|   217|    77|    0|
    |fmul_32ns_32ns_32_8_max_dsp_0_U9      |fmul_32ns_32ns_32_8_max_dsp_0    |        0|   3|   217|    77|    0|
    |fmul_32ns_32ns_32_8_max_dsp_0_U10     |fmul_32ns_32ns_32_8_max_dsp_0    |        0|   3|   217|    77|    0|
    |fmul_32ns_32ns_32_8_max_dsp_0_U11     |fmul_32ns_32ns_32_8_max_dsp_0    |        0|   3|   217|    77|    0|
    |fmul_32ns_32ns_32_8_max_dsp_0_U12     |fmul_32ns_32ns_32_8_max_dsp_0    |        0|   3|   217|    77|    0|
    |fmul_32ns_32ns_32_8_max_dsp_0_U13     |fmul_32ns_32ns_32_8_max_dsp_0    |        0|   3|   217|    77|    0|
    |fmul_32ns_32ns_32_8_max_dsp_0_U14     |fmul_32ns_32ns_32_8_max_dsp_0    |        0|   3|   217|    77|    0|
    |fmul_32ns_32ns_32_8_max_dsp_0_U15     |fmul_32ns_32ns_32_8_max_dsp_0    |        0|   3|   217|    77|    0|
    |fmul_32ns_32ns_32_8_max_dsp_0_U16     |fmul_32ns_32ns_32_8_max_dsp_0    |        0|   3|   217|    77|    0|
    |fmul_32ns_32ns_32_8_max_dsp_0_U17     |fmul_32ns_32ns_32_8_max_dsp_0    |        0|   3|   217|    77|    0|
    |fmul_32ns_32ns_32_8_max_dsp_0_U18     |fmul_32ns_32ns_32_8_max_dsp_0    |        0|   3|   217|    77|    0|
    |fmul_32ns_32ns_32_8_max_dsp_0_U19     |fmul_32ns_32ns_32_8_max_dsp_0    |        0|   3|   217|    77|    0|
    |fmul_32ns_32ns_32_8_max_dsp_0_U20     |fmul_32ns_32ns_32_8_max_dsp_0    |        0|   3|   217|    77|    0|
    |fmul_32ns_32ns_32_8_max_dsp_0_U21     |fmul_32ns_32ns_32_8_max_dsp_0    |        0|   3|   217|    77|    0|
    |fmul_32ns_32ns_32_8_max_dsp_0_U22     |fmul_32ns_32ns_32_8_max_dsp_0    |        0|   3|   217|    77|    0|
    |fmul_32ns_32ns_32_8_max_dsp_0_U23     |fmul_32ns_32ns_32_8_max_dsp_0    |        0|   3|   217|    77|    0|
    |fmul_32ns_32ns_32_8_max_dsp_0_U24     |fmul_32ns_32ns_32_8_max_dsp_0    |        0|   3|   217|    77|    0|
    |fmul_32ns_32ns_32_8_max_dsp_0_U25     |fmul_32ns_32ns_32_8_max_dsp_0    |        0|   3|   217|    77|    0|
    |fmul_32ns_32ns_32_8_max_dsp_0_U26     |fmul_32ns_32ns_32_8_max_dsp_0    |        0|   3|   217|    77|    0|
    |fmul_32ns_32ns_32_8_max_dsp_0_U27     |fmul_32ns_32ns_32_8_max_dsp_0    |        0|   3|   217|    77|    0|
    |fmul_32ns_32ns_32_8_max_dsp_0_U28     |fmul_32ns_32ns_32_8_max_dsp_0    |        0|   3|   217|    77|    0|
    |fmul_32ns_32ns_32_8_max_dsp_0_U29     |fmul_32ns_32ns_32_8_max_dsp_0    |        0|   3|   217|    77|    0|
    |fmul_32ns_32ns_32_8_max_dsp_0_U30     |fmul_32ns_32ns_32_8_max_dsp_0    |        0|   3|   217|    77|    0|
    |fmul_32ns_32ns_32_8_max_dsp_0_U31     |fmul_32ns_32ns_32_8_max_dsp_0    |        0|   3|   217|    77|    0|
    |fmul_32ns_32ns_32_8_max_dsp_0_U32     |fmul_32ns_32ns_32_8_max_dsp_0    |        0|   3|   217|    77|    0|
    |fmul_32ns_32ns_32_8_max_dsp_0_U33     |fmul_32ns_32ns_32_8_max_dsp_0    |        0|   3|   217|    77|    0|
    |fmul_32ns_32ns_32_8_max_dsp_0_U34     |fmul_32ns_32ns_32_8_max_dsp_0    |        0|   3|   217|    77|    0|
    |fmul_32ns_32ns_32_8_max_dsp_0_U35     |fmul_32ns_32ns_32_8_max_dsp_0    |        0|   3|   217|    77|    0|
    |fmul_32ns_32ns_32_8_max_dsp_0_U36     |fmul_32ns_32ns_32_8_max_dsp_0    |        0|   3|   217|    77|    0|
    |fmul_32ns_32ns_32_8_max_dsp_0_U37     |fmul_32ns_32ns_32_8_max_dsp_0    |        0|   3|   217|    77|    0|
    |fmul_32ns_32ns_32_8_max_dsp_0_U38     |fmul_32ns_32ns_32_8_max_dsp_0    |        0|   3|   217|    77|    0|
    |fmul_32ns_32ns_32_8_max_dsp_0_U39     |fmul_32ns_32ns_32_8_max_dsp_0    |        0|   3|   217|    77|    0|
    |fmul_32ns_32ns_32_8_max_dsp_0_U40     |fmul_32ns_32ns_32_8_max_dsp_0    |        0|   3|   217|    77|    0|
    |fmul_32ns_32ns_32_8_max_dsp_0_U41     |fmul_32ns_32ns_32_8_max_dsp_0    |        0|   3|   217|    77|    0|
    |fmul_32ns_32ns_32_8_max_dsp_0_U42     |fmul_32ns_32ns_32_8_max_dsp_0    |        0|   3|   217|    77|    0|
    |fmul_32ns_32ns_32_8_max_dsp_0_U43     |fmul_32ns_32ns_32_8_max_dsp_0    |        0|   3|   217|    77|    0|
    |fmul_32ns_32ns_32_8_max_dsp_0_U44     |fmul_32ns_32ns_32_8_max_dsp_0    |        0|   3|   217|    77|    0|
    |fmul_32ns_32ns_32_8_max_dsp_0_U45     |fmul_32ns_32ns_32_8_max_dsp_0    |        0|   3|   217|    77|    0|
    |fmul_32ns_32ns_32_8_max_dsp_0_U46     |fmul_32ns_32ns_32_8_max_dsp_0    |        0|   3|   217|    77|    0|
    |fmul_32ns_32ns_32_8_max_dsp_0_U47     |fmul_32ns_32ns_32_8_max_dsp_0    |        0|   3|   217|    77|    0|
    |fmul_32ns_32ns_32_8_max_dsp_0_U48     |fmul_32ns_32ns_32_8_max_dsp_0    |        0|   3|   217|    77|    0|
    |fpext_32ns_64_3_no_dsp_0_U97          |fpext_32ns_64_3_no_dsp_0         |        0|   0|     0|     0|    0|
    |fpext_32ns_64_3_no_dsp_0_U98          |fpext_32ns_64_3_no_dsp_0         |        0|   0|     0|     0|    0|
    |fpext_32ns_64_3_no_dsp_0_U99          |fpext_32ns_64_3_no_dsp_0         |        0|   0|     0|     0|    0|
    |fpext_32ns_64_3_no_dsp_0_U100         |fpext_32ns_64_3_no_dsp_0         |        0|   0|     0|     0|    0|
    |fpext_32ns_64_3_no_dsp_0_U101         |fpext_32ns_64_3_no_dsp_0         |        0|   0|     0|     0|    0|
    |fpext_32ns_64_3_no_dsp_0_U102         |fpext_32ns_64_3_no_dsp_0         |        0|   0|     0|     0|    0|
    |fpext_32ns_64_3_no_dsp_0_U103         |fpext_32ns_64_3_no_dsp_0         |        0|   0|     0|     0|    0|
    |fpext_32ns_64_3_no_dsp_0_U104         |fpext_32ns_64_3_no_dsp_0         |        0|   0|     0|     0|    0|
    |fpext_32ns_64_3_no_dsp_0_U105         |fpext_32ns_64_3_no_dsp_0         |        0|   0|     0|     0|    0|
    |fpext_32ns_64_3_no_dsp_0_U106         |fpext_32ns_64_3_no_dsp_0         |        0|   0|     0|     0|    0|
    |fpext_32ns_64_3_no_dsp_0_U107         |fpext_32ns_64_3_no_dsp_0         |        0|   0|     0|     0|    0|
    |fpext_32ns_64_3_no_dsp_0_U108         |fpext_32ns_64_3_no_dsp_0         |        0|   0|     0|     0|    0|
    |fpext_32ns_64_3_no_dsp_0_U109         |fpext_32ns_64_3_no_dsp_0         |        0|   0|     0|     0|    0|
    |fpext_32ns_64_3_no_dsp_0_U110         |fpext_32ns_64_3_no_dsp_0         |        0|   0|     0|     0|    0|
    |fpext_32ns_64_3_no_dsp_0_U111         |fpext_32ns_64_3_no_dsp_0         |        0|   0|     0|     0|    0|
    |fpext_32ns_64_3_no_dsp_0_U112         |fpext_32ns_64_3_no_dsp_0         |        0|   0|     0|     0|    0|
    |fpext_32ns_64_3_no_dsp_0_U113         |fpext_32ns_64_3_no_dsp_0         |        0|   0|     0|     0|    0|
    |fpext_32ns_64_3_no_dsp_0_U114         |fpext_32ns_64_3_no_dsp_0         |        0|   0|     0|     0|    0|
    |fpext_32ns_64_3_no_dsp_0_U115         |fpext_32ns_64_3_no_dsp_0         |        0|   0|     0|     0|    0|
    |fpext_32ns_64_3_no_dsp_0_U116         |fpext_32ns_64_3_no_dsp_0         |        0|   0|     0|     0|    0|
    |fpext_32ns_64_3_no_dsp_0_U117         |fpext_32ns_64_3_no_dsp_0         |        0|   0|     0|     0|    0|
    |fpext_32ns_64_3_no_dsp_0_U118         |fpext_32ns_64_3_no_dsp_0         |        0|   0|     0|     0|    0|
    |fpext_32ns_64_3_no_dsp_0_U119         |fpext_32ns_64_3_no_dsp_0         |        0|   0|     0|     0|    0|
    |fpext_32ns_64_3_no_dsp_0_U120         |fpext_32ns_64_3_no_dsp_0         |        0|   0|     0|     0|    0|
    |fpext_32ns_64_3_no_dsp_0_U121         |fpext_32ns_64_3_no_dsp_0         |        0|   0|     0|     0|    0|
    |fpext_32ns_64_3_no_dsp_0_U122         |fpext_32ns_64_3_no_dsp_0         |        0|   0|     0|     0|    0|
    |fpext_32ns_64_3_no_dsp_0_U123         |fpext_32ns_64_3_no_dsp_0         |        0|   0|     0|     0|    0|
    |fpext_32ns_64_3_no_dsp_0_U124         |fpext_32ns_64_3_no_dsp_0         |        0|   0|     0|     0|    0|
    |fpext_32ns_64_3_no_dsp_0_U125         |fpext_32ns_64_3_no_dsp_0         |        0|   0|     0|     0|    0|
    |fpext_32ns_64_3_no_dsp_0_U126         |fpext_32ns_64_3_no_dsp_0         |        0|   0|     0|     0|    0|
    |fpext_32ns_64_3_no_dsp_0_U127         |fpext_32ns_64_3_no_dsp_0         |        0|   0|     0|     0|    0|
    |fpext_32ns_64_3_no_dsp_0_U128         |fpext_32ns_64_3_no_dsp_0         |        0|   0|     0|     0|    0|
    |fpext_32ns_64_3_no_dsp_0_U129         |fpext_32ns_64_3_no_dsp_0         |        0|   0|     0|     0|    0|
    |fpext_32ns_64_3_no_dsp_0_U130         |fpext_32ns_64_3_no_dsp_0         |        0|   0|     0|     0|    0|
    |fpext_32ns_64_3_no_dsp_0_U131         |fpext_32ns_64_3_no_dsp_0         |        0|   0|     0|     0|    0|
    |fpext_32ns_64_3_no_dsp_0_U132         |fpext_32ns_64_3_no_dsp_0         |        0|   0|     0|     0|    0|
    |fpext_32ns_64_3_no_dsp_0_U133         |fpext_32ns_64_3_no_dsp_0         |        0|   0|     0|     0|    0|
    |fpext_32ns_64_3_no_dsp_0_U134         |fpext_32ns_64_3_no_dsp_0         |        0|   0|     0|     0|    0|
    |fpext_32ns_64_3_no_dsp_0_U135         |fpext_32ns_64_3_no_dsp_0         |        0|   0|     0|     0|    0|
    |fpext_32ns_64_3_no_dsp_0_U136         |fpext_32ns_64_3_no_dsp_0         |        0|   0|     0|     0|    0|
    |fpext_32ns_64_3_no_dsp_0_U137         |fpext_32ns_64_3_no_dsp_0         |        0|   0|     0|     0|    0|
    |fpext_32ns_64_3_no_dsp_0_U138         |fpext_32ns_64_3_no_dsp_0         |        0|   0|     0|     0|    0|
    |fpext_32ns_64_3_no_dsp_0_U139         |fpext_32ns_64_3_no_dsp_0         |        0|   0|     0|     0|    0|
    |fpext_32ns_64_3_no_dsp_0_U140         |fpext_32ns_64_3_no_dsp_0         |        0|   0|     0|     0|    0|
    |fpext_32ns_64_3_no_dsp_0_U141         |fpext_32ns_64_3_no_dsp_0         |        0|   0|     0|     0|    0|
    |fpext_32ns_64_3_no_dsp_0_U142         |fpext_32ns_64_3_no_dsp_0         |        0|   0|     0|     0|    0|
    |fpext_32ns_64_3_no_dsp_0_U143         |fpext_32ns_64_3_no_dsp_0         |        0|   0|     0|     0|    0|
    |fpext_32ns_64_3_no_dsp_0_U144         |fpext_32ns_64_3_no_dsp_0         |        0|   0|     0|     0|    0|
    |sitofp_32s_32_7_no_dsp_0_U49          |sitofp_32s_32_7_no_dsp_0         |        0|   0|     0|     0|    0|
    |sitofp_32s_32_7_no_dsp_0_U50          |sitofp_32s_32_7_no_dsp_0         |        0|   0|     0|     0|    0|
    |sitofp_32s_32_7_no_dsp_0_U51          |sitofp_32s_32_7_no_dsp_0         |        0|   0|     0|     0|    0|
    |sitofp_32s_32_7_no_dsp_0_U52          |sitofp_32s_32_7_no_dsp_0         |        0|   0|     0|     0|    0|
    |sitofp_32s_32_7_no_dsp_0_U53          |sitofp_32s_32_7_no_dsp_0         |        0|   0|     0|     0|    0|
    |sitofp_32s_32_7_no_dsp_0_U54          |sitofp_32s_32_7_no_dsp_0         |        0|   0|     0|     0|    0|
    |sitofp_32s_32_7_no_dsp_0_U55          |sitofp_32s_32_7_no_dsp_0         |        0|   0|     0|     0|    0|
    |sitofp_32s_32_7_no_dsp_0_U56          |sitofp_32s_32_7_no_dsp_0         |        0|   0|     0|     0|    0|
    |sitofp_32s_32_7_no_dsp_0_U57          |sitofp_32s_32_7_no_dsp_0         |        0|   0|     0|     0|    0|
    |sitofp_32s_32_7_no_dsp_0_U58          |sitofp_32s_32_7_no_dsp_0         |        0|   0|     0|     0|    0|
    |sitofp_32s_32_7_no_dsp_0_U59          |sitofp_32s_32_7_no_dsp_0         |        0|   0|     0|     0|    0|
    |sitofp_32s_32_7_no_dsp_0_U60          |sitofp_32s_32_7_no_dsp_0         |        0|   0|     0|     0|    0|
    |sitofp_32s_32_7_no_dsp_0_U61          |sitofp_32s_32_7_no_dsp_0         |        0|   0|     0|     0|    0|
    |sitofp_32s_32_7_no_dsp_0_U62          |sitofp_32s_32_7_no_dsp_0         |        0|   0|     0|     0|    0|
    |sitofp_32s_32_7_no_dsp_0_U63          |sitofp_32s_32_7_no_dsp_0         |        0|   0|     0|     0|    0|
    |sitofp_32s_32_7_no_dsp_0_U64          |sitofp_32s_32_7_no_dsp_0         |        0|   0|     0|     0|    0|
    |sitofp_32s_32_7_no_dsp_0_U65          |sitofp_32s_32_7_no_dsp_0         |        0|   0|     0|     0|    0|
    |sitofp_32s_32_7_no_dsp_0_U66          |sitofp_32s_32_7_no_dsp_0         |        0|   0|     0|     0|    0|
    |sitofp_32s_32_7_no_dsp_0_U67          |sitofp_32s_32_7_no_dsp_0         |        0|   0|     0|     0|    0|
    |sitofp_32s_32_7_no_dsp_0_U68          |sitofp_32s_32_7_no_dsp_0         |        0|   0|     0|     0|    0|
    |sitofp_32s_32_7_no_dsp_0_U69          |sitofp_32s_32_7_no_dsp_0         |        0|   0|     0|     0|    0|
    |sitofp_32s_32_7_no_dsp_0_U70          |sitofp_32s_32_7_no_dsp_0         |        0|   0|     0|     0|    0|
    |sitofp_32s_32_7_no_dsp_0_U71          |sitofp_32s_32_7_no_dsp_0         |        0|   0|     0|     0|    0|
    |sitofp_32s_32_7_no_dsp_0_U72          |sitofp_32s_32_7_no_dsp_0         |        0|   0|     0|     0|    0|
    |sitofp_32s_32_7_no_dsp_0_U73          |sitofp_32s_32_7_no_dsp_0         |        0|   0|     0|     0|    0|
    |sitofp_32s_32_7_no_dsp_0_U74          |sitofp_32s_32_7_no_dsp_0         |        0|   0|     0|     0|    0|
    |sitofp_32s_32_7_no_dsp_0_U75          |sitofp_32s_32_7_no_dsp_0         |        0|   0|     0|     0|    0|
    |sitofp_32s_32_7_no_dsp_0_U76          |sitofp_32s_32_7_no_dsp_0         |        0|   0|     0|     0|    0|
    |sitofp_32s_32_7_no_dsp_0_U77          |sitofp_32s_32_7_no_dsp_0         |        0|   0|     0|     0|    0|
    |sitofp_32s_32_7_no_dsp_0_U78          |sitofp_32s_32_7_no_dsp_0         |        0|   0|     0|     0|    0|
    |sitofp_32s_32_7_no_dsp_0_U79          |sitofp_32s_32_7_no_dsp_0         |        0|   0|     0|     0|    0|
    |sitofp_32s_32_7_no_dsp_0_U80          |sitofp_32s_32_7_no_dsp_0         |        0|   0|     0|     0|    0|
    |sitofp_32s_32_7_no_dsp_0_U81          |sitofp_32s_32_7_no_dsp_0         |        0|   0|     0|     0|    0|
    |sitofp_32s_32_7_no_dsp_0_U82          |sitofp_32s_32_7_no_dsp_0         |        0|   0|     0|     0|    0|
    |sitofp_32s_32_7_no_dsp_0_U83          |sitofp_32s_32_7_no_dsp_0         |        0|   0|     0|     0|    0|
    |sitofp_32s_32_7_no_dsp_0_U84          |sitofp_32s_32_7_no_dsp_0         |        0|   0|     0|     0|    0|
    |sitofp_32s_32_7_no_dsp_0_U85          |sitofp_32s_32_7_no_dsp_0         |        0|   0|     0|     0|    0|
    |sitofp_32s_32_7_no_dsp_0_U86          |sitofp_32s_32_7_no_dsp_0         |        0|   0|     0|     0|    0|
    |sitofp_32s_32_7_no_dsp_0_U87          |sitofp_32s_32_7_no_dsp_0         |        0|   0|     0|     0|    0|
    |sitofp_32s_32_7_no_dsp_0_U88          |sitofp_32s_32_7_no_dsp_0         |        0|   0|     0|     0|    0|
    |sitofp_32s_32_7_no_dsp_0_U89          |sitofp_32s_32_7_no_dsp_0         |        0|   0|     0|     0|    0|
    |sitofp_32s_32_7_no_dsp_0_U90          |sitofp_32s_32_7_no_dsp_0         |        0|   0|     0|     0|    0|
    |sitofp_32s_32_7_no_dsp_0_U91          |sitofp_32s_32_7_no_dsp_0         |        0|   0|     0|     0|    0|
    |sitofp_32s_32_7_no_dsp_0_U92          |sitofp_32s_32_7_no_dsp_0         |        0|   0|     0|     0|    0|
    |sitofp_32s_32_7_no_dsp_0_U93          |sitofp_32s_32_7_no_dsp_0         |        0|   0|     0|     0|    0|
    |sitofp_32s_32_7_no_dsp_0_U94          |sitofp_32s_32_7_no_dsp_0         |        0|   0|     0|     0|    0|
    |sitofp_32s_32_7_no_dsp_0_U95          |sitofp_32s_32_7_no_dsp_0         |        0|   0|     0|     0|    0|
    |sitofp_32s_32_7_no_dsp_0_U96          |sitofp_32s_32_7_no_dsp_0         |        0|   0|     0|     0|    0|
    +--------------------------------------+---------------------------------+---------+----+------+------+-----+
    |Total                                 |                                 |        0|1056| 67168| 25584|    0|
    +--------------------------------------+---------------------------------+---------+----+------+------+-----+

    * DSP: 
    N/A

    * Memory: 
    N/A

    * FIFO: 
    N/A

    * Expression: 
    +-----------------------------+----------+----+---+-----+------------+------------+
    |        Variable Name        | Operation| DSP| FF| LUT | Bitwidth P0| Bitwidth P1|
    +-----------------------------+----------+----+---+-----+------------+------------+
    |add_ln58_10_fu_3268_p2       |         +|   0|  0|   39|          32|           7|
    |add_ln58_11_fu_3299_p2       |         +|   0|  0|   39|          32|           7|
    |add_ln58_12_fu_5418_p2       |         +|   0|  0|   71|          64|          64|
    |add_ln58_13_fu_5955_p2       |         +|   0|  0|   17|          11|          11|
    |add_ln58_14_fu_10415_p2      |         +|   0|  0|   18|          11|           5|
    |add_ln58_15_fu_3309_p2       |         +|   0|  0|   39|          32|           7|
    |add_ln58_16_fu_3340_p2       |         +|   0|  0|   39|          32|           7|
    |add_ln58_17_fu_5450_p2       |         +|   0|  0|   71|          64|          64|
    |add_ln58_18_fu_5996_p2       |         +|   0|  0|   17|          11|          11|
    |add_ln58_19_fu_10679_p2      |         +|   0|  0|   18|          11|           5|
    |add_ln58_1_fu_3217_p2        |         +|   0|  0|   39|          32|           7|
    |add_ln58_20_fu_3350_p2       |         +|   0|  0|   39|          32|           7|
    |add_ln58_21_fu_3381_p2       |         +|   0|  0|   39|          32|           7|
    |add_ln58_22_fu_5482_p2       |         +|   0|  0|   71|          64|          64|
    |add_ln58_23_fu_6037_p2       |         +|   0|  0|   17|          11|          11|
    |add_ln58_24_fu_10943_p2      |         +|   0|  0|   18|          11|           5|
    |add_ln58_25_fu_3391_p2       |         +|   0|  0|   39|          32|           7|
    |add_ln58_26_fu_3422_p2       |         +|   0|  0|   39|          32|           7|
    |add_ln58_27_fu_5514_p2       |         +|   0|  0|   71|          64|          64|
    |add_ln58_28_fu_6078_p2       |         +|   0|  0|   17|          11|          11|
    |add_ln58_29_fu_11207_p2      |         +|   0|  0|   18|          11|           5|
    |add_ln58_2_fu_5354_p2        |         +|   0|  0|   71|          64|          64|
    |add_ln58_30_fu_3432_p2       |         +|   0|  0|   39|          32|           7|
    |add_ln58_31_fu_3463_p2       |         +|   0|  0|   39|          32|           7|
    |add_ln58_32_fu_5546_p2       |         +|   0|  0|   71|          64|          64|
    |add_ln58_33_fu_6119_p2       |         +|   0|  0|   17|          11|          11|
    |add_ln58_34_fu_11471_p2      |         +|   0|  0|   18|          11|           5|
    |add_ln58_35_fu_3473_p2       |         +|   0|  0|   39|          32|           7|
    |add_ln58_36_fu_3504_p2       |         +|   0|  0|   39|          32|           7|
    |add_ln58_37_fu_5578_p2       |         +|   0|  0|   71|          64|          64|
    |add_ln58_38_fu_6160_p2       |         +|   0|  0|   17|          11|          11|
    |add_ln58_39_fu_11735_p2      |         +|   0|  0|   18|          11|           5|
    |add_ln58_3_fu_5873_p2        |         +|   0|  0|   17|          11|          11|
    |add_ln58_40_fu_3514_p2       |         +|   0|  0|   39|          32|           7|
    |add_ln58_41_fu_3545_p2       |         +|   0|  0|   39|          32|           7|
    |add_ln58_42_fu_5610_p2       |         +|   0|  0|   71|          64|          64|
    |add_ln58_43_fu_6201_p2       |         +|   0|  0|   17|          11|          11|
    |add_ln58_44_fu_11999_p2      |         +|   0|  0|   18|          11|           5|
    |add_ln58_45_fu_3555_p2       |         +|   0|  0|   39|          32|           7|
    |add_ln58_46_fu_3586_p2       |         +|   0|  0|   39|          32|           7|
    |add_ln58_47_fu_5642_p2       |         +|   0|  0|   71|          64|          64|
    |add_ln58_48_fu_6242_p2       |         +|   0|  0|   17|          11|          11|
    |add_ln58_49_fu_12280_p2      |         +|   0|  0|   18|          11|           5|
    |add_ln58_4_fu_9887_p2        |         +|   0|  0|   18|          11|           5|
    |add_ln58_50_fu_3596_p2       |         +|   0|  0|   39|          32|           7|
    |add_ln58_51_fu_3627_p2       |         +|   0|  0|   39|          32|           7|
    |add_ln58_52_fu_5674_p2       |         +|   0|  0|   71|          64|          64|
    |add_ln58_53_fu_6283_p2       |         +|   0|  0|   17|          11|          11|
    |add_ln58_54_fu_12544_p2      |         +|   0|  0|   18|          11|           5|
    |add_ln58_55_fu_3637_p2       |         +|   0|  0|   39|          32|           7|
    |add_ln58_56_fu_3668_p2       |         +|   0|  0|   39|          32|           7|
    |add_ln58_57_fu_5706_p2       |         +|   0|  0|   71|          64|          64|
    |add_ln58_58_fu_6324_p2       |         +|   0|  0|   17|          11|          11|
    |add_ln58_59_fu_12808_p2      |         +|   0|  0|   18|          11|           5|
    |add_ln58_5_fu_3227_p2        |         +|   0|  0|   39|          32|           7|
    |add_ln58_60_fu_3678_p2       |         +|   0|  0|   39|          32|           7|
    |add_ln58_61_fu_3709_p2       |         +|   0|  0|   39|          32|           7|
    |add_ln58_62_fu_5738_p2       |         +|   0|  0|   71|          64|          64|
    |add_ln58_63_fu_6365_p2       |         +|   0|  0|   17|          11|          11|
    |add_ln58_64_fu_13089_p2      |         +|   0|  0|   18|          11|           5|
    |add_ln58_65_fu_3719_p2       |         +|   0|  0|   39|          32|           7|
    |add_ln58_66_fu_3750_p2       |         +|   0|  0|   39|          32|           7|
    |add_ln58_67_fu_5770_p2       |         +|   0|  0|   71|          64|          64|
    |add_ln58_68_fu_6406_p2       |         +|   0|  0|   17|          11|          11|
    |add_ln58_69_fu_13353_p2      |         +|   0|  0|   18|          11|           5|
    |add_ln58_6_fu_3258_p2        |         +|   0|  0|   39|          32|           7|
    |add_ln58_70_fu_3760_p2       |         +|   0|  0|   39|          32|           7|
    |add_ln58_71_fu_3791_p2       |         +|   0|  0|   39|          32|           7|
    |add_ln58_72_fu_5802_p2       |         +|   0|  0|   71|          64|          64|
    |add_ln58_73_fu_6447_p2       |         +|   0|  0|   17|          11|          11|
    |add_ln58_74_fu_13617_p2      |         +|   0|  0|   18|          11|           5|
    |add_ln58_75_fu_3801_p2       |         +|   0|  0|   39|          32|           7|
    |add_ln58_76_fu_3832_p2       |         +|   0|  0|   39|          32|           7|
    |add_ln58_77_fu_5834_p2       |         +|   0|  0|   71|          64|          64|
    |add_ln58_78_fu_6488_p2       |         +|   0|  0|   17|          11|          11|
    |add_ln58_79_fu_13881_p2      |         +|   0|  0|   18|          11|           5|
    |add_ln58_7_fu_5386_p2        |         +|   0|  0|   71|          64|          64|
    |add_ln58_8_fu_5914_p2        |         +|   0|  0|   17|          11|          11|
    |add_ln58_9_fu_10151_p2       |         +|   0|  0|   18|          11|           5|
    |add_ln58_fu_3186_p2          |         +|   0|  0|   39|          32|           7|
    |add_ln59_10_fu_12610_p2      |         +|   0|  0|   18|          11|           5|
    |add_ln59_11_fu_12874_p2      |         +|   0|  0|   18|          11|           5|
    |add_ln59_12_fu_13155_p2      |         +|   0|  0|   18|          11|           5|
    |add_ln59_13_fu_13419_p2      |         +|   0|  0|   18|          11|           5|
    |add_ln59_14_fu_13683_p2      |         +|   0|  0|   18|          11|           5|
    |add_ln59_15_fu_13947_p2      |         +|   0|  0|   18|          11|           5|
    |add_ln59_1_fu_10217_p2       |         +|   0|  0|   18|          11|           5|
    |add_ln59_2_fu_10481_p2       |         +|   0|  0|   18|          11|           5|
    |add_ln59_3_fu_10745_p2       |         +|   0|  0|   18|          11|           5|
    |add_ln59_4_fu_11009_p2       |         +|   0|  0|   18|          11|           5|
    |add_ln59_5_fu_11273_p2       |         +|   0|  0|   18|          11|           5|
    |add_ln59_6_fu_11537_p2       |         +|   0|  0|   18|          11|           5|
    |add_ln59_7_fu_11801_p2       |         +|   0|  0|   18|          11|           5|
    |add_ln59_8_fu_12065_p2       |         +|   0|  0|   18|          11|           5|
    |add_ln59_9_fu_12346_p2       |         +|   0|  0|   18|          11|           5|
    |add_ln59_fu_9953_p2          |         +|   0|  0|   18|          11|           5|
    |add_ln74_10_fu_12676_p2      |         +|   0|  0|   18|          11|           5|
    |add_ln74_11_fu_12957_p2      |         +|   0|  0|   18|          11|           5|
    |add_ln74_12_fu_13221_p2      |         +|   0|  0|   18|          11|           5|
    |add_ln74_13_fu_13485_p2      |         +|   0|  0|   18|          11|           5|
    |add_ln74_14_fu_13749_p2      |         +|   0|  0|   18|          11|           5|
    |add_ln74_15_fu_14013_p2      |         +|   0|  0|   18|          11|           5|
    |add_ln74_1_fu_10283_p2       |         +|   0|  0|   18|          11|           5|
    |add_ln74_2_fu_10547_p2       |         +|   0|  0|   18|          11|           5|
    |add_ln74_3_fu_10811_p2       |         +|   0|  0|   18|          11|           5|
    |add_ln74_4_fu_11075_p2       |         +|   0|  0|   18|          11|           5|
    |add_ln74_5_fu_11339_p2       |         +|   0|  0|   18|          11|           5|
    |add_ln74_6_fu_11603_p2       |         +|   0|  0|   18|          11|           5|
    |add_ln74_7_fu_11867_p2       |         +|   0|  0|   18|          11|           5|
    |add_ln74_8_fu_12131_p2       |         +|   0|  0|   18|          11|           5|
    |add_ln74_9_fu_12412_p2       |         +|   0|  0|   18|          11|           5|
    |add_ln74_fu_10019_p2         |         +|   0|  0|   18|          11|           5|
    |add_ln75_10_fu_12742_p2      |         +|   0|  0|   18|          11|           5|
    |add_ln75_11_fu_13023_p2      |         +|   0|  0|   18|          11|           5|
    |add_ln75_12_fu_13287_p2      |         +|   0|  0|   18|          11|           5|
    |add_ln75_13_fu_13551_p2      |         +|   0|  0|   18|          11|           5|
    |add_ln75_14_fu_13815_p2      |         +|   0|  0|   18|          11|           5|
    |add_ln75_15_fu_14079_p2      |         +|   0|  0|   18|          11|           5|
    |add_ln75_1_fu_10349_p2       |         +|   0|  0|   18|          11|           5|
    |add_ln75_2_fu_10613_p2       |         +|   0|  0|   18|          11|           5|
    |add_ln75_3_fu_10877_p2       |         +|   0|  0|   18|          11|           5|
    |add_ln75_4_fu_11141_p2       |         +|   0|  0|   18|          11|           5|
    |add_ln75_5_fu_11405_p2       |         +|   0|  0|   18|          11|           5|
    |add_ln75_6_fu_11669_p2       |         +|   0|  0|   18|          11|           5|
    |add_ln75_7_fu_11933_p2       |         +|   0|  0|   18|          11|           5|
    |add_ln75_8_fu_12214_p2       |         +|   0|  0|   18|          11|           5|
    |add_ln75_9_fu_12478_p2       |         +|   0|  0|   18|          11|           5|
    |add_ln75_fu_10085_p2         |         +|   0|  0|   18|          11|           5|
    |sub_ln58_100_fu_3365_p2      |         -|   0|  0|   12|           3|           4|
    |sub_ln58_101_fu_3406_p2      |         -|   0|  0|   12|           3|           4|
    |sub_ln58_102_fu_3447_p2      |         -|   0|  0|   12|           3|           4|
    |sub_ln58_103_fu_3488_p2      |         -|   0|  0|   12|           3|           4|
    |sub_ln58_104_fu_3529_p2      |         -|   0|  0|   12|           3|           4|
    |sub_ln58_105_fu_3570_p2      |         -|   0|  0|   12|           3|           4|
    |sub_ln58_106_fu_3611_p2      |         -|   0|  0|   12|           3|           4|
    |sub_ln58_107_fu_3652_p2      |         -|   0|  0|   12|           3|           4|
    |sub_ln58_108_fu_3693_p2      |         -|   0|  0|   12|           3|           4|
    |sub_ln58_109_fu_3734_p2      |         -|   0|  0|   12|           3|           4|
    |sub_ln58_10_fu_1280_p2       |         -|   0|  0|   39|           4|          32|
    |sub_ln58_110_fu_3775_p2      |         -|   0|  0|   12|           3|           4|
    |sub_ln58_111_fu_3816_p2      |         -|   0|  0|   12|           3|           4|
    |sub_ln58_11_fu_3304_p2       |         -|   0|  0|   39|           6|          32|
    |sub_ln58_12_fu_10397_p2      |         -|   0|  0|   61|           1|          54|
    |sub_ln58_13_fu_8455_p2       |         -|   0|  0|   19|          11|          12|
    |sub_ln58_14_fu_10420_p2      |         -|   0|  0|   18|           4|          11|
    |sub_ln58_15_fu_1422_p2       |         -|   0|  0|   39|           4|          32|
    |sub_ln58_16_fu_3345_p2       |         -|   0|  0|   39|           6|          32|
    |sub_ln58_17_fu_10661_p2      |         -|   0|  0|   61|           1|          54|
    |sub_ln58_18_fu_8558_p2       |         -|   0|  0|   19|          11|          12|
    |sub_ln58_19_fu_10684_p2      |         -|   0|  0|   18|           4|          11|
    |sub_ln58_1_fu_3222_p2        |         -|   0|  0|   39|           6|          32|
    |sub_ln58_20_fu_1564_p2       |         -|   0|  0|   39|           4|          32|
    |sub_ln58_21_fu_3386_p2       |         -|   0|  0|   39|           6|          32|
    |sub_ln58_22_fu_10925_p2      |         -|   0|  0|   61|           1|          54|
    |sub_ln58_23_fu_8661_p2       |         -|   0|  0|   19|          11|          12|
    |sub_ln58_24_fu_10948_p2      |         -|   0|  0|   18|           4|          11|
    |sub_ln58_25_fu_1706_p2       |         -|   0|  0|   39|           4|          32|
    |sub_ln58_26_fu_3427_p2       |         -|   0|  0|   39|           6|          32|
    |sub_ln58_27_fu_11189_p2      |         -|   0|  0|   61|           1|          54|
    |sub_ln58_28_fu_8764_p2       |         -|   0|  0|   19|          11|          12|
    |sub_ln58_29_fu_11212_p2      |         -|   0|  0|   18|           4|          11|
    |sub_ln58_2_fu_9869_p2        |         -|   0|  0|   61|           1|          54|
    |sub_ln58_30_fu_1848_p2       |         -|   0|  0|   39|           4|          32|
    |sub_ln58_31_fu_3468_p2       |         -|   0|  0|   39|           6|          32|
    |sub_ln58_32_fu_11453_p2      |         -|   0|  0|   61|           1|          54|
    |sub_ln58_33_fu_8867_p2       |         -|   0|  0|   19|          11|          12|
    |sub_ln58_34_fu_11476_p2      |         -|   0|  0|   18|           4|          11|
    |sub_ln58_35_fu_1990_p2       |         -|   0|  0|   39|           4|          32|
    |sub_ln58_36_fu_3509_p2       |         -|   0|  0|   39|           6|          32|
    |sub_ln58_37_fu_11717_p2      |         -|   0|  0|   61|           1|          54|
    |sub_ln58_38_fu_8970_p2       |         -|   0|  0|   19|          11|          12|
    |sub_ln58_39_fu_11740_p2      |         -|   0|  0|   18|           4|          11|
    |sub_ln58_3_fu_8249_p2        |         -|   0|  0|   19|          11|          12|
    |sub_ln58_40_fu_2132_p2       |         -|   0|  0|   39|           4|          32|
    |sub_ln58_41_fu_3550_p2       |         -|   0|  0|   39|           6|          32|
    |sub_ln58_42_fu_11981_p2      |         -|   0|  0|   61|           1|          54|
    |sub_ln58_43_fu_9073_p2       |         -|   0|  0|   19|          11|          12|
    |sub_ln58_44_fu_12004_p2      |         -|   0|  0|   18|           4|          11|
    |sub_ln58_45_fu_2274_p2       |         -|   0|  0|   39|           4|          32|
    |sub_ln58_46_fu_3591_p2       |         -|   0|  0|   39|           6|          32|
    |sub_ln58_47_fu_12262_p2      |         -|   0|  0|   61|           1|          54|
    |sub_ln58_48_fu_9176_p2       |         -|   0|  0|   19|          11|          12|
    |sub_ln58_49_fu_12285_p2      |         -|   0|  0|   18|           4|          11|
    |sub_ln58_4_fu_9892_p2        |         -|   0|  0|   18|           4|          11|
    |sub_ln58_50_fu_2416_p2       |         -|   0|  0|   39|           4|          32|
    |sub_ln58_51_fu_3632_p2       |         -|   0|  0|   39|           6|          32|
    |sub_ln58_52_fu_12526_p2      |         -|   0|  0|   61|           1|          54|
    |sub_ln58_53_fu_9279_p2       |         -|   0|  0|   19|          11|          12|
    |sub_ln58_54_fu_12549_p2      |         -|   0|  0|   18|           4|          11|
    |sub_ln58_55_fu_2558_p2       |         -|   0|  0|   39|           4|          32|
    |sub_ln58_56_fu_3673_p2       |         -|   0|  0|   39|           6|          32|
    |sub_ln58_57_fu_12790_p2      |         -|   0|  0|   61|           1|          54|
    |sub_ln58_58_fu_9382_p2       |         -|   0|  0|   19|          11|          12|
    |sub_ln58_59_fu_12813_p2      |         -|   0|  0|   18|           4|          11|
    |sub_ln58_5_fu_1138_p2        |         -|   0|  0|   39|           4|          32|
    |sub_ln58_60_fu_2700_p2       |         -|   0|  0|   39|           4|          32|
    |sub_ln58_61_fu_3714_p2       |         -|   0|  0|   39|           6|          32|
    |sub_ln58_62_fu_13071_p2      |         -|   0|  0|   61|           1|          54|
    |sub_ln58_63_fu_9485_p2       |         -|   0|  0|   19|          11|          12|
    |sub_ln58_64_fu_13094_p2      |         -|   0|  0|   18|           4|          11|
    |sub_ln58_65_fu_2842_p2       |         -|   0|  0|   39|           4|          32|
    |sub_ln58_66_fu_3755_p2       |         -|   0|  0|   39|           6|          32|
    |sub_ln58_67_fu_13335_p2      |         -|   0|  0|   61|           1|          54|
    |sub_ln58_68_fu_9588_p2       |         -|   0|  0|   19|          11|          12|
    |sub_ln58_69_fu_13358_p2      |         -|   0|  0|   18|           4|          11|
    |sub_ln58_6_fu_3263_p2        |         -|   0|  0|   39|           6|          32|
    |sub_ln58_70_fu_2984_p2       |         -|   0|  0|   39|           4|          32|
    |sub_ln58_71_fu_3796_p2       |         -|   0|  0|   39|           6|          32|
    |sub_ln58_72_fu_13599_p2      |         -|   0|  0|   61|           1|          54|
    |sub_ln58_73_fu_9691_p2       |         -|   0|  0|   19|          11|          12|
    |sub_ln58_74_fu_13622_p2      |         -|   0|  0|   18|           4|          11|
    |sub_ln58_75_fu_3126_p2       |         -|   0|  0|   39|           4|          32|
    |sub_ln58_76_fu_3837_p2       |         -|   0|  0|   39|           6|          32|
    |sub_ln58_77_fu_13863_p2      |         -|   0|  0|   61|           1|          54|
    |sub_ln58_78_fu_9794_p2       |         -|   0|  0|   19|          11|          12|
    |sub_ln58_79_fu_13886_p2      |         -|   0|  0|   18|           4|          11|
    |sub_ln58_7_fu_10133_p2       |         -|   0|  0|   61|           1|          54|
    |sub_ln58_80_fu_5868_p2       |         -|   0|  0|   17|           4|          11|
    |sub_ln58_81_fu_5909_p2       |         -|   0|  0|   17|           4|          11|
    |sub_ln58_82_fu_5950_p2       |         -|   0|  0|   17|           4|          11|
    |sub_ln58_83_fu_5991_p2       |         -|   0|  0|   17|           4|          11|
    |sub_ln58_84_fu_6032_p2       |         -|   0|  0|   17|           4|          11|
    |sub_ln58_85_fu_6073_p2       |         -|   0|  0|   17|           4|          11|
    |sub_ln58_86_fu_6114_p2       |         -|   0|  0|   17|           4|          11|
    |sub_ln58_87_fu_6155_p2       |         -|   0|  0|   17|           4|          11|
    |sub_ln58_88_fu_6196_p2       |         -|   0|  0|   17|           4|          11|
    |sub_ln58_89_fu_6237_p2       |         -|   0|  0|   17|           4|          11|
    |sub_ln58_8_fu_8352_p2        |         -|   0|  0|   19|          11|          12|
    |sub_ln58_90_fu_6278_p2       |         -|   0|  0|   17|           4|          11|
    |sub_ln58_91_fu_6319_p2       |         -|   0|  0|   17|           4|          11|
    |sub_ln58_92_fu_6360_p2       |         -|   0|  0|   17|           4|          11|
    |sub_ln58_93_fu_6401_p2       |         -|   0|  0|   17|           4|          11|
    |sub_ln58_94_fu_6442_p2       |         -|   0|  0|   17|           4|          11|
    |sub_ln58_95_fu_6483_p2       |         -|   0|  0|   17|           4|          11|
    |sub_ln58_96_fu_3201_p2       |         -|   0|  0|   12|           3|           4|
    |sub_ln58_97_fu_3242_p2       |         -|   0|  0|   12|           3|           4|
    |sub_ln58_98_fu_3283_p2       |         -|   0|  0|   12|           3|           4|
    |sub_ln58_99_fu_3324_p2       |         -|   0|  0|   12|           3|           4|
    |sub_ln58_9_fu_10156_p2       |         -|   0|  0|   18|           4|          11|
    |sub_ln58_fu_996_p2           |         -|   0|  0|   39|           4|          32|
    |sub_ln59_10_fu_8576_p2       |         -|   0|  0|   19|          11|          12|
    |sub_ln59_11_fu_10750_p2      |         -|   0|  0|   18|           4|          11|
    |sub_ln59_12_fu_10991_p2      |         -|   0|  0|   61|           1|          54|
    |sub_ln59_13_fu_8679_p2       |         -|   0|  0|   19|          11|          12|
    |sub_ln59_14_fu_11014_p2      |         -|   0|  0|   18|           4|          11|
    |sub_ln59_15_fu_11255_p2      |         -|   0|  0|   61|           1|          54|
    |sub_ln59_16_fu_8782_p2       |         -|   0|  0|   19|          11|          12|
    |sub_ln59_17_fu_11278_p2      |         -|   0|  0|   18|           4|          11|
    |sub_ln59_18_fu_11519_p2      |         -|   0|  0|   61|           1|          54|
    |sub_ln59_19_fu_8885_p2       |         -|   0|  0|   19|          11|          12|
    |sub_ln59_1_fu_8267_p2        |         -|   0|  0|   19|          11|          12|
    |sub_ln59_20_fu_11542_p2      |         -|   0|  0|   18|           4|          11|
    |sub_ln59_21_fu_11783_p2      |         -|   0|  0|   61|           1|          54|
    |sub_ln59_22_fu_8988_p2       |         -|   0|  0|   19|          11|          12|
    |sub_ln59_23_fu_11806_p2      |         -|   0|  0|   18|           4|          11|
    |sub_ln59_24_fu_12047_p2      |         -|   0|  0|   61|           1|          54|
    |sub_ln59_25_fu_9091_p2       |         -|   0|  0|   19|          11|          12|
    |sub_ln59_26_fu_12070_p2      |         -|   0|  0|   18|           4|          11|
    |sub_ln59_27_fu_12328_p2      |         -|   0|  0|   61|           1|          54|
    |sub_ln59_28_fu_9194_p2       |         -|   0|  0|   19|          11|          12|
    |sub_ln59_29_fu_12351_p2      |         -|   0|  0|   18|           4|          11|
    |sub_ln59_2_fu_9958_p2        |         -|   0|  0|   18|           4|          11|
    |sub_ln59_30_fu_12592_p2      |         -|   0|  0|   61|           1|          54|
    |sub_ln59_31_fu_9297_p2       |         -|   0|  0|   19|          11|          12|
    |sub_ln59_32_fu_12615_p2      |         -|   0|  0|   18|           4|          11|
    |sub_ln59_33_fu_12856_p2      |         -|   0|  0|   61|           1|          54|
    |sub_ln59_34_fu_9400_p2       |         -|   0|  0|   19|          11|          12|
    |sub_ln59_35_fu_12879_p2      |         -|   0|  0|   18|           4|          11|
    |sub_ln59_36_fu_13137_p2      |         -|   0|  0|   61|           1|          54|
    |sub_ln59_37_fu_9503_p2       |         -|   0|  0|   19|          11|          12|
    |sub_ln59_38_fu_13160_p2      |         -|   0|  0|   18|           4|          11|
    |sub_ln59_39_fu_13401_p2      |         -|   0|  0|   61|           1|          54|
    |sub_ln59_3_fu_10199_p2       |         -|   0|  0|   61|           1|          54|
    |sub_ln59_40_fu_9606_p2       |         -|   0|  0|   19|          11|          12|
    |sub_ln59_41_fu_13424_p2      |         -|   0|  0|   18|           4|          11|
    |sub_ln59_42_fu_13665_p2      |         -|   0|  0|   61|           1|          54|
    |sub_ln59_43_fu_9709_p2       |         -|   0|  0|   19|          11|          12|
    |sub_ln59_44_fu_13688_p2      |         -|   0|  0|   18|           4|          11|
    |sub_ln59_45_fu_13929_p2      |         -|   0|  0|   61|           1|          54|
    |sub_ln59_46_fu_9812_p2       |         -|   0|  0|   19|          11|          12|
    |sub_ln59_47_fu_13952_p2      |         -|   0|  0|   18|           4|          11|
    |sub_ln59_4_fu_8370_p2        |         -|   0|  0|   19|          11|          12|
    |sub_ln59_5_fu_10222_p2       |         -|   0|  0|   18|           4|          11|
    |sub_ln59_6_fu_10463_p2       |         -|   0|  0|   61|           1|          54|
    |sub_ln59_7_fu_8473_p2        |         -|   0|  0|   19|          11|          12|
    |sub_ln59_8_fu_10486_p2       |         -|   0|  0|   18|           4|          11|
    |sub_ln59_9_fu_10727_p2       |         -|   0|  0|   61|           1|          54|
    |sub_ln59_fu_9935_p2          |         -|   0|  0|   61|           1|          54|
    |sub_ln74_10_fu_8594_p2       |         -|   0|  0|   19|          11|          12|
    |sub_ln74_11_fu_10816_p2      |         -|   0|  0|   18|           4|          11|
    |sub_ln74_12_fu_11057_p2      |         -|   0|  0|   61|           1|          54|
    |sub_ln74_13_fu_8697_p2       |         -|   0|  0|   19|          11|          12|
    |sub_ln74_14_fu_11080_p2      |         -|   0|  0|   18|           4|          11|
    |sub_ln74_15_fu_11321_p2      |         -|   0|  0|   61|           1|          54|
    |sub_ln74_16_fu_8800_p2       |         -|   0|  0|   19|          11|          12|
    |sub_ln74_17_fu_11344_p2      |         -|   0|  0|   18|           4|          11|
    |sub_ln74_18_fu_11585_p2      |         -|   0|  0|   61|           1|          54|
    |sub_ln74_19_fu_8903_p2       |         -|   0|  0|   19|          11|          12|
    |sub_ln74_1_fu_8285_p2        |         -|   0|  0|   19|          11|          12|
    |sub_ln74_20_fu_11608_p2      |         -|   0|  0|   18|           4|          11|
    |sub_ln74_21_fu_11849_p2      |         -|   0|  0|   61|           1|          54|
    |sub_ln74_22_fu_9006_p2       |         -|   0|  0|   19|          11|          12|
    |sub_ln74_23_fu_11872_p2      |         -|   0|  0|   18|           4|          11|
    |sub_ln74_24_fu_12113_p2      |         -|   0|  0|   61|           1|          54|
    |sub_ln74_25_fu_9109_p2       |         -|   0|  0|   19|          11|          12|
    |sub_ln74_26_fu_12136_p2      |         -|   0|  0|   18|           4|          11|
    |sub_ln74_27_fu_12394_p2      |         -|   0|  0|   61|           1|          54|
    |sub_ln74_28_fu_9212_p2       |         -|   0|  0|   19|          11|          12|
    |sub_ln74_29_fu_12417_p2      |         -|   0|  0|   18|           4|          11|
    |sub_ln74_2_fu_10024_p2       |         -|   0|  0|   18|           4|          11|
    |sub_ln74_30_fu_12658_p2      |         -|   0|  0|   61|           1|          54|
    |sub_ln74_31_fu_9315_p2       |         -|   0|  0|   19|          11|          12|
    |sub_ln74_32_fu_12681_p2      |         -|   0|  0|   18|           4|          11|
    |sub_ln74_33_fu_12939_p2      |         -|   0|  0|   61|           1|          54|
    |sub_ln74_34_fu_9418_p2       |         -|   0|  0|   19|          11|          12|
    |sub_ln74_35_fu_12962_p2      |         -|   0|  0|   18|           4|          11|
    |sub_ln74_36_fu_13203_p2      |         -|   0|  0|   61|           1|          54|
    |sub_ln74_37_fu_9521_p2       |         -|   0|  0|   19|          11|          12|
    |sub_ln74_38_fu_13226_p2      |         -|   0|  0|   18|           4|          11|
    |sub_ln74_39_fu_13467_p2      |         -|   0|  0|   61|           1|          54|
    |sub_ln74_3_fu_10265_p2       |         -|   0|  0|   61|           1|          54|
    |sub_ln74_40_fu_9624_p2       |         -|   0|  0|   19|          11|          12|
    |sub_ln74_41_fu_13490_p2      |         -|   0|  0|   18|           4|          11|
    |sub_ln74_42_fu_13731_p2      |         -|   0|  0|   61|           1|          54|
    |sub_ln74_43_fu_9727_p2       |         -|   0|  0|   19|          11|          12|
    |sub_ln74_44_fu_13754_p2      |         -|   0|  0|   18|           4|          11|
    |sub_ln74_45_fu_13995_p2      |         -|   0|  0|   61|           1|          54|
    |sub_ln74_46_fu_9830_p2       |         -|   0|  0|   19|          11|          12|
    |sub_ln74_47_fu_14018_p2      |         -|   0|  0|   18|           4|          11|
    |sub_ln74_4_fu_8388_p2        |         -|   0|  0|   19|          11|          12|
    |sub_ln74_5_fu_10288_p2       |         -|   0|  0|   18|           4|          11|
    |sub_ln74_6_fu_10529_p2       |         -|   0|  0|   61|           1|          54|
    |sub_ln74_7_fu_8491_p2        |         -|   0|  0|   19|          11|          12|
    |sub_ln74_8_fu_10552_p2       |         -|   0|  0|   18|           4|          11|
    |sub_ln74_9_fu_10793_p2       |         -|   0|  0|   61|           1|          54|
    |sub_ln74_fu_10001_p2         |         -|   0|  0|   61|           1|          54|
    |sub_ln75_10_fu_8612_p2       |         -|   0|  0|   19|          11|          12|
    |sub_ln75_11_fu_10882_p2      |         -|   0|  0|   18|           4|          11|
    |sub_ln75_12_fu_11123_p2      |         -|   0|  0|   61|           1|          54|
    |sub_ln75_13_fu_8715_p2       |         -|   0|  0|   19|          11|          12|
    |sub_ln75_14_fu_11146_p2      |         -|   0|  0|   18|           4|          11|
    |sub_ln75_15_fu_11387_p2      |         -|   0|  0|   61|           1|          54|
    |sub_ln75_16_fu_8818_p2       |         -|   0|  0|   19|          11|          12|
    |sub_ln75_17_fu_11410_p2      |         -|   0|  0|   18|           4|          11|
    |sub_ln75_18_fu_11651_p2      |         -|   0|  0|   61|           1|          54|
    |sub_ln75_19_fu_8921_p2       |         -|   0|  0|   19|          11|          12|
    |sub_ln75_1_fu_8303_p2        |         -|   0|  0|   19|          11|          12|
    |sub_ln75_20_fu_11674_p2      |         -|   0|  0|   18|           4|          11|
    |sub_ln75_21_fu_11915_p2      |         -|   0|  0|   61|           1|          54|
    |sub_ln75_22_fu_9024_p2       |         -|   0|  0|   19|          11|          12|
    |sub_ln75_23_fu_11938_p2      |         -|   0|  0|   18|           4|          11|
    |sub_ln75_24_fu_12196_p2      |         -|   0|  0|   61|           1|          54|
    |sub_ln75_25_fu_9127_p2       |         -|   0|  0|   19|          11|          12|
    |sub_ln75_26_fu_12219_p2      |         -|   0|  0|   18|           4|          11|
    |sub_ln75_27_fu_12460_p2      |         -|   0|  0|   61|           1|          54|
    |sub_ln75_28_fu_9230_p2       |         -|   0|  0|   19|          11|          12|
    |sub_ln75_29_fu_12483_p2      |         -|   0|  0|   18|           4|          11|
    |sub_ln75_2_fu_10090_p2       |         -|   0|  0|   18|           4|          11|
    |sub_ln75_30_fu_12724_p2      |         -|   0|  0|   61|           1|          54|
    |sub_ln75_31_fu_9333_p2       |         -|   0|  0|   19|          11|          12|
    |sub_ln75_32_fu_12747_p2      |         -|   0|  0|   18|           4|          11|
    |sub_ln75_33_fu_13005_p2      |         -|   0|  0|   61|           1|          54|
    |sub_ln75_34_fu_9436_p2       |         -|   0|  0|   19|          11|          12|
    |sub_ln75_35_fu_13028_p2      |         -|   0|  0|   18|           4|          11|
    |sub_ln75_36_fu_13269_p2      |         -|   0|  0|   61|           1|          54|
    |sub_ln75_37_fu_9539_p2       |         -|   0|  0|   19|          11|          12|
    |sub_ln75_38_fu_13292_p2      |         -|   0|  0|   18|           4|          11|
    |sub_ln75_39_fu_13533_p2      |         -|   0|  0|   61|           1|          54|
    |sub_ln75_3_fu_10331_p2       |         -|   0|  0|   61|           1|          54|
    |sub_ln75_40_fu_9642_p2       |         -|   0|  0|   19|          11|          12|
    |sub_ln75_41_fu_13556_p2      |         -|   0|  0|   18|           4|          11|
    |sub_ln75_42_fu_13797_p2      |         -|   0|  0|   61|           1|          54|
    |sub_ln75_43_fu_9745_p2       |         -|   0|  0|   19|          11|          12|
    |sub_ln75_44_fu_13820_p2      |         -|   0|  0|   18|           4|          11|
    |sub_ln75_45_fu_14061_p2      |         -|   0|  0|   61|           1|          54|
    |sub_ln75_46_fu_9848_p2       |         -|   0|  0|   19|          11|          12|
    |sub_ln75_47_fu_14084_p2      |         -|   0|  0|   18|           4|          11|
    |sub_ln75_4_fu_8406_p2        |         -|   0|  0|   19|          11|          12|
    |sub_ln75_5_fu_10354_p2       |         -|   0|  0|   18|           4|          11|
    |sub_ln75_6_fu_10595_p2       |         -|   0|  0|   61|           1|          54|
    |sub_ln75_7_fu_8509_p2        |         -|   0|  0|   19|          11|          12|
    |sub_ln75_8_fu_10618_p2       |         -|   0|  0|   18|           4|          11|
    |sub_ln75_9_fu_10859_p2       |         -|   0|  0|   61|           1|          54|
    |sub_ln75_fu_10067_p2         |         -|   0|  0|   61|           1|          54|
    |and_ln58_10_fu_15738_p2      |       and|   0|  0|    2|           1|           1|
    |and_ln58_11_fu_15760_p2      |       and|   0|  0|    2|           1|           1|
    |and_ln58_12_fu_4154_p2       |       and|   0|  0|    2|           1|           1|
    |and_ln58_13_fu_4173_p2       |       and|   0|  0|    2|           1|           1|
    |and_ln58_14_fu_16506_p2      |       and|   0|  0|    2|           1|           1|
    |and_ln58_15_fu_16528_p2      |       and|   0|  0|    2|           1|           1|
    |and_ln58_16_fu_4248_p2       |       and|   0|  0|    2|           1|           1|
    |and_ln58_17_fu_4267_p2       |       and|   0|  0|    2|           1|           1|
    |and_ln58_18_fu_17274_p2      |       and|   0|  0|    2|           1|           1|
    |and_ln58_19_fu_17296_p2      |       and|   0|  0|    2|           1|           1|
    |and_ln58_1_fu_3891_p2        |       and|   0|  0|    2|           1|           1|
    |and_ln58_20_fu_4342_p2       |       and|   0|  0|    2|           1|           1|
    |and_ln58_21_fu_4361_p2       |       and|   0|  0|    2|           1|           1|
    |and_ln58_22_fu_18042_p2      |       and|   0|  0|    2|           1|           1|
    |and_ln58_23_fu_18064_p2      |       and|   0|  0|    2|           1|           1|
    |and_ln58_24_fu_4436_p2       |       and|   0|  0|    2|           1|           1|
    |and_ln58_25_fu_4455_p2       |       and|   0|  0|    2|           1|           1|
    |and_ln58_26_fu_18810_p2      |       and|   0|  0|    2|           1|           1|
    |and_ln58_27_fu_18832_p2      |       and|   0|  0|    2|           1|           1|
    |and_ln58_28_fu_4530_p2       |       and|   0|  0|    2|           1|           1|
    |and_ln58_29_fu_4549_p2       |       and|   0|  0|    2|           1|           1|
    |and_ln58_2_fu_14202_p2       |       and|   0|  0|    2|           1|           1|
    |and_ln58_30_fu_19578_p2      |       and|   0|  0|    2|           1|           1|
    |and_ln58_31_fu_19600_p2      |       and|   0|  0|    2|           1|           1|
    |and_ln58_32_fu_4624_p2       |       and|   0|  0|    2|           1|           1|
    |and_ln58_33_fu_4643_p2       |       and|   0|  0|    2|           1|           1|
    |and_ln58_34_fu_20346_p2      |       and|   0|  0|    2|           1|           1|
    |and_ln58_35_fu_20368_p2      |       and|   0|  0|    2|           1|           1|
    |and_ln58_36_fu_4718_p2       |       and|   0|  0|    2|           1|           1|
    |and_ln58_37_fu_4737_p2       |       and|   0|  0|    2|           1|           1|
    |and_ln58_38_fu_21098_p2      |       and|   0|  0|    2|           1|           1|
    |and_ln58_39_fu_21120_p2      |       and|   0|  0|    2|           1|           1|
    |and_ln58_3_fu_14224_p2       |       and|   0|  0|    2|           1|           1|
    |and_ln58_40_fu_4812_p2       |       and|   0|  0|    2|           1|           1|
    |and_ln58_41_fu_4831_p2       |       and|   0|  0|    2|           1|           1|
    |and_ln58_42_fu_21866_p2      |       and|   0|  0|    2|           1|           1|
    |and_ln58_43_fu_21888_p2      |       and|   0|  0|    2|           1|           1|
    |and_ln58_44_fu_4906_p2       |       and|   0|  0|    2|           1|           1|
    |and_ln58_45_fu_4925_p2       |       and|   0|  0|    2|           1|           1|
    |and_ln58_46_fu_22634_p2      |       and|   0|  0|    2|           1|           1|
    |and_ln58_47_fu_22656_p2      |       and|   0|  0|    2|           1|           1|
    |and_ln58_48_fu_5000_p2       |       and|   0|  0|    2|           1|           1|
    |and_ln58_49_fu_5019_p2       |       and|   0|  0|    2|           1|           1|
    |and_ln58_4_fu_3966_p2        |       and|   0|  0|    2|           1|           1|
    |and_ln58_50_fu_23386_p2      |       and|   0|  0|    2|           1|           1|
    |and_ln58_51_fu_23408_p2      |       and|   0|  0|    2|           1|           1|
    |and_ln58_52_fu_5094_p2       |       and|   0|  0|    2|           1|           1|
    |and_ln58_53_fu_5113_p2       |       and|   0|  0|    2|           1|           1|
    |and_ln58_54_fu_24154_p2      |       and|   0|  0|    2|           1|           1|
    |and_ln58_55_fu_24176_p2      |       and|   0|  0|    2|           1|           1|
    |and_ln58_56_fu_5188_p2       |       and|   0|  0|    2|           1|           1|
    |and_ln58_57_fu_5207_p2       |       and|   0|  0|    2|           1|           1|
    |and_ln58_58_fu_24922_p2      |       and|   0|  0|    2|           1|           1|
    |and_ln58_59_fu_24944_p2      |       and|   0|  0|    2|           1|           1|
    |and_ln58_5_fu_3985_p2        |       and|   0|  0|    2|           1|           1|
    |and_ln58_60_fu_5282_p2       |       and|   0|  0|    2|           1|           1|
    |and_ln58_61_fu_5301_p2       |       and|   0|  0|    2|           1|           1|
    |and_ln58_62_fu_25690_p2      |       and|   0|  0|    2|           1|           1|
    |and_ln58_63_fu_25712_p2      |       and|   0|  0|    2|           1|           1|
    |and_ln58_64_fu_3861_p2       |       and|   0|  0|   14|          14|          14|
    |and_ln58_65_fu_3955_p2       |       and|   0|  0|   14|          14|          14|
    |and_ln58_66_fu_4049_p2       |       and|   0|  0|   14|          14|          14|
    |and_ln58_67_fu_4143_p2       |       and|   0|  0|   14|          14|          14|
    |and_ln58_68_fu_4237_p2       |       and|   0|  0|   14|          14|          14|
    |and_ln58_69_fu_4331_p2       |       and|   0|  0|   14|          14|          14|
    |and_ln58_6_fu_14970_p2       |       and|   0|  0|    2|           1|           1|
    |and_ln58_70_fu_4425_p2       |       and|   0|  0|   14|          14|          14|
    |and_ln58_71_fu_4519_p2       |       and|   0|  0|   14|          14|          14|
    |and_ln58_72_fu_4613_p2       |       and|   0|  0|   14|          14|          14|
    |and_ln58_73_fu_4707_p2       |       and|   0|  0|   14|          14|          14|
    |and_ln58_74_fu_4801_p2       |       and|   0|  0|   14|          14|          14|
    |and_ln58_75_fu_4895_p2       |       and|   0|  0|   14|          14|          14|
    |and_ln58_76_fu_4989_p2       |       and|   0|  0|   14|          14|          14|
    |and_ln58_77_fu_5083_p2       |       and|   0|  0|   14|          14|          14|
    |and_ln58_78_fu_5177_p2       |       and|   0|  0|   14|          14|          14|
    |and_ln58_79_fu_5271_p2       |       and|   0|  0|   14|          14|          14|
    |and_ln58_7_fu_14992_p2       |       and|   0|  0|    2|           1|           1|
    |and_ln58_8_fu_4060_p2        |       and|   0|  0|    2|           1|           1|
    |and_ln58_9_fu_4079_p2        |       and|   0|  0|    2|           1|           1|
    |and_ln58_fu_3872_p2          |       and|   0|  0|    2|           1|           1|
    |and_ln59_10_fu_18154_p2      |       and|   0|  0|    2|           1|           1|
    |and_ln59_11_fu_18176_p2      |       and|   0|  0|    2|           1|           1|
    |and_ln59_12_fu_18922_p2      |       and|   0|  0|    2|           1|           1|
    |and_ln59_13_fu_18944_p2      |       and|   0|  0|    2|           1|           1|
    |and_ln59_14_fu_19690_p2      |       and|   0|  0|    2|           1|           1|
    |and_ln59_15_fu_19712_p2      |       and|   0|  0|    2|           1|           1|
    |and_ln59_16_fu_20458_p2      |       and|   0|  0|    2|           1|           1|
    |and_ln59_17_fu_20480_p2      |       and|   0|  0|    2|           1|           1|
    |and_ln59_18_fu_21210_p2      |       and|   0|  0|    2|           1|           1|
    |and_ln59_19_fu_21232_p2      |       and|   0|  0|    2|           1|           1|
    |and_ln59_1_fu_14336_p2       |       and|   0|  0|    2|           1|           1|
    |and_ln59_20_fu_21978_p2      |       and|   0|  0|    2|           1|           1|
    |and_ln59_21_fu_22000_p2      |       and|   0|  0|    2|           1|           1|
    |and_ln59_22_fu_22746_p2      |       and|   0|  0|    2|           1|           1|
    |and_ln59_23_fu_12922_p2      |       and|   0|  0|    2|           1|           1|
    |and_ln59_24_fu_23498_p2      |       and|   0|  0|    2|           1|           1|
    |and_ln59_25_fu_23520_p2      |       and|   0|  0|    2|           1|           1|
    |and_ln59_26_fu_24266_p2      |       and|   0|  0|    2|           1|           1|
    |and_ln59_27_fu_24288_p2      |       and|   0|  0|    2|           1|           1|
    |and_ln59_28_fu_25034_p2      |       and|   0|  0|    2|           1|           1|
    |and_ln59_29_fu_25056_p2      |       and|   0|  0|    2|           1|           1|
    |and_ln59_2_fu_15082_p2       |       and|   0|  0|    2|           1|           1|
    |and_ln59_30_fu_25802_p2      |       and|   0|  0|    2|           1|           1|
    |and_ln59_31_fu_25824_p2      |       and|   0|  0|    2|           1|           1|
    |and_ln59_3_fu_15104_p2       |       and|   0|  0|    2|           1|           1|
    |and_ln59_4_fu_15850_p2       |       and|   0|  0|    2|           1|           1|
    |and_ln59_5_fu_15872_p2       |       and|   0|  0|    2|           1|           1|
    |and_ln59_6_fu_16618_p2       |       and|   0|  0|    2|           1|           1|
    |and_ln59_7_fu_16640_p2       |       and|   0|  0|    2|           1|           1|
    |and_ln59_8_fu_17386_p2       |       and|   0|  0|    2|           1|           1|
    |and_ln59_9_fu_17408_p2       |       and|   0|  0|    2|           1|           1|
    |and_ln59_fu_14314_p2         |       and|   0|  0|    2|           1|           1|
    |and_ln74_10_fu_18370_p2      |       and|   0|  0|    2|           1|           1|
    |and_ln74_11_fu_18392_p2      |       and|   0|  0|    2|           1|           1|
    |and_ln74_12_fu_19138_p2      |       and|   0|  0|    2|           1|           1|
    |and_ln74_13_fu_19160_p2      |       and|   0|  0|    2|           1|           1|
    |and_ln74_14_fu_19906_p2      |       and|   0|  0|    2|           1|           1|
    |and_ln74_15_fu_19928_p2      |       and|   0|  0|    2|           1|           1|
    |and_ln74_16_fu_20674_p2      |       and|   0|  0|    2|           1|           1|
    |and_ln74_17_fu_12179_p2      |       and|   0|  0|    2|           1|           1|
    |and_ln74_18_fu_21426_p2      |       and|   0|  0|    2|           1|           1|
    |and_ln74_19_fu_21448_p2      |       and|   0|  0|    2|           1|           1|
    |and_ln74_1_fu_14552_p2       |       and|   0|  0|    2|           1|           1|
    |and_ln74_20_fu_22194_p2      |       and|   0|  0|    2|           1|           1|
    |and_ln74_21_fu_22216_p2      |       and|   0|  0|    2|           1|           1|
    |and_ln74_22_fu_22946_p2      |       and|   0|  0|    2|           1|           1|
    |and_ln74_23_fu_22968_p2      |       and|   0|  0|    2|           1|           1|
    |and_ln74_24_fu_23714_p2      |       and|   0|  0|    2|           1|           1|
    |and_ln74_25_fu_23736_p2      |       and|   0|  0|    2|           1|           1|
    |and_ln74_26_fu_24482_p2      |       and|   0|  0|    2|           1|           1|
    |and_ln74_27_fu_24504_p2      |       and|   0|  0|    2|           1|           1|
    |and_ln74_28_fu_25250_p2      |       and|   0|  0|    2|           1|           1|
    |and_ln74_29_fu_25272_p2      |       and|   0|  0|    2|           1|           1|
    |and_ln74_2_fu_15298_p2       |       and|   0|  0|    2|           1|           1|
    |and_ln74_30_fu_26018_p2      |       and|   0|  0|    2|           1|           1|
    |and_ln74_31_fu_26040_p2      |       and|   0|  0|    2|           1|           1|
    |and_ln74_3_fu_15320_p2       |       and|   0|  0|    2|           1|           1|
    |and_ln74_4_fu_16066_p2       |       and|   0|  0|    2|           1|           1|
    |and_ln74_5_fu_16088_p2       |       and|   0|  0|    2|           1|           1|
    |and_ln74_6_fu_16834_p2       |       and|   0|  0|    2|           1|           1|
    |and_ln74_7_fu_16856_p2       |       and|   0|  0|    2|           1|           1|
    |and_ln74_8_fu_17602_p2       |       and|   0|  0|    2|           1|           1|
    |and_ln74_9_fu_17624_p2       |       and|   0|  0|    2|           1|           1|
    |and_ln74_fu_14530_p2         |       and|   0|  0|    2|           1|           1|
    |and_ln75_10_fu_18482_p2      |       and|   0|  0|    2|           1|           1|
    |and_ln75_11_fu_18504_p2      |       and|   0|  0|    2|           1|           1|
    |and_ln75_12_fu_19250_p2      |       and|   0|  0|    2|           1|           1|
    |and_ln75_13_fu_19272_p2      |       and|   0|  0|    2|           1|           1|
    |and_ln75_14_fu_20018_p2      |       and|   0|  0|    2|           1|           1|
    |and_ln75_15_fu_20040_p2      |       and|   0|  0|    2|           1|           1|
    |and_ln75_16_fu_20770_p2      |       and|   0|  0|    2|           1|           1|
    |and_ln75_17_fu_20792_p2      |       and|   0|  0|    2|           1|           1|
    |and_ln75_18_fu_21538_p2      |       and|   0|  0|    2|           1|           1|
    |and_ln75_19_fu_21560_p2      |       and|   0|  0|    2|           1|           1|
    |and_ln75_1_fu_14664_p2       |       and|   0|  0|    2|           1|           1|
    |and_ln75_20_fu_22306_p2      |       and|   0|  0|    2|           1|           1|
    |and_ln75_21_fu_22328_p2      |       and|   0|  0|    2|           1|           1|
    |and_ln75_22_fu_23058_p2      |       and|   0|  0|    2|           1|           1|
    |and_ln75_23_fu_23080_p2      |       and|   0|  0|    2|           1|           1|
    |and_ln75_24_fu_23826_p2      |       and|   0|  0|    2|           1|           1|
    |and_ln75_25_fu_23848_p2      |       and|   0|  0|    2|           1|           1|
    |and_ln75_26_fu_24594_p2      |       and|   0|  0|    2|           1|           1|
    |and_ln75_27_fu_24616_p2      |       and|   0|  0|    2|           1|           1|
    |and_ln75_28_fu_25362_p2      |       and|   0|  0|    2|           1|           1|
    |and_ln75_29_fu_25384_p2      |       and|   0|  0|    2|           1|           1|
    |and_ln75_2_fu_15410_p2       |       and|   0|  0|    2|           1|           1|
    |and_ln75_30_fu_26130_p2      |       and|   0|  0|    2|           1|           1|
    |and_ln75_31_fu_26152_p2      |       and|   0|  0|    2|           1|           1|
    |and_ln75_3_fu_15432_p2       |       and|   0|  0|    2|           1|           1|
    |and_ln75_4_fu_16178_p2       |       and|   0|  0|    2|           1|           1|
    |and_ln75_5_fu_16200_p2       |       and|   0|  0|    2|           1|           1|
    |and_ln75_6_fu_16946_p2       |       and|   0|  0|    2|           1|           1|
    |and_ln75_7_fu_16968_p2       |       and|   0|  0|    2|           1|           1|
    |and_ln75_8_fu_17714_p2       |       and|   0|  0|    2|           1|           1|
    |and_ln75_9_fu_17736_p2       |       and|   0|  0|    2|           1|           1|
    |and_ln75_fu_14642_p2         |       and|   0|  0|    2|           1|           1|
    |ashr_ln58_10_fu_21809_p2     |      ashr|   0|  0|  161|          54|          54|
    |ashr_ln58_11_fu_22577_p2     |      ashr|   0|  0|  161|          54|          54|
    |ashr_ln58_12_fu_23329_p2     |      ashr|   0|  0|  161|          54|          54|
    |ashr_ln58_13_fu_24097_p2     |      ashr|   0|  0|  161|          54|          54|
    |ashr_ln58_14_fu_24865_p2     |      ashr|   0|  0|  161|          54|          54|
    |ashr_ln58_15_fu_25633_p2     |      ashr|   0|  0|  161|          54|          54|
    |ashr_ln58_1_fu_14913_p2      |      ashr|   0|  0|  161|          54|          54|
    |ashr_ln58_2_fu_15681_p2      |      ashr|   0|  0|  161|          54|          54|
    |ashr_ln58_3_fu_16449_p2      |      ashr|   0|  0|  161|          54|          54|
    |ashr_ln58_4_fu_17217_p2      |      ashr|   0|  0|  161|          54|          54|
    |ashr_ln58_5_fu_17985_p2      |      ashr|   0|  0|  161|          54|          54|
    |ashr_ln58_6_fu_18753_p2      |      ashr|   0|  0|  161|          54|          54|
    |ashr_ln58_7_fu_19521_p2      |      ashr|   0|  0|  161|          54|          54|
    |ashr_ln58_8_fu_20289_p2      |      ashr|   0|  0|  161|          54|          54|
    |ashr_ln58_9_fu_21041_p2      |      ashr|   0|  0|  161|          54|          54|
    |ashr_ln58_fu_14145_p2        |      ashr|   0|  0|  161|          54|          54|
    |ashr_ln59_10_fu_21909_p2     |      ashr|   0|  0|  161|          54|          54|
    |ashr_ln59_11_fu_22677_p2     |      ashr|   0|  0|  161|          54|          54|
    |ashr_ln59_12_fu_23429_p2     |      ashr|   0|  0|  161|          54|          54|
    |ashr_ln59_13_fu_24197_p2     |      ashr|   0|  0|  161|          54|          54|
    |ashr_ln59_14_fu_24965_p2     |      ashr|   0|  0|  161|          54|          54|
    |ashr_ln59_15_fu_25733_p2     |      ashr|   0|  0|  161|          54|          54|
    |ashr_ln59_1_fu_15013_p2      |      ashr|   0|  0|  161|          54|          54|
    |ashr_ln59_2_fu_15781_p2      |      ashr|   0|  0|  161|          54|          54|
    |ashr_ln59_3_fu_16549_p2      |      ashr|   0|  0|  161|          54|          54|
    |ashr_ln59_4_fu_17317_p2      |      ashr|   0|  0|  161|          54|          54|
    |ashr_ln59_5_fu_18085_p2      |      ashr|   0|  0|  161|          54|          54|
    |ashr_ln59_6_fu_18853_p2      |      ashr|   0|  0|  161|          54|          54|
    |ashr_ln59_7_fu_19621_p2      |      ashr|   0|  0|  161|          54|          54|
    |ashr_ln59_8_fu_20389_p2      |      ashr|   0|  0|  161|          54|          54|
    |ashr_ln59_9_fu_21141_p2      |      ashr|   0|  0|  161|          54|          54|
    |ashr_ln59_fu_14245_p2        |      ashr|   0|  0|  161|          54|          54|
    |ashr_ln74_10_fu_22125_p2     |      ashr|   0|  0|  161|          54|          54|
    |ashr_ln74_11_fu_22877_p2     |      ashr|   0|  0|  161|          54|          54|
    |ashr_ln74_12_fu_23645_p2     |      ashr|   0|  0|  161|          54|          54|
    |ashr_ln74_13_fu_24413_p2     |      ashr|   0|  0|  161|          54|          54|
    |ashr_ln74_14_fu_25181_p2     |      ashr|   0|  0|  161|          54|          54|
    |ashr_ln74_15_fu_25949_p2     |      ashr|   0|  0|  161|          54|          54|
    |ashr_ln74_1_fu_15229_p2      |      ashr|   0|  0|  161|          54|          54|
    |ashr_ln74_2_fu_15997_p2      |      ashr|   0|  0|  161|          54|          54|
    |ashr_ln74_3_fu_16765_p2      |      ashr|   0|  0|  161|          54|          54|
    |ashr_ln74_4_fu_17533_p2      |      ashr|   0|  0|  161|          54|          54|
    |ashr_ln74_5_fu_18301_p2      |      ashr|   0|  0|  161|          54|          54|
    |ashr_ln74_6_fu_19069_p2      |      ashr|   0|  0|  161|          54|          54|
    |ashr_ln74_7_fu_19837_p2      |      ashr|   0|  0|  161|          54|          54|
    |ashr_ln74_8_fu_20605_p2      |      ashr|   0|  0|  161|          54|          54|
    |ashr_ln74_9_fu_21357_p2      |      ashr|   0|  0|  161|          54|          54|
    |ashr_ln74_fu_14461_p2        |      ashr|   0|  0|  161|          54|          54|
    |ashr_ln75_10_fu_22237_p2     |      ashr|   0|  0|  161|          54|          54|
    |ashr_ln75_11_fu_22989_p2     |      ashr|   0|  0|  161|          54|          54|
    |ashr_ln75_12_fu_23757_p2     |      ashr|   0|  0|  161|          54|          54|
    |ashr_ln75_13_fu_24525_p2     |      ashr|   0|  0|  161|          54|          54|
    |ashr_ln75_14_fu_25293_p2     |      ashr|   0|  0|  161|          54|          54|
    |ashr_ln75_15_fu_26061_p2     |      ashr|   0|  0|  161|          54|          54|
    |ashr_ln75_1_fu_15341_p2      |      ashr|   0|  0|  161|          54|          54|
    |ashr_ln75_2_fu_16109_p2      |      ashr|   0|  0|  161|          54|          54|
    |ashr_ln75_3_fu_16877_p2      |      ashr|   0|  0|  161|          54|          54|
    |ashr_ln75_4_fu_17645_p2      |      ashr|   0|  0|  161|          54|          54|
    |ashr_ln75_5_fu_18413_p2      |      ashr|   0|  0|  161|          54|          54|
    |ashr_ln75_6_fu_19181_p2      |      ashr|   0|  0|  161|          54|          54|
    |ashr_ln75_7_fu_19949_p2      |      ashr|   0|  0|  161|          54|          54|
    |ashr_ln75_8_fu_20701_p2      |      ashr|   0|  0|  161|          54|          54|
    |ashr_ln75_9_fu_21469_p2      |      ashr|   0|  0|  161|          54|          54|
    |ashr_ln75_fu_14573_p2        |      ashr|   0|  0|  161|          54|          54|
    |icmp_ln10_10_fu_22013_p2     |      icmp|   0|  0|   10|           3|           1|
    |icmp_ln10_11_fu_22765_p2     |      icmp|   0|  0|   10|           3|           1|
    |icmp_ln10_12_fu_23533_p2     |      icmp|   0|  0|   10|           3|           1|
    |icmp_ln10_13_fu_24301_p2     |      icmp|   0|  0|   10|           3|           1|
    |icmp_ln10_14_fu_25069_p2     |      icmp|   0|  0|   10|           3|           1|
    |icmp_ln10_15_fu_25837_p2     |      icmp|   0|  0|   10|           3|           1|
    |icmp_ln10_1_fu_15117_p2      |      icmp|   0|  0|   10|           3|           1|
    |icmp_ln10_2_fu_15885_p2      |      icmp|   0|  0|   10|           3|           1|
    |icmp_ln10_3_fu_16653_p2      |      icmp|   0|  0|   10|           3|           1|
    |icmp_ln10_4_fu_17421_p2      |      icmp|   0|  0|   10|           3|           1|
    |icmp_ln10_5_fu_18189_p2      |      icmp|   0|  0|   10|           3|           1|
    |icmp_ln10_6_fu_18957_p2      |      icmp|   0|  0|   10|           3|           1|
    |icmp_ln10_7_fu_19725_p2      |      icmp|   0|  0|   10|           3|           1|
    |icmp_ln10_8_fu_20493_p2      |      icmp|   0|  0|   10|           3|           1|
    |icmp_ln10_9_fu_21245_p2      |      icmp|   0|  0|   10|           3|           1|
    |icmp_ln10_fu_14349_p2        |      icmp|   0|  0|   10|           3|           1|
    |icmp_ln39_10_fu_4782_p2      |      icmp|   0|  0|   21|          14|           1|
    |icmp_ln39_11_fu_4876_p2      |      icmp|   0|  0|   21|          14|           1|
    |icmp_ln39_12_fu_4970_p2      |      icmp|   0|  0|   21|          14|           1|
    |icmp_ln39_13_fu_5064_p2      |      icmp|   0|  0|   21|          14|           1|
    |icmp_ln39_14_fu_5158_p2      |      icmp|   0|  0|   21|          14|           1|
    |icmp_ln39_15_fu_5252_p2      |      icmp|   0|  0|   21|          14|           1|
    |icmp_ln39_1_fu_3936_p2       |      icmp|   0|  0|   21|          14|           1|
    |icmp_ln39_2_fu_4030_p2       |      icmp|   0|  0|   21|          14|           1|
    |icmp_ln39_3_fu_4124_p2       |      icmp|   0|  0|   21|          14|           1|
    |icmp_ln39_4_fu_4218_p2       |      icmp|   0|  0|   21|          14|           1|
    |icmp_ln39_5_fu_4312_p2       |      icmp|   0|  0|   21|          14|           1|
    |icmp_ln39_6_fu_4406_p2       |      icmp|   0|  0|   21|          14|           1|
    |icmp_ln39_7_fu_4500_p2       |      icmp|   0|  0|   21|          14|           1|
    |icmp_ln39_8_fu_4594_p2       |      icmp|   0|  0|   21|          14|           1|
    |icmp_ln39_9_fu_4688_p2       |      icmp|   0|  0|   21|          14|           1|
    |icmp_ln39_fu_3842_p2         |      icmp|   0|  0|   21|          14|           1|
    |icmp_ln58_100_fu_13084_p2    |      icmp|   0|  0|   19|          12|           4|
    |icmp_ln58_101_fu_13107_p2    |      icmp|   0|  0|   19|          12|           4|
    |icmp_ln58_102_fu_23321_p2    |      icmp|   0|  0|   18|          11|           6|
    |icmp_ln58_103_fu_23353_p2    |      icmp|   0|  0|   14|           7|           1|
    |icmp_ln58_104_fu_5069_p2     |      icmp|   0|  0|   38|          31|           1|
    |icmp_ln58_105_fu_5088_p2     |      icmp|   0|  0|   21|          14|           1|
    |icmp_ln58_106_fu_5135_p2     |      icmp|   0|  0|   39|          32|           1|
    |icmp_ln58_107_fu_9582_p2     |      icmp|   0|  0|   70|          63|           1|
    |icmp_ln58_108_fu_13348_p2    |      icmp|   0|  0|   19|          12|           4|
    |icmp_ln58_109_fu_13371_p2    |      icmp|   0|  0|   19|          12|           4|
    |icmp_ln58_10_fu_4007_p2      |      icmp|   0|  0|   39|          32|           1|
    |icmp_ln58_110_fu_24089_p2    |      icmp|   0|  0|   18|          11|           6|
    |icmp_ln58_111_fu_24121_p2    |      icmp|   0|  0|   14|           7|           1|
    |icmp_ln58_112_fu_5163_p2     |      icmp|   0|  0|   38|          31|           1|
    |icmp_ln58_113_fu_5182_p2     |      icmp|   0|  0|   21|          14|           1|
    |icmp_ln58_114_fu_5229_p2     |      icmp|   0|  0|   39|          32|           1|
    |icmp_ln58_115_fu_9685_p2     |      icmp|   0|  0|   70|          63|           1|
    |icmp_ln58_116_fu_13612_p2    |      icmp|   0|  0|   19|          12|           4|
    |icmp_ln58_117_fu_13635_p2    |      icmp|   0|  0|   19|          12|           4|
    |icmp_ln58_118_fu_24857_p2    |      icmp|   0|  0|   18|          11|           6|
    |icmp_ln58_119_fu_24889_p2    |      icmp|   0|  0|   14|           7|           1|
    |icmp_ln58_11_fu_8346_p2      |      icmp|   0|  0|   70|          63|           1|
    |icmp_ln58_120_fu_5257_p2     |      icmp|   0|  0|   38|          31|           1|
    |icmp_ln58_121_fu_5276_p2     |      icmp|   0|  0|   21|          14|           1|
    |icmp_ln58_122_fu_5323_p2     |      icmp|   0|  0|   39|          32|           1|
    |icmp_ln58_123_fu_9788_p2     |      icmp|   0|  0|   70|          63|           1|
    |icmp_ln58_124_fu_13876_p2    |      icmp|   0|  0|   19|          12|           4|
    |icmp_ln58_125_fu_13899_p2    |      icmp|   0|  0|   19|          12|           4|
    |icmp_ln58_126_fu_25625_p2    |      icmp|   0|  0|   18|          11|           6|
    |icmp_ln58_127_fu_25657_p2    |      icmp|   0|  0|   14|           7|           1|
    |icmp_ln58_12_fu_10146_p2     |      icmp|   0|  0|   19|          12|           4|
    |icmp_ln58_13_fu_10169_p2     |      icmp|   0|  0|   19|          12|           4|
    |icmp_ln58_14_fu_14905_p2     |      icmp|   0|  0|   18|          11|           6|
    |icmp_ln58_15_fu_14937_p2     |      icmp|   0|  0|   14|           7|           1|
    |icmp_ln58_16_fu_4035_p2      |      icmp|   0|  0|   38|          31|           1|
    |icmp_ln58_17_fu_4054_p2      |      icmp|   0|  0|   21|          14|           1|
    |icmp_ln58_18_fu_4101_p2      |      icmp|   0|  0|   39|          32|           1|
    |icmp_ln58_19_fu_8449_p2      |      icmp|   0|  0|   70|          63|           1|
    |icmp_ln58_1_fu_3866_p2       |      icmp|   0|  0|   21|          14|           1|
    |icmp_ln58_20_fu_10410_p2     |      icmp|   0|  0|   19|          12|           4|
    |icmp_ln58_21_fu_10433_p2     |      icmp|   0|  0|   19|          12|           4|
    |icmp_ln58_22_fu_15673_p2     |      icmp|   0|  0|   18|          11|           6|
    |icmp_ln58_23_fu_15705_p2     |      icmp|   0|  0|   14|           7|           1|
    |icmp_ln58_24_fu_4129_p2      |      icmp|   0|  0|   38|          31|           1|
    |icmp_ln58_25_fu_4148_p2      |      icmp|   0|  0|   21|          14|           1|
    |icmp_ln58_26_fu_4195_p2      |      icmp|   0|  0|   39|          32|           1|
    |icmp_ln58_27_fu_8552_p2      |      icmp|   0|  0|   70|          63|           1|
    |icmp_ln58_28_fu_10674_p2     |      icmp|   0|  0|   19|          12|           4|
    |icmp_ln58_29_fu_10697_p2     |      icmp|   0|  0|   19|          12|           4|
    |icmp_ln58_2_fu_3913_p2       |      icmp|   0|  0|   39|          32|           1|
    |icmp_ln58_30_fu_16441_p2     |      icmp|   0|  0|   18|          11|           6|
    |icmp_ln58_31_fu_16473_p2     |      icmp|   0|  0|   14|           7|           1|
    |icmp_ln58_32_fu_4223_p2      |      icmp|   0|  0|   38|          31|           1|
    |icmp_ln58_33_fu_4242_p2      |      icmp|   0|  0|   21|          14|           1|
    |icmp_ln58_34_fu_4289_p2      |      icmp|   0|  0|   39|          32|           1|
    |icmp_ln58_35_fu_8655_p2      |      icmp|   0|  0|   70|          63|           1|
    |icmp_ln58_36_fu_10938_p2     |      icmp|   0|  0|   19|          12|           4|
    |icmp_ln58_37_fu_10961_p2     |      icmp|   0|  0|   19|          12|           4|
    |icmp_ln58_38_fu_17209_p2     |      icmp|   0|  0|   18|          11|           6|
    |icmp_ln58_39_fu_17241_p2     |      icmp|   0|  0|   14|           7|           1|
    |icmp_ln58_3_fu_8243_p2       |      icmp|   0|  0|   70|          63|           1|
    |icmp_ln58_40_fu_4317_p2      |      icmp|   0|  0|   38|          31|           1|
    |icmp_ln58_41_fu_4336_p2      |      icmp|   0|  0|   21|          14|           1|
    |icmp_ln58_42_fu_4383_p2      |      icmp|   0|  0|   39|          32|           1|
    |icmp_ln58_43_fu_8758_p2      |      icmp|   0|  0|   70|          63|           1|
    |icmp_ln58_44_fu_11202_p2     |      icmp|   0|  0|   19|          12|           4|
    |icmp_ln58_45_fu_11225_p2     |      icmp|   0|  0|   19|          12|           4|
    |icmp_ln58_46_fu_17977_p2     |      icmp|   0|  0|   18|          11|           6|
    |icmp_ln58_47_fu_18009_p2     |      icmp|   0|  0|   14|           7|           1|
    |icmp_ln58_48_fu_4411_p2      |      icmp|   0|  0|   38|          31|           1|
    |icmp_ln58_49_fu_4430_p2      |      icmp|   0|  0|   21|          14|           1|
    |icmp_ln58_4_fu_9882_p2       |      icmp|   0|  0|   19|          12|           4|
    |icmp_ln58_50_fu_4477_p2      |      icmp|   0|  0|   39|          32|           1|
    |icmp_ln58_51_fu_8861_p2      |      icmp|   0|  0|   70|          63|           1|
    |icmp_ln58_52_fu_11466_p2     |      icmp|   0|  0|   19|          12|           4|
    |icmp_ln58_53_fu_11489_p2     |      icmp|   0|  0|   19|          12|           4|
    |icmp_ln58_54_fu_18745_p2     |      icmp|   0|  0|   18|          11|           6|
    |icmp_ln58_55_fu_18777_p2     |      icmp|   0|  0|   14|           7|           1|
    |icmp_ln58_56_fu_4505_p2      |      icmp|   0|  0|   38|          31|           1|
    |icmp_ln58_57_fu_4524_p2      |      icmp|   0|  0|   21|          14|           1|
    |icmp_ln58_58_fu_4571_p2      |      icmp|   0|  0|   39|          32|           1|
    |icmp_ln58_59_fu_8964_p2      |      icmp|   0|  0|   70|          63|           1|
    |icmp_ln58_5_fu_9905_p2       |      icmp|   0|  0|   19|          12|           4|
    |icmp_ln58_60_fu_11730_p2     |      icmp|   0|  0|   19|          12|           4|
    |icmp_ln58_61_fu_11753_p2     |      icmp|   0|  0|   19|          12|           4|
    |icmp_ln58_62_fu_19513_p2     |      icmp|   0|  0|   18|          11|           6|
    |icmp_ln58_63_fu_19545_p2     |      icmp|   0|  0|   14|           7|           1|
    |icmp_ln58_64_fu_4599_p2      |      icmp|   0|  0|   38|          31|           1|
    |icmp_ln58_65_fu_4618_p2      |      icmp|   0|  0|   21|          14|           1|
    |icmp_ln58_66_fu_4665_p2      |      icmp|   0|  0|   39|          32|           1|
    |icmp_ln58_67_fu_9067_p2      |      icmp|   0|  0|   70|          63|           1|
    |icmp_ln58_68_fu_11994_p2     |      icmp|   0|  0|   19|          12|           4|
    |icmp_ln58_69_fu_12017_p2     |      icmp|   0|  0|   19|          12|           4|
    |icmp_ln58_6_fu_14137_p2      |      icmp|   0|  0|   18|          11|           6|
    |icmp_ln58_70_fu_20281_p2     |      icmp|   0|  0|   18|          11|           6|
    |icmp_ln58_71_fu_20313_p2     |      icmp|   0|  0|   14|           7|           1|
    |icmp_ln58_72_fu_4693_p2      |      icmp|   0|  0|   38|          31|           1|
    |icmp_ln58_73_fu_4712_p2      |      icmp|   0|  0|   21|          14|           1|
    |icmp_ln58_74_fu_4759_p2      |      icmp|   0|  0|   39|          32|           1|
    |icmp_ln58_75_fu_9170_p2      |      icmp|   0|  0|   70|          63|           1|
    |icmp_ln58_76_fu_12275_p2     |      icmp|   0|  0|   19|          12|           4|
    |icmp_ln58_77_fu_12298_p2     |      icmp|   0|  0|   19|          12|           4|
    |icmp_ln58_78_fu_21033_p2     |      icmp|   0|  0|   18|          11|           6|
    |icmp_ln58_79_fu_21065_p2     |      icmp|   0|  0|   14|           7|           1|
    |icmp_ln58_7_fu_14169_p2      |      icmp|   0|  0|   14|           7|           1|
    |icmp_ln58_80_fu_4787_p2      |      icmp|   0|  0|   38|          31|           1|
    |icmp_ln58_81_fu_4806_p2      |      icmp|   0|  0|   21|          14|           1|
    |icmp_ln58_82_fu_4853_p2      |      icmp|   0|  0|   39|          32|           1|
    |icmp_ln58_83_fu_9273_p2      |      icmp|   0|  0|   70|          63|           1|
    |icmp_ln58_84_fu_12539_p2     |      icmp|   0|  0|   19|          12|           4|
    |icmp_ln58_85_fu_12562_p2     |      icmp|   0|  0|   19|          12|           4|
    |icmp_ln58_86_fu_21801_p2     |      icmp|   0|  0|   18|          11|           6|
    |icmp_ln58_87_fu_21833_p2     |      icmp|   0|  0|   14|           7|           1|
    |icmp_ln58_88_fu_4881_p2      |      icmp|   0|  0|   38|          31|           1|
    |icmp_ln58_89_fu_4900_p2      |      icmp|   0|  0|   21|          14|           1|
    |icmp_ln58_8_fu_3941_p2       |      icmp|   0|  0|   38|          31|           1|
    |icmp_ln58_90_fu_4947_p2      |      icmp|   0|  0|   39|          32|           1|
    |icmp_ln58_91_fu_9376_p2      |      icmp|   0|  0|   70|          63|           1|
    |icmp_ln58_92_fu_12803_p2     |      icmp|   0|  0|   19|          12|           4|
    |icmp_ln58_93_fu_12826_p2     |      icmp|   0|  0|   19|          12|           4|
    |icmp_ln58_94_fu_22569_p2     |      icmp|   0|  0|   18|          11|           6|
    |icmp_ln58_95_fu_22601_p2     |      icmp|   0|  0|   14|           7|           1|
    |icmp_ln58_96_fu_4975_p2      |      icmp|   0|  0|   38|          31|           1|
    |icmp_ln58_97_fu_4994_p2      |      icmp|   0|  0|   21|          14|           1|
    |icmp_ln58_98_fu_5041_p2      |      icmp|   0|  0|   39|          32|           1|
    |icmp_ln58_99_fu_9479_p2      |      icmp|   0|  0|   70|          63|           1|
    |icmp_ln58_9_fu_3960_p2       |      icmp|   0|  0|   21|          14|           1|
    |icmp_ln58_fu_3847_p2         |      icmp|   0|  0|   38|          31|           1|
    |icmp_ln59_10_fu_8468_p2      |      icmp|   0|  0|   70|          63|           1|
    |icmp_ln59_11_fu_10476_p2     |      icmp|   0|  0|   19|          12|           4|
    |icmp_ln59_12_fu_10499_p2     |      icmp|   0|  0|   19|          12|           4|
    |icmp_ln59_13_fu_15773_p2     |      icmp|   0|  0|   18|          11|           6|
    |icmp_ln59_14_fu_15817_p2     |      icmp|   0|  0|   14|           7|           1|
    |icmp_ln59_15_fu_8571_p2      |      icmp|   0|  0|   70|          63|           1|
    |icmp_ln59_16_fu_10740_p2     |      icmp|   0|  0|   19|          12|           4|
    |icmp_ln59_17_fu_10763_p2     |      icmp|   0|  0|   19|          12|           4|
    |icmp_ln59_18_fu_16541_p2     |      icmp|   0|  0|   18|          11|           6|
    |icmp_ln59_19_fu_16585_p2     |      icmp|   0|  0|   14|           7|           1|
    |icmp_ln59_1_fu_9948_p2       |      icmp|   0|  0|   19|          12|           4|
    |icmp_ln59_20_fu_8674_p2      |      icmp|   0|  0|   70|          63|           1|
    |icmp_ln59_21_fu_11004_p2     |      icmp|   0|  0|   19|          12|           4|
    |icmp_ln59_22_fu_11027_p2     |      icmp|   0|  0|   19|          12|           4|
    |icmp_ln59_23_fu_17309_p2     |      icmp|   0|  0|   18|          11|           6|
    |icmp_ln59_24_fu_17353_p2     |      icmp|   0|  0|   14|           7|           1|
    |icmp_ln59_25_fu_8777_p2      |      icmp|   0|  0|   70|          63|           1|
    |icmp_ln59_26_fu_11268_p2     |      icmp|   0|  0|   19|          12|           4|
    |icmp_ln59_27_fu_11291_p2     |      icmp|   0|  0|   19|          12|           4|
    |icmp_ln59_28_fu_18077_p2     |      icmp|   0|  0|   18|          11|           6|
    |icmp_ln59_29_fu_18121_p2     |      icmp|   0|  0|   14|           7|           1|
    |icmp_ln59_2_fu_9971_p2       |      icmp|   0|  0|   19|          12|           4|
    |icmp_ln59_30_fu_8880_p2      |      icmp|   0|  0|   70|          63|           1|
    |icmp_ln59_31_fu_11532_p2     |      icmp|   0|  0|   19|          12|           4|
    |icmp_ln59_32_fu_11555_p2     |      icmp|   0|  0|   19|          12|           4|
    |icmp_ln59_33_fu_18845_p2     |      icmp|   0|  0|   18|          11|           6|
    |icmp_ln59_34_fu_18889_p2     |      icmp|   0|  0|   14|           7|           1|
    |icmp_ln59_35_fu_8983_p2      |      icmp|   0|  0|   70|          63|           1|
    |icmp_ln59_36_fu_11796_p2     |      icmp|   0|  0|   19|          12|           4|
    |icmp_ln59_37_fu_11819_p2     |      icmp|   0|  0|   19|          12|           4|
    |icmp_ln59_38_fu_19613_p2     |      icmp|   0|  0|   18|          11|           6|
    |icmp_ln59_39_fu_19657_p2     |      icmp|   0|  0|   14|           7|           1|
    |icmp_ln59_3_fu_14237_p2      |      icmp|   0|  0|   18|          11|           6|
    |icmp_ln59_40_fu_9086_p2      |      icmp|   0|  0|   70|          63|           1|
    |icmp_ln59_41_fu_12060_p2     |      icmp|   0|  0|   19|          12|           4|
    |icmp_ln59_42_fu_12083_p2     |      icmp|   0|  0|   19|          12|           4|
    |icmp_ln59_43_fu_20381_p2     |      icmp|   0|  0|   18|          11|           6|
    |icmp_ln59_44_fu_20425_p2     |      icmp|   0|  0|   14|           7|           1|
    |icmp_ln59_45_fu_9189_p2      |      icmp|   0|  0|   70|          63|           1|
    |icmp_ln59_46_fu_12341_p2     |      icmp|   0|  0|   19|          12|           4|
    |icmp_ln59_47_fu_12364_p2     |      icmp|   0|  0|   19|          12|           4|
    |icmp_ln59_48_fu_21133_p2     |      icmp|   0|  0|   18|          11|           6|
    |icmp_ln59_49_fu_21177_p2     |      icmp|   0|  0|   14|           7|           1|
    |icmp_ln59_4_fu_14281_p2      |      icmp|   0|  0|   14|           7|           1|
    |icmp_ln59_50_fu_9292_p2      |      icmp|   0|  0|   70|          63|           1|
    |icmp_ln59_51_fu_12605_p2     |      icmp|   0|  0|   19|          12|           4|
    |icmp_ln59_52_fu_12628_p2     |      icmp|   0|  0|   19|          12|           4|
    |icmp_ln59_53_fu_21901_p2     |      icmp|   0|  0|   18|          11|           6|
    |icmp_ln59_54_fu_21945_p2     |      icmp|   0|  0|   14|           7|           1|
    |icmp_ln59_55_fu_9395_p2      |      icmp|   0|  0|   70|          63|           1|
    |icmp_ln59_56_fu_12869_p2     |      icmp|   0|  0|   19|          12|           4|
    |icmp_ln59_57_fu_12892_p2     |      icmp|   0|  0|   19|          12|           4|
    |icmp_ln59_58_fu_22669_p2     |      icmp|   0|  0|   18|          11|           6|
    |icmp_ln59_59_fu_22713_p2     |      icmp|   0|  0|   14|           7|           1|
    |icmp_ln59_5_fu_8365_p2       |      icmp|   0|  0|   70|          63|           1|
    |icmp_ln59_60_fu_9498_p2      |      icmp|   0|  0|   70|          63|           1|
    |icmp_ln59_61_fu_13150_p2     |      icmp|   0|  0|   19|          12|           4|
    |icmp_ln59_62_fu_13173_p2     |      icmp|   0|  0|   19|          12|           4|
    |icmp_ln59_63_fu_23421_p2     |      icmp|   0|  0|   18|          11|           6|
    |icmp_ln59_64_fu_23465_p2     |      icmp|   0|  0|   14|           7|           1|
    |icmp_ln59_65_fu_9601_p2      |      icmp|   0|  0|   70|          63|           1|
    |icmp_ln59_66_fu_13414_p2     |      icmp|   0|  0|   19|          12|           4|
    |icmp_ln59_67_fu_13437_p2     |      icmp|   0|  0|   19|          12|           4|
    |icmp_ln59_68_fu_24189_p2     |      icmp|   0|  0|   18|          11|           6|
    |icmp_ln59_69_fu_24233_p2     |      icmp|   0|  0|   14|           7|           1|
    |icmp_ln59_6_fu_10212_p2      |      icmp|   0|  0|   19|          12|           4|
    |icmp_ln59_70_fu_9704_p2      |      icmp|   0|  0|   70|          63|           1|
    |icmp_ln59_71_fu_13678_p2     |      icmp|   0|  0|   19|          12|           4|
    |icmp_ln59_72_fu_13701_p2     |      icmp|   0|  0|   19|          12|           4|
    |icmp_ln59_73_fu_24957_p2     |      icmp|   0|  0|   18|          11|           6|
    |icmp_ln59_74_fu_25001_p2     |      icmp|   0|  0|   14|           7|           1|
    |icmp_ln59_75_fu_9807_p2      |      icmp|   0|  0|   70|          63|           1|
    |icmp_ln59_76_fu_13942_p2     |      icmp|   0|  0|   19|          12|           4|
    |icmp_ln59_77_fu_13965_p2     |      icmp|   0|  0|   19|          12|           4|
    |icmp_ln59_78_fu_25725_p2     |      icmp|   0|  0|   18|          11|           6|
    |icmp_ln59_79_fu_25769_p2     |      icmp|   0|  0|   14|           7|           1|
    |icmp_ln59_7_fu_10235_p2      |      icmp|   0|  0|   19|          12|           4|
    |icmp_ln59_8_fu_15005_p2      |      icmp|   0|  0|   18|          11|           6|
    |icmp_ln59_9_fu_15049_p2      |      icmp|   0|  0|   14|           7|           1|
    |icmp_ln59_fu_8262_p2         |      icmp|   0|  0|   70|          63|           1|
    |icmp_ln65_10_fu_22026_p2     |      icmp|   0|  0|   10|           3|           3|
    |icmp_ln65_11_fu_22778_p2     |      icmp|   0|  0|   10|           3|           3|
    |icmp_ln65_12_fu_23546_p2     |      icmp|   0|  0|   10|           3|           3|
    |icmp_ln65_13_fu_24314_p2     |      icmp|   0|  0|   10|           3|           3|
    |icmp_ln65_14_fu_25082_p2     |      icmp|   0|  0|   10|           3|           3|
    |icmp_ln65_15_fu_25850_p2     |      icmp|   0|  0|   10|           3|           3|
    |icmp_ln65_1_fu_15130_p2      |      icmp|   0|  0|   10|           3|           3|
    |icmp_ln65_2_fu_15898_p2      |      icmp|   0|  0|   10|           3|           3|
    |icmp_ln65_3_fu_16666_p2      |      icmp|   0|  0|   10|           3|           3|
    |icmp_ln65_4_fu_17434_p2      |      icmp|   0|  0|   10|           3|           3|
    |icmp_ln65_5_fu_18202_p2      |      icmp|   0|  0|   10|           3|           3|
    |icmp_ln65_6_fu_18970_p2      |      icmp|   0|  0|   10|           3|           3|
    |icmp_ln65_7_fu_19738_p2      |      icmp|   0|  0|   10|           3|           3|
    |icmp_ln65_8_fu_20506_p2      |      icmp|   0|  0|   10|           3|           3|
    |icmp_ln65_9_fu_21258_p2      |      icmp|   0|  0|   10|           3|           3|
    |icmp_ln65_fu_14362_p2        |      icmp|   0|  0|   10|           3|           3|
    |icmp_ln66_10_fu_22039_p2     |      icmp|   0|  0|   12|           3|           4|
    |icmp_ln66_11_fu_22791_p2     |      icmp|   0|  0|   12|           3|           4|
    |icmp_ln66_12_fu_23559_p2     |      icmp|   0|  0|   12|           3|           4|
    |icmp_ln66_13_fu_24327_p2     |      icmp|   0|  0|   12|           3|           4|
    |icmp_ln66_14_fu_25095_p2     |      icmp|   0|  0|   12|           3|           4|
    |icmp_ln66_15_fu_25863_p2     |      icmp|   0|  0|   12|           3|           4|
    |icmp_ln66_1_fu_15143_p2      |      icmp|   0|  0|   12|           3|           4|
    |icmp_ln66_2_fu_15911_p2      |      icmp|   0|  0|   12|           3|           4|
    |icmp_ln66_3_fu_16679_p2      |      icmp|   0|  0|   12|           3|           4|
    |icmp_ln66_4_fu_17447_p2      |      icmp|   0|  0|   12|           3|           4|
    |icmp_ln66_5_fu_18215_p2      |      icmp|   0|  0|   12|           3|           4|
    |icmp_ln66_6_fu_18983_p2      |      icmp|   0|  0|   12|           3|           4|
    |icmp_ln66_7_fu_19751_p2      |      icmp|   0|  0|   12|           3|           4|
    |icmp_ln66_8_fu_20519_p2      |      icmp|   0|  0|   12|           3|           4|
    |icmp_ln66_9_fu_21271_p2      |      icmp|   0|  0|   12|           3|           4|
    |icmp_ln66_fu_14375_p2        |      icmp|   0|  0|   12|           3|           4|
    |icmp_ln67_10_fu_22052_p2     |      icmp|   0|  0|   10|           3|           2|
    |icmp_ln67_11_fu_22804_p2     |      icmp|   0|  0|   10|           3|           2|
    |icmp_ln67_12_fu_23572_p2     |      icmp|   0|  0|   10|           3|           2|
    |icmp_ln67_13_fu_24340_p2     |      icmp|   0|  0|   10|           3|           2|
    |icmp_ln67_14_fu_25108_p2     |      icmp|   0|  0|   10|           3|           2|
    |icmp_ln67_15_fu_25876_p2     |      icmp|   0|  0|   10|           3|           2|
    |icmp_ln67_1_fu_15156_p2      |      icmp|   0|  0|   10|           3|           2|
    |icmp_ln67_2_fu_15924_p2      |      icmp|   0|  0|   10|           3|           2|
    |icmp_ln67_3_fu_16692_p2      |      icmp|   0|  0|   10|           3|           2|
    |icmp_ln67_4_fu_17460_p2      |      icmp|   0|  0|   10|           3|           2|
    |icmp_ln67_5_fu_18228_p2      |      icmp|   0|  0|   10|           3|           2|
    |icmp_ln67_6_fu_18996_p2      |      icmp|   0|  0|   10|           3|           2|
    |icmp_ln67_7_fu_19764_p2      |      icmp|   0|  0|   10|           3|           2|
    |icmp_ln67_8_fu_20532_p2      |      icmp|   0|  0|   10|           3|           2|
    |icmp_ln67_9_fu_21284_p2      |      icmp|   0|  0|   10|           3|           2|
    |icmp_ln67_fu_14388_p2        |      icmp|   0|  0|   10|           3|           2|
    |icmp_ln68_10_fu_22065_p2     |      icmp|   0|  0|   10|           3|           3|
    |icmp_ln68_11_fu_22817_p2     |      icmp|   0|  0|   10|           3|           3|
    |icmp_ln68_12_fu_23585_p2     |      icmp|   0|  0|   10|           3|           3|
    |icmp_ln68_13_fu_24353_p2     |      icmp|   0|  0|   10|           3|           3|
    |icmp_ln68_14_fu_25121_p2     |      icmp|   0|  0|   10|           3|           3|
    |icmp_ln68_15_fu_25889_p2     |      icmp|   0|  0|   10|           3|           3|
    |icmp_ln68_1_fu_15169_p2      |      icmp|   0|  0|   10|           3|           3|
    |icmp_ln68_2_fu_15937_p2      |      icmp|   0|  0|   10|           3|           3|
    |icmp_ln68_3_fu_16705_p2      |      icmp|   0|  0|   10|           3|           3|
    |icmp_ln68_4_fu_17473_p2      |      icmp|   0|  0|   10|           3|           3|
    |icmp_ln68_5_fu_18241_p2      |      icmp|   0|  0|   10|           3|           3|
    |icmp_ln68_6_fu_19009_p2      |      icmp|   0|  0|   10|           3|           3|
    |icmp_ln68_7_fu_19777_p2      |      icmp|   0|  0|   10|           3|           3|
    |icmp_ln68_8_fu_20545_p2      |      icmp|   0|  0|   10|           3|           3|
    |icmp_ln68_9_fu_21297_p2      |      icmp|   0|  0|   10|           3|           3|
    |icmp_ln68_fu_14401_p2        |      icmp|   0|  0|   10|           3|           3|
    |icmp_ln69_10_fu_22078_p2     |      icmp|   0|  0|   10|           3|           1|
    |icmp_ln69_11_fu_22830_p2     |      icmp|   0|  0|   10|           3|           1|
    |icmp_ln69_12_fu_23598_p2     |      icmp|   0|  0|   10|           3|           1|
    |icmp_ln69_13_fu_24366_p2     |      icmp|   0|  0|   10|           3|           1|
    |icmp_ln69_14_fu_25134_p2     |      icmp|   0|  0|   10|           3|           1|
    |icmp_ln69_15_fu_25902_p2     |      icmp|   0|  0|   10|           3|           1|
    |icmp_ln69_1_fu_15182_p2      |      icmp|   0|  0|   10|           3|           1|
    |icmp_ln69_2_fu_15950_p2      |      icmp|   0|  0|   10|           3|           1|
    |icmp_ln69_3_fu_16718_p2      |      icmp|   0|  0|   10|           3|           1|
    |icmp_ln69_4_fu_17486_p2      |      icmp|   0|  0|   10|           3|           1|
    |icmp_ln69_5_fu_18254_p2      |      icmp|   0|  0|   10|           3|           1|
    |icmp_ln69_6_fu_19022_p2      |      icmp|   0|  0|   10|           3|           1|
    |icmp_ln69_7_fu_19790_p2      |      icmp|   0|  0|   10|           3|           1|
    |icmp_ln69_8_fu_20558_p2      |      icmp|   0|  0|   10|           3|           1|
    |icmp_ln69_9_fu_21310_p2      |      icmp|   0|  0|   10|           3|           1|
    |icmp_ln69_fu_14414_p2        |      icmp|   0|  0|   10|           3|           1|
    |icmp_ln70_10_fu_22091_p2     |      icmp|   0|  0|   10|           3|           2|
    |icmp_ln70_11_fu_22843_p2     |      icmp|   0|  0|   10|           3|           2|
    |icmp_ln70_12_fu_23611_p2     |      icmp|   0|  0|   10|           3|           2|
    |icmp_ln70_13_fu_24379_p2     |      icmp|   0|  0|   10|           3|           2|
    |icmp_ln70_14_fu_25147_p2     |      icmp|   0|  0|   10|           3|           2|
    |icmp_ln70_15_fu_25915_p2     |      icmp|   0|  0|   10|           3|           2|
    |icmp_ln70_1_fu_15195_p2      |      icmp|   0|  0|   10|           3|           2|
    |icmp_ln70_2_fu_15963_p2      |      icmp|   0|  0|   10|           3|           2|
    |icmp_ln70_3_fu_16731_p2      |      icmp|   0|  0|   10|           3|           2|
    |icmp_ln70_4_fu_17499_p2      |      icmp|   0|  0|   10|           3|           2|
    |icmp_ln70_5_fu_18267_p2      |      icmp|   0|  0|   10|           3|           2|
    |icmp_ln70_6_fu_19035_p2      |      icmp|   0|  0|   10|           3|           2|
    |icmp_ln70_7_fu_19803_p2      |      icmp|   0|  0|   10|           3|           2|
    |icmp_ln70_8_fu_20571_p2      |      icmp|   0|  0|   10|           3|           2|
    |icmp_ln70_9_fu_21323_p2      |      icmp|   0|  0|   10|           3|           2|
    |icmp_ln70_fu_14427_p2        |      icmp|   0|  0|   10|           3|           2|
    |icmp_ln71_10_fu_22104_p2     |      icmp|   0|  0|   10|           3|           2|
    |icmp_ln71_11_fu_22856_p2     |      icmp|   0|  0|   10|           3|           2|
    |icmp_ln71_12_fu_23624_p2     |      icmp|   0|  0|   10|           3|           2|
    |icmp_ln71_13_fu_24392_p2     |      icmp|   0|  0|   10|           3|           2|
    |icmp_ln71_14_fu_25160_p2     |      icmp|   0|  0|   10|           3|           2|
    |icmp_ln71_15_fu_25928_p2     |      icmp|   0|  0|   10|           3|           2|
    |icmp_ln71_1_fu_15208_p2      |      icmp|   0|  0|   10|           3|           2|
    |icmp_ln71_2_fu_15976_p2      |      icmp|   0|  0|   10|           3|           2|
    |icmp_ln71_3_fu_16744_p2      |      icmp|   0|  0|   10|           3|           2|
    |icmp_ln71_4_fu_17512_p2      |      icmp|   0|  0|   10|           3|           2|
    |icmp_ln71_5_fu_18280_p2      |      icmp|   0|  0|   10|           3|           2|
    |icmp_ln71_6_fu_19048_p2      |      icmp|   0|  0|   10|           3|           2|
    |icmp_ln71_7_fu_19816_p2      |      icmp|   0|  0|   10|           3|           2|
    |icmp_ln71_8_fu_20584_p2      |      icmp|   0|  0|   10|           3|           2|
    |icmp_ln71_9_fu_21336_p2      |      icmp|   0|  0|   10|           3|           2|
    |icmp_ln71_fu_14440_p2        |      icmp|   0|  0|   10|           3|           2|
    |icmp_ln74_10_fu_8486_p2      |      icmp|   0|  0|   70|          63|           1|
    |icmp_ln74_11_fu_10542_p2     |      icmp|   0|  0|   19|          12|           4|
    |icmp_ln74_12_fu_10565_p2     |      icmp|   0|  0|   19|          12|           4|
    |icmp_ln74_13_fu_15989_p2     |      icmp|   0|  0|   18|          11|           6|
    |icmp_ln74_14_fu_16033_p2     |      icmp|   0|  0|   14|           7|           1|
    |icmp_ln74_15_fu_8589_p2      |      icmp|   0|  0|   70|          63|           1|
    |icmp_ln74_16_fu_10806_p2     |      icmp|   0|  0|   19|          12|           4|
    |icmp_ln74_17_fu_10829_p2     |      icmp|   0|  0|   19|          12|           4|
    |icmp_ln74_18_fu_16757_p2     |      icmp|   0|  0|   18|          11|           6|
    |icmp_ln74_19_fu_16801_p2     |      icmp|   0|  0|   14|           7|           1|
    |icmp_ln74_1_fu_10014_p2      |      icmp|   0|  0|   19|          12|           4|
    |icmp_ln74_20_fu_8692_p2      |      icmp|   0|  0|   70|          63|           1|
    |icmp_ln74_21_fu_11070_p2     |      icmp|   0|  0|   19|          12|           4|
    |icmp_ln74_22_fu_11093_p2     |      icmp|   0|  0|   19|          12|           4|
    |icmp_ln74_23_fu_17525_p2     |      icmp|   0|  0|   18|          11|           6|
    |icmp_ln74_24_fu_17569_p2     |      icmp|   0|  0|   14|           7|           1|
    |icmp_ln74_25_fu_8795_p2      |      icmp|   0|  0|   70|          63|           1|
    |icmp_ln74_26_fu_11334_p2     |      icmp|   0|  0|   19|          12|           4|
    |icmp_ln74_27_fu_11357_p2     |      icmp|   0|  0|   19|          12|           4|
    |icmp_ln74_28_fu_18293_p2     |      icmp|   0|  0|   18|          11|           6|
    |icmp_ln74_29_fu_18337_p2     |      icmp|   0|  0|   14|           7|           1|
    |icmp_ln74_2_fu_10037_p2      |      icmp|   0|  0|   19|          12|           4|
    |icmp_ln74_30_fu_8898_p2      |      icmp|   0|  0|   70|          63|           1|
    |icmp_ln74_31_fu_11598_p2     |      icmp|   0|  0|   19|          12|           4|
    |icmp_ln74_32_fu_11621_p2     |      icmp|   0|  0|   19|          12|           4|
    |icmp_ln74_33_fu_19061_p2     |      icmp|   0|  0|   18|          11|           6|
    |icmp_ln74_34_fu_19105_p2     |      icmp|   0|  0|   14|           7|           1|
    |icmp_ln74_35_fu_9001_p2      |      icmp|   0|  0|   70|          63|           1|
    |icmp_ln74_36_fu_11862_p2     |      icmp|   0|  0|   19|          12|           4|
    |icmp_ln74_37_fu_11885_p2     |      icmp|   0|  0|   19|          12|           4|
    |icmp_ln74_38_fu_19829_p2     |      icmp|   0|  0|   18|          11|           6|
    |icmp_ln74_39_fu_19873_p2     |      icmp|   0|  0|   14|           7|           1|
    |icmp_ln74_3_fu_14453_p2      |      icmp|   0|  0|   18|          11|           6|
    |icmp_ln74_40_fu_9104_p2      |      icmp|   0|  0|   70|          63|           1|
    |icmp_ln74_41_fu_12126_p2     |      icmp|   0|  0|   19|          12|           4|
    |icmp_ln74_42_fu_12149_p2     |      icmp|   0|  0|   19|          12|           4|
    |icmp_ln74_43_fu_20597_p2     |      icmp|   0|  0|   18|          11|           6|
    |icmp_ln74_44_fu_20641_p2     |      icmp|   0|  0|   14|           7|           1|
    |icmp_ln74_45_fu_9207_p2      |      icmp|   0|  0|   70|          63|           1|
    |icmp_ln74_46_fu_12407_p2     |      icmp|   0|  0|   19|          12|           4|
    |icmp_ln74_47_fu_12430_p2     |      icmp|   0|  0|   19|          12|           4|
    |icmp_ln74_48_fu_21349_p2     |      icmp|   0|  0|   18|          11|           6|
    |icmp_ln74_49_fu_21393_p2     |      icmp|   0|  0|   14|           7|           1|
    |icmp_ln74_4_fu_14497_p2      |      icmp|   0|  0|   14|           7|           1|
    |icmp_ln74_50_fu_9310_p2      |      icmp|   0|  0|   70|          63|           1|
    |icmp_ln74_51_fu_12671_p2     |      icmp|   0|  0|   19|          12|           4|
    |icmp_ln74_52_fu_12694_p2     |      icmp|   0|  0|   19|          12|           4|
    |icmp_ln74_53_fu_22117_p2     |      icmp|   0|  0|   18|          11|           6|
    |icmp_ln74_54_fu_22161_p2     |      icmp|   0|  0|   14|           7|           1|
    |icmp_ln74_55_fu_9413_p2      |      icmp|   0|  0|   70|          63|           1|
    |icmp_ln74_56_fu_12952_p2     |      icmp|   0|  0|   19|          12|           4|
    |icmp_ln74_57_fu_12975_p2     |      icmp|   0|  0|   19|          12|           4|
    |icmp_ln74_58_fu_22869_p2     |      icmp|   0|  0|   18|          11|           6|
    |icmp_ln74_59_fu_22913_p2     |      icmp|   0|  0|   14|           7|           1|
    |icmp_ln74_5_fu_8383_p2       |      icmp|   0|  0|   70|          63|           1|
    |icmp_ln74_60_fu_9516_p2      |      icmp|   0|  0|   70|          63|           1|
    |icmp_ln74_61_fu_13216_p2     |      icmp|   0|  0|   19|          12|           4|
    |icmp_ln74_62_fu_13239_p2     |      icmp|   0|  0|   19|          12|           4|
    |icmp_ln74_63_fu_23637_p2     |      icmp|   0|  0|   18|          11|           6|
    |icmp_ln74_64_fu_23681_p2     |      icmp|   0|  0|   14|           7|           1|
    |icmp_ln74_65_fu_9619_p2      |      icmp|   0|  0|   70|          63|           1|
    |icmp_ln74_66_fu_13480_p2     |      icmp|   0|  0|   19|          12|           4|
    |icmp_ln74_67_fu_13503_p2     |      icmp|   0|  0|   19|          12|           4|
    |icmp_ln74_68_fu_24405_p2     |      icmp|   0|  0|   18|          11|           6|
    |icmp_ln74_69_fu_24449_p2     |      icmp|   0|  0|   14|           7|           1|
    |icmp_ln74_6_fu_10278_p2      |      icmp|   0|  0|   19|          12|           4|
    |icmp_ln74_70_fu_9722_p2      |      icmp|   0|  0|   70|          63|           1|
    |icmp_ln74_71_fu_13744_p2     |      icmp|   0|  0|   19|          12|           4|
    |icmp_ln74_72_fu_13767_p2     |      icmp|   0|  0|   19|          12|           4|
    |icmp_ln74_73_fu_25173_p2     |      icmp|   0|  0|   18|          11|           6|
    |icmp_ln74_74_fu_25217_p2     |      icmp|   0|  0|   14|           7|           1|
    |icmp_ln74_75_fu_9825_p2      |      icmp|   0|  0|   70|          63|           1|
    |icmp_ln74_76_fu_14008_p2     |      icmp|   0|  0|   19|          12|           4|
    |icmp_ln74_77_fu_14031_p2     |      icmp|   0|  0|   19|          12|           4|
    |icmp_ln74_78_fu_25941_p2     |      icmp|   0|  0|   18|          11|           6|
    |icmp_ln74_79_fu_25985_p2     |      icmp|   0|  0|   14|           7|           1|
    |icmp_ln74_7_fu_10301_p2      |      icmp|   0|  0|   19|          12|           4|
    |icmp_ln74_8_fu_15221_p2      |      icmp|   0|  0|   18|          11|           6|
    |icmp_ln74_9_fu_15265_p2      |      icmp|   0|  0|   14|           7|           1|
    |icmp_ln74_fu_8280_p2         |      icmp|   0|  0|   70|          63|           1|
    |icmp_ln75_10_fu_8504_p2      |      icmp|   0|  0|   70|          63|           1|
    |icmp_ln75_11_fu_10608_p2     |      icmp|   0|  0|   19|          12|           4|
    |icmp_ln75_12_fu_10631_p2     |      icmp|   0|  0|   19|          12|           4|
    |icmp_ln75_13_fu_16101_p2     |      icmp|   0|  0|   18|          11|           6|
    |icmp_ln75_14_fu_16145_p2     |      icmp|   0|  0|   14|           7|           1|
    |icmp_ln75_15_fu_8607_p2      |      icmp|   0|  0|   70|          63|           1|
    |icmp_ln75_16_fu_10872_p2     |      icmp|   0|  0|   19|          12|           4|
    |icmp_ln75_17_fu_10895_p2     |      icmp|   0|  0|   19|          12|           4|
    |icmp_ln75_18_fu_16869_p2     |      icmp|   0|  0|   18|          11|           6|
    |icmp_ln75_19_fu_16913_p2     |      icmp|   0|  0|   14|           7|           1|
    |icmp_ln75_1_fu_10080_p2      |      icmp|   0|  0|   19|          12|           4|
    |icmp_ln75_20_fu_8710_p2      |      icmp|   0|  0|   70|          63|           1|
    |icmp_ln75_21_fu_11136_p2     |      icmp|   0|  0|   19|          12|           4|
    |icmp_ln75_22_fu_11159_p2     |      icmp|   0|  0|   19|          12|           4|
    |icmp_ln75_23_fu_17637_p2     |      icmp|   0|  0|   18|          11|           6|
    |icmp_ln75_24_fu_17681_p2     |      icmp|   0|  0|   14|           7|           1|
    |icmp_ln75_25_fu_8813_p2      |      icmp|   0|  0|   70|          63|           1|
    |icmp_ln75_26_fu_11400_p2     |      icmp|   0|  0|   19|          12|           4|
    |icmp_ln75_27_fu_11423_p2     |      icmp|   0|  0|   19|          12|           4|
    |icmp_ln75_28_fu_18405_p2     |      icmp|   0|  0|   18|          11|           6|
    |icmp_ln75_29_fu_18449_p2     |      icmp|   0|  0|   14|           7|           1|
    |icmp_ln75_2_fu_10103_p2      |      icmp|   0|  0|   19|          12|           4|
    |icmp_ln75_30_fu_8916_p2      |      icmp|   0|  0|   70|          63|           1|
    |icmp_ln75_31_fu_11664_p2     |      icmp|   0|  0|   19|          12|           4|
    |icmp_ln75_32_fu_11687_p2     |      icmp|   0|  0|   19|          12|           4|
    |icmp_ln75_33_fu_19173_p2     |      icmp|   0|  0|   18|          11|           6|
    |icmp_ln75_34_fu_19217_p2     |      icmp|   0|  0|   14|           7|           1|
    |icmp_ln75_35_fu_9019_p2      |      icmp|   0|  0|   70|          63|           1|
    |icmp_ln75_36_fu_11928_p2     |      icmp|   0|  0|   19|          12|           4|
    |icmp_ln75_37_fu_11951_p2     |      icmp|   0|  0|   19|          12|           4|
    |icmp_ln75_38_fu_19941_p2     |      icmp|   0|  0|   18|          11|           6|
    |icmp_ln75_39_fu_19985_p2     |      icmp|   0|  0|   14|           7|           1|
    |icmp_ln75_3_fu_14565_p2      |      icmp|   0|  0|   18|          11|           6|
    |icmp_ln75_40_fu_9122_p2      |      icmp|   0|  0|   70|          63|           1|
    |icmp_ln75_41_fu_12209_p2     |      icmp|   0|  0|   19|          12|           4|
    |icmp_ln75_42_fu_12232_p2     |      icmp|   0|  0|   19|          12|           4|
    |icmp_ln75_43_fu_20693_p2     |      icmp|   0|  0|   18|          11|           6|
    |icmp_ln75_44_fu_20737_p2     |      icmp|   0|  0|   14|           7|           1|
    |icmp_ln75_45_fu_9225_p2      |      icmp|   0|  0|   70|          63|           1|
    |icmp_ln75_46_fu_12473_p2     |      icmp|   0|  0|   19|          12|           4|
    |icmp_ln75_47_fu_12496_p2     |      icmp|   0|  0|   19|          12|           4|
    |icmp_ln75_48_fu_21461_p2     |      icmp|   0|  0|   18|          11|           6|
    |icmp_ln75_49_fu_21505_p2     |      icmp|   0|  0|   14|           7|           1|
    |icmp_ln75_4_fu_14609_p2      |      icmp|   0|  0|   14|           7|           1|
    |icmp_ln75_50_fu_9328_p2      |      icmp|   0|  0|   70|          63|           1|
    |icmp_ln75_51_fu_12737_p2     |      icmp|   0|  0|   19|          12|           4|
    |icmp_ln75_52_fu_12760_p2     |      icmp|   0|  0|   19|          12|           4|
    |icmp_ln75_53_fu_22229_p2     |      icmp|   0|  0|   18|          11|           6|
    |icmp_ln75_54_fu_22273_p2     |      icmp|   0|  0|   14|           7|           1|
    |icmp_ln75_55_fu_9431_p2      |      icmp|   0|  0|   70|          63|           1|
    |icmp_ln75_56_fu_13018_p2     |      icmp|   0|  0|   19|          12|           4|
    |icmp_ln75_57_fu_13041_p2     |      icmp|   0|  0|   19|          12|           4|
    |icmp_ln75_58_fu_22981_p2     |      icmp|   0|  0|   18|          11|           6|
    |icmp_ln75_59_fu_23025_p2     |      icmp|   0|  0|   14|           7|           1|
    |icmp_ln75_5_fu_8401_p2       |      icmp|   0|  0|   70|          63|           1|
    |icmp_ln75_60_fu_9534_p2      |      icmp|   0|  0|   70|          63|           1|
    |icmp_ln75_61_fu_13282_p2     |      icmp|   0|  0|   19|          12|           4|
    |icmp_ln75_62_fu_13305_p2     |      icmp|   0|  0|   19|          12|           4|
    |icmp_ln75_63_fu_23749_p2     |      icmp|   0|  0|   18|          11|           6|
    |icmp_ln75_64_fu_23793_p2     |      icmp|   0|  0|   14|           7|           1|
    |icmp_ln75_65_fu_9637_p2      |      icmp|   0|  0|   70|          63|           1|
    |icmp_ln75_66_fu_13546_p2     |      icmp|   0|  0|   19|          12|           4|
    |icmp_ln75_67_fu_13569_p2     |      icmp|   0|  0|   19|          12|           4|
    |icmp_ln75_68_fu_24517_p2     |      icmp|   0|  0|   18|          11|           6|
    |icmp_ln75_69_fu_24561_p2     |      icmp|   0|  0|   14|           7|           1|
    |icmp_ln75_6_fu_10344_p2      |      icmp|   0|  0|   19|          12|           4|
    |icmp_ln75_70_fu_9740_p2      |      icmp|   0|  0|   70|          63|           1|
    |icmp_ln75_71_fu_13810_p2     |      icmp|   0|  0|   19|          12|           4|
    |icmp_ln75_72_fu_13833_p2     |      icmp|   0|  0|   19|          12|           4|
    |icmp_ln75_73_fu_25285_p2     |      icmp|   0|  0|   18|          11|           6|
    |icmp_ln75_74_fu_25329_p2     |      icmp|   0|  0|   14|           7|           1|
    |icmp_ln75_75_fu_9843_p2      |      icmp|   0|  0|   70|          63|           1|
    |icmp_ln75_76_fu_14074_p2     |      icmp|   0|  0|   19|          12|           4|
    |icmp_ln75_77_fu_14097_p2     |      icmp|   0|  0|   19|          12|           4|
    |icmp_ln75_78_fu_26053_p2     |      icmp|   0|  0|   18|          11|           6|
    |icmp_ln75_79_fu_26097_p2     |      icmp|   0|  0|   14|           7|           1|
    |icmp_ln75_7_fu_10367_p2      |      icmp|   0|  0|   19|          12|           4|
    |icmp_ln75_8_fu_15333_p2      |      icmp|   0|  0|   18|          11|           6|
    |icmp_ln75_9_fu_15377_p2      |      icmp|   0|  0|   14|           7|           1|
    |icmp_ln75_fu_8298_p2         |      icmp|   0|  0|   70|          63|           1|
    |lshr_ln58_10_fu_4391_p2      |      lshr|   0|  0|  182|          64|          64|
    |lshr_ln58_11_fu_4485_p2      |      lshr|   0|  0|  182|          64|          64|
    |lshr_ln58_13_fu_4579_p2      |      lshr|   0|  0|  182|          64|          64|
    |lshr_ln58_15_fu_4673_p2      |      lshr|   0|  0|  182|          64|          64|
    |lshr_ln58_17_fu_4767_p2      |      lshr|   0|  0|  182|          64|          64|
    |lshr_ln58_19_fu_4861_p2      |      lshr|   0|  0|  182|          64|          64|
    |lshr_ln58_21_fu_4955_p2      |      lshr|   0|  0|  182|          64|          64|
    |lshr_ln58_23_fu_5049_p2      |      lshr|   0|  0|  182|          64|          64|
    |lshr_ln58_25_fu_5143_p2      |      lshr|   0|  0|  182|          64|          64|
    |lshr_ln58_27_fu_5237_p2      |      lshr|   0|  0|  182|          64|          64|
    |lshr_ln58_29_fu_5331_p2      |      lshr|   0|  0|  182|          64|          64|
    |lshr_ln58_2_fu_4015_p2       |      lshr|   0|  0|  182|          64|          64|
    |lshr_ln58_31_fu_3855_p2      |      lshr|   0|  0|   30|           2|          14|
    |lshr_ln58_32_fu_3949_p2      |      lshr|   0|  0|   30|           2|          14|
    |lshr_ln58_33_fu_4043_p2      |      lshr|   0|  0|   30|           2|          14|
    |lshr_ln58_34_fu_4137_p2      |      lshr|   0|  0|   30|           2|          14|
    |lshr_ln58_35_fu_4231_p2      |      lshr|   0|  0|   30|           2|          14|
    |lshr_ln58_36_fu_4325_p2      |      lshr|   0|  0|   30|           2|          14|
    |lshr_ln58_37_fu_4419_p2      |      lshr|   0|  0|   30|           2|          14|
    |lshr_ln58_38_fu_4513_p2      |      lshr|   0|  0|   30|           2|          14|
    |lshr_ln58_39_fu_4607_p2      |      lshr|   0|  0|   30|           2|          14|
    |lshr_ln58_40_fu_4701_p2      |      lshr|   0|  0|   30|           2|          14|
    |lshr_ln58_41_fu_4795_p2      |      lshr|   0|  0|   30|           2|          14|
    |lshr_ln58_42_fu_4889_p2      |      lshr|   0|  0|   30|           2|          14|
    |lshr_ln58_43_fu_4983_p2      |      lshr|   0|  0|   30|           2|          14|
    |lshr_ln58_44_fu_5077_p2      |      lshr|   0|  0|   30|           2|          14|
    |lshr_ln58_45_fu_5171_p2      |      lshr|   0|  0|   30|           2|          14|
    |lshr_ln58_46_fu_5265_p2      |      lshr|   0|  0|   30|           2|          14|
    |lshr_ln58_4_fu_4109_p2       |      lshr|   0|  0|  182|          64|          64|
    |lshr_ln58_6_fu_4203_p2       |      lshr|   0|  0|  182|          64|          64|
    |lshr_ln58_8_fu_4297_p2       |      lshr|   0|  0|  182|          64|          64|
    |lshr_ln58_fu_3921_p2         |      lshr|   0|  0|  182|          64|          64|
    |or_ln39_10_fu_22362_p2       |        or|   0|  0|    2|           1|           1|
    |or_ln39_11_fu_23237_p2       |        or|   0|  0|    2|           1|           1|
    |or_ln39_12_fu_23917_p2       |        or|   0|  0|    2|           1|           1|
    |or_ln39_13_fu_24745_p2       |        or|   0|  0|    2|           1|           1|
    |or_ln39_14_fu_25453_p2       |        or|   0|  0|    2|           1|           1|
    |or_ln39_15_fu_26221_p2       |        or|   0|  0|    2|           1|           1|
    |or_ln39_1_fu_15501_p2        |        or|   0|  0|    2|           1|           1|
    |or_ln39_2_fu_16234_p2        |        or|   0|  0|    2|           1|           1|
    |or_ln39_3_fu_17118_p2        |        or|   0|  0|    2|           1|           1|
    |or_ln39_4_fu_17805_p2        |        or|   0|  0|    2|           1|           1|
    |or_ln39_5_fu_18633_p2        |        or|   0|  0|    2|           1|           1|
    |or_ln39_6_fu_19341_p2        |        or|   0|  0|    2|           1|           1|
    |or_ln39_7_fu_20109_p2        |        or|   0|  0|    2|           1|           1|
    |or_ln39_8_fu_20921_p2        |        or|   0|  0|    2|           1|           1|
    |or_ln39_9_fu_21629_p2        |        or|   0|  0|    2|           1|           1|
    |or_ln39_fu_14793_p2          |        or|   0|  0|    2|           1|           1|
    |or_ln58_15_fu_3896_p2        |        or|   0|  0|    2|           1|           1|
    |or_ln58_16_fu_4084_p2        |        or|   0|  0|    2|           1|           1|
    |or_ln58_17_fu_4178_p2        |        or|   0|  0|    2|           1|           1|
    |or_ln58_18_fu_4272_p2        |        or|   0|  0|    2|           1|           1|
    |or_ln58_19_fu_4366_p2        |        or|   0|  0|    2|           1|           1|
    |or_ln58_20_fu_4460_p2        |        or|   0|  0|    2|           1|           1|
    |or_ln58_21_fu_4554_p2        |        or|   0|  0|    2|           1|           1|
    |or_ln58_22_fu_4648_p2        |        or|   0|  0|    2|           1|           1|
    |or_ln58_23_fu_4742_p2        |        or|   0|  0|    2|           1|           1|
    |or_ln58_24_fu_4836_p2        |        or|   0|  0|    2|           1|           1|
    |or_ln58_25_fu_4930_p2        |        or|   0|  0|    2|           1|           1|
    |or_ln58_26_fu_5024_p2        |        or|   0|  0|    2|           1|           1|
    |or_ln58_27_fu_5118_p2        |        or|   0|  0|    2|           1|           1|
    |or_ln58_28_fu_5212_p2        |        or|   0|  0|    2|           1|           1|
    |or_ln58_29_fu_5306_p2        |        or|   0|  0|    2|           1|           1|
    |or_ln58_30_fu_14214_p2       |        or|   0|  0|    2|           1|           1|
    |or_ln58_31_fu_14982_p2       |        or|   0|  0|    2|           1|           1|
    |or_ln58_32_fu_15750_p2       |        or|   0|  0|    2|           1|           1|
    |or_ln58_33_fu_16518_p2       |        or|   0|  0|    2|           1|           1|
    |or_ln58_34_fu_17286_p2       |        or|   0|  0|    2|           1|           1|
    |or_ln58_35_fu_18054_p2       |        or|   0|  0|    2|           1|           1|
    |or_ln58_36_fu_18822_p2       |        or|   0|  0|    2|           1|           1|
    |or_ln58_37_fu_19590_p2       |        or|   0|  0|    2|           1|           1|
    |or_ln58_38_fu_20358_p2       |        or|   0|  0|    2|           1|           1|
    |or_ln58_39_fu_21110_p2       |        or|   0|  0|    2|           1|           1|
    |or_ln58_40_fu_21878_p2       |        or|   0|  0|    2|           1|           1|
    |or_ln58_41_fu_22646_p2       |        or|   0|  0|    2|           1|           1|
    |or_ln58_42_fu_23398_p2       |        or|   0|  0|    2|           1|           1|
    |or_ln58_43_fu_24166_p2       |        or|   0|  0|    2|           1|           1|
    |or_ln58_44_fu_24934_p2       |        or|   0|  0|    2|           1|           1|
    |or_ln58_45_fu_25702_p2       |        or|   0|  0|    2|           1|           1|
    |or_ln58_fu_3990_p2           |        or|   0|  0|    2|           1|           1|
    |or_ln59_10_fu_21990_p2       |        or|   0|  0|    2|           1|           1|
    |or_ln59_11_fu_12911_p2       |        or|   0|  0|    2|           1|           1|
    |or_ln59_12_fu_23510_p2       |        or|   0|  0|    2|           1|           1|
    |or_ln59_13_fu_24278_p2       |        or|   0|  0|    2|           1|           1|
    |or_ln59_14_fu_25046_p2       |        or|   0|  0|    2|           1|           1|
    |or_ln59_15_fu_25814_p2       |        or|   0|  0|    2|           1|           1|
    |or_ln59_1_fu_15094_p2        |        or|   0|  0|    2|           1|           1|
    |or_ln59_2_fu_15862_p2        |        or|   0|  0|    2|           1|           1|
    |or_ln59_3_fu_16630_p2        |        or|   0|  0|    2|           1|           1|
    |or_ln59_4_fu_17398_p2        |        or|   0|  0|    2|           1|           1|
    |or_ln59_5_fu_18166_p2        |        or|   0|  0|    2|           1|           1|
    |or_ln59_6_fu_18934_p2        |        or|   0|  0|    2|           1|           1|
    |or_ln59_7_fu_19702_p2        |        or|   0|  0|    2|           1|           1|
    |or_ln59_8_fu_20470_p2        |        or|   0|  0|    2|           1|           1|
    |or_ln59_9_fu_21222_p2        |        or|   0|  0|    2|           1|           1|
    |or_ln59_fu_14326_p2          |        or|   0|  0|    2|           1|           1|
    |or_ln74_10_fu_22206_p2       |        or|   0|  0|    2|           1|           1|
    |or_ln74_11_fu_22958_p2       |        or|   0|  0|    2|           1|           1|
    |or_ln74_12_fu_23726_p2       |        or|   0|  0|    2|           1|           1|
    |or_ln74_13_fu_24494_p2       |        or|   0|  0|    2|           1|           1|
    |or_ln74_14_fu_25262_p2       |        or|   0|  0|    2|           1|           1|
    |or_ln74_15_fu_26030_p2       |        or|   0|  0|    2|           1|           1|
    |or_ln74_1_fu_15310_p2        |        or|   0|  0|    2|           1|           1|
    |or_ln74_2_fu_16078_p2        |        or|   0|  0|    2|           1|           1|
    |or_ln74_3_fu_16846_p2        |        or|   0|  0|    2|           1|           1|
    |or_ln74_4_fu_17614_p2        |        or|   0|  0|    2|           1|           1|
    |or_ln74_5_fu_18382_p2        |        or|   0|  0|    2|           1|           1|
    |or_ln74_6_fu_19150_p2        |        or|   0|  0|    2|           1|           1|
    |or_ln74_7_fu_19918_p2        |        or|   0|  0|    2|           1|           1|
    |or_ln74_8_fu_12168_p2        |        or|   0|  0|    2|           1|           1|
    |or_ln74_9_fu_21438_p2        |        or|   0|  0|    2|           1|           1|
    |or_ln74_fu_14542_p2          |        or|   0|  0|    2|           1|           1|
    |or_ln75_10_fu_22318_p2       |        or|   0|  0|    2|           1|           1|
    |or_ln75_11_fu_23070_p2       |        or|   0|  0|    2|           1|           1|
    |or_ln75_12_fu_23838_p2       |        or|   0|  0|    2|           1|           1|
    |or_ln75_13_fu_24606_p2       |        or|   0|  0|    2|           1|           1|
    |or_ln75_14_fu_25374_p2       |        or|   0|  0|    2|           1|           1|
    |or_ln75_15_fu_26142_p2       |        or|   0|  0|    2|           1|           1|
    |or_ln75_1_fu_15422_p2        |        or|   0|  0|    2|           1|           1|
    |or_ln75_2_fu_16190_p2        |        or|   0|  0|    2|           1|           1|
    |or_ln75_3_fu_16958_p2        |        or|   0|  0|    2|           1|           1|
    |or_ln75_4_fu_17726_p2        |        or|   0|  0|    2|           1|           1|
    |or_ln75_5_fu_18494_p2        |        or|   0|  0|    2|           1|           1|
    |or_ln75_6_fu_19262_p2        |        or|   0|  0|    2|           1|           1|
    |or_ln75_7_fu_20030_p2        |        or|   0|  0|    2|           1|           1|
    |or_ln75_8_fu_20782_p2        |        or|   0|  0|    2|           1|           1|
    |or_ln75_9_fu_21550_p2        |        or|   0|  0|    2|           1|           1|
    |or_ln75_fu_14654_p2          |        or|   0|  0|    2|           1|           1|
    |select_ln39_100_fu_18538_p3  |    select|   0|  0|   11|           1|           1|
    |select_ln39_101_fu_18549_p3  |    select|   0|  0|   11|           1|           1|
    |select_ln39_102_fu_18560_p3  |    select|   0|  0|   11|           1|           1|
    |select_ln39_103_fu_18571_p3  |    select|   0|  0|   11|           1|           1|
    |select_ln39_104_fu_18582_p3  |    select|   0|  0|   11|           1|           1|
    |select_ln39_105_fu_18593_p3  |    select|   0|  0|   11|           1|           1|
    |select_ln39_106_fu_18604_p3  |    select|   0|  0|   11|           1|           1|
    |select_ln39_107_fu_18615_p3  |    select|   0|  0|   11|           1|           1|
    |select_ln39_108_fu_18626_p3  |    select|   0|  0|   16|           1|           1|
    |select_ln39_109_fu_18638_p3  |    select|   0|  0|    3|           1|           1|
    |select_ln39_10_fu_14806_p3   |    select|   0|  0|   16|           1|           1|
    |select_ln39_110_fu_18646_p3  |    select|   0|  0|   16|           1|           1|
    |select_ln39_111_fu_18653_p3  |    select|   0|  0|   16|           1|           1|
    |select_ln39_112_fu_18660_p3  |    select|   0|  0|   16|           1|           1|
    |select_ln39_113_fu_18667_p3  |    select|   0|  0|   16|           1|           1|
    |select_ln39_114_fu_18674_p3  |    select|   0|  0|   16|           1|           1|
    |select_ln39_115_fu_18681_p3  |    select|   0|  0|   16|           1|           1|
    |select_ln39_116_fu_18688_p3  |    select|   0|  0|   11|           1|           1|
    |select_ln39_117_fu_18695_p3  |    select|   0|  0|   11|           1|           1|
    |select_ln39_118_fu_18706_p3  |    select|   0|  0|   16|           1|           1|
    |select_ln39_119_fu_18713_p3  |    select|   0|  0|   13|           1|           1|
    |select_ln39_11_fu_14813_p3   |    select|   0|  0|   16|           1|           1|
    |select_ln39_120_fu_19306_p3  |    select|   0|  0|   16|           1|           1|
    |select_ln39_121_fu_19313_p3  |    select|   0|  0|   16|           1|           1|
    |select_ln39_122_fu_19320_p3  |    select|   0|  0|   16|           1|           1|
    |select_ln39_123_fu_19327_p3  |    select|   0|  0|   16|           1|           1|
    |select_ln39_124_fu_19334_p3  |    select|   0|  0|   16|           1|           1|
    |select_ln39_125_fu_19346_p3  |    select|   0|  0|    3|           1|           1|
    |select_ln39_126_fu_19354_p3  |    select|   0|  0|   11|           1|           1|
    |select_ln39_127_fu_19365_p3  |    select|   0|  0|   16|           1|           1|
    |select_ln39_128_fu_19372_p3  |    select|   0|  0|   11|           1|           1|
    |select_ln39_129_fu_19383_p3  |    select|   0|  0|   11|           1|           1|
    |select_ln39_12_fu_14820_p3   |    select|   0|  0|   16|           1|           1|
    |select_ln39_130_fu_19394_p3  |    select|   0|  0|   11|           1|           1|
    |select_ln39_131_fu_19405_p3  |    select|   0|  0|   11|           1|           1|
    |select_ln39_132_fu_19416_p3  |    select|   0|  0|   11|           1|           1|
    |select_ln39_133_fu_19427_p3  |    select|   0|  0|   11|           1|           1|
    |select_ln39_134_fu_19438_p3  |    select|   0|  0|   11|           1|           1|
    |select_ln39_135_fu_19449_p3  |    select|   0|  0|   16|           1|           1|
    |select_ln39_136_fu_19456_p3  |    select|   0|  0|   11|           1|           1|
    |select_ln39_137_fu_19463_p3  |    select|   0|  0|   11|           1|           1|
    |select_ln39_138_fu_19474_p3  |    select|   0|  0|   16|           1|           1|
    |select_ln39_139_fu_19481_p3  |    select|   0|  0|   13|           1|           1|
    |select_ln39_13_fu_14827_p3   |    select|   0|  0|   16|           1|           1|
    |select_ln39_140_fu_20074_p3  |    select|   0|  0|   16|           1|           1|
    |select_ln39_141_fu_20081_p3  |    select|   0|  0|   16|           1|           1|
    |select_ln39_142_fu_20088_p3  |    select|   0|  0|   16|           1|           1|
    |select_ln39_143_fu_20095_p3  |    select|   0|  0|   16|           1|           1|
    |select_ln39_144_fu_20102_p3  |    select|   0|  0|   16|           1|           1|
    |select_ln39_145_fu_20114_p3  |    select|   0|  0|    3|           1|           1|
    |select_ln39_146_fu_20122_p3  |    select|   0|  0|   11|           1|           1|
    |select_ln39_147_fu_20133_p3  |    select|   0|  0|   11|           1|           1|
    |select_ln39_148_fu_20144_p3  |    select|   0|  0|   11|           1|           1|
    |select_ln39_149_fu_20155_p3  |    select|   0|  0|   11|           1|           1|
    |select_ln39_14_fu_14834_p3   |    select|   0|  0|   16|           1|           1|
    |select_ln39_150_fu_20166_p3  |    select|   0|  0|   11|           1|           1|
    |select_ln39_151_fu_20177_p3  |    select|   0|  0|   11|           1|           1|
    |select_ln39_152_fu_20188_p3  |    select|   0|  0|   11|           1|           1|
    |select_ln39_153_fu_20199_p3  |    select|   0|  0|   11|           1|           1|
    |select_ln39_154_fu_20210_p3  |    select|   0|  0|   16|           1|           1|
    |select_ln39_155_fu_20217_p3  |    select|   0|  0|   16|           1|           1|
    |select_ln39_156_fu_20224_p3  |    select|   0|  0|   11|           1|           1|
    |select_ln39_157_fu_20231_p3  |    select|   0|  0|   11|           1|           1|
    |select_ln39_158_fu_20242_p3  |    select|   0|  0|   16|           1|           1|
    |select_ln39_159_fu_20249_p3  |    select|   0|  0|   13|           1|           1|
    |select_ln39_15_fu_14841_p3   |    select|   0|  0|   16|           1|           1|
    |select_ln39_160_fu_20826_p3  |    select|   0|  0|   11|           1|           1|
    |select_ln39_161_fu_20837_p3  |    select|   0|  0|   11|           1|           1|
    |select_ln39_162_fu_20848_p3  |    select|   0|  0|   11|           1|           1|
    |select_ln39_163_fu_20859_p3  |    select|   0|  0|   11|           1|           1|
    |select_ln39_164_fu_20870_p3  |    select|   0|  0|   16|           1|           1|
    |select_ln39_165_fu_20877_p3  |    select|   0|  0|   11|           1|           1|
    |select_ln39_166_fu_20888_p3  |    select|   0|  0|   11|           1|           1|
    |select_ln39_167_fu_20899_p3  |    select|   0|  0|   11|           1|           1|
    |select_ln39_168_fu_20910_p3  |    select|   0|  0|   11|           1|           1|
    |select_ln39_169_fu_20926_p3  |    select|   0|  0|    3|           1|           1|
    |select_ln39_16_fu_14848_p3   |    select|   0|  0|   11|           1|           1|
    |select_ln39_170_fu_20934_p3  |    select|   0|  0|   16|           1|           1|
    |select_ln39_171_fu_20941_p3  |    select|   0|  0|   16|           1|           1|
    |select_ln39_172_fu_20948_p3  |    select|   0|  0|   16|           1|           1|
    |select_ln39_173_fu_20955_p3  |    select|   0|  0|   16|           1|           1|
    |select_ln39_174_fu_20962_p3  |    select|   0|  0|   16|           1|           1|
    |select_ln39_175_fu_20969_p3  |    select|   0|  0|   16|           1|           1|
    |select_ln39_176_fu_20976_p3  |    select|   0|  0|   11|           1|           1|
    |select_ln39_177_fu_20983_p3  |    select|   0|  0|   11|           1|           1|
    |select_ln39_178_fu_20994_p3  |    select|   0|  0|   16|           1|           1|
    |select_ln39_179_fu_21001_p3  |    select|   0|  0|   13|           1|           1|
    |select_ln39_17_fu_14855_p3   |    select|   0|  0|   11|           1|           1|
    |select_ln39_180_fu_21594_p3  |    select|   0|  0|   16|           1|           1|
    |select_ln39_181_fu_21601_p3  |    select|   0|  0|   16|           1|           1|
    |select_ln39_182_fu_21608_p3  |    select|   0|  0|   16|           1|           1|
    |select_ln39_183_fu_21615_p3  |    select|   0|  0|   16|           1|           1|
    |select_ln39_184_fu_21622_p3  |    select|   0|  0|   16|           1|           1|
    |select_ln39_185_fu_21634_p3  |    select|   0|  0|    3|           1|           1|
    |select_ln39_186_fu_21642_p3  |    select|   0|  0|   11|           1|           1|
    |select_ln39_187_fu_21653_p3  |    select|   0|  0|   11|           1|           1|
    |select_ln39_188_fu_21664_p3  |    select|   0|  0|   11|           1|           1|
    |select_ln39_189_fu_21675_p3  |    select|   0|  0|   11|           1|           1|
    |select_ln39_18_fu_14866_p3   |    select|   0|  0|   16|           1|           1|
    |select_ln39_190_fu_21686_p3  |    select|   0|  0|   11|           1|           1|
    |select_ln39_191_fu_21697_p3  |    select|   0|  0|   16|           1|           1|
    |select_ln39_192_fu_21704_p3  |    select|   0|  0|   11|           1|           1|
    |select_ln39_193_fu_21715_p3  |    select|   0|  0|   11|           1|           1|
    |select_ln39_194_fu_21726_p3  |    select|   0|  0|   11|           1|           1|
    |select_ln39_195_fu_21737_p3  |    select|   0|  0|   16|           1|           1|
    |select_ln39_196_fu_21744_p3  |    select|   0|  0|   11|           1|           1|
    |select_ln39_197_fu_21751_p3  |    select|   0|  0|   11|           1|           1|
    |select_ln39_198_fu_21762_p3  |    select|   0|  0|   16|           1|           1|
    |select_ln39_199_fu_21769_p3  |    select|   0|  0|   13|           1|           1|
    |select_ln39_19_fu_14873_p3   |    select|   0|  0|   13|           1|           1|
    |select_ln39_1_fu_14709_p3    |    select|   0|  0|   11|           1|           1|
    |select_ln39_200_fu_22367_p3  |    select|   0|  0|    3|           1|           1|
    |select_ln39_201_fu_22375_p3  |    select|   0|  0|   11|           1|           1|
    |select_ln39_202_fu_22386_p3  |    select|   0|  0|   16|           1|           1|
    |select_ln39_203_fu_22393_p3  |    select|   0|  0|   11|           1|           1|
    |select_ln39_204_fu_22404_p3  |    select|   0|  0|   11|           1|           1|
    |select_ln39_205_fu_22415_p3  |    select|   0|  0|   16|           1|           1|
    |select_ln39_206_fu_22422_p3  |    select|   0|  0|   11|           1|           1|
    |select_ln39_207_fu_22433_p3  |    select|   0|  0|   11|           1|           1|
    |select_ln39_208_fu_22444_p3  |    select|   0|  0|   16|           1|           1|
    |select_ln39_209_fu_22451_p3  |    select|   0|  0|   11|           1|           1|
    |select_ln39_20_fu_15466_p3   |    select|   0|  0|   16|           1|           1|
    |select_ln39_210_fu_22462_p3  |    select|   0|  0|   11|           1|           1|
    |select_ln39_211_fu_22473_p3  |    select|   0|  0|   16|           1|           1|
    |select_ln39_212_fu_22480_p3  |    select|   0|  0|   11|           1|           1|
    |select_ln39_213_fu_22491_p3  |    select|   0|  0|   16|           1|           1|
    |select_ln39_214_fu_22498_p3  |    select|   0|  0|   16|           1|           1|
    |select_ln39_215_fu_22505_p3  |    select|   0|  0|   16|           1|           1|
    |select_ln39_216_fu_22512_p3  |    select|   0|  0|   11|           1|           1|
    |select_ln39_217_fu_22519_p3  |    select|   0|  0|   11|           1|           1|
    |select_ln39_218_fu_22530_p3  |    select|   0|  0|   16|           1|           1|
    |select_ln39_219_fu_22537_p3  |    select|   0|  0|   13|           1|           1|
    |select_ln39_21_fu_15473_p3   |    select|   0|  0|   16|           1|           1|
    |select_ln39_220_fu_23114_p3  |    select|   0|  0|   16|           1|           1|
    |select_ln39_221_fu_23121_p3  |    select|   0|  0|   16|           1|           1|
    |select_ln39_222_fu_23128_p3  |    select|   0|  0|   16|           1|           1|
    |select_ln39_223_fu_23135_p3  |    select|   0|  0|   16|           1|           1|
    |select_ln39_224_fu_23142_p3  |    select|   0|  0|   16|           1|           1|
    |select_ln39_225_fu_23149_p3  |    select|   0|  0|   11|           1|           1|
    |select_ln39_226_fu_23160_p3  |    select|   0|  0|   11|           1|           1|
    |select_ln39_227_fu_23171_p3  |    select|   0|  0|   11|           1|           1|
    |select_ln39_228_fu_23182_p3  |    select|   0|  0|   11|           1|           1|
    |select_ln39_229_fu_23193_p3  |    select|   0|  0|   11|           1|           1|
    |select_ln39_22_fu_15480_p3   |    select|   0|  0|   16|           1|           1|
    |select_ln39_230_fu_23204_p3  |    select|   0|  0|   11|           1|           1|
    |select_ln39_231_fu_23215_p3  |    select|   0|  0|   11|           1|           1|
    |select_ln39_232_fu_23226_p3  |    select|   0|  0|   11|           1|           1|
    |select_ln39_233_fu_23242_p3  |    select|   0|  0|    3|           1|           1|
    |select_ln39_234_fu_23250_p3  |    select|   0|  0|   16|           1|           1|
    |select_ln39_235_fu_23257_p3  |    select|   0|  0|   16|           1|           1|
    |select_ln39_236_fu_23264_p3  |    select|   0|  0|   11|           1|           1|
    |select_ln39_237_fu_23271_p3  |    select|   0|  0|   11|           1|           1|
    |select_ln39_238_fu_23282_p3  |    select|   0|  0|   16|           1|           1|
    |select_ln39_239_fu_23289_p3  |    select|   0|  0|   13|           1|           1|
    |select_ln39_23_fu_15487_p3   |    select|   0|  0|   16|           1|           1|
    |select_ln39_240_fu_23882_p3  |    select|   0|  0|   16|           1|           1|
    |select_ln39_241_fu_23889_p3  |    select|   0|  0|   16|           1|           1|
    |select_ln39_242_fu_23896_p3  |    select|   0|  0|   16|           1|           1|
    |select_ln39_243_fu_23903_p3  |    select|   0|  0|   16|           1|           1|
    |select_ln39_244_fu_23910_p3  |    select|   0|  0|   16|           1|           1|
    |select_ln39_245_fu_23922_p3  |    select|   0|  0|    3|           1|           1|
    |select_ln39_246_fu_23930_p3  |    select|   0|  0|   11|           1|           1|
    |select_ln39_247_fu_23941_p3  |    select|   0|  0|   11|           1|           1|
    |select_ln39_248_fu_23952_p3  |    select|   0|  0|   11|           1|           1|
    |select_ln39_249_fu_23963_p3  |    select|   0|  0|   11|           1|           1|
    |select_ln39_24_fu_15494_p3   |    select|   0|  0|   16|           1|           1|
    |select_ln39_250_fu_23974_p3  |    select|   0|  0|   11|           1|           1|
    |select_ln39_251_fu_23985_p3  |    select|   0|  0|   11|           1|           1|
    |select_ln39_252_fu_23996_p3  |    select|   0|  0|   11|           1|           1|
    |select_ln39_253_fu_24007_p3  |    select|   0|  0|   11|           1|           1|
    |select_ln39_254_fu_24018_p3  |    select|   0|  0|   16|           1|           1|
    |select_ln39_255_fu_24025_p3  |    select|   0|  0|   16|           1|           1|
    |select_ln39_256_fu_24032_p3  |    select|   0|  0|   11|           1|           1|
    |select_ln39_257_fu_24039_p3  |    select|   0|  0|   11|           1|           1|
    |select_ln39_258_fu_24050_p3  |    select|   0|  0|   16|           1|           1|
    |select_ln39_259_fu_24057_p3  |    select|   0|  0|   13|           1|           1|
    |select_ln39_25_fu_15506_p3   |    select|   0|  0|    3|           1|           1|
    |select_ln39_260_fu_24650_p3  |    select|   0|  0|   11|           1|           1|
    |select_ln39_261_fu_24661_p3  |    select|   0|  0|   11|           1|           1|
    |select_ln39_262_fu_24672_p3  |    select|   0|  0|   11|           1|           1|
    |select_ln39_263_fu_24683_p3  |    select|   0|  0|   11|           1|           1|
    |select_ln39_264_fu_24694_p3  |    select|   0|  0|   11|           1|           1|
    |select_ln39_265_fu_24705_p3  |    select|   0|  0|   11|           1|           1|
    |select_ln39_266_fu_24716_p3  |    select|   0|  0|   11|           1|           1|
    |select_ln39_267_fu_24727_p3  |    select|   0|  0|   11|           1|           1|
    |select_ln39_268_fu_24738_p3  |    select|   0|  0|   16|           1|           1|
    |select_ln39_269_fu_24750_p3  |    select|   0|  0|    3|           1|           1|
    |select_ln39_26_fu_15514_p3   |    select|   0|  0|   11|           1|           1|
    |select_ln39_270_fu_24758_p3  |    select|   0|  0|   16|           1|           1|
    |select_ln39_271_fu_24765_p3  |    select|   0|  0|   16|           1|           1|
    |select_ln39_272_fu_24772_p3  |    select|   0|  0|   16|           1|           1|
    |select_ln39_273_fu_24779_p3  |    select|   0|  0|   16|           1|           1|
    |select_ln39_274_fu_24786_p3  |    select|   0|  0|   16|           1|           1|
    |select_ln39_275_fu_24793_p3  |    select|   0|  0|   16|           1|           1|
    |select_ln39_276_fu_24800_p3  |    select|   0|  0|   11|           1|           1|
    |select_ln39_277_fu_24807_p3  |    select|   0|  0|   11|           1|           1|
    |select_ln39_278_fu_24818_p3  |    select|   0|  0|   16|           1|           1|
    |select_ln39_279_fu_24825_p3  |    select|   0|  0|   13|           1|           1|
    |select_ln39_27_fu_15525_p3   |    select|   0|  0|   11|           1|           1|
    |select_ln39_280_fu_25418_p3  |    select|   0|  0|   16|           1|           1|
    |select_ln39_281_fu_25425_p3  |    select|   0|  0|   16|           1|           1|
    |select_ln39_282_fu_25432_p3  |    select|   0|  0|   16|           1|           1|
    |select_ln39_283_fu_25439_p3  |    select|   0|  0|   16|           1|           1|
    |select_ln39_284_fu_25446_p3  |    select|   0|  0|   16|           1|           1|
    |select_ln39_285_fu_25458_p3  |    select|   0|  0|    3|           1|           1|
    |select_ln39_286_fu_25466_p3  |    select|   0|  0|   11|           1|           1|
    |select_ln39_287_fu_25477_p3  |    select|   0|  0|   16|           1|           1|
    |select_ln39_288_fu_25484_p3  |    select|   0|  0|   11|           1|           1|
    |select_ln39_289_fu_25495_p3  |    select|   0|  0|   11|           1|           1|
    |select_ln39_28_fu_15536_p3   |    select|   0|  0|   11|           1|           1|
    |select_ln39_290_fu_25506_p3  |    select|   0|  0|   11|           1|           1|
    |select_ln39_291_fu_25517_p3  |    select|   0|  0|   11|           1|           1|
    |select_ln39_292_fu_25528_p3  |    select|   0|  0|   11|           1|           1|
    |select_ln39_293_fu_25539_p3  |    select|   0|  0|   11|           1|           1|
    |select_ln39_294_fu_25550_p3  |    select|   0|  0|   11|           1|           1|
    |select_ln39_295_fu_25561_p3  |    select|   0|  0|   16|           1|           1|
    |select_ln39_296_fu_25568_p3  |    select|   0|  0|   11|           1|           1|
    |select_ln39_297_fu_25575_p3  |    select|   0|  0|   11|           1|           1|
    |select_ln39_298_fu_25586_p3  |    select|   0|  0|   16|           1|           1|
    |select_ln39_299_fu_25593_p3  |    select|   0|  0|   13|           1|           1|
    |select_ln39_29_fu_15547_p3   |    select|   0|  0|   11|           1|           1|
    |select_ln39_2_fu_14720_p3    |    select|   0|  0|   11|           1|           1|
    |select_ln39_300_fu_26186_p3  |    select|   0|  0|   16|           1|           1|
    |select_ln39_301_fu_26193_p3  |    select|   0|  0|   16|           1|           1|
    |select_ln39_302_fu_26200_p3  |    select|   0|  0|   16|           1|           1|
    |select_ln39_303_fu_26207_p3  |    select|   0|  0|   16|           1|           1|
    |select_ln39_304_fu_26214_p3  |    select|   0|  0|   16|           1|           1|
    |select_ln39_305_fu_26226_p3  |    select|   0|  0|    3|           1|           1|
    |select_ln39_306_fu_26234_p3  |    select|   0|  0|   11|           1|           1|
    |select_ln39_307_fu_26245_p3  |    select|   0|  0|   11|           1|           1|
    |select_ln39_308_fu_26256_p3  |    select|   0|  0|   11|           1|           1|
    |select_ln39_309_fu_26267_p3  |    select|   0|  0|   11|           1|           1|
    |select_ln39_30_fu_15558_p3   |    select|   0|  0|   11|           1|           1|
    |select_ln39_310_fu_26278_p3  |    select|   0|  0|   11|           1|           1|
    |select_ln39_311_fu_26289_p3  |    select|   0|  0|   11|           1|           1|
    |select_ln39_312_fu_26300_p3  |    select|   0|  0|   11|           1|           1|
    |select_ln39_313_fu_26311_p3  |    select|   0|  0|   11|           1|           1|
    |select_ln39_314_fu_26322_p3  |    select|   0|  0|   16|           1|           1|
    |select_ln39_315_fu_26329_p3  |    select|   0|  0|   16|           1|           1|
    |select_ln39_316_fu_26336_p3  |    select|   0|  0|   11|           1|           1|
    |select_ln39_317_fu_26343_p3  |    select|   0|  0|   11|           1|           1|
    |select_ln39_318_fu_26354_p3  |    select|   0|  0|   16|           1|           1|
    |select_ln39_319_fu_26361_p3  |    select|   0|  0|   13|           1|           1|
    |select_ln39_31_fu_15569_p3   |    select|   0|  0|   16|           1|           1|
    |select_ln39_32_fu_15576_p3   |    select|   0|  0|   11|           1|           1|
    |select_ln39_33_fu_15587_p3   |    select|   0|  0|   11|           1|           1|
    |select_ln39_34_fu_15598_p3   |    select|   0|  0|   11|           1|           1|
    |select_ln39_35_fu_15609_p3   |    select|   0|  0|   16|           1|           1|
    |select_ln39_36_fu_15616_p3   |    select|   0|  0|   11|           1|           1|
    |select_ln39_37_fu_15623_p3   |    select|   0|  0|   11|           1|           1|
    |select_ln39_38_fu_15634_p3   |    select|   0|  0|   16|           1|           1|
    |select_ln39_39_fu_15641_p3   |    select|   0|  0|   13|           1|           1|
    |select_ln39_3_fu_14731_p3    |    select|   0|  0|   11|           1|           1|
    |select_ln39_40_fu_16239_p3   |    select|   0|  0|    3|           1|           1|
    |select_ln39_41_fu_16247_p3   |    select|   0|  0|   16|           1|           1|
    |select_ln39_42_fu_16254_p3   |    select|   0|  0|   11|           1|           1|
    |select_ln39_43_fu_16265_p3   |    select|   0|  0|   11|           1|           1|
    |select_ln39_44_fu_16276_p3   |    select|   0|  0|   16|           1|           1|
    |select_ln39_45_fu_16283_p3   |    select|   0|  0|   11|           1|           1|
    |select_ln39_46_fu_16294_p3   |    select|   0|  0|   11|           1|           1|
    |select_ln39_47_fu_16305_p3   |    select|   0|  0|   16|           1|           1|
    |select_ln39_48_fu_16312_p3   |    select|   0|  0|   11|           1|           1|
    |select_ln39_49_fu_16323_p3   |    select|   0|  0|   11|           1|           1|
    |select_ln39_4_fu_14742_p3    |    select|   0|  0|   11|           1|           1|
    |select_ln39_50_fu_16334_p3   |    select|   0|  0|   16|           1|           1|
    |select_ln39_51_fu_16341_p3   |    select|   0|  0|   11|           1|           1|
    |select_ln39_52_fu_16352_p3   |    select|   0|  0|   11|           1|           1|
    |select_ln39_53_fu_16363_p3   |    select|   0|  0|   16|           1|           1|
    |select_ln39_54_fu_16370_p3   |    select|   0|  0|   16|           1|           1|
    |select_ln39_55_fu_16377_p3   |    select|   0|  0|   16|           1|           1|
    |select_ln39_56_fu_16384_p3   |    select|   0|  0|   11|           1|           1|
    |select_ln39_57_fu_16391_p3   |    select|   0|  0|   11|           1|           1|
    |select_ln39_58_fu_16402_p3   |    select|   0|  0|   16|           1|           1|
    |select_ln39_59_fu_16409_p3   |    select|   0|  0|   13|           1|           1|
    |select_ln39_5_fu_14753_p3    |    select|   0|  0|   16|           1|           1|
    |select_ln39_60_fu_17002_p3   |    select|   0|  0|   16|           1|           1|
    |select_ln39_61_fu_17009_p3   |    select|   0|  0|   16|           1|           1|
    |select_ln39_62_fu_17016_p3   |    select|   0|  0|   16|           1|           1|
    |select_ln39_63_fu_17023_p3   |    select|   0|  0|   16|           1|           1|
    |select_ln39_64_fu_17030_p3   |    select|   0|  0|   11|           1|           1|
    |select_ln39_65_fu_17041_p3   |    select|   0|  0|   11|           1|           1|
    |select_ln39_66_fu_17052_p3   |    select|   0|  0|   11|           1|           1|
    |select_ln39_67_fu_17063_p3   |    select|   0|  0|   11|           1|           1|
    |select_ln39_68_fu_17074_p3   |    select|   0|  0|   11|           1|           1|
    |select_ln39_69_fu_17085_p3   |    select|   0|  0|   11|           1|           1|
    |select_ln39_6_fu_14760_p3    |    select|   0|  0|   11|           1|           1|
    |select_ln39_70_fu_17096_p3   |    select|   0|  0|   11|           1|           1|
    |select_ln39_71_fu_17107_p3   |    select|   0|  0|   11|           1|           1|
    |select_ln39_72_fu_17123_p3   |    select|   0|  0|    3|           1|           1|
    |select_ln39_73_fu_17131_p3   |    select|   0|  0|   16|           1|           1|
    |select_ln39_74_fu_17138_p3   |    select|   0|  0|   16|           1|           1|
    |select_ln39_75_fu_17145_p3   |    select|   0|  0|   16|           1|           1|
    |select_ln39_76_fu_17152_p3   |    select|   0|  0|   11|           1|           1|
    |select_ln39_77_fu_17159_p3   |    select|   0|  0|   11|           1|           1|
    |select_ln39_78_fu_17170_p3   |    select|   0|  0|   16|           1|           1|
    |select_ln39_79_fu_17177_p3   |    select|   0|  0|   13|           1|           1|
    |select_ln39_7_fu_14771_p3    |    select|   0|  0|   11|           1|           1|
    |select_ln39_80_fu_17770_p3   |    select|   0|  0|   16|           1|           1|
    |select_ln39_81_fu_17777_p3   |    select|   0|  0|   16|           1|           1|
    |select_ln39_82_fu_17784_p3   |    select|   0|  0|   16|           1|           1|
    |select_ln39_83_fu_17791_p3   |    select|   0|  0|   16|           1|           1|
    |select_ln39_84_fu_17798_p3   |    select|   0|  0|   16|           1|           1|
    |select_ln39_85_fu_17810_p3   |    select|   0|  0|    3|           1|           1|
    |select_ln39_86_fu_17818_p3   |    select|   0|  0|   11|           1|           1|
    |select_ln39_87_fu_17829_p3   |    select|   0|  0|   11|           1|           1|
    |select_ln39_88_fu_17840_p3   |    select|   0|  0|   11|           1|           1|
    |select_ln39_89_fu_17851_p3   |    select|   0|  0|   11|           1|           1|
    |select_ln39_8_fu_14782_p3    |    select|   0|  0|   11|           1|           1|
    |select_ln39_90_fu_17862_p3   |    select|   0|  0|   11|           1|           1|
    |select_ln39_91_fu_17873_p3   |    select|   0|  0|   11|           1|           1|
    |select_ln39_92_fu_17884_p3   |    select|   0|  0|   11|           1|           1|
    |select_ln39_93_fu_17895_p3   |    select|   0|  0|   11|           1|           1|
    |select_ln39_94_fu_17906_p3   |    select|   0|  0|   16|           1|           1|
    |select_ln39_95_fu_17913_p3   |    select|   0|  0|   16|           1|           1|
    |select_ln39_96_fu_17920_p3   |    select|   0|  0|   11|           1|           1|
    |select_ln39_97_fu_17927_p3   |    select|   0|  0|   11|           1|           1|
    |select_ln39_98_fu_17938_p3   |    select|   0|  0|   16|           1|           1|
    |select_ln39_99_fu_17945_p3   |    select|   0|  0|   13|           1|           1|
    |select_ln39_9_fu_14798_p3    |    select|   0|  0|    3|           1|           1|
    |select_ln39_fu_14698_p3      |    select|   0|  0|   11|           1|           1|
    |select_ln58_100_fu_16458_p3  |    select|   0|  0|    2|           1|           2|
    |select_ln58_101_fu_19566_p3  |    select|   0|  0|   16|           1|           1|
    |select_ln58_102_fu_19583_p3  |    select|   0|  0|   16|           1|          16|
    |select_ln58_103_fu_19605_p3  |    select|   0|  0|   16|           1|          16|
    |select_ln58_104_fu_5602_p3   |    select|   0|  0|   63|           1|          64|
    |select_ln58_105_fu_6025_p3   |    select|   0|  0|   10|           1|          10|
    |select_ln58_106_fu_20334_p3  |    select|   0|  0|   16|           1|           1|
    |select_ln58_107_fu_20351_p3  |    select|   0|  0|   16|           1|          16|
    |select_ln58_108_fu_20373_p3  |    select|   0|  0|   16|           1|          16|
    |select_ln58_109_fu_5634_p3   |    select|   0|  0|   63|           1|          64|
    |select_ln58_10_fu_14190_p3   |    select|   0|  0|   16|           1|           1|
    |select_ln58_110_fu_17226_p3  |    select|   0|  0|    2|           1|           2|
    |select_ln58_111_fu_21086_p3  |    select|   0|  0|   16|           1|           1|
    |select_ln58_112_fu_21103_p3  |    select|   0|  0|   16|           1|          16|
    |select_ln58_113_fu_21125_p3  |    select|   0|  0|   16|           1|          16|
    |select_ln58_114_fu_5666_p3   |    select|   0|  0|   63|           1|          64|
    |select_ln58_115_fu_6066_p3   |    select|   0|  0|   10|           1|          10|
    |select_ln58_116_fu_21854_p3  |    select|   0|  0|   16|           1|           1|
    |select_ln58_117_fu_21871_p3  |    select|   0|  0|   16|           1|          16|
    |select_ln58_118_fu_21893_p3  |    select|   0|  0|   16|           1|          16|
    |select_ln58_119_fu_5698_p3   |    select|   0|  0|   63|           1|          64|
    |select_ln58_11_fu_10403_p3   |    select|   0|  0|   54|           1|          54|
    |select_ln58_120_fu_17994_p3  |    select|   0|  0|    2|           1|           2|
    |select_ln58_121_fu_22622_p3  |    select|   0|  0|   16|           1|           1|
    |select_ln58_122_fu_22639_p3  |    select|   0|  0|   16|           1|          16|
    |select_ln58_123_fu_22661_p3  |    select|   0|  0|   16|           1|          16|
    |select_ln58_124_fu_5730_p3   |    select|   0|  0|   63|           1|          64|
    |select_ln58_125_fu_6107_p3   |    select|   0|  0|   10|           1|          10|
    |select_ln58_126_fu_23374_p3  |    select|   0|  0|   16|           1|           1|
    |select_ln58_127_fu_23391_p3  |    select|   0|  0|   16|           1|          16|
    |select_ln58_128_fu_23413_p3  |    select|   0|  0|   16|           1|          16|
    |select_ln58_129_fu_5762_p3   |    select|   0|  0|   63|           1|          64|
    |select_ln58_12_fu_10425_p3   |    select|   0|  0|   11|           1|          11|
    |select_ln58_130_fu_18762_p3  |    select|   0|  0|    2|           1|           2|
    |select_ln58_131_fu_24142_p3  |    select|   0|  0|   16|           1|           1|
    |select_ln58_132_fu_24159_p3  |    select|   0|  0|   16|           1|          16|
    |select_ln58_133_fu_24181_p3  |    select|   0|  0|   16|           1|          16|
    |select_ln58_134_fu_5794_p3   |    select|   0|  0|   63|           1|          64|
    |select_ln58_135_fu_6148_p3   |    select|   0|  0|   10|           1|          10|
    |select_ln58_136_fu_24910_p3  |    select|   0|  0|   16|           1|           1|
    |select_ln58_137_fu_24927_p3  |    select|   0|  0|   16|           1|          16|
    |select_ln58_138_fu_24949_p3  |    select|   0|  0|   16|           1|          16|
    |select_ln58_139_fu_5826_p3   |    select|   0|  0|   63|           1|          64|
    |select_ln58_13_fu_15697_p3   |    select|   0|  0|   16|           1|          16|
    |select_ln58_140_fu_19530_p3  |    select|   0|  0|    2|           1|           2|
    |select_ln58_141_fu_25678_p3  |    select|   0|  0|   16|           1|           1|
    |select_ln58_142_fu_25695_p3  |    select|   0|  0|   16|           1|          16|
    |select_ln58_143_fu_25717_p3  |    select|   0|  0|   16|           1|          16|
    |select_ln58_144_fu_6189_p3   |    select|   0|  0|   10|           1|          10|
    |select_ln58_145_fu_20298_p3  |    select|   0|  0|    2|           1|           2|
    |select_ln58_146_fu_6230_p3   |    select|   0|  0|   10|           1|          10|
    |select_ln58_147_fu_21050_p3  |    select|   0|  0|    2|           1|           2|
    |select_ln58_148_fu_6271_p3   |    select|   0|  0|   10|           1|          10|
    |select_ln58_149_fu_21818_p3  |    select|   0|  0|    2|           1|           2|
    |select_ln58_14_fu_15718_p3   |    select|   0|  0|   16|           1|          16|
    |select_ln58_150_fu_6312_p3   |    select|   0|  0|   10|           1|          10|
    |select_ln58_151_fu_22586_p3  |    select|   0|  0|    2|           1|           2|
    |select_ln58_152_fu_6353_p3   |    select|   0|  0|   10|           1|          10|
    |select_ln58_153_fu_23338_p3  |    select|   0|  0|    2|           1|           2|
    |select_ln58_154_fu_6394_p3   |    select|   0|  0|   10|           1|          10|
    |select_ln58_155_fu_24106_p3  |    select|   0|  0|    2|           1|           2|
    |select_ln58_156_fu_6435_p3   |    select|   0|  0|   10|           1|          10|
    |select_ln58_157_fu_24874_p3  |    select|   0|  0|    2|           1|           2|
    |select_ln58_158_fu_6476_p3   |    select|   0|  0|   10|           1|          10|
    |select_ln58_159_fu_25642_p3  |    select|   0|  0|    2|           1|           2|
    |select_ln58_15_fu_14207_p3   |    select|   0|  0|   16|           1|          16|
    |select_ln58_16_fu_10667_p3   |    select|   0|  0|   54|           1|          54|
    |select_ln58_17_fu_10689_p3   |    select|   0|  0|   11|           1|          11|
    |select_ln58_18_fu_16465_p3   |    select|   0|  0|   16|           1|          16|
    |select_ln58_19_fu_16486_p3   |    select|   0|  0|   16|           1|          16|
    |select_ln58_1_fu_9875_p3     |    select|   0|  0|   54|           1|          54|
    |select_ln58_20_fu_14229_p3   |    select|   0|  0|   16|           1|          16|
    |select_ln58_21_fu_10931_p3   |    select|   0|  0|   54|           1|          54|
    |select_ln58_22_fu_10953_p3   |    select|   0|  0|   11|           1|          11|
    |select_ln58_23_fu_17233_p3   |    select|   0|  0|   16|           1|          16|
    |select_ln58_24_fu_17254_p3   |    select|   0|  0|   16|           1|          16|
    |select_ln58_25_fu_5378_p3    |    select|   0|  0|   63|           1|          64|
    |select_ln58_26_fu_11195_p3   |    select|   0|  0|   54|           1|          54|
    |select_ln58_27_fu_11217_p3   |    select|   0|  0|   11|           1|          11|
    |select_ln58_28_fu_18001_p3   |    select|   0|  0|   16|           1|          16|
    |select_ln58_29_fu_18022_p3   |    select|   0|  0|   16|           1|          16|
    |select_ln58_2_fu_9897_p3     |    select|   0|  0|   11|           1|          11|
    |select_ln58_30_fu_14154_p3   |    select|   0|  0|    2|           1|           2|
    |select_ln58_31_fu_11459_p3   |    select|   0|  0|   54|           1|          54|
    |select_ln58_32_fu_11481_p3   |    select|   0|  0|   11|           1|          11|
    |select_ln58_33_fu_18769_p3   |    select|   0|  0|   16|           1|          16|
    |select_ln58_34_fu_18790_p3   |    select|   0|  0|   16|           1|          16|
    |select_ln58_35_fu_14958_p3   |    select|   0|  0|   16|           1|           1|
    |select_ln58_36_fu_11723_p3   |    select|   0|  0|   54|           1|          54|
    |select_ln58_37_fu_11745_p3   |    select|   0|  0|   11|           1|          11|
    |select_ln58_38_fu_19537_p3   |    select|   0|  0|   16|           1|          16|
    |select_ln58_39_fu_19558_p3   |    select|   0|  0|   16|           1|          16|
    |select_ln58_3_fu_14161_p3    |    select|   0|  0|   16|           1|          16|
    |select_ln58_40_fu_14975_p3   |    select|   0|  0|   16|           1|          16|
    |select_ln58_41_fu_11987_p3   |    select|   0|  0|   54|           1|          54|
    |select_ln58_42_fu_12009_p3   |    select|   0|  0|   11|           1|          11|
    |select_ln58_43_fu_20305_p3   |    select|   0|  0|   16|           1|          16|
    |select_ln58_44_fu_20326_p3   |    select|   0|  0|   16|           1|          16|
    |select_ln58_45_fu_14997_p3   |    select|   0|  0|   16|           1|          16|
    |select_ln58_46_fu_12268_p3   |    select|   0|  0|   54|           1|          54|
    |select_ln58_47_fu_12290_p3   |    select|   0|  0|   11|           1|          11|
    |select_ln58_48_fu_21057_p3   |    select|   0|  0|   16|           1|          16|
    |select_ln58_49_fu_21078_p3   |    select|   0|  0|   16|           1|          16|
    |select_ln58_4_fu_14182_p3    |    select|   0|  0|   16|           1|          16|
    |select_ln58_50_fu_5410_p3    |    select|   0|  0|   63|           1|          64|
    |select_ln58_51_fu_12532_p3   |    select|   0|  0|   54|           1|          54|
    |select_ln58_52_fu_12554_p3   |    select|   0|  0|   11|           1|          11|
    |select_ln58_53_fu_21825_p3   |    select|   0|  0|   16|           1|          16|
    |select_ln58_54_fu_21846_p3   |    select|   0|  0|   16|           1|          16|
    |select_ln58_55_fu_5902_p3    |    select|   0|  0|   10|           1|          10|
    |select_ln58_56_fu_12796_p3   |    select|   0|  0|   54|           1|          54|
    |select_ln58_57_fu_12818_p3   |    select|   0|  0|   11|           1|          11|
    |select_ln58_58_fu_22593_p3   |    select|   0|  0|   16|           1|          16|
    |select_ln58_59_fu_22614_p3   |    select|   0|  0|   16|           1|          16|
    |select_ln58_5_fu_5861_p3     |    select|   0|  0|   10|           1|          10|
    |select_ln58_60_fu_15726_p3   |    select|   0|  0|   16|           1|           1|
    |select_ln58_61_fu_13077_p3   |    select|   0|  0|   54|           1|          54|
    |select_ln58_62_fu_13099_p3   |    select|   0|  0|   11|           1|          11|
    |select_ln58_63_fu_23345_p3   |    select|   0|  0|   16|           1|          16|
    |select_ln58_64_fu_23366_p3   |    select|   0|  0|   16|           1|          16|
    |select_ln58_65_fu_15743_p3   |    select|   0|  0|   16|           1|          16|
    |select_ln58_66_fu_13341_p3   |    select|   0|  0|   54|           1|          54|
    |select_ln58_67_fu_13363_p3   |    select|   0|  0|   11|           1|          11|
    |select_ln58_68_fu_24113_p3   |    select|   0|  0|   16|           1|          16|
    |select_ln58_69_fu_24134_p3   |    select|   0|  0|   16|           1|          16|
    |select_ln58_6_fu_10139_p3    |    select|   0|  0|   54|           1|          54|
    |select_ln58_70_fu_15765_p3   |    select|   0|  0|   16|           1|          16|
    |select_ln58_71_fu_13605_p3   |    select|   0|  0|   54|           1|          54|
    |select_ln58_72_fu_13627_p3   |    select|   0|  0|   11|           1|          11|
    |select_ln58_73_fu_24881_p3   |    select|   0|  0|   16|           1|          16|
    |select_ln58_74_fu_24902_p3   |    select|   0|  0|   16|           1|          16|
    |select_ln58_75_fu_5442_p3    |    select|   0|  0|   63|           1|          64|
    |select_ln58_76_fu_13869_p3   |    select|   0|  0|   54|           1|          54|
    |select_ln58_77_fu_13891_p3   |    select|   0|  0|   11|           1|          11|
    |select_ln58_78_fu_25649_p3   |    select|   0|  0|   16|           1|          16|
    |select_ln58_79_fu_25670_p3   |    select|   0|  0|   16|           1|          16|
    |select_ln58_7_fu_10161_p3    |    select|   0|  0|   11|           1|          11|
    |select_ln58_80_fu_14922_p3   |    select|   0|  0|    2|           1|           2|
    |select_ln58_81_fu_16494_p3   |    select|   0|  0|   16|           1|           1|
    |select_ln58_82_fu_16511_p3   |    select|   0|  0|   16|           1|          16|
    |select_ln58_83_fu_16533_p3   |    select|   0|  0|   16|           1|          16|
    |select_ln58_84_fu_5474_p3    |    select|   0|  0|   63|           1|          64|
    |select_ln58_85_fu_5943_p3    |    select|   0|  0|   10|           1|          10|
    |select_ln58_86_fu_17262_p3   |    select|   0|  0|   16|           1|           1|
    |select_ln58_87_fu_17279_p3   |    select|   0|  0|   16|           1|          16|
    |select_ln58_88_fu_17301_p3   |    select|   0|  0|   16|           1|          16|
    |select_ln58_89_fu_5506_p3    |    select|   0|  0|   63|           1|          64|
    |select_ln58_8_fu_14929_p3    |    select|   0|  0|   16|           1|          16|
    |select_ln58_90_fu_15690_p3   |    select|   0|  0|    2|           1|           2|
    |select_ln58_91_fu_18030_p3   |    select|   0|  0|   16|           1|           1|
    |select_ln58_92_fu_18047_p3   |    select|   0|  0|   16|           1|          16|
    |select_ln58_93_fu_18069_p3   |    select|   0|  0|   16|           1|          16|
    |select_ln58_94_fu_5538_p3    |    select|   0|  0|   63|           1|          64|
    |select_ln58_95_fu_5984_p3    |    select|   0|  0|   10|           1|          10|
    |select_ln58_96_fu_18798_p3   |    select|   0|  0|   16|           1|           1|
    |select_ln58_97_fu_18815_p3   |    select|   0|  0|   16|           1|          16|
    |select_ln58_98_fu_18837_p3   |    select|   0|  0|   16|           1|          16|
    |select_ln58_99_fu_5570_p3    |    select|   0|  0|   63|           1|          64|
    |select_ln58_9_fu_14950_p3    |    select|   0|  0|   16|           1|          16|
    |select_ln58_fu_5346_p3       |    select|   0|  0|   63|           1|          64|
    |select_ln59_100_fu_23486_p3  |    select|   0|  0|   16|           1|           1|
    |select_ln59_101_fu_23503_p3  |    select|   0|  0|   16|           1|          16|
    |select_ln59_102_fu_23525_p3  |    select|   0|  0|   16|           1|          16|
    |select_ln59_103_fu_24254_p3  |    select|   0|  0|   16|           1|           1|
    |select_ln59_104_fu_24271_p3  |    select|   0|  0|   16|           1|          16|
    |select_ln59_105_fu_24293_p3  |    select|   0|  0|   16|           1|          16|
    |select_ln59_106_fu_25022_p3  |    select|   0|  0|   16|           1|           1|
    |select_ln59_107_fu_25039_p3  |    select|   0|  0|   16|           1|          16|
    |select_ln59_108_fu_25061_p3  |    select|   0|  0|   16|           1|          16|
    |select_ln59_109_fu_25790_p3  |    select|   0|  0|   16|           1|           1|
    |select_ln59_10_fu_15809_p3   |    select|   0|  0|   16|           1|          16|
    |select_ln59_110_fu_25807_p3  |    select|   0|  0|   16|           1|          16|
    |select_ln59_111_fu_25829_p3  |    select|   0|  0|   16|           1|          16|
    |select_ln59_112_fu_14265_p3  |    select|   0|  0|    2|           1|           2|
    |select_ln59_113_fu_15033_p3  |    select|   0|  0|    2|           1|           2|
    |select_ln59_114_fu_15801_p3  |    select|   0|  0|    2|           1|           2|
    |select_ln59_115_fu_16569_p3  |    select|   0|  0|    2|           1|           2|
    |select_ln59_116_fu_17337_p3  |    select|   0|  0|    2|           1|           2|
    |select_ln59_117_fu_18105_p3  |    select|   0|  0|    2|           1|           2|
    |select_ln59_118_fu_18873_p3  |    select|   0|  0|    2|           1|           2|
    |select_ln59_119_fu_19641_p3  |    select|   0|  0|    2|           1|           2|
    |select_ln59_11_fu_15830_p3   |    select|   0|  0|   16|           1|          16|
    |select_ln59_120_fu_20409_p3  |    select|   0|  0|    2|           1|           2|
    |select_ln59_121_fu_21161_p3  |    select|   0|  0|    2|           1|           2|
    |select_ln59_122_fu_21929_p3  |    select|   0|  0|    2|           1|           2|
    |select_ln59_123_fu_22697_p3  |    select|   0|  0|    2|           1|           2|
    |select_ln59_124_fu_23449_p3  |    select|   0|  0|    2|           1|           2|
    |select_ln59_125_fu_24217_p3  |    select|   0|  0|    2|           1|           2|
    |select_ln59_126_fu_24985_p3  |    select|   0|  0|    2|           1|           2|
    |select_ln59_127_fu_25753_p3  |    select|   0|  0|    2|           1|           2|
    |select_ln59_12_fu_10733_p3   |    select|   0|  0|   54|           1|          54|
    |select_ln59_13_fu_10755_p3   |    select|   0|  0|   11|           1|          11|
    |select_ln59_14_fu_16577_p3   |    select|   0|  0|   16|           1|          16|
    |select_ln59_15_fu_16598_p3   |    select|   0|  0|   16|           1|          16|
    |select_ln59_16_fu_10997_p3   |    select|   0|  0|   54|           1|          54|
    |select_ln59_17_fu_11019_p3   |    select|   0|  0|   11|           1|          11|
    |select_ln59_18_fu_17345_p3   |    select|   0|  0|   16|           1|          16|
    |select_ln59_19_fu_17366_p3   |    select|   0|  0|   16|           1|          16|
    |select_ln59_1_fu_9963_p3     |    select|   0|  0|   11|           1|          11|
    |select_ln59_20_fu_11261_p3   |    select|   0|  0|   54|           1|          54|
    |select_ln59_21_fu_11283_p3   |    select|   0|  0|   11|           1|          11|
    |select_ln59_22_fu_18113_p3   |    select|   0|  0|   16|           1|          16|
    |select_ln59_23_fu_18134_p3   |    select|   0|  0|   16|           1|          16|
    |select_ln59_24_fu_11525_p3   |    select|   0|  0|   54|           1|          54|
    |select_ln59_25_fu_11547_p3   |    select|   0|  0|   11|           1|          11|
    |select_ln59_26_fu_18881_p3   |    select|   0|  0|   16|           1|          16|
    |select_ln59_27_fu_18902_p3   |    select|   0|  0|   16|           1|          16|
    |select_ln59_28_fu_11789_p3   |    select|   0|  0|   54|           1|          54|
    |select_ln59_29_fu_11811_p3   |    select|   0|  0|   11|           1|          11|
    |select_ln59_2_fu_14273_p3    |    select|   0|  0|   16|           1|          16|
    |select_ln59_30_fu_19649_p3   |    select|   0|  0|   16|           1|          16|
    |select_ln59_31_fu_19670_p3   |    select|   0|  0|   16|           1|          16|
    |select_ln59_32_fu_12053_p3   |    select|   0|  0|   54|           1|          54|
    |select_ln59_33_fu_12075_p3   |    select|   0|  0|   11|           1|          11|
    |select_ln59_34_fu_20417_p3   |    select|   0|  0|   16|           1|          16|
    |select_ln59_35_fu_20438_p3   |    select|   0|  0|   16|           1|          16|
    |select_ln59_36_fu_12334_p3   |    select|   0|  0|   54|           1|          54|
    |select_ln59_37_fu_12356_p3   |    select|   0|  0|   11|           1|          11|
    |select_ln59_38_fu_21169_p3   |    select|   0|  0|   16|           1|          16|
    |select_ln59_39_fu_21190_p3   |    select|   0|  0|   16|           1|          16|
    |select_ln59_3_fu_14294_p3    |    select|   0|  0|   16|           1|          16|
    |select_ln59_40_fu_12598_p3   |    select|   0|  0|   54|           1|          54|
    |select_ln59_41_fu_12620_p3   |    select|   0|  0|   11|           1|          11|
    |select_ln59_42_fu_21937_p3   |    select|   0|  0|   16|           1|          16|
    |select_ln59_43_fu_21958_p3   |    select|   0|  0|   16|           1|          16|
    |select_ln59_44_fu_12862_p3   |    select|   0|  0|   54|           1|          54|
    |select_ln59_45_fu_12884_p3   |    select|   0|  0|   11|           1|          11|
    |select_ln59_46_fu_22705_p3   |    select|   0|  0|   16|           1|          16|
    |select_ln59_47_fu_22726_p3   |    select|   0|  0|   16|           1|          16|
    |select_ln59_48_fu_13143_p3   |    select|   0|  0|   54|           1|          54|
    |select_ln59_49_fu_13165_p3   |    select|   0|  0|   11|           1|          11|
    |select_ln59_4_fu_10205_p3    |    select|   0|  0|   54|           1|          54|
    |select_ln59_50_fu_23457_p3   |    select|   0|  0|   16|           1|          16|
    |select_ln59_51_fu_23478_p3   |    select|   0|  0|   16|           1|          16|
    |select_ln59_52_fu_13407_p3   |    select|   0|  0|   54|           1|          54|
    |select_ln59_53_fu_13429_p3   |    select|   0|  0|   11|           1|          11|
    |select_ln59_54_fu_24225_p3   |    select|   0|  0|   16|           1|          16|
    |select_ln59_55_fu_24246_p3   |    select|   0|  0|   16|           1|          16|
    |select_ln59_56_fu_13671_p3   |    select|   0|  0|   54|           1|          54|
    |select_ln59_57_fu_13693_p3   |    select|   0|  0|   11|           1|          11|
    |select_ln59_58_fu_24993_p3   |    select|   0|  0|   16|           1|          16|
    |select_ln59_59_fu_25014_p3   |    select|   0|  0|   16|           1|          16|
    |select_ln59_5_fu_10227_p3    |    select|   0|  0|   11|           1|          11|
    |select_ln59_60_fu_13935_p3   |    select|   0|  0|   54|           1|          54|
    |select_ln59_61_fu_13957_p3   |    select|   0|  0|   11|           1|          11|
    |select_ln59_62_fu_25761_p3   |    select|   0|  0|   16|           1|          16|
    |select_ln59_63_fu_25782_p3   |    select|   0|  0|   16|           1|          16|
    |select_ln59_64_fu_14302_p3   |    select|   0|  0|   16|           1|           1|
    |select_ln59_65_fu_14319_p3   |    select|   0|  0|   16|           1|          16|
    |select_ln59_66_fu_14341_p3   |    select|   0|  0|   16|           1|          16|
    |select_ln59_67_fu_15070_p3   |    select|   0|  0|   16|           1|           1|
    |select_ln59_68_fu_15087_p3   |    select|   0|  0|   16|           1|          16|
    |select_ln59_69_fu_15109_p3   |    select|   0|  0|   16|           1|          16|
    |select_ln59_6_fu_15041_p3    |    select|   0|  0|   16|           1|          16|
    |select_ln59_70_fu_15838_p3   |    select|   0|  0|   16|           1|           1|
    |select_ln59_71_fu_15855_p3   |    select|   0|  0|   16|           1|          16|
    |select_ln59_72_fu_15877_p3   |    select|   0|  0|   16|           1|          16|
    |select_ln59_73_fu_16606_p3   |    select|   0|  0|   16|           1|           1|
    |select_ln59_74_fu_16623_p3   |    select|   0|  0|   16|           1|          16|
    |select_ln59_75_fu_16645_p3   |    select|   0|  0|   16|           1|          16|
    |select_ln59_76_fu_17374_p3   |    select|   0|  0|   16|           1|           1|
    |select_ln59_77_fu_17391_p3   |    select|   0|  0|   16|           1|          16|
    |select_ln59_78_fu_17413_p3   |    select|   0|  0|   16|           1|          16|
    |select_ln59_79_fu_18142_p3   |    select|   0|  0|   16|           1|           1|
    |select_ln59_7_fu_15062_p3    |    select|   0|  0|   16|           1|          16|
    |select_ln59_80_fu_18159_p3   |    select|   0|  0|   16|           1|          16|
    |select_ln59_81_fu_18181_p3   |    select|   0|  0|   16|           1|          16|
    |select_ln59_82_fu_18910_p3   |    select|   0|  0|   16|           1|           1|
    |select_ln59_83_fu_18927_p3   |    select|   0|  0|   16|           1|          16|
    |select_ln59_84_fu_18949_p3   |    select|   0|  0|   16|           1|          16|
    |select_ln59_85_fu_19678_p3   |    select|   0|  0|   16|           1|           1|
    |select_ln59_86_fu_19695_p3   |    select|   0|  0|   16|           1|          16|
    |select_ln59_87_fu_19717_p3   |    select|   0|  0|   16|           1|          16|
    |select_ln59_88_fu_20446_p3   |    select|   0|  0|   16|           1|           1|
    |select_ln59_89_fu_20463_p3   |    select|   0|  0|   16|           1|          16|
    |select_ln59_8_fu_10469_p3    |    select|   0|  0|   54|           1|          54|
    |select_ln59_90_fu_20485_p3   |    select|   0|  0|   16|           1|          16|
    |select_ln59_91_fu_21198_p3   |    select|   0|  0|   16|           1|           1|
    |select_ln59_92_fu_21215_p3   |    select|   0|  0|   16|           1|          16|
    |select_ln59_93_fu_21237_p3   |    select|   0|  0|   16|           1|          16|
    |select_ln59_94_fu_21966_p3   |    select|   0|  0|   16|           1|           1|
    |select_ln59_95_fu_21983_p3   |    select|   0|  0|   16|           1|          16|
    |select_ln59_96_fu_22005_p3   |    select|   0|  0|   16|           1|          16|
    |select_ln59_97_fu_22734_p3   |    select|   0|  0|   16|           1|           1|
    |select_ln59_98_fu_22751_p3   |    select|   0|  0|   16|           1|          16|
    |select_ln59_99_fu_22758_p3   |    select|   0|  0|   16|           1|          16|
    |select_ln59_9_fu_10491_p3    |    select|   0|  0|   11|           1|          11|
    |select_ln59_fu_9941_p3       |    select|   0|  0|   54|           1|          54|
    |select_ln74_100_fu_23702_p3  |    select|   0|  0|   16|           1|           1|
    |select_ln74_101_fu_23719_p3  |    select|   0|  0|   16|           1|          16|
    |select_ln74_102_fu_23741_p3  |    select|   0|  0|   16|           1|          16|
    |select_ln74_103_fu_24470_p3  |    select|   0|  0|   16|           1|           1|
    |select_ln74_104_fu_24487_p3  |    select|   0|  0|   16|           1|          16|
    |select_ln74_105_fu_24509_p3  |    select|   0|  0|   16|           1|          16|
    |select_ln74_106_fu_25238_p3  |    select|   0|  0|   16|           1|           1|
    |select_ln74_107_fu_25255_p3  |    select|   0|  0|   16|           1|          16|
    |select_ln74_108_fu_25277_p3  |    select|   0|  0|   16|           1|          16|
    |select_ln74_109_fu_26006_p3  |    select|   0|  0|   16|           1|           1|
    |select_ln74_10_fu_16025_p3   |    select|   0|  0|   16|           1|          16|
    |select_ln74_110_fu_26023_p3  |    select|   0|  0|   16|           1|          16|
    |select_ln74_111_fu_26045_p3  |    select|   0|  0|   16|           1|          16|
    |select_ln74_112_fu_14481_p3  |    select|   0|  0|    2|           1|           2|
    |select_ln74_113_fu_15249_p3  |    select|   0|  0|    2|           1|           2|
    |select_ln74_114_fu_16017_p3  |    select|   0|  0|    2|           1|           2|
    |select_ln74_115_fu_16785_p3  |    select|   0|  0|    2|           1|           2|
    |select_ln74_116_fu_17553_p3  |    select|   0|  0|    2|           1|           2|
    |select_ln74_117_fu_18321_p3  |    select|   0|  0|    2|           1|           2|
    |select_ln74_118_fu_19089_p3  |    select|   0|  0|    2|           1|           2|
    |select_ln74_119_fu_19857_p3  |    select|   0|  0|    2|           1|           2|
    |select_ln74_11_fu_16046_p3   |    select|   0|  0|   16|           1|          16|
    |select_ln74_120_fu_20625_p3  |    select|   0|  0|    2|           1|           2|
    |select_ln74_121_fu_21377_p3  |    select|   0|  0|    2|           1|           2|
    |select_ln74_122_fu_22145_p3  |    select|   0|  0|    2|           1|           2|
    |select_ln74_123_fu_22897_p3  |    select|   0|  0|    2|           1|           2|
    |select_ln74_124_fu_23665_p3  |    select|   0|  0|    2|           1|           2|
    |select_ln74_125_fu_24433_p3  |    select|   0|  0|    2|           1|           2|
    |select_ln74_126_fu_25201_p3  |    select|   0|  0|    2|           1|           2|
    |select_ln74_127_fu_25969_p3  |    select|   0|  0|    2|           1|           2|
    |select_ln74_12_fu_10799_p3   |    select|   0|  0|   54|           1|          54|
    |select_ln74_13_fu_10821_p3   |    select|   0|  0|   11|           1|          11|
    |select_ln74_14_fu_16793_p3   |    select|   0|  0|   16|           1|          16|
    |select_ln74_15_fu_16814_p3   |    select|   0|  0|   16|           1|          16|
    |select_ln74_16_fu_11063_p3   |    select|   0|  0|   54|           1|          54|
    |select_ln74_17_fu_11085_p3   |    select|   0|  0|   11|           1|          11|
    |select_ln74_18_fu_17561_p3   |    select|   0|  0|   16|           1|          16|
    |select_ln74_19_fu_17582_p3   |    select|   0|  0|   16|           1|          16|
    |select_ln74_1_fu_10029_p3    |    select|   0|  0|   11|           1|          11|
    |select_ln74_20_fu_11327_p3   |    select|   0|  0|   54|           1|          54|
    |select_ln74_21_fu_11349_p3   |    select|   0|  0|   11|           1|          11|
    |select_ln74_22_fu_18329_p3   |    select|   0|  0|   16|           1|          16|
    |select_ln74_23_fu_18350_p3   |    select|   0|  0|   16|           1|          16|
    |select_ln74_24_fu_11591_p3   |    select|   0|  0|   54|           1|          54|
    |select_ln74_25_fu_11613_p3   |    select|   0|  0|   11|           1|          11|
    |select_ln74_26_fu_19097_p3   |    select|   0|  0|   16|           1|          16|
    |select_ln74_27_fu_19118_p3   |    select|   0|  0|   16|           1|          16|
    |select_ln74_28_fu_11855_p3   |    select|   0|  0|   54|           1|          54|
    |select_ln74_29_fu_11877_p3   |    select|   0|  0|   11|           1|          11|
    |select_ln74_2_fu_14489_p3    |    select|   0|  0|   16|           1|          16|
    |select_ln74_30_fu_19865_p3   |    select|   0|  0|   16|           1|          16|
    |select_ln74_31_fu_19886_p3   |    select|   0|  0|   16|           1|          16|
    |select_ln74_32_fu_12119_p3   |    select|   0|  0|   54|           1|          54|
    |select_ln74_33_fu_12141_p3   |    select|   0|  0|   11|           1|          11|
    |select_ln74_34_fu_20633_p3   |    select|   0|  0|   16|           1|          16|
    |select_ln74_35_fu_20654_p3   |    select|   0|  0|   16|           1|          16|
    |select_ln74_36_fu_12400_p3   |    select|   0|  0|   54|           1|          54|
    |select_ln74_37_fu_12422_p3   |    select|   0|  0|   11|           1|          11|
    |select_ln74_38_fu_21385_p3   |    select|   0|  0|   16|           1|          16|
    |select_ln74_39_fu_21406_p3   |    select|   0|  0|   16|           1|          16|
    |select_ln74_3_fu_14510_p3    |    select|   0|  0|   16|           1|          16|
    |select_ln74_40_fu_12664_p3   |    select|   0|  0|   54|           1|          54|
    |select_ln74_41_fu_12686_p3   |    select|   0|  0|   11|           1|          11|
    |select_ln74_42_fu_22153_p3   |    select|   0|  0|   16|           1|          16|
    |select_ln74_43_fu_22174_p3   |    select|   0|  0|   16|           1|          16|
    |select_ln74_44_fu_12945_p3   |    select|   0|  0|   54|           1|          54|
    |select_ln74_45_fu_12967_p3   |    select|   0|  0|   11|           1|          11|
    |select_ln74_46_fu_22905_p3   |    select|   0|  0|   16|           1|          16|
    |select_ln74_47_fu_22926_p3   |    select|   0|  0|   16|           1|          16|
    |select_ln74_48_fu_13209_p3   |    select|   0|  0|   54|           1|          54|
    |select_ln74_49_fu_13231_p3   |    select|   0|  0|   11|           1|          11|
    |select_ln74_4_fu_10271_p3    |    select|   0|  0|   54|           1|          54|
    |select_ln74_50_fu_23673_p3   |    select|   0|  0|   16|           1|          16|
    |select_ln74_51_fu_23694_p3   |    select|   0|  0|   16|           1|          16|
    |select_ln74_52_fu_13473_p3   |    select|   0|  0|   54|           1|          54|
    |select_ln74_53_fu_13495_p3   |    select|   0|  0|   11|           1|          11|
    |select_ln74_54_fu_24441_p3   |    select|   0|  0|   16|           1|          16|
    |select_ln74_55_fu_24462_p3   |    select|   0|  0|   16|           1|          16|
    |select_ln74_56_fu_13737_p3   |    select|   0|  0|   54|           1|          54|
    |select_ln74_57_fu_13759_p3   |    select|   0|  0|   11|           1|          11|
    |select_ln74_58_fu_25209_p3   |    select|   0|  0|   16|           1|          16|
    |select_ln74_59_fu_25230_p3   |    select|   0|  0|   16|           1|          16|
    |select_ln74_5_fu_10293_p3    |    select|   0|  0|   11|           1|          11|
    |select_ln74_60_fu_14001_p3   |    select|   0|  0|   54|           1|          54|
    |select_ln74_61_fu_14023_p3   |    select|   0|  0|   11|           1|          11|
    |select_ln74_62_fu_25977_p3   |    select|   0|  0|   16|           1|          16|
    |select_ln74_63_fu_25998_p3   |    select|   0|  0|   16|           1|          16|
    |select_ln74_64_fu_14518_p3   |    select|   0|  0|   16|           1|           1|
    |select_ln74_65_fu_14535_p3   |    select|   0|  0|   16|           1|          16|
    |select_ln74_66_fu_14557_p3   |    select|   0|  0|   16|           1|          16|
    |select_ln74_67_fu_15286_p3   |    select|   0|  0|   16|           1|           1|
    |select_ln74_68_fu_15303_p3   |    select|   0|  0|   16|           1|          16|
    |select_ln74_69_fu_15325_p3   |    select|   0|  0|   16|           1|          16|
    |select_ln74_6_fu_15257_p3    |    select|   0|  0|   16|           1|          16|
    |select_ln74_70_fu_16054_p3   |    select|   0|  0|   16|           1|           1|
    |select_ln74_71_fu_16071_p3   |    select|   0|  0|   16|           1|          16|
    |select_ln74_72_fu_16093_p3   |    select|   0|  0|   16|           1|          16|
    |select_ln74_73_fu_16822_p3   |    select|   0|  0|   16|           1|           1|
    |select_ln74_74_fu_16839_p3   |    select|   0|  0|   16|           1|          16|
    |select_ln74_75_fu_16861_p3   |    select|   0|  0|   16|           1|          16|
    |select_ln74_76_fu_17590_p3   |    select|   0|  0|   16|           1|           1|
    |select_ln74_77_fu_17607_p3   |    select|   0|  0|   16|           1|          16|
    |select_ln74_78_fu_17629_p3   |    select|   0|  0|   16|           1|          16|
    |select_ln74_79_fu_18358_p3   |    select|   0|  0|   16|           1|           1|
    |select_ln74_7_fu_15278_p3    |    select|   0|  0|   16|           1|          16|
    |select_ln74_80_fu_18375_p3   |    select|   0|  0|   16|           1|          16|
    |select_ln74_81_fu_18397_p3   |    select|   0|  0|   16|           1|          16|
    |select_ln74_82_fu_19126_p3   |    select|   0|  0|   16|           1|           1|
    |select_ln74_83_fu_19143_p3   |    select|   0|  0|   16|           1|          16|
    |select_ln74_84_fu_19165_p3   |    select|   0|  0|   16|           1|          16|
    |select_ln74_85_fu_19894_p3   |    select|   0|  0|   16|           1|           1|
    |select_ln74_86_fu_19911_p3   |    select|   0|  0|   16|           1|          16|
    |select_ln74_87_fu_19933_p3   |    select|   0|  0|   16|           1|          16|
    |select_ln74_88_fu_20662_p3   |    select|   0|  0|   16|           1|           1|
    |select_ln74_89_fu_20679_p3   |    select|   0|  0|   16|           1|          16|
    |select_ln74_8_fu_10535_p3    |    select|   0|  0|   54|           1|          54|
    |select_ln74_90_fu_20686_p3   |    select|   0|  0|   16|           1|          16|
    |select_ln74_91_fu_21414_p3   |    select|   0|  0|   16|           1|           1|
    |select_ln74_92_fu_21431_p3   |    select|   0|  0|   16|           1|          16|
    |select_ln74_93_fu_21453_p3   |    select|   0|  0|   16|           1|          16|
    |select_ln74_94_fu_22182_p3   |    select|   0|  0|   16|           1|           1|
    |select_ln74_95_fu_22199_p3   |    select|   0|  0|   16|           1|          16|
    |select_ln74_96_fu_22221_p3   |    select|   0|  0|   16|           1|          16|
    |select_ln74_97_fu_22934_p3   |    select|   0|  0|   16|           1|           1|
    |select_ln74_98_fu_22951_p3   |    select|   0|  0|   16|           1|          16|
    |select_ln74_99_fu_22973_p3   |    select|   0|  0|   16|           1|          16|
    |select_ln74_9_fu_10557_p3    |    select|   0|  0|   11|           1|          11|
    |select_ln74_fu_10007_p3      |    select|   0|  0|   54|           1|          54|
    |select_ln75_100_fu_23814_p3  |    select|   0|  0|   16|           1|           1|
    |select_ln75_101_fu_23831_p3  |    select|   0|  0|   16|           1|          16|
    |select_ln75_102_fu_23853_p3  |    select|   0|  0|   16|           1|          16|
    |select_ln75_103_fu_24582_p3  |    select|   0|  0|   16|           1|           1|
    |select_ln75_104_fu_24599_p3  |    select|   0|  0|   16|           1|          16|
    |select_ln75_105_fu_24621_p3  |    select|   0|  0|   16|           1|          16|
    |select_ln75_106_fu_25350_p3  |    select|   0|  0|   16|           1|           1|
    |select_ln75_107_fu_25367_p3  |    select|   0|  0|   16|           1|          16|
    |select_ln75_108_fu_25389_p3  |    select|   0|  0|   16|           1|          16|
    |select_ln75_109_fu_26118_p3  |    select|   0|  0|   16|           1|           1|
    |select_ln75_10_fu_16137_p3   |    select|   0|  0|   16|           1|          16|
    |select_ln75_110_fu_26135_p3  |    select|   0|  0|   16|           1|          16|
    |select_ln75_111_fu_26157_p3  |    select|   0|  0|   16|           1|          16|
    |select_ln75_112_fu_14593_p3  |    select|   0|  0|    2|           1|           2|
    |select_ln75_113_fu_15361_p3  |    select|   0|  0|    2|           1|           2|
    |select_ln75_114_fu_16129_p3  |    select|   0|  0|    2|           1|           2|
    |select_ln75_115_fu_16897_p3  |    select|   0|  0|    2|           1|           2|
    |select_ln75_116_fu_17665_p3  |    select|   0|  0|    2|           1|           2|
    |select_ln75_117_fu_18433_p3  |    select|   0|  0|    2|           1|           2|
    |select_ln75_118_fu_19201_p3  |    select|   0|  0|    2|           1|           2|
    |select_ln75_119_fu_19969_p3  |    select|   0|  0|    2|           1|           2|
    |select_ln75_11_fu_16158_p3   |    select|   0|  0|   16|           1|          16|
    |select_ln75_120_fu_20721_p3  |    select|   0|  0|    2|           1|           2|
    |select_ln75_121_fu_21489_p3  |    select|   0|  0|    2|           1|           2|
    |select_ln75_122_fu_22257_p3  |    select|   0|  0|    2|           1|           2|
    |select_ln75_123_fu_23009_p3  |    select|   0|  0|    2|           1|           2|
    |select_ln75_124_fu_23777_p3  |    select|   0|  0|    2|           1|           2|
    |select_ln75_125_fu_24545_p3  |    select|   0|  0|    2|           1|           2|
    |select_ln75_126_fu_25313_p3  |    select|   0|  0|    2|           1|           2|
    |select_ln75_127_fu_26081_p3  |    select|   0|  0|    2|           1|           2|
    |select_ln75_12_fu_10865_p3   |    select|   0|  0|   54|           1|          54|
    |select_ln75_13_fu_10887_p3   |    select|   0|  0|   11|           1|          11|
    |select_ln75_14_fu_16905_p3   |    select|   0|  0|   16|           1|          16|
    |select_ln75_15_fu_16926_p3   |    select|   0|  0|   16|           1|          16|
    |select_ln75_16_fu_11129_p3   |    select|   0|  0|   54|           1|          54|
    |select_ln75_17_fu_11151_p3   |    select|   0|  0|   11|           1|          11|
    |select_ln75_18_fu_17673_p3   |    select|   0|  0|   16|           1|          16|
    |select_ln75_19_fu_17694_p3   |    select|   0|  0|   16|           1|          16|
    |select_ln75_1_fu_10095_p3    |    select|   0|  0|   11|           1|          11|
    |select_ln75_20_fu_11393_p3   |    select|   0|  0|   54|           1|          54|
    |select_ln75_21_fu_11415_p3   |    select|   0|  0|   11|           1|          11|
    |select_ln75_22_fu_18441_p3   |    select|   0|  0|   16|           1|          16|
    |select_ln75_23_fu_18462_p3   |    select|   0|  0|   16|           1|          16|
    |select_ln75_24_fu_11657_p3   |    select|   0|  0|   54|           1|          54|
    |select_ln75_25_fu_11679_p3   |    select|   0|  0|   11|           1|          11|
    |select_ln75_26_fu_19209_p3   |    select|   0|  0|   16|           1|          16|
    |select_ln75_27_fu_19230_p3   |    select|   0|  0|   16|           1|          16|
    |select_ln75_28_fu_11921_p3   |    select|   0|  0|   54|           1|          54|
    |select_ln75_29_fu_11943_p3   |    select|   0|  0|   11|           1|          11|
    |select_ln75_2_fu_14601_p3    |    select|   0|  0|   16|           1|          16|
    |select_ln75_30_fu_19977_p3   |    select|   0|  0|   16|           1|          16|
    |select_ln75_31_fu_19998_p3   |    select|   0|  0|   16|           1|          16|
    |select_ln75_32_fu_12202_p3   |    select|   0|  0|   54|           1|          54|
    |select_ln75_33_fu_12224_p3   |    select|   0|  0|   11|           1|          11|
    |select_ln75_34_fu_20729_p3   |    select|   0|  0|   16|           1|          16|
    |select_ln75_35_fu_20750_p3   |    select|   0|  0|   16|           1|          16|
    |select_ln75_36_fu_12466_p3   |    select|   0|  0|   54|           1|          54|
    |select_ln75_37_fu_12488_p3   |    select|   0|  0|   11|           1|          11|
    |select_ln75_38_fu_21497_p3   |    select|   0|  0|   16|           1|          16|
    |select_ln75_39_fu_21518_p3   |    select|   0|  0|   16|           1|          16|
    |select_ln75_3_fu_14622_p3    |    select|   0|  0|   16|           1|          16|
    |select_ln75_40_fu_12730_p3   |    select|   0|  0|   54|           1|          54|
    |select_ln75_41_fu_12752_p3   |    select|   0|  0|   11|           1|          11|
    |select_ln75_42_fu_22265_p3   |    select|   0|  0|   16|           1|          16|
    |select_ln75_43_fu_22286_p3   |    select|   0|  0|   16|           1|          16|
    |select_ln75_44_fu_13011_p3   |    select|   0|  0|   54|           1|          54|
    |select_ln75_45_fu_13033_p3   |    select|   0|  0|   11|           1|          11|
    |select_ln75_46_fu_23017_p3   |    select|   0|  0|   16|           1|          16|
    |select_ln75_47_fu_23038_p3   |    select|   0|  0|   16|           1|          16|
    |select_ln75_48_fu_13275_p3   |    select|   0|  0|   54|           1|          54|
    |select_ln75_49_fu_13297_p3   |    select|   0|  0|   11|           1|          11|
    |select_ln75_4_fu_10337_p3    |    select|   0|  0|   54|           1|          54|
    |select_ln75_50_fu_23785_p3   |    select|   0|  0|   16|           1|          16|
    |select_ln75_51_fu_23806_p3   |    select|   0|  0|   16|           1|          16|
    |select_ln75_52_fu_13539_p3   |    select|   0|  0|   54|           1|          54|
    |select_ln75_53_fu_13561_p3   |    select|   0|  0|   11|           1|          11|
    |select_ln75_54_fu_24553_p3   |    select|   0|  0|   16|           1|          16|
    |select_ln75_55_fu_24574_p3   |    select|   0|  0|   16|           1|          16|
    |select_ln75_56_fu_13803_p3   |    select|   0|  0|   54|           1|          54|
    |select_ln75_57_fu_13825_p3   |    select|   0|  0|   11|           1|          11|
    |select_ln75_58_fu_25321_p3   |    select|   0|  0|   16|           1|          16|
    |select_ln75_59_fu_25342_p3   |    select|   0|  0|   16|           1|          16|
    |select_ln75_5_fu_10359_p3    |    select|   0|  0|   11|           1|          11|
    |select_ln75_60_fu_14067_p3   |    select|   0|  0|   54|           1|          54|
    |select_ln75_61_fu_14089_p3   |    select|   0|  0|   11|           1|          11|
    |select_ln75_62_fu_26089_p3   |    select|   0|  0|   16|           1|          16|
    |select_ln75_63_fu_26110_p3   |    select|   0|  0|   16|           1|          16|
    |select_ln75_64_fu_14630_p3   |    select|   0|  0|   16|           1|           1|
    |select_ln75_65_fu_14647_p3   |    select|   0|  0|   16|           1|          16|
    |select_ln75_66_fu_14669_p3   |    select|   0|  0|   16|           1|          16|
    |select_ln75_67_fu_15398_p3   |    select|   0|  0|   16|           1|           1|
    |select_ln75_68_fu_15415_p3   |    select|   0|  0|   16|           1|          16|
    |select_ln75_69_fu_15437_p3   |    select|   0|  0|   16|           1|          16|
    |select_ln75_6_fu_15369_p3    |    select|   0|  0|   16|           1|          16|
    |select_ln75_70_fu_16166_p3   |    select|   0|  0|   16|           1|           1|
    |select_ln75_71_fu_16183_p3   |    select|   0|  0|   16|           1|          16|
    |select_ln75_72_fu_16205_p3   |    select|   0|  0|   16|           1|          16|
    |select_ln75_73_fu_16934_p3   |    select|   0|  0|   16|           1|           1|
    |select_ln75_74_fu_16951_p3   |    select|   0|  0|   16|           1|          16|
    |select_ln75_75_fu_16973_p3   |    select|   0|  0|   16|           1|          16|
    |select_ln75_76_fu_17702_p3   |    select|   0|  0|   16|           1|           1|
    |select_ln75_77_fu_17719_p3   |    select|   0|  0|   16|           1|          16|
    |select_ln75_78_fu_17741_p3   |    select|   0|  0|   16|           1|          16|
    |select_ln75_79_fu_18470_p3   |    select|   0|  0|   16|           1|           1|
    |select_ln75_7_fu_15390_p3    |    select|   0|  0|   16|           1|          16|
    |select_ln75_80_fu_18487_p3   |    select|   0|  0|   16|           1|          16|
    |select_ln75_81_fu_18509_p3   |    select|   0|  0|   16|           1|          16|
    |select_ln75_82_fu_19238_p3   |    select|   0|  0|   16|           1|           1|
    |select_ln75_83_fu_19255_p3   |    select|   0|  0|   16|           1|          16|
    |select_ln75_84_fu_19277_p3   |    select|   0|  0|   16|           1|          16|
    |select_ln75_85_fu_20006_p3   |    select|   0|  0|   16|           1|           1|
    |select_ln75_86_fu_20023_p3   |    select|   0|  0|   16|           1|          16|
    |select_ln75_87_fu_20045_p3   |    select|   0|  0|   16|           1|          16|
    |select_ln75_88_fu_20758_p3   |    select|   0|  0|   16|           1|           1|
    |select_ln75_89_fu_20775_p3   |    select|   0|  0|   16|           1|          16|
    |select_ln75_8_fu_10601_p3    |    select|   0|  0|   54|           1|          54|
    |select_ln75_90_fu_20797_p3   |    select|   0|  0|   16|           1|          16|
    |select_ln75_91_fu_21526_p3   |    select|   0|  0|   16|           1|           1|
    |select_ln75_92_fu_21543_p3   |    select|   0|  0|   16|           1|          16|
    |select_ln75_93_fu_21565_p3   |    select|   0|  0|   16|           1|          16|
    |select_ln75_94_fu_22294_p3   |    select|   0|  0|   16|           1|           1|
    |select_ln75_95_fu_22311_p3   |    select|   0|  0|   16|           1|          16|
    |select_ln75_96_fu_22333_p3   |    select|   0|  0|   16|           1|          16|
    |select_ln75_97_fu_23046_p3   |    select|   0|  0|   16|           1|           1|
    |select_ln75_98_fu_23063_p3   |    select|   0|  0|   16|           1|          16|
    |select_ln75_99_fu_23085_p3   |    select|   0|  0|   16|           1|          16|
    |select_ln75_9_fu_10623_p3    |    select|   0|  0|   11|           1|          11|
    |select_ln75_fu_10073_p3      |    select|   0|  0|   54|           1|          54|
    |shl_ln58_10_fu_4400_p2       |       shl|   0|  0|  182|          64|          64|
    |shl_ln58_11_fu_18017_p2      |       shl|   0|  0|   35|          16|          16|
    |shl_ln58_12_fu_4494_p2       |       shl|   0|  0|  182|          64|          64|
    |shl_ln58_13_fu_18785_p2      |       shl|   0|  0|   35|          16|          16|
    |shl_ln58_14_fu_4588_p2       |       shl|   0|  0|  182|          64|          64|
    |shl_ln58_15_fu_19553_p2      |       shl|   0|  0|   35|          16|          16|
    |shl_ln58_16_fu_4682_p2       |       shl|   0|  0|  182|          64|          64|
    |shl_ln58_17_fu_20321_p2      |       shl|   0|  0|   35|          16|          16|
    |shl_ln58_18_fu_4776_p2       |       shl|   0|  0|  182|          64|          64|
    |shl_ln58_19_fu_21073_p2      |       shl|   0|  0|   35|          16|          16|
    |shl_ln58_1_fu_14177_p2       |       shl|   0|  0|   35|          16|          16|
    |shl_ln58_20_fu_4870_p2       |       shl|   0|  0|  182|          64|          64|
    |shl_ln58_21_fu_21841_p2      |       shl|   0|  0|   35|          16|          16|
    |shl_ln58_22_fu_4964_p2       |       shl|   0|  0|  182|          64|          64|
    |shl_ln58_23_fu_22609_p2      |       shl|   0|  0|   35|          16|          16|
    |shl_ln58_24_fu_5058_p2       |       shl|   0|  0|  182|          64|          64|
    |shl_ln58_25_fu_23361_p2      |       shl|   0|  0|   35|          16|          16|
    |shl_ln58_26_fu_5152_p2       |       shl|   0|  0|  182|          64|          64|
    |shl_ln58_27_fu_24129_p2      |       shl|   0|  0|   35|          16|          16|
    |shl_ln58_28_fu_5246_p2       |       shl|   0|  0|  182|          64|          64|
    |shl_ln58_29_fu_24897_p2      |       shl|   0|  0|   35|          16|          16|
    |shl_ln58_2_fu_4024_p2        |       shl|   0|  0|  182|          64|          64|
    |shl_ln58_30_fu_5340_p2       |       shl|   0|  0|  182|          64|          64|
    |shl_ln58_31_fu_25665_p2      |       shl|   0|  0|   35|          16|          16|
    |shl_ln58_3_fu_14945_p2       |       shl|   0|  0|   35|          16|          16|
    |shl_ln58_4_fu_4118_p2        |       shl|   0|  0|  182|          64|          64|
    |shl_ln58_5_fu_15713_p2       |       shl|   0|  0|   35|          16|          16|
    |shl_ln58_6_fu_4212_p2        |       shl|   0|  0|  182|          64|          64|
    |shl_ln58_7_fu_16481_p2       |       shl|   0|  0|   35|          16|          16|
    |shl_ln58_8_fu_4306_p2        |       shl|   0|  0|  182|          64|          64|
    |shl_ln58_9_fu_17249_p2       |       shl|   0|  0|   35|          16|          16|
    |shl_ln58_fu_3930_p2          |       shl|   0|  0|  182|          64|          64|
    |shl_ln59_10_fu_21953_p2      |       shl|   0|  0|   35|          16|          16|
    |shl_ln59_11_fu_22721_p2      |       shl|   0|  0|   35|          16|          16|
    |shl_ln59_12_fu_23473_p2      |       shl|   0|  0|   35|          16|          16|
    |shl_ln59_13_fu_24241_p2      |       shl|   0|  0|   35|          16|          16|
    |shl_ln59_14_fu_25009_p2      |       shl|   0|  0|   35|          16|          16|
    |shl_ln59_15_fu_25777_p2      |       shl|   0|  0|   35|          16|          16|
    |shl_ln59_1_fu_15057_p2       |       shl|   0|  0|   35|          16|          16|
    |shl_ln59_2_fu_15825_p2       |       shl|   0|  0|   35|          16|          16|
    |shl_ln59_3_fu_16593_p2       |       shl|   0|  0|   35|          16|          16|
    |shl_ln59_4_fu_17361_p2       |       shl|   0|  0|   35|          16|          16|
    |shl_ln59_5_fu_18129_p2       |       shl|   0|  0|   35|          16|          16|
    |shl_ln59_6_fu_18897_p2       |       shl|   0|  0|   35|          16|          16|
    |shl_ln59_7_fu_19665_p2       |       shl|   0|  0|   35|          16|          16|
    |shl_ln59_8_fu_20433_p2       |       shl|   0|  0|   35|          16|          16|
    |shl_ln59_9_fu_21185_p2       |       shl|   0|  0|   35|          16|          16|
    |shl_ln59_fu_14289_p2         |       shl|   0|  0|   35|          16|          16|
    |shl_ln74_10_fu_22169_p2      |       shl|   0|  0|   35|          16|          16|
    |shl_ln74_11_fu_22921_p2      |       shl|   0|  0|   35|          16|          16|
    |shl_ln74_12_fu_23689_p2      |       shl|   0|  0|   35|          16|          16|
    |shl_ln74_13_fu_24457_p2      |       shl|   0|  0|   35|          16|          16|
    |shl_ln74_14_fu_25225_p2      |       shl|   0|  0|   35|          16|          16|
    |shl_ln74_15_fu_25993_p2      |       shl|   0|  0|   35|          16|          16|
    |shl_ln74_1_fu_15273_p2       |       shl|   0|  0|   35|          16|          16|
    |shl_ln74_2_fu_16041_p2       |       shl|   0|  0|   35|          16|          16|
    |shl_ln74_3_fu_16809_p2       |       shl|   0|  0|   35|          16|          16|
    |shl_ln74_4_fu_17577_p2       |       shl|   0|  0|   35|          16|          16|
    |shl_ln74_5_fu_18345_p2       |       shl|   0|  0|   35|          16|          16|
    |shl_ln74_6_fu_19113_p2       |       shl|   0|  0|   35|          16|          16|
    |shl_ln74_7_fu_19881_p2       |       shl|   0|  0|   35|          16|          16|
    |shl_ln74_8_fu_20649_p2       |       shl|   0|  0|   35|          16|          16|
    |shl_ln74_9_fu_21401_p2       |       shl|   0|  0|   35|          16|          16|
    |shl_ln74_fu_14505_p2         |       shl|   0|  0|   35|          16|          16|
    |shl_ln75_10_fu_22281_p2      |       shl|   0|  0|   35|          16|          16|
    |shl_ln75_11_fu_23033_p2      |       shl|   0|  0|   35|          16|          16|
    |shl_ln75_12_fu_23801_p2      |       shl|   0|  0|   35|          16|          16|
    |shl_ln75_13_fu_24569_p2      |       shl|   0|  0|   35|          16|          16|
    |shl_ln75_14_fu_25337_p2      |       shl|   0|  0|   35|          16|          16|
    |shl_ln75_15_fu_26105_p2      |       shl|   0|  0|   35|          16|          16|
    |shl_ln75_1_fu_15385_p2       |       shl|   0|  0|   35|          16|          16|
    |shl_ln75_2_fu_16153_p2       |       shl|   0|  0|   35|          16|          16|
    |shl_ln75_3_fu_16921_p2       |       shl|   0|  0|   35|          16|          16|
    |shl_ln75_4_fu_17689_p2       |       shl|   0|  0|   35|          16|          16|
    |shl_ln75_5_fu_18457_p2       |       shl|   0|  0|   35|          16|          16|
    |shl_ln75_6_fu_19225_p2       |       shl|   0|  0|   35|          16|          16|
    |shl_ln75_7_fu_19993_p2       |       shl|   0|  0|   35|          16|          16|
    |shl_ln75_8_fu_20745_p2       |       shl|   0|  0|   35|          16|          16|
    |shl_ln75_9_fu_21513_p2       |       shl|   0|  0|   35|          16|          16|
    |shl_ln75_fu_14617_p2         |       shl|   0|  0|   35|          16|          16|
    |xor_ln58_10_fu_18037_p2      |       xor|   0|  0|    2|           1|           2|
    |xor_ln58_11_fu_18058_p2      |       xor|   0|  0|    2|           1|           2|
    |xor_ln58_12_fu_18805_p2      |       xor|   0|  0|    2|           1|           2|
    |xor_ln58_13_fu_18826_p2      |       xor|   0|  0|    2|           1|           2|
    |xor_ln58_14_fu_19573_p2      |       xor|   0|  0|    2|           1|           2|
    |xor_ln58_15_fu_19594_p2      |       xor|   0|  0|    2|           1|           2|
    |xor_ln58_16_fu_20341_p2      |       xor|   0|  0|    2|           1|           2|
    |xor_ln58_17_fu_20362_p2      |       xor|   0|  0|    2|           1|           2|
    |xor_ln58_18_fu_21093_p2      |       xor|   0|  0|    2|           1|           2|
    |xor_ln58_19_fu_21114_p2      |       xor|   0|  0|    2|           1|           2|
    |xor_ln58_1_fu_14218_p2       |       xor|   0|  0|    2|           1|           2|
    |xor_ln58_20_fu_21861_p2      |       xor|   0|  0|    2|           1|           2|
    |xor_ln58_21_fu_21882_p2      |       xor|   0|  0|    2|           1|           2|
    |xor_ln58_22_fu_22629_p2      |       xor|   0|  0|    2|           1|           2|
    |xor_ln58_23_fu_22650_p2      |       xor|   0|  0|    2|           1|           2|
    |xor_ln58_24_fu_23381_p2      |       xor|   0|  0|    2|           1|           2|
    |xor_ln58_25_fu_23402_p2      |       xor|   0|  0|    2|           1|           2|
    |xor_ln58_26_fu_24149_p2      |       xor|   0|  0|    2|           1|           2|
    |xor_ln58_27_fu_24170_p2      |       xor|   0|  0|    2|           1|           2|
    |xor_ln58_28_fu_24917_p2      |       xor|   0|  0|    2|           1|           2|
    |xor_ln58_29_fu_24938_p2      |       xor|   0|  0|    2|           1|           2|
    |xor_ln58_2_fu_14965_p2       |       xor|   0|  0|    2|           1|           2|
    |xor_ln58_30_fu_25685_p2      |       xor|   0|  0|    2|           1|           2|
    |xor_ln58_31_fu_25706_p2      |       xor|   0|  0|    2|           1|           2|
    |xor_ln58_32_fu_3885_p2       |       xor|   0|  0|    2|           1|           2|
    |xor_ln58_33_fu_3979_p2       |       xor|   0|  0|    2|           1|           2|
    |xor_ln58_34_fu_4073_p2       |       xor|   0|  0|    2|           1|           2|
    |xor_ln58_35_fu_4167_p2       |       xor|   0|  0|    2|           1|           2|
    |xor_ln58_36_fu_4261_p2       |       xor|   0|  0|    2|           1|           2|
    |xor_ln58_37_fu_4355_p2       |       xor|   0|  0|    2|           1|           2|
    |xor_ln58_38_fu_4449_p2       |       xor|   0|  0|    2|           1|           2|
    |xor_ln58_39_fu_4543_p2       |       xor|   0|  0|    2|           1|           2|
    |xor_ln58_3_fu_14986_p2       |       xor|   0|  0|    2|           1|           2|
    |xor_ln58_40_fu_4637_p2       |       xor|   0|  0|    2|           1|           2|
    |xor_ln58_41_fu_4731_p2       |       xor|   0|  0|    2|           1|           2|
    |xor_ln58_42_fu_4825_p2       |       xor|   0|  0|    2|           1|           2|
    |xor_ln58_43_fu_4919_p2       |       xor|   0|  0|    2|           1|           2|
    |xor_ln58_44_fu_5013_p2       |       xor|   0|  0|    2|           1|           2|
    |xor_ln58_45_fu_5107_p2       |       xor|   0|  0|    2|           1|           2|
    |xor_ln58_46_fu_5201_p2       |       xor|   0|  0|    2|           1|           2|
    |xor_ln58_47_fu_5295_p2       |       xor|   0|  0|    2|           1|           2|
    |xor_ln58_4_fu_15733_p2       |       xor|   0|  0|    2|           1|           2|
    |xor_ln58_5_fu_15754_p2       |       xor|   0|  0|    2|           1|           2|
    |xor_ln58_6_fu_16501_p2       |       xor|   0|  0|    2|           1|           2|
    |xor_ln58_7_fu_16522_p2       |       xor|   0|  0|    2|           1|           2|
    |xor_ln58_8_fu_17269_p2       |       xor|   0|  0|    2|           1|           2|
    |xor_ln58_9_fu_17290_p2       |       xor|   0|  0|    2|           1|           2|
    |xor_ln58_fu_14197_p2         |       xor|   0|  0|    2|           1|           2|
    |xor_ln59_10_fu_18149_p2      |       xor|   0|  0|    2|           1|           2|
    |xor_ln59_11_fu_18170_p2      |       xor|   0|  0|    2|           1|           2|
    |xor_ln59_12_fu_18917_p2      |       xor|   0|  0|    2|           1|           2|
    |xor_ln59_13_fu_18938_p2      |       xor|   0|  0|    2|           1|           2|
    |xor_ln59_14_fu_19685_p2      |       xor|   0|  0|    2|           1|           2|
    |xor_ln59_15_fu_19706_p2      |       xor|   0|  0|    2|           1|           2|
    |xor_ln59_16_fu_20453_p2      |       xor|   0|  0|    2|           1|           2|
    |xor_ln59_17_fu_20474_p2      |       xor|   0|  0|    2|           1|           2|
    |xor_ln59_18_fu_21205_p2      |       xor|   0|  0|    2|           1|           2|
    |xor_ln59_19_fu_21226_p2      |       xor|   0|  0|    2|           1|           2|
    |xor_ln59_1_fu_14330_p2       |       xor|   0|  0|    2|           1|           2|
    |xor_ln59_20_fu_21973_p2      |       xor|   0|  0|    2|           1|           2|
    |xor_ln59_21_fu_21994_p2      |       xor|   0|  0|    2|           1|           2|
    |xor_ln59_22_fu_22741_p2      |       xor|   0|  0|    2|           1|           2|
    |xor_ln59_23_fu_12916_p2      |       xor|   0|  0|    2|           1|           2|
    |xor_ln59_24_fu_23493_p2      |       xor|   0|  0|    2|           1|           2|
    |xor_ln59_25_fu_23514_p2      |       xor|   0|  0|    2|           1|           2|
    |xor_ln59_26_fu_24261_p2      |       xor|   0|  0|    2|           1|           2|
    |xor_ln59_27_fu_24282_p2      |       xor|   0|  0|    2|           1|           2|
    |xor_ln59_28_fu_25029_p2      |       xor|   0|  0|    2|           1|           2|
    |xor_ln59_29_fu_25050_p2      |       xor|   0|  0|    2|           1|           2|
    |xor_ln59_2_fu_15077_p2       |       xor|   0|  0|    2|           1|           2|
    |xor_ln59_30_fu_25797_p2      |       xor|   0|  0|    2|           1|           2|
    |xor_ln59_31_fu_25818_p2      |       xor|   0|  0|    2|           1|           2|
    |xor_ln59_3_fu_15098_p2       |       xor|   0|  0|    2|           1|           2|
    |xor_ln59_4_fu_15845_p2       |       xor|   0|  0|    2|           1|           2|
    |xor_ln59_5_fu_15866_p2       |       xor|   0|  0|    2|           1|           2|
    |xor_ln59_6_fu_16613_p2       |       xor|   0|  0|    2|           1|           2|
    |xor_ln59_7_fu_16634_p2       |       xor|   0|  0|    2|           1|           2|
    |xor_ln59_8_fu_17381_p2       |       xor|   0|  0|    2|           1|           2|
    |xor_ln59_9_fu_17402_p2       |       xor|   0|  0|    2|           1|           2|
    |xor_ln59_fu_14309_p2         |       xor|   0|  0|    2|           1|           2|
    |xor_ln74_10_fu_18365_p2      |       xor|   0|  0|    2|           1|           2|
    |xor_ln74_11_fu_18386_p2      |       xor|   0|  0|    2|           1|           2|
    |xor_ln74_12_fu_19133_p2      |       xor|   0|  0|    2|           1|           2|
    |xor_ln74_13_fu_19154_p2      |       xor|   0|  0|    2|           1|           2|
    |xor_ln74_14_fu_19901_p2      |       xor|   0|  0|    2|           1|           2|
    |xor_ln74_15_fu_19922_p2      |       xor|   0|  0|    2|           1|           2|
    |xor_ln74_16_fu_20669_p2      |       xor|   0|  0|    2|           1|           2|
    |xor_ln74_17_fu_12173_p2      |       xor|   0|  0|    2|           1|           2|
    |xor_ln74_18_fu_21421_p2      |       xor|   0|  0|    2|           1|           2|
    |xor_ln74_19_fu_21442_p2      |       xor|   0|  0|    2|           1|           2|
    |xor_ln74_1_fu_14546_p2       |       xor|   0|  0|    2|           1|           2|
    |xor_ln74_20_fu_22189_p2      |       xor|   0|  0|    2|           1|           2|
    |xor_ln74_21_fu_22210_p2      |       xor|   0|  0|    2|           1|           2|
    |xor_ln74_22_fu_22941_p2      |       xor|   0|  0|    2|           1|           2|
    |xor_ln74_23_fu_22962_p2      |       xor|   0|  0|    2|           1|           2|
    |xor_ln74_24_fu_23709_p2      |       xor|   0|  0|    2|           1|           2|
    |xor_ln74_25_fu_23730_p2      |       xor|   0|  0|    2|           1|           2|
    |xor_ln74_26_fu_24477_p2      |       xor|   0|  0|    2|           1|           2|
    |xor_ln74_27_fu_24498_p2      |       xor|   0|  0|    2|           1|           2|
    |xor_ln74_28_fu_25245_p2      |       xor|   0|  0|    2|           1|           2|
    |xor_ln74_29_fu_25266_p2      |       xor|   0|  0|    2|           1|           2|
    |xor_ln74_2_fu_15293_p2       |       xor|   0|  0|    2|           1|           2|
    |xor_ln74_30_fu_26013_p2      |       xor|   0|  0|    2|           1|           2|
    |xor_ln74_31_fu_26034_p2      |       xor|   0|  0|    2|           1|           2|
    |xor_ln74_3_fu_15314_p2       |       xor|   0|  0|    2|           1|           2|
    |xor_ln74_4_fu_16061_p2       |       xor|   0|  0|    2|           1|           2|
    |xor_ln74_5_fu_16082_p2       |       xor|   0|  0|    2|           1|           2|
    |xor_ln74_6_fu_16829_p2       |       xor|   0|  0|    2|           1|           2|
    |xor_ln74_7_fu_16850_p2       |       xor|   0|  0|    2|           1|           2|
    |xor_ln74_8_fu_17597_p2       |       xor|   0|  0|    2|           1|           2|
    |xor_ln74_9_fu_17618_p2       |       xor|   0|  0|    2|           1|           2|
    |xor_ln74_fu_14525_p2         |       xor|   0|  0|    2|           1|           2|
    |xor_ln75_10_fu_18477_p2      |       xor|   0|  0|    2|           1|           2|
    |xor_ln75_11_fu_18498_p2      |       xor|   0|  0|    2|           1|           2|
    |xor_ln75_12_fu_19245_p2      |       xor|   0|  0|    2|           1|           2|
    |xor_ln75_13_fu_19266_p2      |       xor|   0|  0|    2|           1|           2|
    |xor_ln75_14_fu_20013_p2      |       xor|   0|  0|    2|           1|           2|
    |xor_ln75_15_fu_20034_p2      |       xor|   0|  0|    2|           1|           2|
    |xor_ln75_16_fu_20765_p2      |       xor|   0|  0|    2|           1|           2|
    |xor_ln75_17_fu_20786_p2      |       xor|   0|  0|    2|           1|           2|
    |xor_ln75_18_fu_21533_p2      |       xor|   0|  0|    2|           1|           2|
    |xor_ln75_19_fu_21554_p2      |       xor|   0|  0|    2|           1|           2|
    |xor_ln75_1_fu_14658_p2       |       xor|   0|  0|    2|           1|           2|
    |xor_ln75_20_fu_22301_p2      |       xor|   0|  0|    2|           1|           2|
    |xor_ln75_21_fu_22322_p2      |       xor|   0|  0|    2|           1|           2|
    |xor_ln75_22_fu_23053_p2      |       xor|   0|  0|    2|           1|           2|
    |xor_ln75_23_fu_23074_p2      |       xor|   0|  0|    2|           1|           2|
    |xor_ln75_24_fu_23821_p2      |       xor|   0|  0|    2|           1|           2|
    |xor_ln75_25_fu_23842_p2      |       xor|   0|  0|    2|           1|           2|
    |xor_ln75_26_fu_24589_p2      |       xor|   0|  0|    2|           1|           2|
    |xor_ln75_27_fu_24610_p2      |       xor|   0|  0|    2|           1|           2|
    |xor_ln75_28_fu_25357_p2      |       xor|   0|  0|    2|           1|           2|
    |xor_ln75_29_fu_25378_p2      |       xor|   0|  0|    2|           1|           2|
    |xor_ln75_2_fu_15405_p2       |       xor|   0|  0|    2|           1|           2|
    |xor_ln75_30_fu_26125_p2      |       xor|   0|  0|    2|           1|           2|
    |xor_ln75_31_fu_26146_p2      |       xor|   0|  0|    2|           1|           2|
    |xor_ln75_3_fu_15426_p2       |       xor|   0|  0|    2|           1|           2|
    |xor_ln75_4_fu_16173_p2       |       xor|   0|  0|    2|           1|           2|
    |xor_ln75_5_fu_16194_p2       |       xor|   0|  0|    2|           1|           2|
    |xor_ln75_6_fu_16941_p2       |       xor|   0|  0|    2|           1|           2|
    |xor_ln75_7_fu_16962_p2       |       xor|   0|  0|    2|           1|           2|
    |xor_ln75_8_fu_17709_p2       |       xor|   0|  0|    2|           1|           2|
    |xor_ln75_9_fu_17730_p2       |       xor|   0|  0|    2|           1|           2|
    |xor_ln75_fu_14637_p2         |       xor|   0|  0|    2|           1|           2|
    +-----------------------------+----------+----+---+-----+------------+------------+
    |Total                        |          |   0|  0|58480|       20832|       26784|
    +-----------------------------+----------+----+---+-----+------------+------------+

    * Multiplexer: 
    +---------------+----+-----------+-----+-----------+
    |      Name     | LUT| Input Size| Bits| Total Bits|
    +---------------+----+-----------+-----+-----------+
    |ap_return_0    |  14|          3|   16|         48|
    |ap_return_1    |  14|          3|   16|         48|
    |ap_return_10   |  14|          3|   16|         48|
    |ap_return_100  |  14|          3|   16|         48|
    |ap_return_101  |  14|          3|   16|         48|
    |ap_return_102  |  14|          3|   16|         48|
    |ap_return_103  |  14|          3|   16|         48|
    |ap_return_104  |  14|          3|   16|         48|
    |ap_return_105  |  14|          3|   16|         48|
    |ap_return_106  |  14|          3|   16|         48|
    |ap_return_107  |  14|          3|   16|         48|
    |ap_return_108  |  14|          3|   16|         48|
    |ap_return_109  |  14|          3|   16|         48|
    |ap_return_11   |  14|          3|   16|         48|
    |ap_return_110  |  14|          3|   16|         48|
    |ap_return_111  |  14|          3|   16|         48|
    |ap_return_112  |  14|          3|   16|         48|
    |ap_return_113  |  14|          3|   16|         48|
    |ap_return_114  |  14|          3|   16|         48|
    |ap_return_115  |  14|          3|   16|         48|
    |ap_return_116  |  14|          3|   16|         48|
    |ap_return_117  |  14|          3|   16|         48|
    |ap_return_118  |  14|          3|   16|         48|
    |ap_return_119  |  14|          3|   16|         48|
    |ap_return_12   |  14|          3|   16|         48|
    |ap_return_120  |  14|          3|   16|         48|
    |ap_return_121  |  14|          3|   16|         48|
    |ap_return_122  |  14|          3|   16|         48|
    |ap_return_123  |  14|          3|   16|         48|
    |ap_return_124  |  14|          3|   16|         48|
    |ap_return_125  |  14|          3|   16|         48|
    |ap_return_126  |  14|          3|   16|         48|
    |ap_return_127  |  14|          3|   16|         48|
    |ap_return_128  |  14|          3|   16|         48|
    |ap_return_129  |  14|          3|   16|         48|
    |ap_return_13   |  14|          3|   16|         48|
    |ap_return_130  |  14|          3|   16|         48|
    |ap_return_131  |  14|          3|   16|         48|
    |ap_return_132  |  14|          3|   16|         48|
    |ap_return_133  |  14|          3|   16|         48|
    |ap_return_134  |  14|          3|   16|         48|
    |ap_return_135  |  14|          3|   16|         48|
    |ap_return_136  |  14|          3|   16|         48|
    |ap_return_137  |  14|          3|   16|         48|
    |ap_return_138  |  14|          3|   16|         48|
    |ap_return_139  |  14|          3|   16|         48|
    |ap_return_14   |  14|          3|   16|         48|
    |ap_return_140  |  14|          3|   16|         48|
    |ap_return_141  |  14|          3|   16|         48|
    |ap_return_142  |  14|          3|   16|         48|
    |ap_return_143  |  14|          3|   16|         48|
    |ap_return_144  |  14|          3|   16|         48|
    |ap_return_145  |  14|          3|   16|         48|
    |ap_return_146  |  14|          3|   16|         48|
    |ap_return_147  |  14|          3|   16|         48|
    |ap_return_148  |  14|          3|   16|         48|
    |ap_return_149  |  14|          3|   16|         48|
    |ap_return_15   |  14|          3|   16|         48|
    |ap_return_150  |  14|          3|   16|         48|
    |ap_return_151  |  14|          3|   16|         48|
    |ap_return_152  |  14|          3|   16|         48|
    |ap_return_153  |  14|          3|   16|         48|
    |ap_return_154  |  14|          3|   16|         48|
    |ap_return_155  |  14|          3|   16|         48|
    |ap_return_156  |  14|          3|   16|         48|
    |ap_return_157  |  14|          3|   16|         48|
    |ap_return_158  |  14|          3|   16|         48|
    |ap_return_159  |  14|          3|   16|         48|
    |ap_return_16   |  14|          3|   16|         48|
    |ap_return_160  |  14|          3|   16|         48|
    |ap_return_161  |  14|          3|   16|         48|
    |ap_return_162  |  14|          3|   16|         48|
    |ap_return_163  |  14|          3|   16|         48|
    |ap_return_164  |  14|          3|   16|         48|
    |ap_return_165  |  14|          3|   16|         48|
    |ap_return_166  |  14|          3|   16|         48|
    |ap_return_167  |  14|          3|   16|         48|
    |ap_return_168  |  14|          3|   16|         48|
    |ap_return_169  |  14|          3|   16|         48|
    |ap_return_17   |  14|          3|   16|         48|
    |ap_return_170  |  14|          3|   16|         48|
    |ap_return_171  |  14|          3|   16|         48|
    |ap_return_172  |  14|          3|   16|         48|
    |ap_return_173  |  14|          3|   16|         48|
    |ap_return_174  |  14|          3|   16|         48|
    |ap_return_175  |  14|          3|   16|         48|
    |ap_return_176  |  14|          3|   16|         48|
    |ap_return_177  |  14|          3|   16|         48|
    |ap_return_178  |  14|          3|   16|         48|
    |ap_return_179  |  14|          3|   16|         48|
    |ap_return_18   |  14|          3|   16|         48|
    |ap_return_180  |  14|          3|   16|         48|
    |ap_return_181  |  14|          3|   16|         48|
    |ap_return_182  |  14|          3|   16|         48|
    |ap_return_183  |  14|          3|   16|         48|
    |ap_return_184  |  14|          3|   16|         48|
    |ap_return_185  |  14|          3|   16|         48|
    |ap_return_186  |  14|          3|   16|         48|
    |ap_return_187  |  14|          3|   16|         48|
    |ap_return_188  |  14|          3|   16|         48|
    |ap_return_189  |  14|          3|   16|         48|
    |ap_return_19   |  14|          3|   16|         48|
    |ap_return_190  |  14|          3|   16|         48|
    |ap_return_191  |  14|          3|   16|         48|
    |ap_return_192  |  14|          3|   16|         48|
    |ap_return_193  |  14|          3|   16|         48|
    |ap_return_194  |  14|          3|   16|         48|
    |ap_return_195  |  14|          3|   16|         48|
    |ap_return_196  |  14|          3|   16|         48|
    |ap_return_197  |  14|          3|   16|         48|
    |ap_return_198  |  14|          3|   16|         48|
    |ap_return_199  |  14|          3|   16|         48|
    |ap_return_2    |  14|          3|   16|         48|
    |ap_return_20   |  14|          3|   16|         48|
    |ap_return_200  |  14|          3|   16|         48|
    |ap_return_201  |  14|          3|   16|         48|
    |ap_return_202  |  14|          3|   16|         48|
    |ap_return_203  |  14|          3|   16|         48|
    |ap_return_204  |  14|          3|   16|         48|
    |ap_return_205  |  14|          3|   16|         48|
    |ap_return_206  |  14|          3|   16|         48|
    |ap_return_207  |  14|          3|   16|         48|
    |ap_return_208  |  14|          3|   16|         48|
    |ap_return_209  |  14|          3|   16|         48|
    |ap_return_21   |  14|          3|   16|         48|
    |ap_return_210  |  14|          3|   16|         48|
    |ap_return_211  |  14|          3|   16|         48|
    |ap_return_212  |  14|          3|   16|         48|
    |ap_return_213  |  14|          3|   16|         48|
    |ap_return_214  |  14|          3|   16|         48|
    |ap_return_215  |  14|          3|   16|         48|
    |ap_return_216  |  14|          3|   16|         48|
    |ap_return_217  |  14|          3|   16|         48|
    |ap_return_218  |  14|          3|   16|         48|
    |ap_return_219  |  14|          3|   16|         48|
    |ap_return_22   |  14|          3|   16|         48|
    |ap_return_220  |  14|          3|   16|         48|
    |ap_return_221  |  14|          3|   16|         48|
    |ap_return_222  |  14|          3|   16|         48|
    |ap_return_223  |  14|          3|   16|         48|
    |ap_return_224  |  14|          3|   16|         48|
    |ap_return_225  |  14|          3|   16|         48|
    |ap_return_226  |  14|          3|   16|         48|
    |ap_return_227  |  14|          3|   16|         48|
    |ap_return_228  |  14|          3|   16|         48|
    |ap_return_229  |  14|          3|   16|         48|
    |ap_return_23   |  14|          3|   16|         48|
    |ap_return_230  |  14|          3|   16|         48|
    |ap_return_231  |  14|          3|   16|         48|
    |ap_return_232  |  14|          3|   16|         48|
    |ap_return_233  |  14|          3|   16|         48|
    |ap_return_234  |  14|          3|   16|         48|
    |ap_return_235  |  14|          3|   16|         48|
    |ap_return_236  |  14|          3|   16|         48|
    |ap_return_237  |  14|          3|   16|         48|
    |ap_return_238  |  14|          3|   16|         48|
    |ap_return_239  |  14|          3|   16|         48|
    |ap_return_24   |  14|          3|   16|         48|
    |ap_return_240  |  14|          3|   16|         48|
    |ap_return_241  |  14|          3|   16|         48|
    |ap_return_242  |  14|          3|   16|         48|
    |ap_return_243  |  14|          3|   16|         48|
    |ap_return_244  |  14|          3|   16|         48|
    |ap_return_245  |  14|          3|   16|         48|
    |ap_return_246  |  14|          3|   16|         48|
    |ap_return_247  |  14|          3|   16|         48|
    |ap_return_248  |  14|          3|   16|         48|
    |ap_return_249  |  14|          3|   16|         48|
    |ap_return_25   |  14|          3|   16|         48|
    |ap_return_250  |  14|          3|   16|         48|
    |ap_return_251  |  14|          3|   16|         48|
    |ap_return_252  |  14|          3|   16|         48|
    |ap_return_253  |  14|          3|   16|         48|
    |ap_return_254  |  14|          3|   16|         48|
    |ap_return_255  |  14|          3|   16|         48|
    |ap_return_256  |  14|          3|   16|         48|
    |ap_return_257  |  14|          3|   16|         48|
    |ap_return_258  |  14|          3|   16|         48|
    |ap_return_259  |  14|          3|   16|         48|
    |ap_return_26   |  14|          3|   16|         48|
    |ap_return_260  |  14|          3|   16|         48|
    |ap_return_261  |  14|          3|   16|         48|
    |ap_return_262  |  14|          3|   16|         48|
    |ap_return_263  |  14|          3|   16|         48|
    |ap_return_264  |  14|          3|   16|         48|
    |ap_return_265  |  14|          3|   16|         48|
    |ap_return_266  |  14|          3|   16|         48|
    |ap_return_267  |  14|          3|   16|         48|
    |ap_return_268  |  14|          3|   16|         48|
    |ap_return_269  |  14|          3|   16|         48|
    |ap_return_27   |  14|          3|   16|         48|
    |ap_return_270  |  14|          3|   16|         48|
    |ap_return_271  |  14|          3|   16|         48|
    |ap_return_272  |  14|          3|   16|         48|
    |ap_return_273  |  14|          3|   16|         48|
    |ap_return_274  |  14|          3|   16|         48|
    |ap_return_275  |  14|          3|   16|         48|
    |ap_return_276  |  14|          3|   16|         48|
    |ap_return_277  |  14|          3|   16|         48|
    |ap_return_278  |  14|          3|   16|         48|
    |ap_return_279  |  14|          3|   16|         48|
    |ap_return_28   |  14|          3|   16|         48|
    |ap_return_280  |  14|          3|   16|         48|
    |ap_return_281  |  14|          3|   16|         48|
    |ap_return_282  |  14|          3|   16|         48|
    |ap_return_283  |  14|          3|   16|         48|
    |ap_return_284  |  14|          3|   16|         48|
    |ap_return_285  |  14|          3|   16|         48|
    |ap_return_286  |  14|          3|   16|         48|
    |ap_return_287  |  14|          3|   16|         48|
    |ap_return_288  |  14|          3|   16|         48|
    |ap_return_289  |  14|          3|   16|         48|
    |ap_return_29   |  14|          3|   16|         48|
    |ap_return_290  |  14|          3|   16|         48|
    |ap_return_291  |  14|          3|   16|         48|
    |ap_return_292  |  14|          3|   16|         48|
    |ap_return_293  |  14|          3|   16|         48|
    |ap_return_294  |  14|          3|   16|         48|
    |ap_return_295  |  14|          3|   16|         48|
    |ap_return_296  |  14|          3|   16|         48|
    |ap_return_297  |  14|          3|   16|         48|
    |ap_return_298  |  14|          3|   16|         48|
    |ap_return_299  |  14|          3|   16|         48|
    |ap_return_3    |  14|          3|   16|         48|
    |ap_return_30   |  14|          3|   16|         48|
    |ap_return_300  |  14|          3|   16|         48|
    |ap_return_301  |  14|          3|   16|         48|
    |ap_return_302  |  14|          3|   16|         48|
    |ap_return_303  |  14|          3|   16|         48|
    |ap_return_304  |  14|          3|   16|         48|
    |ap_return_305  |  14|          3|   16|         48|
    |ap_return_306  |  14|          3|   16|         48|
    |ap_return_307  |  14|          3|   16|         48|
    |ap_return_308  |  14|          3|   16|         48|
    |ap_return_309  |  14|          3|   16|         48|
    |ap_return_31   |  14|          3|   16|         48|
    |ap_return_310  |  14|          3|   16|         48|
    |ap_return_311  |  14|          3|   16|         48|
    |ap_return_312  |  14|          3|   16|         48|
    |ap_return_313  |  14|          3|   16|         48|
    |ap_return_314  |  14|          3|   16|         48|
    |ap_return_315  |  14|          3|   16|         48|
    |ap_return_316  |  14|          3|   16|         48|
    |ap_return_317  |  14|          3|   16|         48|
    |ap_return_318  |  14|          3|   16|         48|
    |ap_return_319  |  14|          3|   16|         48|
    |ap_return_32   |  14|          3|   16|         48|
    |ap_return_33   |  14|          3|   16|         48|
    |ap_return_34   |  14|          3|   16|         48|
    |ap_return_35   |  14|          3|   16|         48|
    |ap_return_36   |  14|          3|   16|         48|
    |ap_return_37   |  14|          3|   16|         48|
    |ap_return_38   |  14|          3|   16|         48|
    |ap_return_39   |  14|          3|   16|         48|
    |ap_return_4    |  14|          3|   16|         48|
    |ap_return_40   |  14|          3|   16|         48|
    |ap_return_41   |  14|          3|   16|         48|
    |ap_return_42   |  14|          3|   16|         48|
    |ap_return_43   |  14|          3|   16|         48|
    |ap_return_44   |  14|          3|   16|         48|
    |ap_return_45   |  14|          3|   16|         48|
    |ap_return_46   |  14|          3|   16|         48|
    |ap_return_47   |  14|          3|   16|         48|
    |ap_return_48   |  14|          3|   16|         48|
    |ap_return_49   |  14|          3|   16|         48|
    |ap_return_5    |  14|          3|   16|         48|
    |ap_return_50   |  14|          3|   16|         48|
    |ap_return_51   |  14|          3|   16|         48|
    |ap_return_52   |  14|          3|   16|         48|
    |ap_return_53   |  14|          3|   16|         48|
    |ap_return_54   |  14|          3|   16|         48|
    |ap_return_55   |  14|          3|   16|         48|
    |ap_return_56   |  14|          3|   16|         48|
    |ap_return_57   |  14|          3|   16|         48|
    |ap_return_58   |  14|          3|   16|         48|
    |ap_return_59   |  14|          3|   16|         48|
    |ap_return_6    |  14|          3|   16|         48|
    |ap_return_60   |  14|          3|   16|         48|
    |ap_return_61   |  14|          3|   16|         48|
    |ap_return_62   |  14|          3|   16|         48|
    |ap_return_63   |  14|          3|   16|         48|
    |ap_return_64   |  14|          3|   16|         48|
    |ap_return_65   |  14|          3|   16|         48|
    |ap_return_66   |  14|          3|   16|         48|
    |ap_return_67   |  14|          3|   16|         48|
    |ap_return_68   |  14|          3|   16|         48|
    |ap_return_69   |  14|          3|   16|         48|
    |ap_return_7    |  14|          3|   16|         48|
    |ap_return_70   |  14|          3|   16|         48|
    |ap_return_71   |  14|          3|   16|         48|
    |ap_return_72   |  14|          3|   16|         48|
    |ap_return_73   |  14|          3|   16|         48|
    |ap_return_74   |  14|          3|   16|         48|
    |ap_return_75   |  14|          3|   16|         48|
    |ap_return_76   |  14|          3|   16|         48|
    |ap_return_77   |  14|          3|   16|         48|
    |ap_return_78   |  14|          3|   16|         48|
    |ap_return_79   |  14|          3|   16|         48|
    |ap_return_8    |  14|          3|   16|         48|
    |ap_return_80   |  14|          3|   16|         48|
    |ap_return_81   |  14|          3|   16|         48|
    |ap_return_82   |  14|          3|   16|         48|
    |ap_return_83   |  14|          3|   16|         48|
    |ap_return_84   |  14|          3|   16|         48|
    |ap_return_85   |  14|          3|   16|         48|
    |ap_return_86   |  14|          3|   16|         48|
    |ap_return_87   |  14|          3|   16|         48|
    |ap_return_88   |  14|          3|   16|         48|
    |ap_return_89   |  14|          3|   16|         48|
    |ap_return_9    |  14|          3|   16|         48|
    |ap_return_90   |  14|          3|   16|         48|
    |ap_return_91   |  14|          3|   16|         48|
    |ap_return_92   |  14|          3|   16|         48|
    |ap_return_93   |  14|          3|   16|         48|
    |ap_return_94   |  14|          3|   16|         48|
    |ap_return_95   |  14|          3|   16|         48|
    |ap_return_96   |  14|          3|   16|         48|
    |ap_return_97   |  14|          3|   16|         48|
    |ap_return_98   |  14|          3|   16|         48|
    |ap_return_99   |  14|          3|   16|         48|
    +---------------+----+-----------+-----+-----------+
    |Total          |4480|        960| 5120|      15360|
    +---------------+----+-----------+-----+-----------+

    * Register: 
    +-------------------------------------------+-----+----+-----+-----------+
    |                    Name                   |  FF | LUT| Bits| Const Bits|
    +-------------------------------------------+-----+----+-----+-----------+
    |LD_10_reg_30974                            |   64|   0|   64|          0|
    |LD_15_reg_30979                            |   64|   0|   64|          0|
    |LD_20_reg_30984                            |   64|   0|   64|          0|
    |LD_25_reg_30989                            |   64|   0|   64|          0|
    |LD_30_reg_30994                            |   64|   0|   64|          0|
    |LD_35_reg_30999                            |   64|   0|   64|          0|
    |LD_40_reg_31004                            |   64|   0|   64|          0|
    |LD_45_reg_31009                            |   64|   0|   64|          0|
    |LD_50_reg_31014                            |   64|   0|   64|          0|
    |LD_55_reg_31019                            |   64|   0|   64|          0|
    |LD_5_reg_30969                             |   64|   0|   64|          0|
    |LD_60_reg_31024                            |   64|   0|   64|          0|
    |LD_65_reg_31029                            |   64|   0|   64|          0|
    |LD_70_reg_31034                            |   64|   0|   64|          0|
    |LD_75_reg_31039                            |   64|   0|   64|          0|
    |LD_reg_30964                               |   64|   0|   64|          0|
    |add_ln58_10_reg_29666                      |   32|   0|   32|          0|
    |add_ln58_11_reg_29687                      |   32|   0|   32|          0|
    |add_ln58_15_reg_29697                      |   32|   0|   32|          0|
    |add_ln58_16_reg_29718                      |   32|   0|   32|          0|
    |add_ln58_1_reg_29625                       |   32|   0|   32|          0|
    |add_ln58_20_reg_29728                      |   32|   0|   32|          0|
    |add_ln58_21_reg_29749                      |   32|   0|   32|          0|
    |add_ln58_25_reg_29759                      |   32|   0|   32|          0|
    |add_ln58_26_reg_29780                      |   32|   0|   32|          0|
    |add_ln58_30_reg_29790                      |   32|   0|   32|          0|
    |add_ln58_31_reg_29811                      |   32|   0|   32|          0|
    |add_ln58_35_reg_29821                      |   32|   0|   32|          0|
    |add_ln58_36_reg_29842                      |   32|   0|   32|          0|
    |add_ln58_40_reg_29852                      |   32|   0|   32|          0|
    |add_ln58_41_reg_29873                      |   32|   0|   32|          0|
    |add_ln58_45_reg_29883                      |   32|   0|   32|          0|
    |add_ln58_46_reg_29904                      |   32|   0|   32|          0|
    |add_ln58_50_reg_29914                      |   32|   0|   32|          0|
    |add_ln58_51_reg_29935                      |   32|   0|   32|          0|
    |add_ln58_55_reg_29945                      |   32|   0|   32|          0|
    |add_ln58_56_reg_29966                      |   32|   0|   32|          0|
    |add_ln58_5_reg_29635                       |   32|   0|   32|          0|
    |add_ln58_60_reg_29976                      |   32|   0|   32|          0|
    |add_ln58_61_reg_29997                      |   32|   0|   32|          0|
    |add_ln58_65_reg_30007                      |   32|   0|   32|          0|
    |add_ln58_66_reg_30028                      |   32|   0|   32|          0|
    |add_ln58_6_reg_29656                       |   32|   0|   32|          0|
    |add_ln58_70_reg_30038                      |   32|   0|   32|          0|
    |add_ln58_71_reg_30059                      |   32|   0|   32|          0|
    |add_ln58_75_reg_30069                      |   32|   0|   32|          0|
    |add_ln58_76_reg_30090                      |   32|   0|   32|          0|
    |add_ln58_reg_29604                         |   32|   0|   32|          0|
    |and_ln59_23_reg_35881                      |    1|   0|    1|          0|
    |and_ln74_17_reg_35508                      |    1|   0|    1|          0|
    |ap_ce_reg                                  |    1|   0|    1|          0|
    |ap_return_0_int_reg                        |    8|   0|   16|          8|
    |ap_return_100_int_reg                      |    8|   0|   16|          8|
    |ap_return_101_int_reg                      |    6|   0|   16|         10|
    |ap_return_102_int_reg                      |    6|   0|   16|         10|
    |ap_return_103_int_reg                      |   16|   0|   16|          0|
    |ap_return_104_int_reg                      |   16|   0|   16|          0|
    |ap_return_105_int_reg                      |    2|   0|   16|         14|
    |ap_return_106_int_reg                      |    1|   0|   16|         15|
    |ap_return_107_int_reg                      |    1|   0|   16|         15|
    |ap_return_108_int_reg                      |    1|   0|   16|         15|
    |ap_return_109_int_reg                      |    1|   0|   16|         15|
    |ap_return_10_int_reg                       |    1|   0|   16|         15|
    |ap_return_110_int_reg                      |    1|   0|   16|         15|
    |ap_return_111_int_reg                      |    1|   0|   16|         15|
    |ap_return_112_int_reg                      |    1|   0|   16|         15|
    |ap_return_113_int_reg                      |    1|   0|   16|         15|
    |ap_return_114_int_reg                      |   16|   0|   16|          0|
    |ap_return_115_int_reg                      |   16|   0|   16|          0|
    |ap_return_116_int_reg                      |    1|   0|   16|         15|
    |ap_return_117_int_reg                      |    9|   0|   16|          7|
    |ap_return_118_int_reg                      |    6|   0|   16|         10|
    |ap_return_119_int_reg                      |    3|   0|   16|         13|
    |ap_return_11_int_reg                       |    1|   0|   16|         15|
    |ap_return_120_int_reg                      |    8|   0|   16|          8|
    |ap_return_121_int_reg                      |    6|   0|   16|         10|
    |ap_return_122_int_reg                      |    6|   0|   16|         10|
    |ap_return_123_int_reg                      |   16|   0|   16|          0|
    |ap_return_124_int_reg                      |   16|   0|   16|          0|
    |ap_return_125_int_reg                      |    2|   0|   16|         14|
    |ap_return_126_int_reg                      |    1|   0|   16|         15|
    |ap_return_127_int_reg                      |    1|   0|   16|         15|
    |ap_return_128_int_reg                      |    1|   0|   16|         15|
    |ap_return_129_int_reg                      |    1|   0|   16|         15|
    |ap_return_12_int_reg                       |    1|   0|   16|         15|
    |ap_return_130_int_reg                      |    1|   0|   16|         15|
    |ap_return_131_int_reg                      |    1|   0|   16|         15|
    |ap_return_132_int_reg                      |    1|   0|   16|         15|
    |ap_return_133_int_reg                      |    1|   0|   16|         15|
    |ap_return_134_int_reg                      |   16|   0|   16|          0|
    |ap_return_135_int_reg                      |   16|   0|   16|          0|
    |ap_return_136_int_reg                      |    1|   0|   16|         15|
    |ap_return_137_int_reg                      |    9|   0|   16|          7|
    |ap_return_138_int_reg                      |    6|   0|   16|         10|
    |ap_return_139_int_reg                      |    3|   0|   16|         13|
    |ap_return_13_int_reg                       |    1|   0|   16|         15|
    |ap_return_140_int_reg                      |    8|   0|   16|          8|
    |ap_return_141_int_reg                      |    6|   0|   16|         10|
    |ap_return_142_int_reg                      |    6|   0|   16|         10|
    |ap_return_143_int_reg                      |   16|   0|   16|          0|
    |ap_return_144_int_reg                      |   16|   0|   16|          0|
    |ap_return_145_int_reg                      |    2|   0|   16|         14|
    |ap_return_146_int_reg                      |    1|   0|   16|         15|
    |ap_return_147_int_reg                      |    1|   0|   16|         15|
    |ap_return_148_int_reg                      |    1|   0|   16|         15|
    |ap_return_149_int_reg                      |    1|   0|   16|         15|
    |ap_return_14_int_reg                       |   16|   0|   16|          0|
    |ap_return_150_int_reg                      |    1|   0|   16|         15|
    |ap_return_151_int_reg                      |    1|   0|   16|         15|
    |ap_return_152_int_reg                      |    1|   0|   16|         15|
    |ap_return_153_int_reg                      |    1|   0|   16|         15|
    |ap_return_154_int_reg                      |   16|   0|   16|          0|
    |ap_return_155_int_reg                      |   16|   0|   16|          0|
    |ap_return_156_int_reg                      |    1|   0|   16|         15|
    |ap_return_157_int_reg                      |    9|   0|   16|          7|
    |ap_return_158_int_reg                      |    6|   0|   16|         10|
    |ap_return_159_int_reg                      |    3|   0|   16|         13|
    |ap_return_15_int_reg                       |   16|   0|   16|          0|
    |ap_return_160_int_reg                      |    8|   0|   16|          8|
    |ap_return_161_int_reg                      |    6|   0|   16|         10|
    |ap_return_162_int_reg                      |    6|   0|   16|         10|
    |ap_return_163_int_reg                      |   16|   0|   16|          0|
    |ap_return_164_int_reg                      |   16|   0|   16|          0|
    |ap_return_165_int_reg                      |    2|   0|   16|         14|
    |ap_return_166_int_reg                      |    1|   0|   16|         15|
    |ap_return_167_int_reg                      |    1|   0|   16|         15|
    |ap_return_168_int_reg                      |    1|   0|   16|         15|
    |ap_return_169_int_reg                      |    1|   0|   16|         15|
    |ap_return_16_int_reg                       |    1|   0|   16|         15|
    |ap_return_170_int_reg                      |    1|   0|   16|         15|
    |ap_return_171_int_reg                      |    1|   0|   16|         15|
    |ap_return_172_int_reg                      |    1|   0|   16|         15|
    |ap_return_173_int_reg                      |    1|   0|   16|         15|
    |ap_return_174_int_reg                      |   16|   0|   16|          0|
    |ap_return_175_int_reg                      |   16|   0|   16|          0|
    |ap_return_176_int_reg                      |    1|   0|   16|         15|
    |ap_return_177_int_reg                      |    9|   0|   16|          7|
    |ap_return_178_int_reg                      |    6|   0|   16|         10|
    |ap_return_179_int_reg                      |    3|   0|   16|         13|
    |ap_return_17_int_reg                       |    9|   0|   16|          7|
    |ap_return_180_int_reg                      |    8|   0|   16|          8|
    |ap_return_181_int_reg                      |    6|   0|   16|         10|
    |ap_return_182_int_reg                      |    6|   0|   16|         10|
    |ap_return_183_int_reg                      |   16|   0|   16|          0|
    |ap_return_184_int_reg                      |   16|   0|   16|          0|
    |ap_return_185_int_reg                      |    2|   0|   16|         14|
    |ap_return_186_int_reg                      |    1|   0|   16|         15|
    |ap_return_187_int_reg                      |    1|   0|   16|         15|
    |ap_return_188_int_reg                      |    1|   0|   16|         15|
    |ap_return_189_int_reg                      |    1|   0|   16|         15|
    |ap_return_18_int_reg                       |    6|   0|   16|         10|
    |ap_return_190_int_reg                      |    1|   0|   16|         15|
    |ap_return_191_int_reg                      |    1|   0|   16|         15|
    |ap_return_192_int_reg                      |    1|   0|   16|         15|
    |ap_return_193_int_reg                      |    1|   0|   16|         15|
    |ap_return_194_int_reg                      |   16|   0|   16|          0|
    |ap_return_195_int_reg                      |   16|   0|   16|          0|
    |ap_return_196_int_reg                      |    1|   0|   16|         15|
    |ap_return_197_int_reg                      |    9|   0|   16|          7|
    |ap_return_198_int_reg                      |    6|   0|   16|         10|
    |ap_return_199_int_reg                      |    3|   0|   16|         13|
    |ap_return_19_int_reg                       |    3|   0|   16|         13|
    |ap_return_1_int_reg                        |    6|   0|   16|         10|
    |ap_return_200_int_reg                      |    8|   0|   16|          8|
    |ap_return_201_int_reg                      |    6|   0|   16|         10|
    |ap_return_202_int_reg                      |    6|   0|   16|         10|
    |ap_return_203_int_reg                      |   16|   0|   16|          0|
    |ap_return_204_int_reg                      |   16|   0|   16|          0|
    |ap_return_205_int_reg                      |    2|   0|   16|         14|
    |ap_return_206_int_reg                      |    1|   0|   16|         15|
    |ap_return_207_int_reg                      |    1|   0|   16|         15|
    |ap_return_208_int_reg                      |    1|   0|   16|         15|
    |ap_return_209_int_reg                      |    1|   0|   16|         15|
    |ap_return_20_int_reg                       |    8|   0|   16|          8|
    |ap_return_210_int_reg                      |    1|   0|   16|         15|
    |ap_return_211_int_reg                      |    1|   0|   16|         15|
    |ap_return_212_int_reg                      |    1|   0|   16|         15|
    |ap_return_213_int_reg                      |    1|   0|   16|         15|
    |ap_return_214_int_reg                      |   16|   0|   16|          0|
    |ap_return_215_int_reg                      |   16|   0|   16|          0|
    |ap_return_216_int_reg                      |    1|   0|   16|         15|
    |ap_return_217_int_reg                      |    9|   0|   16|          7|
    |ap_return_218_int_reg                      |    6|   0|   16|         10|
    |ap_return_219_int_reg                      |    3|   0|   16|         13|
    |ap_return_21_int_reg                       |    6|   0|   16|         10|
    |ap_return_220_int_reg                      |    8|   0|   16|          8|
    |ap_return_221_int_reg                      |    6|   0|   16|         10|
    |ap_return_222_int_reg                      |    6|   0|   16|         10|
    |ap_return_223_int_reg                      |   16|   0|   16|          0|
    |ap_return_224_int_reg                      |   16|   0|   16|          0|
    |ap_return_225_int_reg                      |    2|   0|   16|         14|
    |ap_return_226_int_reg                      |    1|   0|   16|         15|
    |ap_return_227_int_reg                      |    1|   0|   16|         15|
    |ap_return_228_int_reg                      |    1|   0|   16|         15|
    |ap_return_229_int_reg                      |    1|   0|   16|         15|
    |ap_return_22_int_reg                       |    6|   0|   16|         10|
    |ap_return_230_int_reg                      |    1|   0|   16|         15|
    |ap_return_231_int_reg                      |    1|   0|   16|         15|
    |ap_return_232_int_reg                      |    1|   0|   16|         15|
    |ap_return_233_int_reg                      |    1|   0|   16|         15|
    |ap_return_234_int_reg                      |   16|   0|   16|          0|
    |ap_return_235_int_reg                      |   16|   0|   16|          0|
    |ap_return_236_int_reg                      |    1|   0|   16|         15|
    |ap_return_237_int_reg                      |    9|   0|   16|          7|
    |ap_return_238_int_reg                      |    6|   0|   16|         10|
    |ap_return_239_int_reg                      |    3|   0|   16|         13|
    |ap_return_23_int_reg                       |   16|   0|   16|          0|
    |ap_return_240_int_reg                      |    8|   0|   16|          8|
    |ap_return_241_int_reg                      |    6|   0|   16|         10|
    |ap_return_242_int_reg                      |    6|   0|   16|         10|
    |ap_return_243_int_reg                      |   16|   0|   16|          0|
    |ap_return_244_int_reg                      |   16|   0|   16|          0|
    |ap_return_245_int_reg                      |    2|   0|   16|         14|
    |ap_return_246_int_reg                      |    1|   0|   16|         15|
    |ap_return_247_int_reg                      |    1|   0|   16|         15|
    |ap_return_248_int_reg                      |    1|   0|   16|         15|
    |ap_return_249_int_reg                      |    1|   0|   16|         15|
    |ap_return_24_int_reg                       |   16|   0|   16|          0|
    |ap_return_250_int_reg                      |    1|   0|   16|         15|
    |ap_return_251_int_reg                      |    1|   0|   16|         15|
    |ap_return_252_int_reg                      |    1|   0|   16|         15|
    |ap_return_253_int_reg                      |    1|   0|   16|         15|
    |ap_return_254_int_reg                      |   16|   0|   16|          0|
    |ap_return_255_int_reg                      |   16|   0|   16|          0|
    |ap_return_256_int_reg                      |    1|   0|   16|         15|
    |ap_return_257_int_reg                      |    9|   0|   16|          7|
    |ap_return_258_int_reg                      |    6|   0|   16|         10|
    |ap_return_259_int_reg                      |    3|   0|   16|         13|
    |ap_return_25_int_reg                       |    2|   0|   16|         14|
    |ap_return_260_int_reg                      |    8|   0|   16|          8|
    |ap_return_261_int_reg                      |    6|   0|   16|         10|
    |ap_return_262_int_reg                      |    6|   0|   16|         10|
    |ap_return_263_int_reg                      |   16|   0|   16|          0|
    |ap_return_264_int_reg                      |   16|   0|   16|          0|
    |ap_return_265_int_reg                      |    2|   0|   16|         14|
    |ap_return_266_int_reg                      |    1|   0|   16|         15|
    |ap_return_267_int_reg                      |    1|   0|   16|         15|
    |ap_return_268_int_reg                      |    1|   0|   16|         15|
    |ap_return_269_int_reg                      |    1|   0|   16|         15|
    |ap_return_26_int_reg                       |    1|   0|   16|         15|
    |ap_return_270_int_reg                      |    1|   0|   16|         15|
    |ap_return_271_int_reg                      |    1|   0|   16|         15|
    |ap_return_272_int_reg                      |    1|   0|   16|         15|
    |ap_return_273_int_reg                      |    1|   0|   16|         15|
    |ap_return_274_int_reg                      |   16|   0|   16|          0|
    |ap_return_275_int_reg                      |   16|   0|   16|          0|
    |ap_return_276_int_reg                      |    1|   0|   16|         15|
    |ap_return_277_int_reg                      |    9|   0|   16|          7|
    |ap_return_278_int_reg                      |    6|   0|   16|         10|
    |ap_return_279_int_reg                      |    3|   0|   16|         13|
    |ap_return_27_int_reg                       |    1|   0|   16|         15|
    |ap_return_280_int_reg                      |    8|   0|   16|          8|
    |ap_return_281_int_reg                      |    6|   0|   16|         10|
    |ap_return_282_int_reg                      |    6|   0|   16|         10|
    |ap_return_283_int_reg                      |   16|   0|   16|          0|
    |ap_return_284_int_reg                      |   16|   0|   16|          0|
    |ap_return_285_int_reg                      |    2|   0|   16|         14|
    |ap_return_286_int_reg                      |    1|   0|   16|         15|
    |ap_return_287_int_reg                      |    1|   0|   16|         15|
    |ap_return_288_int_reg                      |    1|   0|   16|         15|
    |ap_return_289_int_reg                      |    1|   0|   16|         15|
    |ap_return_28_int_reg                       |    1|   0|   16|         15|
    |ap_return_290_int_reg                      |    1|   0|   16|         15|
    |ap_return_291_int_reg                      |    1|   0|   16|         15|
    |ap_return_292_int_reg                      |    1|   0|   16|         15|
    |ap_return_293_int_reg                      |    1|   0|   16|         15|
    |ap_return_294_int_reg                      |   16|   0|   16|          0|
    |ap_return_295_int_reg                      |   16|   0|   16|          0|
    |ap_return_296_int_reg                      |    1|   0|   16|         15|
    |ap_return_297_int_reg                      |    9|   0|   16|          7|
    |ap_return_298_int_reg                      |    6|   0|   16|         10|
    |ap_return_299_int_reg                      |    3|   0|   16|         13|
    |ap_return_29_int_reg                       |    1|   0|   16|         15|
    |ap_return_2_int_reg                        |    6|   0|   16|         10|
    |ap_return_300_int_reg                      |    8|   0|   16|          8|
    |ap_return_301_int_reg                      |    6|   0|   16|         10|
    |ap_return_302_int_reg                      |    6|   0|   16|         10|
    |ap_return_303_int_reg                      |   16|   0|   16|          0|
    |ap_return_304_int_reg                      |   16|   0|   16|          0|
    |ap_return_305_int_reg                      |    2|   0|   16|         14|
    |ap_return_306_int_reg                      |    1|   0|   16|         15|
    |ap_return_307_int_reg                      |    1|   0|   16|         15|
    |ap_return_308_int_reg                      |    1|   0|   16|         15|
    |ap_return_309_int_reg                      |    1|   0|   16|         15|
    |ap_return_30_int_reg                       |    1|   0|   16|         15|
    |ap_return_310_int_reg                      |    1|   0|   16|         15|
    |ap_return_311_int_reg                      |    1|   0|   16|         15|
    |ap_return_312_int_reg                      |    1|   0|   16|         15|
    |ap_return_313_int_reg                      |    1|   0|   16|         15|
    |ap_return_314_int_reg                      |   16|   0|   16|          0|
    |ap_return_315_int_reg                      |   16|   0|   16|          0|
    |ap_return_316_int_reg                      |    1|   0|   16|         15|
    |ap_return_317_int_reg                      |    9|   0|   16|          7|
    |ap_return_318_int_reg                      |    6|   0|   16|         10|
    |ap_return_319_int_reg                      |    3|   0|   16|         13|
    |ap_return_31_int_reg                       |    1|   0|   16|         15|
    |ap_return_32_int_reg                       |    1|   0|   16|         15|
    |ap_return_33_int_reg                       |    1|   0|   16|         15|
    |ap_return_34_int_reg                       |   16|   0|   16|          0|
    |ap_return_35_int_reg                       |   16|   0|   16|          0|
    |ap_return_36_int_reg                       |    1|   0|   16|         15|
    |ap_return_37_int_reg                       |    9|   0|   16|          7|
    |ap_return_38_int_reg                       |    6|   0|   16|         10|
    |ap_return_39_int_reg                       |    3|   0|   16|         13|
    |ap_return_3_int_reg                        |   16|   0|   16|          0|
    |ap_return_40_int_reg                       |    8|   0|   16|          8|
    |ap_return_41_int_reg                       |    6|   0|   16|         10|
    |ap_return_42_int_reg                       |    6|   0|   16|         10|
    |ap_return_43_int_reg                       |   16|   0|   16|          0|
    |ap_return_44_int_reg                       |   16|   0|   16|          0|
    |ap_return_45_int_reg                       |    2|   0|   16|         14|
    |ap_return_46_int_reg                       |    1|   0|   16|         15|
    |ap_return_47_int_reg                       |    1|   0|   16|         15|
    |ap_return_48_int_reg                       |    1|   0|   16|         15|
    |ap_return_49_int_reg                       |    1|   0|   16|         15|
    |ap_return_4_int_reg                        |   16|   0|   16|          0|
    |ap_return_50_int_reg                       |    1|   0|   16|         15|
    |ap_return_51_int_reg                       |    1|   0|   16|         15|
    |ap_return_52_int_reg                       |    1|   0|   16|         15|
    |ap_return_53_int_reg                       |    1|   0|   16|         15|
    |ap_return_54_int_reg                       |   16|   0|   16|          0|
    |ap_return_55_int_reg                       |   16|   0|   16|          0|
    |ap_return_56_int_reg                       |    1|   0|   16|         15|
    |ap_return_57_int_reg                       |    9|   0|   16|          7|
    |ap_return_58_int_reg                       |    6|   0|   16|         10|
    |ap_return_59_int_reg                       |    3|   0|   16|         13|
    |ap_return_5_int_reg                        |    2|   0|   16|         14|
    |ap_return_60_int_reg                       |    8|   0|   16|          8|
    |ap_return_61_int_reg                       |    6|   0|   16|         10|
    |ap_return_62_int_reg                       |    6|   0|   16|         10|
    |ap_return_63_int_reg                       |   16|   0|   16|          0|
    |ap_return_64_int_reg                       |   16|   0|   16|          0|
    |ap_return_65_int_reg                       |    2|   0|   16|         14|
    |ap_return_66_int_reg                       |    1|   0|   16|         15|
    |ap_return_67_int_reg                       |    1|   0|   16|         15|
    |ap_return_68_int_reg                       |    1|   0|   16|         15|
    |ap_return_69_int_reg                       |    1|   0|   16|         15|
    |ap_return_6_int_reg                        |    1|   0|   16|         15|
    |ap_return_70_int_reg                       |    1|   0|   16|         15|
    |ap_return_71_int_reg                       |    1|   0|   16|         15|
    |ap_return_72_int_reg                       |    1|   0|   16|         15|
    |ap_return_73_int_reg                       |    1|   0|   16|         15|
    |ap_return_74_int_reg                       |   16|   0|   16|          0|
    |ap_return_75_int_reg                       |   16|   0|   16|          0|
    |ap_return_76_int_reg                       |    1|   0|   16|         15|
    |ap_return_77_int_reg                       |    9|   0|   16|          7|
    |ap_return_78_int_reg                       |    6|   0|   16|         10|
    |ap_return_79_int_reg                       |    3|   0|   16|         13|
    |ap_return_7_int_reg                        |    1|   0|   16|         15|
    |ap_return_80_int_reg                       |    8|   0|   16|          8|
    |ap_return_81_int_reg                       |    6|   0|   16|         10|
    |ap_return_82_int_reg                       |    6|   0|   16|         10|
    |ap_return_83_int_reg                       |   16|   0|   16|          0|
    |ap_return_84_int_reg                       |   16|   0|   16|          0|
    |ap_return_85_int_reg                       |    2|   0|   16|         14|
    |ap_return_86_int_reg                       |    1|   0|   16|         15|
    |ap_return_87_int_reg                       |    1|   0|   16|         15|
    |ap_return_88_int_reg                       |    1|   0|   16|         15|
    |ap_return_89_int_reg                       |    1|   0|   16|         15|
    |ap_return_8_int_reg                        |    1|   0|   16|         15|
    |ap_return_90_int_reg                       |    1|   0|   16|         15|
    |ap_return_91_int_reg                       |    1|   0|   16|         15|
    |ap_return_92_int_reg                       |    1|   0|   16|         15|
    |ap_return_93_int_reg                       |    1|   0|   16|         15|
    |ap_return_94_int_reg                       |   16|   0|   16|          0|
    |ap_return_95_int_reg                       |   16|   0|   16|          0|
    |ap_return_96_int_reg                       |    1|   0|   16|         15|
    |ap_return_97_int_reg                       |    9|   0|   16|          7|
    |ap_return_98_int_reg                       |    6|   0|   16|         10|
    |ap_return_99_int_reg                       |    3|   0|   16|         13|
    |ap_return_9_int_reg                        |    1|   0|   16|         15|
    |bit_select_i_i_10_reg_29961                |    1|   0|    1|          0|
    |bit_select_i_i_11_reg_29992                |    1|   0|    1|          0|
    |bit_select_i_i_12_reg_30023                |    1|   0|    1|          0|
    |bit_select_i_i_13_reg_30054                |    1|   0|    1|          0|
    |bit_select_i_i_14_reg_30085                |    1|   0|    1|          0|
    |bit_select_i_i_1_reg_29651                 |    1|   0|    1|          0|
    |bit_select_i_i_2_reg_29682                 |    1|   0|    1|          0|
    |bit_select_i_i_3_reg_29713                 |    1|   0|    1|          0|
    |bit_select_i_i_4_reg_29744                 |    1|   0|    1|          0|
    |bit_select_i_i_5_reg_29775                 |    1|   0|    1|          0|
    |bit_select_i_i_6_reg_29806                 |    1|   0|    1|          0|
    |bit_select_i_i_7_reg_29837                 |    1|   0|    1|          0|
    |bit_select_i_i_8_reg_29868                 |    1|   0|    1|          0|
    |bit_select_i_i_9_reg_29899                 |    1|   0|    1|          0|
    |bit_select_i_i_reg_29620                   |    1|   0|    1|          0|
    |bit_select_i_i_s_reg_29930                 |    1|   0|    1|          0|
    |candidate_hwEta_10_reg_29120               |   12|   0|   12|          0|
    |candidate_hwEta_11_reg_29202               |   12|   0|   12|          0|
    |candidate_hwEta_12_reg_29284               |   12|   0|   12|          0|
    |candidate_hwEta_13_reg_29366               |   12|   0|   12|          0|
    |candidate_hwEta_14_reg_29448               |   12|   0|   12|          0|
    |candidate_hwEta_15_reg_29530               |   12|   0|   12|          0|
    |candidate_hwEta_1_reg_28382                |   12|   0|   12|          0|
    |candidate_hwEta_2_reg_28464                |   12|   0|   12|          0|
    |candidate_hwEta_3_reg_28546                |   12|   0|   12|          0|
    |candidate_hwEta_4_reg_28628                |   12|   0|   12|          0|
    |candidate_hwEta_5_reg_28710                |   12|   0|   12|          0|
    |candidate_hwEta_6_reg_28792                |   12|   0|   12|          0|
    |candidate_hwEta_7_reg_28874                |   12|   0|   12|          0|
    |candidate_hwEta_8_reg_28956                |   12|   0|   12|          0|
    |candidate_hwEta_9_reg_29038                |   12|   0|   12|          0|
    |candidate_hwEta_reg_28300                  |   12|   0|   12|          0|
    |candidate_hwId_10_reg_29125                |    3|   0|    3|          0|
    |candidate_hwId_11_reg_29207                |    3|   0|    3|          0|
    |candidate_hwId_12_reg_29289                |    3|   0|    3|          0|
    |candidate_hwId_13_reg_29371                |    3|   0|    3|          0|
    |candidate_hwId_14_reg_29453                |    3|   0|    3|          0|
    |candidate_hwId_15_reg_29535                |    3|   0|    3|          0|
    |candidate_hwId_1_reg_28387                 |    3|   0|    3|          0|
    |candidate_hwId_2_reg_28469                 |    3|   0|    3|          0|
    |candidate_hwId_3_reg_28551                 |    3|   0|    3|          0|
    |candidate_hwId_4_reg_28633                 |    3|   0|    3|          0|
    |candidate_hwId_5_reg_28715                 |    3|   0|    3|          0|
    |candidate_hwId_6_reg_28797                 |    3|   0|    3|          0|
    |candidate_hwId_7_reg_28879                 |    3|   0|    3|          0|
    |candidate_hwId_8_reg_28961                 |    3|   0|    3|          0|
    |candidate_hwId_9_reg_29043                 |    3|   0|    3|          0|
    |candidate_hwId_reg_28305                   |    3|   0|    3|          0|
    |candidate_hwPt_10_reg_29112                |   14|   0|   14|          0|
    |candidate_hwPt_10_reg_29112_pp0_iter1_reg  |   14|   0|   14|          0|
    |candidate_hwPt_11_reg_29194                |   14|   0|   14|          0|
    |candidate_hwPt_11_reg_29194_pp0_iter1_reg  |   14|   0|   14|          0|
    |candidate_hwPt_12_reg_29276                |   14|   0|   14|          0|
    |candidate_hwPt_12_reg_29276_pp0_iter1_reg  |   14|   0|   14|          0|
    |candidate_hwPt_13_reg_29358                |   14|   0|   14|          0|
    |candidate_hwPt_13_reg_29358_pp0_iter1_reg  |   14|   0|   14|          0|
    |candidate_hwPt_14_reg_29440                |   14|   0|   14|          0|
    |candidate_hwPt_14_reg_29440_pp0_iter1_reg  |   14|   0|   14|          0|
    |candidate_hwPt_15_reg_29522                |   14|   0|   14|          0|
    |candidate_hwPt_15_reg_29522_pp0_iter1_reg  |   14|   0|   14|          0|
    |candidate_hwPt_1_reg_28374                 |   14|   0|   14|          0|
    |candidate_hwPt_1_reg_28374_pp0_iter1_reg   |   14|   0|   14|          0|
    |candidate_hwPt_2_reg_28456                 |   14|   0|   14|          0|
    |candidate_hwPt_2_reg_28456_pp0_iter1_reg   |   14|   0|   14|          0|
    |candidate_hwPt_3_reg_28538                 |   14|   0|   14|          0|
    |candidate_hwPt_3_reg_28538_pp0_iter1_reg   |   14|   0|   14|          0|
    |candidate_hwPt_4_reg_28620                 |   14|   0|   14|          0|
    |candidate_hwPt_4_reg_28620_pp0_iter1_reg   |   14|   0|   14|          0|
    |candidate_hwPt_5_reg_28702                 |   14|   0|   14|          0|
    |candidate_hwPt_5_reg_28702_pp0_iter1_reg   |   14|   0|   14|          0|
    |candidate_hwPt_6_reg_28784                 |   14|   0|   14|          0|
    |candidate_hwPt_6_reg_28784_pp0_iter1_reg   |   14|   0|   14|          0|
    |candidate_hwPt_7_reg_28866                 |   14|   0|   14|          0|
    |candidate_hwPt_7_reg_28866_pp0_iter1_reg   |   14|   0|   14|          0|
    |candidate_hwPt_8_reg_28948                 |   14|   0|   14|          0|
    |candidate_hwPt_8_reg_28948_pp0_iter1_reg   |   14|   0|   14|          0|
    |candidate_hwPt_9_reg_29030                 |   14|   0|   14|          0|
    |candidate_hwPt_9_reg_29030_pp0_iter1_reg   |   14|   0|   14|          0|
    |candidate_hwPt_reg_28292                   |   14|   0|   14|          0|
    |candidate_hwPt_reg_28292_pp0_iter1_reg     |   14|   0|   14|          0|
    |candidates_0_val_int_reg                   |   61|   0|   61|          0|
    |candidates_10_val_int_reg                  |   61|   0|   61|          0|
    |candidates_11_val_int_reg                  |   61|   0|   61|          0|
    |candidates_12_val_int_reg                  |   61|   0|   61|          0|
    |candidates_13_val_int_reg                  |   61|   0|   61|          0|
    |candidates_14_val_int_reg                  |   61|   0|   61|          0|
    |candidates_15_val_int_reg                  |   61|   0|   61|          0|
    |candidates_1_val_int_reg                   |   61|   0|   61|          0|
    |candidates_2_val_int_reg                   |   61|   0|   61|          0|
    |candidates_3_val_int_reg                   |   61|   0|   61|          0|
    |candidates_4_val_int_reg                   |   61|   0|   61|          0|
    |candidates_5_val_int_reg                   |   61|   0|   61|          0|
    |candidates_6_val_int_reg                   |   61|   0|   61|          0|
    |candidates_7_val_int_reg                   |   61|   0|   61|          0|
    |candidates_8_val_int_reg                   |   61|   0|   61|          0|
    |candidates_9_val_int_reg                   |   61|   0|   61|          0|
    |conv_i1_reg_31364                          |   32|   0|   32|          0|
    |conv_i206_10_reg_31529                     |   32|   0|   32|          0|
    |conv_i206_11_reg_31544                     |   32|   0|   32|          0|
    |conv_i206_12_reg_31559                     |   32|   0|   32|          0|
    |conv_i206_13_reg_31574                     |   32|   0|   32|          0|
    |conv_i206_14_reg_31589                     |   32|   0|   32|          0|
    |conv_i206_1_reg_31379                      |   32|   0|   32|          0|
    |conv_i206_2_reg_31394                      |   32|   0|   32|          0|
    |conv_i206_3_reg_31409                      |   32|   0|   32|          0|
    |conv_i206_4_reg_31424                      |   32|   0|   32|          0|
    |conv_i206_5_reg_31439                      |   32|   0|   32|          0|
    |conv_i206_6_reg_31454                      |   32|   0|   32|          0|
    |conv_i206_7_reg_31469                      |   32|   0|   32|          0|
    |conv_i206_8_reg_31484                      |   32|   0|   32|          0|
    |conv_i206_9_reg_31499                      |   32|   0|   32|          0|
    |conv_i206_s_reg_31514                      |   32|   0|   32|          0|
    |conv_i210_10_reg_31534                     |   32|   0|   32|          0|
    |conv_i210_11_reg_31549                     |   32|   0|   32|          0|
    |conv_i210_12_reg_31564                     |   32|   0|   32|          0|
    |conv_i210_13_reg_31579                     |   32|   0|   32|          0|
    |conv_i210_14_reg_31594                     |   32|   0|   32|          0|
    |conv_i210_1_reg_31384                      |   32|   0|   32|          0|
    |conv_i210_2_reg_31399                      |   32|   0|   32|          0|
    |conv_i210_3_reg_31414                      |   32|   0|   32|          0|
    |conv_i210_4_reg_31429                      |   32|   0|   32|          0|
    |conv_i210_5_reg_31444                      |   32|   0|   32|          0|
    |conv_i210_6_reg_31459                      |   32|   0|   32|          0|
    |conv_i210_7_reg_31474                      |   32|   0|   32|          0|
    |conv_i210_8_reg_31489                      |   32|   0|   32|          0|
    |conv_i210_9_reg_31504                      |   32|   0|   32|          0|
    |conv_i210_s_reg_31519                      |   32|   0|   32|          0|
    |conv_i3_reg_31369                          |   32|   0|   32|          0|
    |conv_i_10_reg_31539                        |   32|   0|   32|          0|
    |conv_i_11_reg_31554                        |   32|   0|   32|          0|
    |conv_i_12_reg_31569                        |   32|   0|   32|          0|
    |conv_i_13_reg_31584                        |   32|   0|   32|          0|
    |conv_i_14_reg_31599                        |   32|   0|   32|          0|
    |conv_i_1_reg_31389                         |   32|   0|   32|          0|
    |conv_i_2_reg_31404                         |   32|   0|   32|          0|
    |conv_i_3_reg_31419                         |   32|   0|   32|          0|
    |conv_i_4_reg_31434                         |   32|   0|   32|          0|
    |conv_i_5_reg_31449                         |   32|   0|   32|          0|
    |conv_i_6_reg_31464                         |   32|   0|   32|          0|
    |conv_i_7_reg_31479                         |   32|   0|   32|          0|
    |conv_i_8_reg_31494                         |   32|   0|   32|          0|
    |conv_i_9_reg_31509                         |   32|   0|   32|          0|
    |conv_i_reg_31374                           |   32|   0|   32|          0|
    |conv_i_s_reg_31524                         |   32|   0|   32|          0|
    |icmp_ln39_10_reg_30540                     |    1|   0|    1|          0|
    |icmp_ln39_11_reg_30584                     |    1|   0|    1|          0|
    |icmp_ln39_12_reg_30628                     |    1|   0|    1|          0|
    |icmp_ln39_13_reg_30672                     |    1|   0|    1|          0|
    |icmp_ln39_14_reg_30716                     |    1|   0|    1|          0|
    |icmp_ln39_15_reg_30760                     |    1|   0|    1|          0|
    |icmp_ln39_1_reg_30144                      |    1|   0|    1|          0|
    |icmp_ln39_2_reg_30188                      |    1|   0|    1|          0|
    |icmp_ln39_3_reg_30232                      |    1|   0|    1|          0|
    |icmp_ln39_4_reg_30276                      |    1|   0|    1|          0|
    |icmp_ln39_5_reg_30320                      |    1|   0|    1|          0|
    |icmp_ln39_6_reg_30364                      |    1|   0|    1|          0|
    |icmp_ln39_7_reg_30408                      |    1|   0|    1|          0|
    |icmp_ln39_8_reg_30452                      |    1|   0|    1|          0|
    |icmp_ln39_9_reg_30496                      |    1|   0|    1|          0|
    |icmp_ln39_reg_30100                        |    1|   0|    1|          0|
    |icmp_ln58_100_reg_35959                    |    1|   0|    1|          0|
    |icmp_ln58_101_reg_35971                    |    1|   0|    1|          0|
    |icmp_ln58_106_reg_30701                    |    1|   0|    1|          0|
    |icmp_ln58_107_reg_34074                    |    1|   0|    1|          0|
    |icmp_ln58_107_reg_34074_pp0_iter71_reg     |    1|   0|    1|          0|
    |icmp_ln58_108_reg_36095                    |    1|   0|    1|          0|
    |icmp_ln58_109_reg_36107                    |    1|   0|    1|          0|
    |icmp_ln58_10_reg_30173                     |    1|   0|    1|          0|
    |icmp_ln58_114_reg_30745                    |    1|   0|    1|          0|
    |icmp_ln58_115_reg_34161                    |    1|   0|    1|          0|
    |icmp_ln58_115_reg_34161_pp0_iter71_reg     |    1|   0|    1|          0|
    |icmp_ln58_116_reg_36231                    |    1|   0|    1|          0|
    |icmp_ln58_117_reg_36243                    |    1|   0|    1|          0|
    |icmp_ln58_11_reg_33030                     |    1|   0|    1|          0|
    |icmp_ln58_11_reg_33030_pp0_iter71_reg      |    1|   0|    1|          0|
    |icmp_ln58_122_reg_30789                    |    1|   0|    1|          0|
    |icmp_ln58_123_reg_34248                    |    1|   0|    1|          0|
    |icmp_ln58_123_reg_34248_pp0_iter71_reg     |    1|   0|    1|          0|
    |icmp_ln58_124_reg_36367                    |    1|   0|    1|          0|
    |icmp_ln58_125_reg_36379                    |    1|   0|    1|          0|
    |icmp_ln58_12_reg_34465                     |    1|   0|    1|          0|
    |icmp_ln58_13_reg_34477                     |    1|   0|    1|          0|
    |icmp_ln58_18_reg_30217                     |    1|   0|    1|          0|
    |icmp_ln58_19_reg_33117                     |    1|   0|    1|          0|
    |icmp_ln58_19_reg_33117_pp0_iter71_reg      |    1|   0|    1|          0|
    |icmp_ln58_20_reg_34601                     |    1|   0|    1|          0|
    |icmp_ln58_21_reg_34613                     |    1|   0|    1|          0|
    |icmp_ln58_26_reg_30261                     |    1|   0|    1|          0|
    |icmp_ln58_27_reg_33204                     |    1|   0|    1|          0|
    |icmp_ln58_27_reg_33204_pp0_iter71_reg      |    1|   0|    1|          0|
    |icmp_ln58_28_reg_34737                     |    1|   0|    1|          0|
    |icmp_ln58_29_reg_34749                     |    1|   0|    1|          0|
    |icmp_ln58_2_reg_30129                      |    1|   0|    1|          0|
    |icmp_ln58_34_reg_30305                     |    1|   0|    1|          0|
    |icmp_ln58_35_reg_33291                     |    1|   0|    1|          0|
    |icmp_ln58_35_reg_33291_pp0_iter71_reg      |    1|   0|    1|          0|
    |icmp_ln58_36_reg_34873                     |    1|   0|    1|          0|
    |icmp_ln58_37_reg_34885                     |    1|   0|    1|          0|
    |icmp_ln58_3_reg_32943                      |    1|   0|    1|          0|
    |icmp_ln58_3_reg_32943_pp0_iter71_reg       |    1|   0|    1|          0|
    |icmp_ln58_42_reg_30349                     |    1|   0|    1|          0|
    |icmp_ln58_43_reg_33378                     |    1|   0|    1|          0|
    |icmp_ln58_43_reg_33378_pp0_iter71_reg      |    1|   0|    1|          0|
    |icmp_ln58_44_reg_35009                     |    1|   0|    1|          0|
    |icmp_ln58_45_reg_35021                     |    1|   0|    1|          0|
    |icmp_ln58_4_reg_34329                      |    1|   0|    1|          0|
    |icmp_ln58_50_reg_30393                     |    1|   0|    1|          0|
    |icmp_ln58_51_reg_33465                     |    1|   0|    1|          0|
    |icmp_ln58_51_reg_33465_pp0_iter71_reg      |    1|   0|    1|          0|
    |icmp_ln58_52_reg_35145                     |    1|   0|    1|          0|
    |icmp_ln58_53_reg_35157                     |    1|   0|    1|          0|
    |icmp_ln58_58_reg_30437                     |    1|   0|    1|          0|
    |icmp_ln58_59_reg_33552                     |    1|   0|    1|          0|
    |icmp_ln58_59_reg_33552_pp0_iter71_reg      |    1|   0|    1|          0|
    |icmp_ln58_5_reg_34341                      |    1|   0|    1|          0|
    |icmp_ln58_60_reg_35281                     |    1|   0|    1|          0|
    |icmp_ln58_61_reg_35293                     |    1|   0|    1|          0|
    |icmp_ln58_66_reg_30481                     |    1|   0|    1|          0|
    |icmp_ln58_67_reg_33639                     |    1|   0|    1|          0|
    |icmp_ln58_67_reg_33639_pp0_iter71_reg      |    1|   0|    1|          0|
    |icmp_ln58_68_reg_35417                     |    1|   0|    1|          0|
    |icmp_ln58_69_reg_35429                     |    1|   0|    1|          0|
    |icmp_ln58_74_reg_30525                     |    1|   0|    1|          0|
    |icmp_ln58_75_reg_33726                     |    1|   0|    1|          0|
    |icmp_ln58_75_reg_33726_pp0_iter71_reg      |    1|   0|    1|          0|
    |icmp_ln58_76_reg_35552                     |    1|   0|    1|          0|
    |icmp_ln58_77_reg_35564                     |    1|   0|    1|          0|
    |icmp_ln58_82_reg_30569                     |    1|   0|    1|          0|
    |icmp_ln58_83_reg_33813                     |    1|   0|    1|          0|
    |icmp_ln58_83_reg_33813_pp0_iter71_reg      |    1|   0|    1|          0|
    |icmp_ln58_84_reg_35688                     |    1|   0|    1|          0|
    |icmp_ln58_85_reg_35700                     |    1|   0|    1|          0|
    |icmp_ln58_90_reg_30613                     |    1|   0|    1|          0|
    |icmp_ln58_91_reg_33900                     |    1|   0|    1|          0|
    |icmp_ln58_91_reg_33900_pp0_iter71_reg      |    1|   0|    1|          0|
    |icmp_ln58_92_reg_35824                     |    1|   0|    1|          0|
    |icmp_ln58_93_reg_35836                     |    1|   0|    1|          0|
    |icmp_ln58_98_reg_30657                     |    1|   0|    1|          0|
    |icmp_ln58_99_reg_33987                     |    1|   0|    1|          0|
    |icmp_ln58_99_reg_33987_pp0_iter71_reg      |    1|   0|    1|          0|
    |icmp_ln59_10_reg_33136                     |    1|   0|    1|          0|
    |icmp_ln59_10_reg_33136_pp0_iter71_reg      |    1|   0|    1|          0|
    |icmp_ln59_11_reg_34635                     |    1|   0|    1|          0|
    |icmp_ln59_12_reg_34647                     |    1|   0|    1|          0|
    |icmp_ln59_15_reg_33223                     |    1|   0|    1|          0|
    |icmp_ln59_15_reg_33223_pp0_iter71_reg      |    1|   0|    1|          0|
    |icmp_ln59_16_reg_34771                     |    1|   0|    1|          0|
    |icmp_ln59_17_reg_34783                     |    1|   0|    1|          0|
    |icmp_ln59_1_reg_34363                      |    1|   0|    1|          0|
    |icmp_ln59_20_reg_33310                     |    1|   0|    1|          0|
    |icmp_ln59_20_reg_33310_pp0_iter71_reg      |    1|   0|    1|          0|
    |icmp_ln59_21_reg_34907                     |    1|   0|    1|          0|
    |icmp_ln59_22_reg_34919                     |    1|   0|    1|          0|
    |icmp_ln59_25_reg_33397                     |    1|   0|    1|          0|
    |icmp_ln59_25_reg_33397_pp0_iter71_reg      |    1|   0|    1|          0|
    |icmp_ln59_26_reg_35043                     |    1|   0|    1|          0|
    |icmp_ln59_27_reg_35055                     |    1|   0|    1|          0|
    |icmp_ln59_2_reg_34375                      |    1|   0|    1|          0|
    |icmp_ln59_30_reg_33484                     |    1|   0|    1|          0|
    |icmp_ln59_30_reg_33484_pp0_iter71_reg      |    1|   0|    1|          0|
    |icmp_ln59_31_reg_35179                     |    1|   0|    1|          0|
    |icmp_ln59_32_reg_35191                     |    1|   0|    1|          0|
    |icmp_ln59_35_reg_33571                     |    1|   0|    1|          0|
    |icmp_ln59_35_reg_33571_pp0_iter71_reg      |    1|   0|    1|          0|
    |icmp_ln59_36_reg_35315                     |    1|   0|    1|          0|
    |icmp_ln59_37_reg_35327                     |    1|   0|    1|          0|
    |icmp_ln59_40_reg_33658                     |    1|   0|    1|          0|
    |icmp_ln59_40_reg_33658_pp0_iter71_reg      |    1|   0|    1|          0|
    |icmp_ln59_41_reg_35451                     |    1|   0|    1|          0|
    |icmp_ln59_42_reg_35463                     |    1|   0|    1|          0|
    |icmp_ln59_45_reg_33745                     |    1|   0|    1|          0|
    |icmp_ln59_45_reg_33745_pp0_iter71_reg      |    1|   0|    1|          0|
    |icmp_ln59_46_reg_35586                     |    1|   0|    1|          0|
    |icmp_ln59_47_reg_35598                     |    1|   0|    1|          0|
    |icmp_ln59_50_reg_33832                     |    1|   0|    1|          0|
    |icmp_ln59_50_reg_33832_pp0_iter71_reg      |    1|   0|    1|          0|
    |icmp_ln59_51_reg_35722                     |    1|   0|    1|          0|
    |icmp_ln59_52_reg_35734                     |    1|   0|    1|          0|
    |icmp_ln59_55_reg_33919                     |    1|   0|    1|          0|
    |icmp_ln59_55_reg_33919_pp0_iter71_reg      |    1|   0|    1|          0|
    |icmp_ln59_57_reg_35865                     |    1|   0|    1|          0|
    |icmp_ln59_5_reg_33049                      |    1|   0|    1|          0|
    |icmp_ln59_5_reg_33049_pp0_iter71_reg       |    1|   0|    1|          0|
    |icmp_ln59_60_reg_34006                     |    1|   0|    1|          0|
    |icmp_ln59_60_reg_34006_pp0_iter71_reg      |    1|   0|    1|          0|
    |icmp_ln59_61_reg_35993                     |    1|   0|    1|          0|
    |icmp_ln59_62_reg_36005                     |    1|   0|    1|          0|
    |icmp_ln59_65_reg_34093                     |    1|   0|    1|          0|
    |icmp_ln59_65_reg_34093_pp0_iter71_reg      |    1|   0|    1|          0|
    |icmp_ln59_66_reg_36129                     |    1|   0|    1|          0|
    |icmp_ln59_67_reg_36141                     |    1|   0|    1|          0|
    |icmp_ln59_6_reg_34499                      |    1|   0|    1|          0|
    |icmp_ln59_70_reg_34180                     |    1|   0|    1|          0|
    |icmp_ln59_70_reg_34180_pp0_iter71_reg      |    1|   0|    1|          0|
    |icmp_ln59_71_reg_36265                     |    1|   0|    1|          0|
    |icmp_ln59_72_reg_36277                     |    1|   0|    1|          0|
    |icmp_ln59_75_reg_34267                     |    1|   0|    1|          0|
    |icmp_ln59_75_reg_34267_pp0_iter71_reg      |    1|   0|    1|          0|
    |icmp_ln59_76_reg_36401                     |    1|   0|    1|          0|
    |icmp_ln59_77_reg_36413                     |    1|   0|    1|          0|
    |icmp_ln59_7_reg_34511                      |    1|   0|    1|          0|
    |icmp_ln59_reg_32962                        |    1|   0|    1|          0|
    |icmp_ln59_reg_32962_pp0_iter71_reg         |    1|   0|    1|          0|
    |icmp_ln74_10_reg_33155                     |    1|   0|    1|          0|
    |icmp_ln74_10_reg_33155_pp0_iter71_reg      |    1|   0|    1|          0|
    |icmp_ln74_11_reg_34669                     |    1|   0|    1|          0|
    |icmp_ln74_12_reg_34681                     |    1|   0|    1|          0|
    |icmp_ln74_15_reg_33242                     |    1|   0|    1|          0|
    |icmp_ln74_15_reg_33242_pp0_iter71_reg      |    1|   0|    1|          0|
    |icmp_ln74_16_reg_34805                     |    1|   0|    1|          0|
    |icmp_ln74_17_reg_34817                     |    1|   0|    1|          0|
    |icmp_ln74_1_reg_34397                      |    1|   0|    1|          0|
    |icmp_ln74_20_reg_33329                     |    1|   0|    1|          0|
    |icmp_ln74_20_reg_33329_pp0_iter71_reg      |    1|   0|    1|          0|
    |icmp_ln74_21_reg_34941                     |    1|   0|    1|          0|
    |icmp_ln74_22_reg_34953                     |    1|   0|    1|          0|
    |icmp_ln74_25_reg_33416                     |    1|   0|    1|          0|
    |icmp_ln74_25_reg_33416_pp0_iter71_reg      |    1|   0|    1|          0|
    |icmp_ln74_26_reg_35077                     |    1|   0|    1|          0|
    |icmp_ln74_27_reg_35089                     |    1|   0|    1|          0|
    |icmp_ln74_2_reg_34409                      |    1|   0|    1|          0|
    |icmp_ln74_30_reg_33503                     |    1|   0|    1|          0|
    |icmp_ln74_30_reg_33503_pp0_iter71_reg      |    1|   0|    1|          0|
    |icmp_ln74_31_reg_35213                     |    1|   0|    1|          0|
    |icmp_ln74_32_reg_35225                     |    1|   0|    1|          0|
    |icmp_ln74_35_reg_33590                     |    1|   0|    1|          0|
    |icmp_ln74_35_reg_33590_pp0_iter71_reg      |    1|   0|    1|          0|
    |icmp_ln74_36_reg_35349                     |    1|   0|    1|          0|
    |icmp_ln74_37_reg_35361                     |    1|   0|    1|          0|
    |icmp_ln74_40_reg_33677                     |    1|   0|    1|          0|
    |icmp_ln74_40_reg_33677_pp0_iter71_reg      |    1|   0|    1|          0|
    |icmp_ln74_42_reg_35492                     |    1|   0|    1|          0|
    |icmp_ln74_45_reg_33764                     |    1|   0|    1|          0|
    |icmp_ln74_45_reg_33764_pp0_iter71_reg      |    1|   0|    1|          0|
    |icmp_ln74_46_reg_35620                     |    1|   0|    1|          0|
    |icmp_ln74_47_reg_35632                     |    1|   0|    1|          0|
    |icmp_ln74_50_reg_33851                     |    1|   0|    1|          0|
    |icmp_ln74_50_reg_33851_pp0_iter71_reg      |    1|   0|    1|          0|
    |icmp_ln74_51_reg_35756                     |    1|   0|    1|          0|
    |icmp_ln74_52_reg_35768                     |    1|   0|    1|          0|
    |icmp_ln74_55_reg_33938                     |    1|   0|    1|          0|
    |icmp_ln74_55_reg_33938_pp0_iter71_reg      |    1|   0|    1|          0|
    |icmp_ln74_56_reg_35891                     |    1|   0|    1|          0|
    |icmp_ln74_57_reg_35903                     |    1|   0|    1|          0|
    |icmp_ln74_5_reg_33068                      |    1|   0|    1|          0|
    |icmp_ln74_5_reg_33068_pp0_iter71_reg       |    1|   0|    1|          0|
    |icmp_ln74_60_reg_34025                     |    1|   0|    1|          0|
    |icmp_ln74_60_reg_34025_pp0_iter71_reg      |    1|   0|    1|          0|
    |icmp_ln74_61_reg_36027                     |    1|   0|    1|          0|
    |icmp_ln74_62_reg_36039                     |    1|   0|    1|          0|
    |icmp_ln74_65_reg_34112                     |    1|   0|    1|          0|
    |icmp_ln74_65_reg_34112_pp0_iter71_reg      |    1|   0|    1|          0|
    |icmp_ln74_66_reg_36163                     |    1|   0|    1|          0|
    |icmp_ln74_67_reg_36175                     |    1|   0|    1|          0|
    |icmp_ln74_6_reg_34533                      |    1|   0|    1|          0|
    |icmp_ln74_70_reg_34199                     |    1|   0|    1|          0|
    |icmp_ln74_70_reg_34199_pp0_iter71_reg      |    1|   0|    1|          0|
    |icmp_ln74_71_reg_36299                     |    1|   0|    1|          0|
    |icmp_ln74_72_reg_36311                     |    1|   0|    1|          0|
    |icmp_ln74_75_reg_34286                     |    1|   0|    1|          0|
    |icmp_ln74_75_reg_34286_pp0_iter71_reg      |    1|   0|    1|          0|
    |icmp_ln74_76_reg_36435                     |    1|   0|    1|          0|
    |icmp_ln74_77_reg_36447                     |    1|   0|    1|          0|
    |icmp_ln74_7_reg_34545                      |    1|   0|    1|          0|
    |icmp_ln74_reg_32981                        |    1|   0|    1|          0|
    |icmp_ln74_reg_32981_pp0_iter71_reg         |    1|   0|    1|          0|
    |icmp_ln75_10_reg_33174                     |    1|   0|    1|          0|
    |icmp_ln75_10_reg_33174_pp0_iter71_reg      |    1|   0|    1|          0|
    |icmp_ln75_11_reg_34703                     |    1|   0|    1|          0|
    |icmp_ln75_12_reg_34715                     |    1|   0|    1|          0|
    |icmp_ln75_15_reg_33261                     |    1|   0|    1|          0|
    |icmp_ln75_15_reg_33261_pp0_iter71_reg      |    1|   0|    1|          0|
    |icmp_ln75_16_reg_34839                     |    1|   0|    1|          0|
    |icmp_ln75_17_reg_34851                     |    1|   0|    1|          0|
    |icmp_ln75_1_reg_34431                      |    1|   0|    1|          0|
    |icmp_ln75_20_reg_33348                     |    1|   0|    1|          0|
    |icmp_ln75_20_reg_33348_pp0_iter71_reg      |    1|   0|    1|          0|
    |icmp_ln75_21_reg_34975                     |    1|   0|    1|          0|
    |icmp_ln75_22_reg_34987                     |    1|   0|    1|          0|
    |icmp_ln75_25_reg_33435                     |    1|   0|    1|          0|
    |icmp_ln75_25_reg_33435_pp0_iter71_reg      |    1|   0|    1|          0|
    |icmp_ln75_26_reg_35111                     |    1|   0|    1|          0|
    |icmp_ln75_27_reg_35123                     |    1|   0|    1|          0|
    |icmp_ln75_2_reg_34443                      |    1|   0|    1|          0|
    |icmp_ln75_30_reg_33522                     |    1|   0|    1|          0|
    |icmp_ln75_30_reg_33522_pp0_iter71_reg      |    1|   0|    1|          0|
    |icmp_ln75_31_reg_35247                     |    1|   0|    1|          0|
    |icmp_ln75_32_reg_35259                     |    1|   0|    1|          0|
    |icmp_ln75_35_reg_33609                     |    1|   0|    1|          0|
    |icmp_ln75_35_reg_33609_pp0_iter71_reg      |    1|   0|    1|          0|
    |icmp_ln75_36_reg_35383                     |    1|   0|    1|          0|
    |icmp_ln75_37_reg_35395                     |    1|   0|    1|          0|
    |icmp_ln75_40_reg_33696                     |    1|   0|    1|          0|
    |icmp_ln75_40_reg_33696_pp0_iter71_reg      |    1|   0|    1|          0|
    |icmp_ln75_41_reg_35518                     |    1|   0|    1|          0|
    |icmp_ln75_42_reg_35530                     |    1|   0|    1|          0|
    |icmp_ln75_45_reg_33783                     |    1|   0|    1|          0|
    |icmp_ln75_45_reg_33783_pp0_iter71_reg      |    1|   0|    1|          0|
    |icmp_ln75_46_reg_35654                     |    1|   0|    1|          0|
    |icmp_ln75_47_reg_35666                     |    1|   0|    1|          0|
    |icmp_ln75_50_reg_33870                     |    1|   0|    1|          0|
    |icmp_ln75_50_reg_33870_pp0_iter71_reg      |    1|   0|    1|          0|
    |icmp_ln75_51_reg_35790                     |    1|   0|    1|          0|
    |icmp_ln75_52_reg_35802                     |    1|   0|    1|          0|
    |icmp_ln75_55_reg_33957                     |    1|   0|    1|          0|
    |icmp_ln75_55_reg_33957_pp0_iter71_reg      |    1|   0|    1|          0|
    |icmp_ln75_56_reg_35925                     |    1|   0|    1|          0|
    |icmp_ln75_57_reg_35937                     |    1|   0|    1|          0|
    |icmp_ln75_5_reg_33087                      |    1|   0|    1|          0|
    |icmp_ln75_5_reg_33087_pp0_iter71_reg       |    1|   0|    1|          0|
    |icmp_ln75_60_reg_34044                     |    1|   0|    1|          0|
    |icmp_ln75_60_reg_34044_pp0_iter71_reg      |    1|   0|    1|          0|
    |icmp_ln75_61_reg_36061                     |    1|   0|    1|          0|
    |icmp_ln75_62_reg_36073                     |    1|   0|    1|          0|
    |icmp_ln75_65_reg_34131                     |    1|   0|    1|          0|
    |icmp_ln75_65_reg_34131_pp0_iter71_reg      |    1|   0|    1|          0|
    |icmp_ln75_66_reg_36197                     |    1|   0|    1|          0|
    |icmp_ln75_67_reg_36209                     |    1|   0|    1|          0|
    |icmp_ln75_6_reg_34567                      |    1|   0|    1|          0|
    |icmp_ln75_70_reg_34218                     |    1|   0|    1|          0|
    |icmp_ln75_70_reg_34218_pp0_iter71_reg      |    1|   0|    1|          0|
    |icmp_ln75_71_reg_36333                     |    1|   0|    1|          0|
    |icmp_ln75_72_reg_36345                     |    1|   0|    1|          0|
    |icmp_ln75_75_reg_34305                     |    1|   0|    1|          0|
    |icmp_ln75_75_reg_34305_pp0_iter71_reg      |    1|   0|    1|          0|
    |icmp_ln75_76_reg_36469                     |    1|   0|    1|          0|
    |icmp_ln75_77_reg_36481                     |    1|   0|    1|          0|
    |icmp_ln75_7_reg_34579                      |    1|   0|    1|          0|
    |icmp_ln75_reg_33000                        |    1|   0|    1|          0|
    |icmp_ln75_reg_33000_pp0_iter71_reg         |    1|   0|    1|          0|
    |lshr_ln58_10_reg_30354                     |   64|   0|   64|          0|
    |lshr_ln58_11_reg_30398                     |   64|   0|   64|          0|
    |lshr_ln58_12_reg_30864                     |   63|   0|   63|          0|
    |lshr_ln58_13_reg_30442                     |   64|   0|   64|          0|
    |lshr_ln58_14_reg_30874                     |   63|   0|   63|          0|
    |lshr_ln58_15_reg_30486                     |   64|   0|   64|          0|
    |lshr_ln58_16_reg_30884                     |   63|   0|   63|          0|
    |lshr_ln58_17_reg_30530                     |   64|   0|   64|          0|
    |lshr_ln58_18_reg_30894                     |   63|   0|   63|          0|
    |lshr_ln58_19_reg_30574                     |   64|   0|   64|          0|
    |lshr_ln58_1_reg_30804                      |   63|   0|   63|          0|
    |lshr_ln58_20_reg_30904                     |   63|   0|   63|          0|
    |lshr_ln58_21_reg_30618                     |   64|   0|   64|          0|
    |lshr_ln58_22_reg_30914                     |   63|   0|   63|          0|
    |lshr_ln58_23_reg_30662                     |   64|   0|   64|          0|
    |lshr_ln58_24_reg_30924                     |   63|   0|   63|          0|
    |lshr_ln58_25_reg_30706                     |   64|   0|   64|          0|
    |lshr_ln58_26_reg_30934                     |   63|   0|   63|          0|
    |lshr_ln58_27_reg_30750                     |   64|   0|   64|          0|
    |lshr_ln58_28_reg_30944                     |   63|   0|   63|          0|
    |lshr_ln58_29_reg_30794                     |   64|   0|   64|          0|
    |lshr_ln58_2_reg_30178                      |   64|   0|   64|          0|
    |lshr_ln58_30_reg_30954                     |   63|   0|   63|          0|
    |lshr_ln58_3_reg_30814                      |   63|   0|   63|          0|
    |lshr_ln58_4_reg_30222                      |   64|   0|   64|          0|
    |lshr_ln58_5_reg_30824                      |   63|   0|   63|          0|
    |lshr_ln58_6_reg_30266                      |   64|   0|   64|          0|
    |lshr_ln58_7_reg_30834                      |   63|   0|   63|          0|
    |lshr_ln58_8_reg_30310                      |   64|   0|   64|          0|
    |lshr_ln58_9_reg_30844                      |   63|   0|   63|          0|
    |lshr_ln58_reg_30134                        |   64|   0|   64|          0|
    |lshr_ln58_s_reg_30854                      |   63|   0|   63|          0|
    |mul_i1_reg_31604                           |   32|   0|   32|          0|
    |mul_i207_10_reg_31802                      |   32|   0|   32|          0|
    |mul_i207_11_reg_31820                      |   32|   0|   32|          0|
    |mul_i207_12_reg_31838                      |   32|   0|   32|          0|
    |mul_i207_13_reg_31856                      |   32|   0|   32|          0|
    |mul_i207_14_reg_31874                      |   32|   0|   32|          0|
    |mul_i207_1_reg_31622                       |   32|   0|   32|          0|
    |mul_i207_2_reg_31640                       |   32|   0|   32|          0|
    |mul_i207_3_reg_31658                       |   32|   0|   32|          0|
    |mul_i207_4_reg_31676                       |   32|   0|   32|          0|
    |mul_i207_5_reg_31694                       |   32|   0|   32|          0|
    |mul_i207_6_reg_31712                       |   32|   0|   32|          0|
    |mul_i207_7_reg_31730                       |   32|   0|   32|          0|
    |mul_i207_8_reg_31748                       |   32|   0|   32|          0|
    |mul_i207_9_reg_31766                       |   32|   0|   32|          0|
    |mul_i207_s_reg_31784                       |   32|   0|   32|          0|
    |mul_i211_10_reg_31808                      |   32|   0|   32|          0|
    |mul_i211_11_reg_31826                      |   32|   0|   32|          0|
    |mul_i211_12_reg_31844                      |   32|   0|   32|          0|
    |mul_i211_13_reg_31862                      |   32|   0|   32|          0|
    |mul_i211_14_reg_31880                      |   32|   0|   32|          0|
    |mul_i211_1_reg_31628                       |   32|   0|   32|          0|
    |mul_i211_2_reg_31646                       |   32|   0|   32|          0|
    |mul_i211_3_reg_31664                       |   32|   0|   32|          0|
    |mul_i211_4_reg_31682                       |   32|   0|   32|          0|
    |mul_i211_5_reg_31700                       |   32|   0|   32|          0|
    |mul_i211_6_reg_31718                       |   32|   0|   32|          0|
    |mul_i211_7_reg_31736                       |   32|   0|   32|          0|
    |mul_i211_8_reg_31754                       |   32|   0|   32|          0|
    |mul_i211_9_reg_31772                       |   32|   0|   32|          0|
    |mul_i211_s_reg_31790                       |   32|   0|   32|          0|
    |mul_i3_reg_31610                           |   32|   0|   32|          0|
    |mul_i_10_reg_31814                         |   32|   0|   32|          0|
    |mul_i_11_reg_31832                         |   32|   0|   32|          0|
    |mul_i_12_reg_31850                         |   32|   0|   32|          0|
    |mul_i_13_reg_31868                         |   32|   0|   32|          0|
    |mul_i_14_reg_31886                         |   32|   0|   32|          0|
    |mul_i_1_reg_31634                          |   32|   0|   32|          0|
    |mul_i_2_reg_31652                          |   32|   0|   32|          0|
    |mul_i_3_reg_31670                          |   32|   0|   32|          0|
    |mul_i_4_reg_31688                          |   32|   0|   32|          0|
    |mul_i_5_reg_31706                          |   32|   0|   32|          0|
    |mul_i_6_reg_31724                          |   32|   0|   32|          0|
    |mul_i_7_reg_31742                          |   32|   0|   32|          0|
    |mul_i_8_reg_31760                          |   32|   0|   32|          0|
    |mul_i_9_reg_31778                          |   32|   0|   32|          0|
    |mul_i_reg_31616                            |   32|   0|   32|          0|
    |mul_i_s_reg_31796                          |   32|   0|   32|          0|
    |or_ln58_10_reg_30608                       |    1|   0|    2|          1|
    |or_ln58_11_reg_30652                       |    1|   0|    2|          1|
    |or_ln58_12_reg_30696                       |    1|   0|    2|          1|
    |or_ln58_13_reg_30740                       |    1|   0|    2|          1|
    |or_ln58_14_reg_30784                       |    1|   0|    2|          1|
    |or_ln58_1_reg_30168                        |    1|   0|    2|          1|
    |or_ln58_2_reg_30212                        |    1|   0|    2|          1|
    |or_ln58_3_reg_30256                        |    1|   0|    2|          1|
    |or_ln58_4_reg_30300                        |    1|   0|    2|          1|
    |or_ln58_5_reg_30344                        |    1|   0|    2|          1|
    |or_ln58_6_reg_30388                        |    1|   0|    2|          1|
    |or_ln58_7_reg_30432                        |    1|   0|    2|          1|
    |or_ln58_8_reg_30476                        |    1|   0|    2|          1|
    |or_ln58_9_reg_30520                        |    1|   0|    2|          1|
    |or_ln58_s_reg_30564                        |    1|   0|    2|          1|
    |or_ln_reg_30124                            |    1|   0|    2|          1|
    |pf_12_reg_32087                            |   64|   0|   64|          0|
    |pf_16_reg_32152                            |   64|   0|   64|          0|
    |pf_20_reg_32217                            |   64|   0|   64|          0|
    |pf_24_reg_32282                            |   64|   0|   64|          0|
    |pf_28_reg_32347                            |   64|   0|   64|          0|
    |pf_32_reg_32412                            |   64|   0|   64|          0|
    |pf_36_reg_32477                            |   64|   0|   64|          0|
    |pf_40_reg_32542                            |   64|   0|   64|          0|
    |pf_44_reg_32607                            |   64|   0|   64|          0|
    |pf_48_reg_32672                            |   64|   0|   64|          0|
    |pf_4_reg_31957                             |   64|   0|   64|          0|
    |pf_52_reg_32737                            |   64|   0|   64|          0|
    |pf_56_reg_32802                            |   64|   0|   64|          0|
    |pf_60_reg_32867                            |   64|   0|   64|          0|
    |pf_8_reg_32022                             |   64|   0|   64|          0|
    |pf_reg_31892                               |   64|   0|   64|          0|
    |select_ln58_11_reg_34596                   |   54|   0|   54|          0|
    |select_ln58_12_reg_34606                   |   11|   0|   11|          0|
    |select_ln58_16_reg_34732                   |   54|   0|   54|          0|
    |select_ln58_17_reg_34742                   |   11|   0|   11|          0|
    |select_ln58_1_reg_34324                    |   54|   0|   54|          0|
    |select_ln58_21_reg_34868                   |   54|   0|   54|          0|
    |select_ln58_22_reg_34878                   |   11|   0|   11|          0|
    |select_ln58_26_reg_35004                   |   54|   0|   54|          0|
    |select_ln58_27_reg_35014                   |   11|   0|   11|          0|
    |select_ln58_2_reg_34334                    |   11|   0|   11|          0|
    |select_ln58_31_reg_35140                   |   54|   0|   54|          0|
    |select_ln58_32_reg_35150                   |   11|   0|   11|          0|
    |select_ln58_36_reg_35276                   |   54|   0|   54|          0|
    |select_ln58_37_reg_35286                   |   11|   0|   11|          0|
    |select_ln58_41_reg_35412                   |   54|   0|   54|          0|
    |select_ln58_42_reg_35422                   |   11|   0|   11|          0|
    |select_ln58_46_reg_35547                   |   54|   0|   54|          0|
    |select_ln58_47_reg_35557                   |   11|   0|   11|          0|
    |select_ln58_51_reg_35683                   |   54|   0|   54|          0|
    |select_ln58_52_reg_35693                   |   11|   0|   11|          0|
    |select_ln58_56_reg_35819                   |   54|   0|   54|          0|
    |select_ln58_57_reg_35829                   |   11|   0|   11|          0|
    |select_ln58_61_reg_35954                   |   54|   0|   54|          0|
    |select_ln58_62_reg_35964                   |   11|   0|   11|          0|
    |select_ln58_66_reg_36090                   |   54|   0|   54|          0|
    |select_ln58_67_reg_36100                   |   11|   0|   11|          0|
    |select_ln58_6_reg_34460                    |   54|   0|   54|          0|
    |select_ln58_71_reg_36226                   |   54|   0|   54|          0|
    |select_ln58_72_reg_36236                   |   11|   0|   11|          0|
    |select_ln58_76_reg_36362                   |   54|   0|   54|          0|
    |select_ln58_77_reg_36372                   |   11|   0|   11|          0|
    |select_ln58_7_reg_34470                    |   11|   0|   11|          0|
    |select_ln59_12_reg_34766                   |   54|   0|   54|          0|
    |select_ln59_13_reg_34776                   |   11|   0|   11|          0|
    |select_ln59_16_reg_34902                   |   54|   0|   54|          0|
    |select_ln59_17_reg_34912                   |   11|   0|   11|          0|
    |select_ln59_1_reg_34368                    |   11|   0|   11|          0|
    |select_ln59_20_reg_35038                   |   54|   0|   54|          0|
    |select_ln59_21_reg_35048                   |   11|   0|   11|          0|
    |select_ln59_24_reg_35174                   |   54|   0|   54|          0|
    |select_ln59_25_reg_35184                   |   11|   0|   11|          0|
    |select_ln59_28_reg_35310                   |   54|   0|   54|          0|
    |select_ln59_29_reg_35320                   |   11|   0|   11|          0|
    |select_ln59_32_reg_35446                   |   54|   0|   54|          0|
    |select_ln59_33_reg_35456                   |   11|   0|   11|          0|
    |select_ln59_36_reg_35581                   |   54|   0|   54|          0|
    |select_ln59_37_reg_35591                   |   11|   0|   11|          0|
    |select_ln59_40_reg_35717                   |   54|   0|   54|          0|
    |select_ln59_41_reg_35727                   |   11|   0|   11|          0|
    |select_ln59_44_reg_35853                   |   54|   0|   54|          0|
    |select_ln59_45_reg_35858                   |   11|   0|   11|          0|
    |select_ln59_48_reg_35988                   |   54|   0|   54|          0|
    |select_ln59_49_reg_35998                   |   11|   0|   11|          0|
    |select_ln59_4_reg_34494                    |   54|   0|   54|          0|
    |select_ln59_52_reg_36124                   |   54|   0|   54|          0|
    |select_ln59_53_reg_36134                   |   11|   0|   11|          0|
    |select_ln59_56_reg_36260                   |   54|   0|   54|          0|
    |select_ln59_57_reg_36270                   |   11|   0|   11|          0|
    |select_ln59_5_reg_34504                    |   11|   0|   11|          0|
    |select_ln59_60_reg_36396                   |   54|   0|   54|          0|
    |select_ln59_61_reg_36406                   |   11|   0|   11|          0|
    |select_ln59_8_reg_34630                    |   54|   0|   54|          0|
    |select_ln59_9_reg_34640                    |   11|   0|   11|          0|
    |select_ln59_reg_34358                      |   54|   0|   54|          0|
    |select_ln74_12_reg_34800                   |   54|   0|   54|          0|
    |select_ln74_13_reg_34810                   |   11|   0|   11|          0|
    |select_ln74_16_reg_34936                   |   54|   0|   54|          0|
    |select_ln74_17_reg_34946                   |   11|   0|   11|          0|
    |select_ln74_1_reg_34402                    |   11|   0|   11|          0|
    |select_ln74_20_reg_35072                   |   54|   0|   54|          0|
    |select_ln74_21_reg_35082                   |   11|   0|   11|          0|
    |select_ln74_24_reg_35208                   |   54|   0|   54|          0|
    |select_ln74_25_reg_35218                   |   11|   0|   11|          0|
    |select_ln74_28_reg_35344                   |   54|   0|   54|          0|
    |select_ln74_29_reg_35354                   |   11|   0|   11|          0|
    |select_ln74_32_reg_35480                   |   54|   0|   54|          0|
    |select_ln74_33_reg_35485                   |   11|   0|   11|          0|
    |select_ln74_36_reg_35615                   |   54|   0|   54|          0|
    |select_ln74_37_reg_35625                   |   11|   0|   11|          0|
    |select_ln74_40_reg_35751                   |   54|   0|   54|          0|
    |select_ln74_41_reg_35761                   |   11|   0|   11|          0|
    |select_ln74_44_reg_35886                   |   54|   0|   54|          0|
    |select_ln74_45_reg_35896                   |   11|   0|   11|          0|
    |select_ln74_48_reg_36022                   |   54|   0|   54|          0|
    |select_ln74_49_reg_36032                   |   11|   0|   11|          0|
    |select_ln74_4_reg_34528                    |   54|   0|   54|          0|
    |select_ln74_52_reg_36158                   |   54|   0|   54|          0|
    |select_ln74_53_reg_36168                   |   11|   0|   11|          0|
    |select_ln74_56_reg_36294                   |   54|   0|   54|          0|
    |select_ln74_57_reg_36304                   |   11|   0|   11|          0|
    |select_ln74_5_reg_34538                    |   11|   0|   11|          0|
    |select_ln74_60_reg_36430                   |   54|   0|   54|          0|
    |select_ln74_61_reg_36440                   |   11|   0|   11|          0|
    |select_ln74_8_reg_34664                    |   54|   0|   54|          0|
    |select_ln74_9_reg_34674                    |   11|   0|   11|          0|
    |select_ln74_reg_34392                      |   54|   0|   54|          0|
    |select_ln75_12_reg_34834                   |   54|   0|   54|          0|
    |select_ln75_13_reg_34844                   |   11|   0|   11|          0|
    |select_ln75_16_reg_34970                   |   54|   0|   54|          0|
    |select_ln75_17_reg_34980                   |   11|   0|   11|          0|
    |select_ln75_1_reg_34436                    |   11|   0|   11|          0|
    |select_ln75_20_reg_35106                   |   54|   0|   54|          0|
    |select_ln75_21_reg_35116                   |   11|   0|   11|          0|
    |select_ln75_24_reg_35242                   |   54|   0|   54|          0|
    |select_ln75_25_reg_35252                   |   11|   0|   11|          0|
    |select_ln75_28_reg_35378                   |   54|   0|   54|          0|
    |select_ln75_29_reg_35388                   |   11|   0|   11|          0|
    |select_ln75_32_reg_35513                   |   54|   0|   54|          0|
    |select_ln75_33_reg_35523                   |   11|   0|   11|          0|
    |select_ln75_36_reg_35649                   |   54|   0|   54|          0|
    |select_ln75_37_reg_35659                   |   11|   0|   11|          0|
    |select_ln75_40_reg_35785                   |   54|   0|   54|          0|
    |select_ln75_41_reg_35795                   |   11|   0|   11|          0|
    |select_ln75_44_reg_35920                   |   54|   0|   54|          0|
    |select_ln75_45_reg_35930                   |   11|   0|   11|          0|
    |select_ln75_48_reg_36056                   |   54|   0|   54|          0|
    |select_ln75_49_reg_36066                   |   11|   0|   11|          0|
    |select_ln75_4_reg_34562                    |   54|   0|   54|          0|
    |select_ln75_52_reg_36192                   |   54|   0|   54|          0|
    |select_ln75_53_reg_36202                   |   11|   0|   11|          0|
    |select_ln75_56_reg_36328                   |   54|   0|   54|          0|
    |select_ln75_57_reg_36338                   |   11|   0|   11|          0|
    |select_ln75_5_reg_34572                    |   11|   0|   11|          0|
    |select_ln75_60_reg_36464                   |   54|   0|   54|          0|
    |select_ln75_61_reg_36474                   |   11|   0|   11|          0|
    |select_ln75_8_reg_34698                    |   54|   0|   54|          0|
    |select_ln75_9_reg_34708                    |   11|   0|   11|          0|
    |select_ln75_reg_34426                      |   54|   0|   54|          0|
    |shl_ln58_10_reg_30359                      |   64|   0|   64|          0|
    |shl_ln58_12_reg_30403                      |   64|   0|   64|          0|
    |shl_ln58_14_reg_30447                      |   64|   0|   64|          0|
    |shl_ln58_16_reg_30491                      |   64|   0|   64|          0|
    |shl_ln58_18_reg_30535                      |   64|   0|   64|          0|
    |shl_ln58_20_reg_30579                      |   64|   0|   64|          0|
    |shl_ln58_22_reg_30623                      |   64|   0|   64|          0|
    |shl_ln58_24_reg_30667                      |   64|   0|   64|          0|
    |shl_ln58_26_reg_30711                      |   64|   0|   64|          0|
    |shl_ln58_28_reg_30755                      |   64|   0|   64|          0|
    |shl_ln58_2_reg_30183                       |   64|   0|   64|          0|
    |shl_ln58_30_reg_30799                      |   64|   0|   64|          0|
    |shl_ln58_4_reg_30227                       |   64|   0|   64|          0|
    |shl_ln58_6_reg_30271                       |   64|   0|   64|          0|
    |shl_ln58_8_reg_30315                       |   64|   0|   64|          0|
    |shl_ln58_reg_30139                         |   64|   0|   64|          0|
    |sub_ln58_100_reg_29739                     |    4|   0|    4|          0|
    |sub_ln58_101_reg_29770                     |    4|   0|    4|          0|
    |sub_ln58_102_reg_29801                     |    4|   0|    4|          0|
    |sub_ln58_103_reg_29832                     |    4|   0|    4|          0|
    |sub_ln58_104_reg_29863                     |    4|   0|    4|          0|
    |sub_ln58_105_reg_29894                     |    4|   0|    4|          0|
    |sub_ln58_106_reg_29925                     |    4|   0|    4|          0|
    |sub_ln58_107_reg_29956                     |    4|   0|    4|          0|
    |sub_ln58_108_reg_29987                     |    4|   0|    4|          0|
    |sub_ln58_109_reg_30018                     |    4|   0|    4|          0|
    |sub_ln58_10_reg_28501                      |   32|   0|   32|          0|
    |sub_ln58_110_reg_30049                     |    4|   0|    4|          0|
    |sub_ln58_111_reg_30080                     |    4|   0|    4|          0|
    |sub_ln58_11_reg_29692                      |   32|   0|   32|          0|
    |sub_ln58_13_reg_33124                      |   12|   0|   12|          0|
    |sub_ln58_15_reg_28583                      |   32|   0|   32|          0|
    |sub_ln58_16_reg_29723                      |   32|   0|   32|          0|
    |sub_ln58_18_reg_33211                      |   12|   0|   12|          0|
    |sub_ln58_1_reg_29630                       |   32|   0|   32|          0|
    |sub_ln58_20_reg_28665                      |   32|   0|   32|          0|
    |sub_ln58_21_reg_29754                      |   32|   0|   32|          0|
    |sub_ln58_23_reg_33298                      |   12|   0|   12|          0|
    |sub_ln58_25_reg_28747                      |   32|   0|   32|          0|
    |sub_ln58_26_reg_29785                      |   32|   0|   32|          0|
    |sub_ln58_28_reg_33385                      |   12|   0|   12|          0|
    |sub_ln58_30_reg_28829                      |   32|   0|   32|          0|
    |sub_ln58_31_reg_29816                      |   32|   0|   32|          0|
    |sub_ln58_33_reg_33472                      |   12|   0|   12|          0|
    |sub_ln58_35_reg_28911                      |   32|   0|   32|          0|
    |sub_ln58_36_reg_29847                      |   32|   0|   32|          0|
    |sub_ln58_38_reg_33559                      |   12|   0|   12|          0|
    |sub_ln58_3_reg_32950                       |   12|   0|   12|          0|
    |sub_ln58_40_reg_28993                      |   32|   0|   32|          0|
    |sub_ln58_41_reg_29878                      |   32|   0|   32|          0|
    |sub_ln58_43_reg_33646                      |   12|   0|   12|          0|
    |sub_ln58_45_reg_29075                      |   32|   0|   32|          0|
    |sub_ln58_46_reg_29909                      |   32|   0|   32|          0|
    |sub_ln58_48_reg_33733                      |   12|   0|   12|          0|
    |sub_ln58_50_reg_29157                      |   32|   0|   32|          0|
    |sub_ln58_51_reg_29940                      |   32|   0|   32|          0|
    |sub_ln58_53_reg_33820                      |   12|   0|   12|          0|
    |sub_ln58_55_reg_29239                      |   32|   0|   32|          0|
    |sub_ln58_56_reg_29971                      |   32|   0|   32|          0|
    |sub_ln58_58_reg_33907                      |   12|   0|   12|          0|
    |sub_ln58_5_reg_28419                       |   32|   0|   32|          0|
    |sub_ln58_60_reg_29321                      |   32|   0|   32|          0|
    |sub_ln58_61_reg_30002                      |   32|   0|   32|          0|
    |sub_ln58_63_reg_33994                      |   12|   0|   12|          0|
    |sub_ln58_65_reg_29403                      |   32|   0|   32|          0|
    |sub_ln58_66_reg_30033                      |   32|   0|   32|          0|
    |sub_ln58_68_reg_34081                      |   12|   0|   12|          0|
    |sub_ln58_6_reg_29661                       |   32|   0|   32|          0|
    |sub_ln58_70_reg_29485                      |   32|   0|   32|          0|
    |sub_ln58_71_reg_30064                      |   32|   0|   32|          0|
    |sub_ln58_73_reg_34168                      |   12|   0|   12|          0|
    |sub_ln58_75_reg_29567                      |   32|   0|   32|          0|
    |sub_ln58_76_reg_30095                      |   32|   0|   32|          0|
    |sub_ln58_78_reg_34255                      |   12|   0|   12|          0|
    |sub_ln58_8_reg_33037                       |   12|   0|   12|          0|
    |sub_ln58_96_reg_29615                      |    4|   0|    4|          0|
    |sub_ln58_97_reg_29646                      |    4|   0|    4|          0|
    |sub_ln58_98_reg_29677                      |    4|   0|    4|          0|
    |sub_ln58_99_reg_29708                      |    4|   0|    4|          0|
    |sub_ln58_reg_28337                         |   32|   0|   32|          0|
    |sub_ln59_10_reg_33230                      |   12|   0|   12|          0|
    |sub_ln59_13_reg_33317                      |   12|   0|   12|          0|
    |sub_ln59_16_reg_33404                      |   12|   0|   12|          0|
    |sub_ln59_19_reg_33491                      |   12|   0|   12|          0|
    |sub_ln59_1_reg_32969                       |   12|   0|   12|          0|
    |sub_ln59_22_reg_33578                      |   12|   0|   12|          0|
    |sub_ln59_25_reg_33665                      |   12|   0|   12|          0|
    |sub_ln59_28_reg_33752                      |   12|   0|   12|          0|
    |sub_ln59_31_reg_33839                      |   12|   0|   12|          0|
    |sub_ln59_34_reg_33926                      |   12|   0|   12|          0|
    |sub_ln59_37_reg_34013                      |   12|   0|   12|          0|
    |sub_ln59_40_reg_34100                      |   12|   0|   12|          0|
    |sub_ln59_43_reg_34187                      |   12|   0|   12|          0|
    |sub_ln59_46_reg_34274                      |   12|   0|   12|          0|
    |sub_ln59_4_reg_33056                       |   12|   0|   12|          0|
    |sub_ln59_7_reg_33143                       |   12|   0|   12|          0|
    |sub_ln74_10_reg_33249                      |   12|   0|   12|          0|
    |sub_ln74_13_reg_33336                      |   12|   0|   12|          0|
    |sub_ln74_16_reg_33423                      |   12|   0|   12|          0|
    |sub_ln74_19_reg_33510                      |   12|   0|   12|          0|
    |sub_ln74_1_reg_32988                       |   12|   0|   12|          0|
    |sub_ln74_22_reg_33597                      |   12|   0|   12|          0|
    |sub_ln74_25_reg_33684                      |   12|   0|   12|          0|
    |sub_ln74_28_reg_33771                      |   12|   0|   12|          0|
    |sub_ln74_31_reg_33858                      |   12|   0|   12|          0|
    |sub_ln74_34_reg_33945                      |   12|   0|   12|          0|
    |sub_ln74_37_reg_34032                      |   12|   0|   12|          0|
    |sub_ln74_40_reg_34119                      |   12|   0|   12|          0|
    |sub_ln74_43_reg_34206                      |   12|   0|   12|          0|
    |sub_ln74_46_reg_34293                      |   12|   0|   12|          0|
    |sub_ln74_4_reg_33075                       |   12|   0|   12|          0|
    |sub_ln74_7_reg_33162                       |   12|   0|   12|          0|
    |sub_ln75_10_reg_33268                      |   12|   0|   12|          0|
    |sub_ln75_13_reg_33355                      |   12|   0|   12|          0|
    |sub_ln75_16_reg_33442                      |   12|   0|   12|          0|
    |sub_ln75_19_reg_33529                      |   12|   0|   12|          0|
    |sub_ln75_1_reg_33007                       |   12|   0|   12|          0|
    |sub_ln75_22_reg_33616                      |   12|   0|   12|          0|
    |sub_ln75_25_reg_33703                      |   12|   0|   12|          0|
    |sub_ln75_28_reg_33790                      |   12|   0|   12|          0|
    |sub_ln75_31_reg_33877                      |   12|   0|   12|          0|
    |sub_ln75_34_reg_33964                      |   12|   0|   12|          0|
    |sub_ln75_37_reg_34051                      |   12|   0|   12|          0|
    |sub_ln75_40_reg_34138                      |   12|   0|   12|          0|
    |sub_ln75_43_reg_34225                      |   12|   0|   12|          0|
    |sub_ln75_46_reg_34312                      |   12|   0|   12|          0|
    |sub_ln75_4_reg_33094                       |   12|   0|   12|          0|
    |sub_ln75_7_reg_33181                       |   12|   0|   12|          0|
    |tmp_100_reg_28451                          |    3|   0|    3|          0|
    |tmp_110_reg_28841                          |   10|   0|   10|          0|
    |tmp_113_reg_28846                          |    8|   0|    8|          0|
    |tmp_117_reg_28486                          |    6|   0|    6|          0|
    |tmp_11_reg_28354                           |    8|   0|    8|          0|
    |tmp_127_reg_28923                          |   10|   0|   10|          0|
    |tmp_130_reg_28928                          |    8|   0|    8|          0|
    |tmp_133_reg_28491                          |    6|   0|    6|          0|
    |tmp_134_reg_28523                          |    9|   0|    9|          0|
    |tmp_144_reg_29005                          |   10|   0|   10|          0|
    |tmp_147_reg_29010                          |    8|   0|    8|          0|
    |tmp_150_reg_28528                          |    6|   0|    6|          0|
    |tmp_151_reg_28533                          |    3|   0|    3|          0|
    |tmp_15_reg_28322                           |    6|   0|    6|          0|
    |tmp_161_reg_29087                          |   10|   0|   10|          0|
    |tmp_164_reg_29092                          |    8|   0|    8|          0|
    |tmp_168_reg_28568                          |    6|   0|    6|          0|
    |tmp_178_reg_29169                          |   10|   0|   10|          0|
    |tmp_181_reg_29174                          |    8|   0|    8|          0|
    |tmp_184_reg_28573                          |    6|   0|    6|          0|
    |tmp_185_reg_28605                          |    9|   0|    9|          0|
    |tmp_195_reg_29251                          |   10|   0|   10|          0|
    |tmp_198_reg_29256                          |    8|   0|    8|          0|
    |tmp_201_reg_28610                          |    6|   0|    6|          0|
    |tmp_202_reg_28615                          |    3|   0|    3|          0|
    |tmp_212_reg_29333                          |   10|   0|   10|          0|
    |tmp_215_reg_29338                          |    8|   0|    8|          0|
    |tmp_219_reg_28650                          |    6|   0|    6|          0|
    |tmp_229_reg_29415                          |   10|   0|   10|          0|
    |tmp_232_reg_29420                          |    8|   0|    8|          0|
    |tmp_235_reg_28655                          |    6|   0|    6|          0|
    |tmp_236_reg_28687                          |    9|   0|    9|          0|
    |tmp_246_reg_29497                          |   10|   0|   10|          0|
    |tmp_249_reg_29502                          |    8|   0|    8|          0|
    |tmp_252_reg_28692                          |    6|   0|    6|          0|
    |tmp_253_reg_28697                          |    3|   0|    3|          0|
    |tmp_25_reg_28431                           |   10|   0|   10|          0|
    |tmp_263_reg_29579                          |   10|   0|   10|          0|
    |tmp_266_reg_29584                          |    8|   0|    8|          0|
    |tmp_270_reg_28732                          |    6|   0|    6|          0|
    |tmp_271_reg_28737                          |    6|   0|    6|          0|
    |tmp_272_reg_28769                          |    9|   0|    9|          0|
    |tmp_273_reg_28774                          |    6|   0|    6|          0|
    |tmp_274_reg_28779                          |    3|   0|    3|          0|
    |tmp_276_reg_28814                          |    6|   0|    6|          0|
    |tmp_277_reg_28819                          |    6|   0|    6|          0|
    |tmp_278_reg_28851                          |    9|   0|    9|          0|
    |tmp_279_reg_28856                          |    6|   0|    6|          0|
    |tmp_280_reg_28861                          |    3|   0|    3|          0|
    |tmp_282_reg_28896                          |    6|   0|    6|          0|
    |tmp_283_reg_28901                          |    6|   0|    6|          0|
    |tmp_284_reg_28933                          |    9|   0|    9|          0|
    |tmp_285_reg_28938                          |    6|   0|    6|          0|
    |tmp_286_reg_28943                          |    3|   0|    3|          0|
    |tmp_288_reg_28978                          |    6|   0|    6|          0|
    |tmp_289_reg_28983                          |    6|   0|    6|          0|
    |tmp_28_reg_28436                           |    8|   0|    8|          0|
    |tmp_290_reg_29015                          |    9|   0|    9|          0|
    |tmp_291_reg_29020                          |    6|   0|    6|          0|
    |tmp_292_reg_29025                          |    3|   0|    3|          0|
    |tmp_294_reg_29060                          |    6|   0|    6|          0|
    |tmp_295_reg_29065                          |    6|   0|    6|          0|
    |tmp_296_reg_29097                          |    9|   0|    9|          0|
    |tmp_297_reg_29102                          |    6|   0|    6|          0|
    |tmp_298_reg_29107                          |    3|   0|    3|          0|
    |tmp_300_reg_29142                          |    6|   0|    6|          0|
    |tmp_301_reg_29147                          |    6|   0|    6|          0|
    |tmp_302_reg_29179                          |    9|   0|    9|          0|
    |tmp_303_reg_29184                          |    6|   0|    6|          0|
    |tmp_304_reg_29189                          |    3|   0|    3|          0|
    |tmp_306_reg_29224                          |    6|   0|    6|          0|
    |tmp_307_reg_29229                          |    6|   0|    6|          0|
    |tmp_308_reg_29261                          |    9|   0|    9|          0|
    |tmp_309_reg_29266                          |    6|   0|    6|          0|
    |tmp_310_reg_29271                          |    3|   0|    3|          0|
    |tmp_312_reg_29306                          |    6|   0|    6|          0|
    |tmp_313_reg_29311                          |    6|   0|    6|          0|
    |tmp_314_reg_29343                          |    9|   0|    9|          0|
    |tmp_315_reg_29348                          |    6|   0|    6|          0|
    |tmp_316_reg_29353                          |    3|   0|    3|          0|
    |tmp_318_reg_29388                          |    6|   0|    6|          0|
    |tmp_319_reg_29393                          |    6|   0|    6|          0|
    |tmp_31_reg_28327                           |    6|   0|    6|          0|
    |tmp_320_reg_29425                          |    9|   0|    9|          0|
    |tmp_321_reg_29430                          |    6|   0|    6|          0|
    |tmp_322_reg_29435                          |    3|   0|    3|          0|
    |tmp_324_reg_29470                          |    6|   0|    6|          0|
    |tmp_325_reg_29475                          |    6|   0|    6|          0|
    |tmp_326_reg_29507                          |    9|   0|    9|          0|
    |tmp_327_reg_29512                          |    6|   0|    6|          0|
    |tmp_328_reg_29517                          |    3|   0|    3|          0|
    |tmp_32_reg_28359                           |    9|   0|    9|          0|
    |tmp_330_reg_29552                          |    6|   0|    6|          0|
    |tmp_331_reg_29557                          |    6|   0|    6|          0|
    |tmp_332_reg_29589                          |    9|   0|    9|          0|
    |tmp_333_reg_29594                          |    6|   0|    6|          0|
    |tmp_334_reg_29599                          |    3|   0|    3|          0|
    |tmp_335_reg_31907                          |   11|   0|   11|          0|
    |tmp_42_reg_28513                           |   10|   0|   10|          0|
    |tmp_45_reg_28518                           |    8|   0|    8|          0|
    |tmp_4854_reg_31947                         |   11|   0|   11|          0|
    |tmp_4855_reg_29610                         |   31|   0|   31|          0|
    |tmp_4857_reg_30809                         |    1|   0|    1|          0|
    |tmp_4858_reg_32932                         |    1|   0|    1|          0|
    |tmp_4858_reg_32932_pp0_iter71_reg          |    1|   0|    1|          0|
    |tmp_4859_reg_34353                         |    7|   0|    7|          0|
    |tmp_4860_reg_31902                         |    1|   0|    1|          0|
    |tmp_4860_reg_31902_pp0_iter70_reg          |    1|   0|    1|          0|
    |tmp_4862_reg_34387                         |    7|   0|    7|          0|
    |tmp_4863_reg_31922                         |    1|   0|    1|          0|
    |tmp_4863_reg_31922_pp0_iter70_reg          |    1|   0|    1|          0|
    |tmp_4865_reg_34421                         |    7|   0|    7|          0|
    |tmp_4866_reg_31942                         |    1|   0|    1|          0|
    |tmp_4866_reg_31942_pp0_iter70_reg          |    1|   0|    1|          0|
    |tmp_4868_reg_34455                         |    7|   0|    7|          0|
    |tmp_4869_reg_29641                         |   31|   0|   31|          0|
    |tmp_4871_reg_30819                         |    1|   0|    1|          0|
    |tmp_4872_reg_33019                         |    1|   0|    1|          0|
    |tmp_4872_reg_33019_pp0_iter71_reg          |    1|   0|    1|          0|
    |tmp_4874_reg_34489                         |    7|   0|    7|          0|
    |tmp_4875_reg_31967                         |    1|   0|    1|          0|
    |tmp_4875_reg_31967_pp0_iter70_reg          |    1|   0|    1|          0|
    |tmp_4876_reg_31972                         |   11|   0|   11|          0|
    |tmp_4878_reg_34523                         |    7|   0|    7|          0|
    |tmp_4879_reg_31987                         |    1|   0|    1|          0|
    |tmp_4879_reg_31987_pp0_iter70_reg          |    1|   0|    1|          0|
    |tmp_4880_reg_31992                         |   11|   0|   11|          0|
    |tmp_4882_reg_34557                         |    7|   0|    7|          0|
    |tmp_4883_reg_32007                         |    1|   0|    1|          0|
    |tmp_4883_reg_32007_pp0_iter70_reg          |    1|   0|    1|          0|
    |tmp_4884_reg_32012                         |   11|   0|   11|          0|
    |tmp_4886_reg_34591                         |    7|   0|    7|          0|
    |tmp_4887_reg_29672                         |   31|   0|   31|          0|
    |tmp_4889_reg_30829                         |    1|   0|    1|          0|
    |tmp_4890_reg_33106                         |    1|   0|    1|          0|
    |tmp_4890_reg_33106_pp0_iter71_reg          |    1|   0|    1|          0|
    |tmp_4892_reg_34625                         |    7|   0|    7|          0|
    |tmp_4893_reg_32032                         |    1|   0|    1|          0|
    |tmp_4893_reg_32032_pp0_iter70_reg          |    1|   0|    1|          0|
    |tmp_4894_reg_32037                         |   11|   0|   11|          0|
    |tmp_4896_reg_34659                         |    7|   0|    7|          0|
    |tmp_4897_reg_32052                         |    1|   0|    1|          0|
    |tmp_4897_reg_32052_pp0_iter70_reg          |    1|   0|    1|          0|
    |tmp_4898_reg_32057                         |   11|   0|   11|          0|
    |tmp_48_reg_28364                           |    6|   0|    6|          0|
    |tmp_4900_reg_34693                         |    7|   0|    7|          0|
    |tmp_4901_reg_32072                         |    1|   0|    1|          0|
    |tmp_4901_reg_32072_pp0_iter70_reg          |    1|   0|    1|          0|
    |tmp_4902_reg_32077                         |   11|   0|   11|          0|
    |tmp_4904_reg_34727                         |    7|   0|    7|          0|
    |tmp_4905_reg_29703                         |   31|   0|   31|          0|
    |tmp_4907_reg_30839                         |    1|   0|    1|          0|
    |tmp_4908_reg_33193                         |    1|   0|    1|          0|
    |tmp_4908_reg_33193_pp0_iter71_reg          |    1|   0|    1|          0|
    |tmp_4910_reg_34761                         |    7|   0|    7|          0|
    |tmp_4911_reg_32097                         |    1|   0|    1|          0|
    |tmp_4911_reg_32097_pp0_iter70_reg          |    1|   0|    1|          0|
    |tmp_4912_reg_32102                         |   11|   0|   11|          0|
    |tmp_4914_reg_34795                         |    7|   0|    7|          0|
    |tmp_4915_reg_32117                         |    1|   0|    1|          0|
    |tmp_4915_reg_32117_pp0_iter70_reg          |    1|   0|    1|          0|
    |tmp_4916_reg_32122                         |   11|   0|   11|          0|
    |tmp_4918_reg_34829                         |    7|   0|    7|          0|
    |tmp_4919_reg_32137                         |    1|   0|    1|          0|
    |tmp_4919_reg_32137_pp0_iter70_reg          |    1|   0|    1|          0|
    |tmp_4920_reg_32142                         |   11|   0|   11|          0|
    |tmp_4922_reg_34863                         |    7|   0|    7|          0|
    |tmp_4923_reg_29734                         |   31|   0|   31|          0|
    |tmp_4925_reg_30849                         |    1|   0|    1|          0|
    |tmp_4926_reg_33280                         |    1|   0|    1|          0|
    |tmp_4926_reg_33280_pp0_iter71_reg          |    1|   0|    1|          0|
    |tmp_4928_reg_34897                         |    7|   0|    7|          0|
    |tmp_4929_reg_32162                         |    1|   0|    1|          0|
    |tmp_4929_reg_32162_pp0_iter70_reg          |    1|   0|    1|          0|
    |tmp_4930_reg_32167                         |   11|   0|   11|          0|
    |tmp_4932_reg_34931                         |    7|   0|    7|          0|
    |tmp_4933_reg_32182                         |    1|   0|    1|          0|
    |tmp_4933_reg_32182_pp0_iter70_reg          |    1|   0|    1|          0|
    |tmp_4934_reg_32187                         |   11|   0|   11|          0|
    |tmp_4936_reg_34965                         |    7|   0|    7|          0|
    |tmp_4937_reg_32202                         |    1|   0|    1|          0|
    |tmp_4937_reg_32202_pp0_iter70_reg          |    1|   0|    1|          0|
    |tmp_4938_reg_32207                         |   11|   0|   11|          0|
    |tmp_4940_reg_34999                         |    7|   0|    7|          0|
    |tmp_4941_reg_29765                         |   31|   0|   31|          0|
    |tmp_4943_reg_30859                         |    1|   0|    1|          0|
    |tmp_4944_reg_33367                         |    1|   0|    1|          0|
    |tmp_4944_reg_33367_pp0_iter71_reg          |    1|   0|    1|          0|
    |tmp_4946_reg_35033                         |    7|   0|    7|          0|
    |tmp_4947_reg_32227                         |    1|   0|    1|          0|
    |tmp_4947_reg_32227_pp0_iter70_reg          |    1|   0|    1|          0|
    |tmp_4948_reg_32232                         |   11|   0|   11|          0|
    |tmp_4950_reg_35067                         |    7|   0|    7|          0|
    |tmp_4951_reg_32247                         |    1|   0|    1|          0|
    |tmp_4951_reg_32247_pp0_iter70_reg          |    1|   0|    1|          0|
    |tmp_4952_reg_32252                         |   11|   0|   11|          0|
    |tmp_4954_reg_35101                         |    7|   0|    7|          0|
    |tmp_4955_reg_32267                         |    1|   0|    1|          0|
    |tmp_4955_reg_32267_pp0_iter70_reg          |    1|   0|    1|          0|
    |tmp_4956_reg_32272                         |   11|   0|   11|          0|
    |tmp_4958_reg_35135                         |    7|   0|    7|          0|
    |tmp_4959_reg_29796                         |   31|   0|   31|          0|
    |tmp_4961_reg_30869                         |    1|   0|    1|          0|
    |tmp_4962_reg_33454                         |    1|   0|    1|          0|
    |tmp_4962_reg_33454_pp0_iter71_reg          |    1|   0|    1|          0|
    |tmp_4964_reg_35169                         |    7|   0|    7|          0|
    |tmp_4965_reg_32292                         |    1|   0|    1|          0|
    |tmp_4965_reg_32292_pp0_iter70_reg          |    1|   0|    1|          0|
    |tmp_4966_reg_32297                         |   11|   0|   11|          0|
    |tmp_4968_reg_35203                         |    7|   0|    7|          0|
    |tmp_4969_reg_32312                         |    1|   0|    1|          0|
    |tmp_4969_reg_32312_pp0_iter70_reg          |    1|   0|    1|          0|
    |tmp_4970_reg_32317                         |   11|   0|   11|          0|
    |tmp_4972_reg_35237                         |    7|   0|    7|          0|
    |tmp_4973_reg_32332                         |    1|   0|    1|          0|
    |tmp_4973_reg_32332_pp0_iter70_reg          |    1|   0|    1|          0|
    |tmp_4974_reg_32337                         |   11|   0|   11|          0|
    |tmp_4976_reg_35271                         |    7|   0|    7|          0|
    |tmp_4977_reg_29827                         |   31|   0|   31|          0|
    |tmp_4979_reg_30879                         |    1|   0|    1|          0|
    |tmp_4980_reg_33541                         |    1|   0|    1|          0|
    |tmp_4980_reg_33541_pp0_iter71_reg          |    1|   0|    1|          0|
    |tmp_4982_reg_35305                         |    7|   0|    7|          0|
    |tmp_4983_reg_32357                         |    1|   0|    1|          0|
    |tmp_4983_reg_32357_pp0_iter70_reg          |    1|   0|    1|          0|
    |tmp_4984_reg_32362                         |   11|   0|   11|          0|
    |tmp_4986_reg_35339                         |    7|   0|    7|          0|
    |tmp_4987_reg_32377                         |    1|   0|    1|          0|
    |tmp_4987_reg_32377_pp0_iter70_reg          |    1|   0|    1|          0|
    |tmp_4988_reg_32382                         |   11|   0|   11|          0|
    |tmp_4990_reg_35373                         |    7|   0|    7|          0|
    |tmp_4991_reg_32397                         |    1|   0|    1|          0|
    |tmp_4991_reg_32397_pp0_iter70_reg          |    1|   0|    1|          0|
    |tmp_4992_reg_32402                         |   11|   0|   11|          0|
    |tmp_4994_reg_35407                         |    7|   0|    7|          0|
    |tmp_4995_reg_29858                         |   31|   0|   31|          0|
    |tmp_4997_reg_30889                         |    1|   0|    1|          0|
    |tmp_4998_reg_33628                         |    1|   0|    1|          0|
    |tmp_4998_reg_33628_pp0_iter71_reg          |    1|   0|    1|          0|
    |tmp_49_reg_28369                           |    3|   0|    3|          0|
    |tmp_5000_reg_35441                         |    7|   0|    7|          0|
    |tmp_5001_reg_32422                         |    1|   0|    1|          0|
    |tmp_5001_reg_32422_pp0_iter70_reg          |    1|   0|    1|          0|
    |tmp_5002_reg_32427                         |   11|   0|   11|          0|
    |tmp_5004_reg_35475                         |    7|   0|    7|          0|
    |tmp_5005_reg_32442                         |    1|   0|    1|          0|
    |tmp_5005_reg_32442_pp0_iter70_reg          |    1|   0|    1|          0|
    |tmp_5006_reg_32447                         |   11|   0|   11|          0|
    |tmp_5008_reg_35503                         |    7|   0|    7|          0|
    |tmp_5009_reg_32462                         |    1|   0|    1|          0|
    |tmp_5009_reg_32462_pp0_iter70_reg          |    1|   0|    1|          0|
    |tmp_5010_reg_32467                         |   11|   0|   11|          0|
    |tmp_5012_reg_35542                         |    7|   0|    7|          0|
    |tmp_5013_reg_29889                         |   31|   0|   31|          0|
    |tmp_5015_reg_30899                         |    1|   0|    1|          0|
    |tmp_5016_reg_33715                         |    1|   0|    1|          0|
    |tmp_5016_reg_33715_pp0_iter71_reg          |    1|   0|    1|          0|
    |tmp_5018_reg_35576                         |    7|   0|    7|          0|
    |tmp_5019_reg_32487                         |    1|   0|    1|          0|
    |tmp_5019_reg_32487_pp0_iter70_reg          |    1|   0|    1|          0|
    |tmp_5020_reg_32492                         |   11|   0|   11|          0|
    |tmp_5022_reg_35610                         |    7|   0|    7|          0|
    |tmp_5023_reg_32507                         |    1|   0|    1|          0|
    |tmp_5023_reg_32507_pp0_iter70_reg          |    1|   0|    1|          0|
    |tmp_5024_reg_32512                         |   11|   0|   11|          0|
    |tmp_5026_reg_35644                         |    7|   0|    7|          0|
    |tmp_5027_reg_32527                         |    1|   0|    1|          0|
    |tmp_5027_reg_32527_pp0_iter70_reg          |    1|   0|    1|          0|
    |tmp_5028_reg_32532                         |   11|   0|   11|          0|
    |tmp_5030_reg_35678                         |    7|   0|    7|          0|
    |tmp_5031_reg_29920                         |   31|   0|   31|          0|
    |tmp_5033_reg_30909                         |    1|   0|    1|          0|
    |tmp_5034_reg_33802                         |    1|   0|    1|          0|
    |tmp_5034_reg_33802_pp0_iter71_reg          |    1|   0|    1|          0|
    |tmp_5036_reg_35712                         |    7|   0|    7|          0|
    |tmp_5037_reg_32552                         |    1|   0|    1|          0|
    |tmp_5037_reg_32552_pp0_iter70_reg          |    1|   0|    1|          0|
    |tmp_5038_reg_32557                         |   11|   0|   11|          0|
    |tmp_5040_reg_35746                         |    7|   0|    7|          0|
    |tmp_5041_reg_32572                         |    1|   0|    1|          0|
    |tmp_5041_reg_32572_pp0_iter70_reg          |    1|   0|    1|          0|
    |tmp_5042_reg_32577                         |   11|   0|   11|          0|
    |tmp_5044_reg_35780                         |    7|   0|    7|          0|
    |tmp_5045_reg_32592                         |    1|   0|    1|          0|
    |tmp_5045_reg_32592_pp0_iter70_reg          |    1|   0|    1|          0|
    |tmp_5046_reg_32597                         |   11|   0|   11|          0|
    |tmp_5048_reg_35814                         |    7|   0|    7|          0|
    |tmp_5049_reg_29951                         |   31|   0|   31|          0|
    |tmp_5051_reg_30919                         |    1|   0|    1|          0|
    |tmp_5052_reg_33889                         |    1|   0|    1|          0|
    |tmp_5052_reg_33889_pp0_iter71_reg          |    1|   0|    1|          0|
    |tmp_5054_reg_35848                         |    7|   0|    7|          0|
    |tmp_5055_reg_32617                         |    1|   0|    1|          0|
    |tmp_5055_reg_32617_pp0_iter70_reg          |    1|   0|    1|          0|
    |tmp_5056_reg_32622                         |   11|   0|   11|          0|
    |tmp_5058_reg_35876                         |    7|   0|    7|          0|
    |tmp_5059_reg_32637                         |    1|   0|    1|          0|
    |tmp_5059_reg_32637_pp0_iter70_reg          |    1|   0|    1|          0|
    |tmp_5060_reg_32642                         |   11|   0|   11|          0|
    |tmp_5062_reg_35915                         |    7|   0|    7|          0|
    |tmp_5063_reg_32657                         |    1|   0|    1|          0|
    |tmp_5063_reg_32657_pp0_iter70_reg          |    1|   0|    1|          0|
    |tmp_5064_reg_32662                         |   11|   0|   11|          0|
    |tmp_5066_reg_35949                         |    7|   0|    7|          0|
    |tmp_5067_reg_29982                         |   31|   0|   31|          0|
    |tmp_5069_reg_30929                         |    1|   0|    1|          0|
    |tmp_5070_reg_33976                         |    1|   0|    1|          0|
    |tmp_5070_reg_33976_pp0_iter71_reg          |    1|   0|    1|          0|
    |tmp_5072_reg_35983                         |    7|   0|    7|          0|
    |tmp_5073_reg_32682                         |    1|   0|    1|          0|
    |tmp_5073_reg_32682_pp0_iter70_reg          |    1|   0|    1|          0|
    |tmp_5074_reg_32687                         |   11|   0|   11|          0|
    |tmp_5076_reg_36017                         |    7|   0|    7|          0|
    |tmp_5077_reg_32702                         |    1|   0|    1|          0|
    |tmp_5077_reg_32702_pp0_iter70_reg          |    1|   0|    1|          0|
    |tmp_5078_reg_32707                         |   11|   0|   11|          0|
    |tmp_5080_reg_36051                         |    7|   0|    7|          0|
    |tmp_5081_reg_32722                         |    1|   0|    1|          0|
    |tmp_5081_reg_32722_pp0_iter70_reg          |    1|   0|    1|          0|
    |tmp_5082_reg_32727                         |   11|   0|   11|          0|
    |tmp_5084_reg_36085                         |    7|   0|    7|          0|
    |tmp_5085_reg_30013                         |   31|   0|   31|          0|
    |tmp_5087_reg_30939                         |    1|   0|    1|          0|
    |tmp_5088_reg_34063                         |    1|   0|    1|          0|
    |tmp_5088_reg_34063_pp0_iter71_reg          |    1|   0|    1|          0|
    |tmp_5090_reg_36119                         |    7|   0|    7|          0|
    |tmp_5091_reg_32747                         |    1|   0|    1|          0|
    |tmp_5091_reg_32747_pp0_iter70_reg          |    1|   0|    1|          0|
    |tmp_5092_reg_32752                         |   11|   0|   11|          0|
    |tmp_5094_reg_36153                         |    7|   0|    7|          0|
    |tmp_5095_reg_32767                         |    1|   0|    1|          0|
    |tmp_5095_reg_32767_pp0_iter70_reg          |    1|   0|    1|          0|
    |tmp_5096_reg_32772                         |   11|   0|   11|          0|
    |tmp_5098_reg_36187                         |    7|   0|    7|          0|
    |tmp_5099_reg_32787                         |    1|   0|    1|          0|
    |tmp_5099_reg_32787_pp0_iter70_reg          |    1|   0|    1|          0|
    |tmp_5100_reg_32792                         |   11|   0|   11|          0|
    |tmp_5102_reg_36221                         |    7|   0|    7|          0|
    |tmp_5103_reg_30044                         |   31|   0|   31|          0|
    |tmp_5105_reg_30949                         |    1|   0|    1|          0|
    |tmp_5106_reg_34150                         |    1|   0|    1|          0|
    |tmp_5106_reg_34150_pp0_iter71_reg          |    1|   0|    1|          0|
    |tmp_5108_reg_36255                         |    7|   0|    7|          0|
    |tmp_5109_reg_32812                         |    1|   0|    1|          0|
    |tmp_5109_reg_32812_pp0_iter70_reg          |    1|   0|    1|          0|
    |tmp_5110_reg_32817                         |   11|   0|   11|          0|
    |tmp_5112_reg_36289                         |    7|   0|    7|          0|
    |tmp_5113_reg_32832                         |    1|   0|    1|          0|
    |tmp_5113_reg_32832_pp0_iter70_reg          |    1|   0|    1|          0|
    |tmp_5114_reg_32837                         |   11|   0|   11|          0|
    |tmp_5116_reg_36323                         |    7|   0|    7|          0|
    |tmp_5117_reg_32852                         |    1|   0|    1|          0|
    |tmp_5117_reg_32852_pp0_iter70_reg          |    1|   0|    1|          0|
    |tmp_5118_reg_32857                         |   11|   0|   11|          0|
    |tmp_5120_reg_36357                         |    7|   0|    7|          0|
    |tmp_5121_reg_30075                         |   31|   0|   31|          0|
    |tmp_5123_reg_30959                         |    1|   0|    1|          0|
    |tmp_5124_reg_34237                         |    1|   0|    1|          0|
    |tmp_5124_reg_34237_pp0_iter71_reg          |    1|   0|    1|          0|
    |tmp_5126_reg_36391                         |    7|   0|    7|          0|
    |tmp_5127_reg_32877                         |    1|   0|    1|          0|
    |tmp_5127_reg_32877_pp0_iter70_reg          |    1|   0|    1|          0|
    |tmp_5128_reg_32882                         |   11|   0|   11|          0|
    |tmp_5130_reg_36425                         |    7|   0|    7|          0|
    |tmp_5131_reg_32897                         |    1|   0|    1|          0|
    |tmp_5131_reg_32897_pp0_iter70_reg          |    1|   0|    1|          0|
    |tmp_5132_reg_32902                         |   11|   0|   11|          0|
    |tmp_5134_reg_36459                         |    7|   0|    7|          0|
    |tmp_5135_reg_32917                         |    1|   0|    1|          0|
    |tmp_5135_reg_32917_pp0_iter70_reg          |    1|   0|    1|          0|
    |tmp_5136_reg_32922                         |   11|   0|   11|          0|
    |tmp_5138_reg_36493                         |    7|   0|    7|          0|
    |tmp_59_reg_28595                           |   10|   0|   10|          0|
    |tmp_62_reg_28600                           |    8|   0|    8|          0|
    |tmp_66_reg_28404                           |    6|   0|    6|          0|
    |tmp_6_reg_28349                            |   10|   0|   10|          0|
    |tmp_76_reg_28677                           |   10|   0|   10|          0|
    |tmp_79_reg_28682                           |    8|   0|    8|          0|
    |tmp_82_reg_28409                           |    6|   0|    6|          0|
    |tmp_83_reg_28441                           |    9|   0|    9|          0|
    |tmp_93_reg_28759                           |   10|   0|   10|          0|
    |tmp_96_reg_28764                           |    8|   0|    8|          0|
    |tmp_99_reg_28446                           |    6|   0|    6|          0|
    |tmp_s_reg_31927                            |   11|   0|   11|          0|
    |trunc_ln55_10_reg_29137                    |    8|   0|    8|          0|
    |trunc_ln55_11_reg_29219                    |    8|   0|    8|          0|
    |trunc_ln55_12_reg_29301                    |    8|   0|    8|          0|
    |trunc_ln55_13_reg_29383                    |    8|   0|    8|          0|
    |trunc_ln55_14_reg_29465                    |    8|   0|    8|          0|
    |trunc_ln55_15_reg_29547                    |    8|   0|    8|          0|
    |trunc_ln55_1_reg_28399                     |    8|   0|    8|          0|
    |trunc_ln55_2_reg_28481                     |    8|   0|    8|          0|
    |trunc_ln55_3_reg_28563                     |    8|   0|    8|          0|
    |trunc_ln55_4_reg_28645                     |    8|   0|    8|          0|
    |trunc_ln55_5_reg_28727                     |    8|   0|    8|          0|
    |trunc_ln55_6_reg_28809                     |    8|   0|    8|          0|
    |trunc_ln55_7_reg_28891                     |    8|   0|    8|          0|
    |trunc_ln55_8_reg_28973                     |    8|   0|    8|          0|
    |trunc_ln55_9_reg_29055                     |    8|   0|    8|          0|
    |trunc_ln55_reg_28317                       |    8|   0|    8|          0|
    |trunc_ln58_100_reg_29246                   |    4|   0|    4|          0|
    |trunc_ln58_103_reg_33895                   |   52|   0|   52|          0|
    |trunc_ln58_104_reg_33913                   |   11|   0|   11|          0|
    |trunc_ln58_105_reg_35842                   |   16|   0|   16|          0|
    |trunc_ln58_108_reg_29316                   |   11|   0|   11|          0|
    |trunc_ln58_109_reg_29328                   |    4|   0|    4|          0|
    |trunc_ln58_10_reg_28426                    |    4|   0|    4|          0|
    |trunc_ln58_112_reg_33982                   |   52|   0|   52|          0|
    |trunc_ln58_113_reg_34000                   |   11|   0|   11|          0|
    |trunc_ln58_114_reg_35977                   |   16|   0|   16|          0|
    |trunc_ln58_117_reg_29398                   |   11|   0|   11|          0|
    |trunc_ln58_118_reg_29410                   |    4|   0|    4|          0|
    |trunc_ln58_121_reg_34069                   |   52|   0|   52|          0|
    |trunc_ln58_122_reg_34087                   |   11|   0|   11|          0|
    |trunc_ln58_123_reg_36113                   |   16|   0|   16|          0|
    |trunc_ln58_126_reg_29480                   |   11|   0|   11|          0|
    |trunc_ln58_127_reg_29492                   |    4|   0|    4|          0|
    |trunc_ln58_130_reg_34156                   |   52|   0|   52|          0|
    |trunc_ln58_131_reg_34174                   |   11|   0|   11|          0|
    |trunc_ln58_132_reg_36249                   |   16|   0|   16|          0|
    |trunc_ln58_135_reg_29562                   |   11|   0|   11|          0|
    |trunc_ln58_136_reg_29574                   |    4|   0|    4|          0|
    |trunc_ln58_139_reg_34243                   |   52|   0|   52|          0|
    |trunc_ln58_13_reg_33025                    |   52|   0|   52|          0|
    |trunc_ln58_140_reg_34261                   |   11|   0|   11|          0|
    |trunc_ln58_141_reg_36385                   |   16|   0|   16|          0|
    |trunc_ln58_14_reg_33043                    |   11|   0|   11|          0|
    |trunc_ln58_15_reg_34483                    |   16|   0|   16|          0|
    |trunc_ln58_18_reg_28496                    |   11|   0|   11|          0|
    |trunc_ln58_19_reg_28508                    |    4|   0|    4|          0|
    |trunc_ln58_1_reg_28344                     |    4|   0|    4|          0|
    |trunc_ln58_22_reg_33112                    |   52|   0|   52|          0|
    |trunc_ln58_23_reg_33130                    |   11|   0|   11|          0|
    |trunc_ln58_24_reg_34619                    |   16|   0|   16|          0|
    |trunc_ln58_27_reg_28578                    |   11|   0|   11|          0|
    |trunc_ln58_28_reg_28590                    |    4|   0|    4|          0|
    |trunc_ln58_31_reg_33199                    |   52|   0|   52|          0|
    |trunc_ln58_32_reg_33217                    |   11|   0|   11|          0|
    |trunc_ln58_33_reg_34755                    |   16|   0|   16|          0|
    |trunc_ln58_36_reg_28660                    |   11|   0|   11|          0|
    |trunc_ln58_37_reg_28672                    |    4|   0|    4|          0|
    |trunc_ln58_40_reg_33286                    |   52|   0|   52|          0|
    |trunc_ln58_41_reg_33304                    |   11|   0|   11|          0|
    |trunc_ln58_42_reg_34891                    |   16|   0|   16|          0|
    |trunc_ln58_45_reg_28742                    |   11|   0|   11|          0|
    |trunc_ln58_46_reg_28754                    |    4|   0|    4|          0|
    |trunc_ln58_49_reg_33373                    |   52|   0|   52|          0|
    |trunc_ln58_4_reg_32938                     |   52|   0|   52|          0|
    |trunc_ln58_50_reg_33391                    |   11|   0|   11|          0|
    |trunc_ln58_51_reg_35027                    |   16|   0|   16|          0|
    |trunc_ln58_54_reg_28824                    |   11|   0|   11|          0|
    |trunc_ln58_55_reg_28836                    |    4|   0|    4|          0|
    |trunc_ln58_58_reg_33460                    |   52|   0|   52|          0|
    |trunc_ln58_59_reg_33478                    |   11|   0|   11|          0|
    |trunc_ln58_5_reg_32956                     |   11|   0|   11|          0|
    |trunc_ln58_60_reg_35163                    |   16|   0|   16|          0|
    |trunc_ln58_63_reg_28906                    |   11|   0|   11|          0|
    |trunc_ln58_64_reg_28918                    |    4|   0|    4|          0|
    |trunc_ln58_67_reg_33547                    |   52|   0|   52|          0|
    |trunc_ln58_68_reg_33565                    |   11|   0|   11|          0|
    |trunc_ln58_69_reg_35299                    |   16|   0|   16|          0|
    |trunc_ln58_6_reg_34347                     |   16|   0|   16|          0|
    |trunc_ln58_72_reg_28988                    |   11|   0|   11|          0|
    |trunc_ln58_73_reg_29000                    |    4|   0|    4|          0|
    |trunc_ln58_76_reg_33634                    |   52|   0|   52|          0|
    |trunc_ln58_77_reg_33652                    |   11|   0|   11|          0|
    |trunc_ln58_78_reg_35435                    |   16|   0|   16|          0|
    |trunc_ln58_81_reg_29070                    |   11|   0|   11|          0|
    |trunc_ln58_82_reg_29082                    |    4|   0|    4|          0|
    |trunc_ln58_85_reg_33721                    |   52|   0|   52|          0|
    |trunc_ln58_86_reg_33739                    |   11|   0|   11|          0|
    |trunc_ln58_87_reg_35570                    |   16|   0|   16|          0|
    |trunc_ln58_90_reg_29152                    |   11|   0|   11|          0|
    |trunc_ln58_91_reg_29164                    |    4|   0|    4|          0|
    |trunc_ln58_94_reg_33808                    |   52|   0|   52|          0|
    |trunc_ln58_95_reg_33826                    |   11|   0|   11|          0|
    |trunc_ln58_96_reg_35706                    |   16|   0|   16|          0|
    |trunc_ln58_99_reg_29234                    |   11|   0|   11|          0|
    |trunc_ln58_9_reg_28414                     |   11|   0|   11|          0|
    |trunc_ln58_reg_28332                       |   11|   0|   11|          0|
    |trunc_ln59_12_reg_32027                    |   63|   0|   63|          0|
    |trunc_ln59_13_reg_32042                    |   52|   0|   52|          0|
    |trunc_ln59_13_reg_32042_pp0_iter70_reg     |   52|   0|   52|          0|
    |trunc_ln59_14_reg_33149                    |   11|   0|   11|          0|
    |trunc_ln59_15_reg_34653                    |   16|   0|   16|          0|
    |trunc_ln59_18_reg_32092                    |   63|   0|   63|          0|
    |trunc_ln59_19_reg_32107                    |   52|   0|   52|          0|
    |trunc_ln59_19_reg_32107_pp0_iter70_reg     |   52|   0|   52|          0|
    |trunc_ln59_1_reg_31912                     |   52|   0|   52|          0|
    |trunc_ln59_1_reg_31912_pp0_iter70_reg      |   52|   0|   52|          0|
    |trunc_ln59_20_reg_33236                    |   11|   0|   11|          0|
    |trunc_ln59_21_reg_34789                    |   16|   0|   16|          0|
    |trunc_ln59_24_reg_32157                    |   63|   0|   63|          0|
    |trunc_ln59_25_reg_32172                    |   52|   0|   52|          0|
    |trunc_ln59_25_reg_32172_pp0_iter70_reg     |   52|   0|   52|          0|
    |trunc_ln59_26_reg_33323                    |   11|   0|   11|          0|
    |trunc_ln59_27_reg_34925                    |   16|   0|   16|          0|
    |trunc_ln59_2_reg_32975                     |   11|   0|   11|          0|
    |trunc_ln59_30_reg_32222                    |   63|   0|   63|          0|
    |trunc_ln59_31_reg_32237                    |   52|   0|   52|          0|
    |trunc_ln59_31_reg_32237_pp0_iter70_reg     |   52|   0|   52|          0|
    |trunc_ln59_32_reg_33410                    |   11|   0|   11|          0|
    |trunc_ln59_33_reg_35061                    |   16|   0|   16|          0|
    |trunc_ln59_36_reg_32287                    |   63|   0|   63|          0|
    |trunc_ln59_37_reg_32302                    |   52|   0|   52|          0|
    |trunc_ln59_37_reg_32302_pp0_iter70_reg     |   52|   0|   52|          0|
    |trunc_ln59_38_reg_33497                    |   11|   0|   11|          0|
    |trunc_ln59_39_reg_35197                    |   16|   0|   16|          0|
    |trunc_ln59_3_reg_34381                     |   16|   0|   16|          0|
    |trunc_ln59_42_reg_32352                    |   63|   0|   63|          0|
    |trunc_ln59_43_reg_32367                    |   52|   0|   52|          0|
    |trunc_ln59_43_reg_32367_pp0_iter70_reg     |   52|   0|   52|          0|
    |trunc_ln59_44_reg_33584                    |   11|   0|   11|          0|
    |trunc_ln59_45_reg_35333                    |   16|   0|   16|          0|
    |trunc_ln59_48_reg_32417                    |   63|   0|   63|          0|
    |trunc_ln59_49_reg_32432                    |   52|   0|   52|          0|
    |trunc_ln59_49_reg_32432_pp0_iter70_reg     |   52|   0|   52|          0|
    |trunc_ln59_50_reg_33671                    |   11|   0|   11|          0|
    |trunc_ln59_51_reg_35469                    |   16|   0|   16|          0|
    |trunc_ln59_54_reg_32482                    |   63|   0|   63|          0|
    |trunc_ln59_55_reg_32497                    |   52|   0|   52|          0|
    |trunc_ln59_55_reg_32497_pp0_iter70_reg     |   52|   0|   52|          0|
    |trunc_ln59_56_reg_33758                    |   11|   0|   11|          0|
    |trunc_ln59_57_reg_35604                    |   16|   0|   16|          0|
    |trunc_ln59_60_reg_32547                    |   63|   0|   63|          0|
    |trunc_ln59_61_reg_32562                    |   52|   0|   52|          0|
    |trunc_ln59_61_reg_32562_pp0_iter70_reg     |   52|   0|   52|          0|
    |trunc_ln59_62_reg_33845                    |   11|   0|   11|          0|
    |trunc_ln59_63_reg_35740                    |   16|   0|   16|          0|
    |trunc_ln59_66_reg_32612                    |   63|   0|   63|          0|
    |trunc_ln59_67_reg_32627                    |   52|   0|   52|          0|
    |trunc_ln59_67_reg_32627_pp0_iter70_reg     |   52|   0|   52|          0|
    |trunc_ln59_68_reg_33932                    |   11|   0|   11|          0|
    |trunc_ln59_69_reg_35870                    |   16|   0|   16|          0|
    |trunc_ln59_6_reg_31962                     |   63|   0|   63|          0|
    |trunc_ln59_72_reg_32677                    |   63|   0|   63|          0|
    |trunc_ln59_73_reg_32692                    |   52|   0|   52|          0|
    |trunc_ln59_73_reg_32692_pp0_iter70_reg     |   52|   0|   52|          0|
    |trunc_ln59_74_reg_34019                    |   11|   0|   11|          0|
    |trunc_ln59_75_reg_36011                    |   16|   0|   16|          0|
    |trunc_ln59_78_reg_32742                    |   63|   0|   63|          0|
    |trunc_ln59_79_reg_32757                    |   52|   0|   52|          0|
    |trunc_ln59_79_reg_32757_pp0_iter70_reg     |   52|   0|   52|          0|
    |trunc_ln59_7_reg_31977                     |   52|   0|   52|          0|
    |trunc_ln59_7_reg_31977_pp0_iter70_reg      |   52|   0|   52|          0|
    |trunc_ln59_80_reg_34106                    |   11|   0|   11|          0|
    |trunc_ln59_81_reg_36147                    |   16|   0|   16|          0|
    |trunc_ln59_84_reg_32807                    |   63|   0|   63|          0|
    |trunc_ln59_85_reg_32822                    |   52|   0|   52|          0|
    |trunc_ln59_85_reg_32822_pp0_iter70_reg     |   52|   0|   52|          0|
    |trunc_ln59_86_reg_34193                    |   11|   0|   11|          0|
    |trunc_ln59_87_reg_36283                    |   16|   0|   16|          0|
    |trunc_ln59_8_reg_33062                     |   11|   0|   11|          0|
    |trunc_ln59_90_reg_32872                    |   63|   0|   63|          0|
    |trunc_ln59_91_reg_32887                    |   52|   0|   52|          0|
    |trunc_ln59_91_reg_32887_pp0_iter70_reg     |   52|   0|   52|          0|
    |trunc_ln59_92_reg_34280                    |   11|   0|   11|          0|
    |trunc_ln59_93_reg_36419                    |   16|   0|   16|          0|
    |trunc_ln59_9_reg_34517                     |   16|   0|   16|          0|
    |trunc_ln59_reg_31897                       |   63|   0|   63|          0|
    |trunc_ln74_12_reg_32047                    |   63|   0|   63|          0|
    |trunc_ln74_13_reg_32062                    |   52|   0|   52|          0|
    |trunc_ln74_13_reg_32062_pp0_iter70_reg     |   52|   0|   52|          0|
    |trunc_ln74_14_reg_33168                    |   11|   0|   11|          0|
    |trunc_ln74_15_reg_34687                    |   16|   0|   16|          0|
    |trunc_ln74_18_reg_32112                    |   63|   0|   63|          0|
    |trunc_ln74_19_reg_32127                    |   52|   0|   52|          0|
    |trunc_ln74_19_reg_32127_pp0_iter70_reg     |   52|   0|   52|          0|
    |trunc_ln74_1_reg_31932                     |   52|   0|   52|          0|
    |trunc_ln74_1_reg_31932_pp0_iter70_reg      |   52|   0|   52|          0|
    |trunc_ln74_20_reg_33255                    |   11|   0|   11|          0|
    |trunc_ln74_21_reg_34823                    |   16|   0|   16|          0|
    |trunc_ln74_24_reg_32177                    |   63|   0|   63|          0|
    |trunc_ln74_25_reg_32192                    |   52|   0|   52|          0|
    |trunc_ln74_25_reg_32192_pp0_iter70_reg     |   52|   0|   52|          0|
    |trunc_ln74_26_reg_33342                    |   11|   0|   11|          0|
    |trunc_ln74_27_reg_34959                    |   16|   0|   16|          0|
    |trunc_ln74_2_reg_32994                     |   11|   0|   11|          0|
    |trunc_ln74_30_reg_32242                    |   63|   0|   63|          0|
    |trunc_ln74_31_reg_32257                    |   52|   0|   52|          0|
    |trunc_ln74_31_reg_32257_pp0_iter70_reg     |   52|   0|   52|          0|
    |trunc_ln74_32_reg_33429                    |   11|   0|   11|          0|
    |trunc_ln74_33_reg_35095                    |   16|   0|   16|          0|
    |trunc_ln74_36_reg_32307                    |   63|   0|   63|          0|
    |trunc_ln74_37_reg_32322                    |   52|   0|   52|          0|
    |trunc_ln74_37_reg_32322_pp0_iter70_reg     |   52|   0|   52|          0|
    |trunc_ln74_38_reg_33516                    |   11|   0|   11|          0|
    |trunc_ln74_39_reg_35231                    |   16|   0|   16|          0|
    |trunc_ln74_3_reg_34415                     |   16|   0|   16|          0|
    |trunc_ln74_42_reg_32372                    |   63|   0|   63|          0|
    |trunc_ln74_43_reg_32387                    |   52|   0|   52|          0|
    |trunc_ln74_43_reg_32387_pp0_iter70_reg     |   52|   0|   52|          0|
    |trunc_ln74_44_reg_33603                    |   11|   0|   11|          0|
    |trunc_ln74_45_reg_35367                    |   16|   0|   16|          0|
    |trunc_ln74_48_reg_32437                    |   63|   0|   63|          0|
    |trunc_ln74_49_reg_32452                    |   52|   0|   52|          0|
    |trunc_ln74_49_reg_32452_pp0_iter70_reg     |   52|   0|   52|          0|
    |trunc_ln74_50_reg_33690                    |   11|   0|   11|          0|
    |trunc_ln74_51_reg_35497                    |   16|   0|   16|          0|
    |trunc_ln74_54_reg_32502                    |   63|   0|   63|          0|
    |trunc_ln74_55_reg_32517                    |   52|   0|   52|          0|
    |trunc_ln74_55_reg_32517_pp0_iter70_reg     |   52|   0|   52|          0|
    |trunc_ln74_56_reg_33777                    |   11|   0|   11|          0|
    |trunc_ln74_57_reg_35638                    |   16|   0|   16|          0|
    |trunc_ln74_60_reg_32567                    |   63|   0|   63|          0|
    |trunc_ln74_61_reg_32582                    |   52|   0|   52|          0|
    |trunc_ln74_61_reg_32582_pp0_iter70_reg     |   52|   0|   52|          0|
    |trunc_ln74_62_reg_33864                    |   11|   0|   11|          0|
    |trunc_ln74_63_reg_35774                    |   16|   0|   16|          0|
    |trunc_ln74_66_reg_32632                    |   63|   0|   63|          0|
    |trunc_ln74_67_reg_32647                    |   52|   0|   52|          0|
    |trunc_ln74_67_reg_32647_pp0_iter70_reg     |   52|   0|   52|          0|
    |trunc_ln74_68_reg_33951                    |   11|   0|   11|          0|
    |trunc_ln74_69_reg_35909                    |   16|   0|   16|          0|
    |trunc_ln74_6_reg_31982                     |   63|   0|   63|          0|
    |trunc_ln74_72_reg_32697                    |   63|   0|   63|          0|
    |trunc_ln74_73_reg_32712                    |   52|   0|   52|          0|
    |trunc_ln74_73_reg_32712_pp0_iter70_reg     |   52|   0|   52|          0|
    |trunc_ln74_74_reg_34038                    |   11|   0|   11|          0|
    |trunc_ln74_75_reg_36045                    |   16|   0|   16|          0|
    |trunc_ln74_78_reg_32762                    |   63|   0|   63|          0|
    |trunc_ln74_79_reg_32777                    |   52|   0|   52|          0|
    |trunc_ln74_79_reg_32777_pp0_iter70_reg     |   52|   0|   52|          0|
    |trunc_ln74_7_reg_31997                     |   52|   0|   52|          0|
    |trunc_ln74_7_reg_31997_pp0_iter70_reg      |   52|   0|   52|          0|
    |trunc_ln74_80_reg_34125                    |   11|   0|   11|          0|
    |trunc_ln74_81_reg_36181                    |   16|   0|   16|          0|
    |trunc_ln74_84_reg_32827                    |   63|   0|   63|          0|
    |trunc_ln74_85_reg_32842                    |   52|   0|   52|          0|
    |trunc_ln74_85_reg_32842_pp0_iter70_reg     |   52|   0|   52|          0|
    |trunc_ln74_86_reg_34212                    |   11|   0|   11|          0|
    |trunc_ln74_87_reg_36317                    |   16|   0|   16|          0|
    |trunc_ln74_8_reg_33081                     |   11|   0|   11|          0|
    |trunc_ln74_90_reg_32892                    |   63|   0|   63|          0|
    |trunc_ln74_91_reg_32907                    |   52|   0|   52|          0|
    |trunc_ln74_91_reg_32907_pp0_iter70_reg     |   52|   0|   52|          0|
    |trunc_ln74_92_reg_34299                    |   11|   0|   11|          0|
    |trunc_ln74_93_reg_36453                    |   16|   0|   16|          0|
    |trunc_ln74_9_reg_34551                     |   16|   0|   16|          0|
    |trunc_ln74_reg_31917                       |   63|   0|   63|          0|
    |trunc_ln75_12_reg_32067                    |   63|   0|   63|          0|
    |trunc_ln75_13_reg_32082                    |   52|   0|   52|          0|
    |trunc_ln75_13_reg_32082_pp0_iter70_reg     |   52|   0|   52|          0|
    |trunc_ln75_14_reg_33187                    |   11|   0|   11|          0|
    |trunc_ln75_15_reg_34721                    |   16|   0|   16|          0|
    |trunc_ln75_18_reg_32132                    |   63|   0|   63|          0|
    |trunc_ln75_19_reg_32147                    |   52|   0|   52|          0|
    |trunc_ln75_19_reg_32147_pp0_iter70_reg     |   52|   0|   52|          0|
    |trunc_ln75_1_reg_31952                     |   52|   0|   52|          0|
    |trunc_ln75_1_reg_31952_pp0_iter70_reg      |   52|   0|   52|          0|
    |trunc_ln75_20_reg_33274                    |   11|   0|   11|          0|
    |trunc_ln75_21_reg_34857                    |   16|   0|   16|          0|
    |trunc_ln75_24_reg_32197                    |   63|   0|   63|          0|
    |trunc_ln75_25_reg_32212                    |   52|   0|   52|          0|
    |trunc_ln75_25_reg_32212_pp0_iter70_reg     |   52|   0|   52|          0|
    |trunc_ln75_26_reg_33361                    |   11|   0|   11|          0|
    |trunc_ln75_27_reg_34993                    |   16|   0|   16|          0|
    |trunc_ln75_2_reg_33013                     |   11|   0|   11|          0|
    |trunc_ln75_30_reg_32262                    |   63|   0|   63|          0|
    |trunc_ln75_31_reg_32277                    |   52|   0|   52|          0|
    |trunc_ln75_31_reg_32277_pp0_iter70_reg     |   52|   0|   52|          0|
    |trunc_ln75_32_reg_33448                    |   11|   0|   11|          0|
    |trunc_ln75_33_reg_35129                    |   16|   0|   16|          0|
    |trunc_ln75_36_reg_32327                    |   63|   0|   63|          0|
    |trunc_ln75_37_reg_32342                    |   52|   0|   52|          0|
    |trunc_ln75_37_reg_32342_pp0_iter70_reg     |   52|   0|   52|          0|
    |trunc_ln75_38_reg_33535                    |   11|   0|   11|          0|
    |trunc_ln75_39_reg_35265                    |   16|   0|   16|          0|
    |trunc_ln75_3_reg_34449                     |   16|   0|   16|          0|
    |trunc_ln75_42_reg_32392                    |   63|   0|   63|          0|
    |trunc_ln75_43_reg_32407                    |   52|   0|   52|          0|
    |trunc_ln75_43_reg_32407_pp0_iter70_reg     |   52|   0|   52|          0|
    |trunc_ln75_44_reg_33622                    |   11|   0|   11|          0|
    |trunc_ln75_45_reg_35401                    |   16|   0|   16|          0|
    |trunc_ln75_48_reg_32457                    |   63|   0|   63|          0|
    |trunc_ln75_49_reg_32472                    |   52|   0|   52|          0|
    |trunc_ln75_49_reg_32472_pp0_iter70_reg     |   52|   0|   52|          0|
    |trunc_ln75_50_reg_33709                    |   11|   0|   11|          0|
    |trunc_ln75_51_reg_35536                    |   16|   0|   16|          0|
    |trunc_ln75_54_reg_32522                    |   63|   0|   63|          0|
    |trunc_ln75_55_reg_32537                    |   52|   0|   52|          0|
    |trunc_ln75_55_reg_32537_pp0_iter70_reg     |   52|   0|   52|          0|
    |trunc_ln75_56_reg_33796                    |   11|   0|   11|          0|
    |trunc_ln75_57_reg_35672                    |   16|   0|   16|          0|
    |trunc_ln75_60_reg_32587                    |   63|   0|   63|          0|
    |trunc_ln75_61_reg_32602                    |   52|   0|   52|          0|
    |trunc_ln75_61_reg_32602_pp0_iter70_reg     |   52|   0|   52|          0|
    |trunc_ln75_62_reg_33883                    |   11|   0|   11|          0|
    |trunc_ln75_63_reg_35808                    |   16|   0|   16|          0|
    |trunc_ln75_66_reg_32652                    |   63|   0|   63|          0|
    |trunc_ln75_67_reg_32667                    |   52|   0|   52|          0|
    |trunc_ln75_67_reg_32667_pp0_iter70_reg     |   52|   0|   52|          0|
    |trunc_ln75_68_reg_33970                    |   11|   0|   11|          0|
    |trunc_ln75_69_reg_35943                    |   16|   0|   16|          0|
    |trunc_ln75_6_reg_32002                     |   63|   0|   63|          0|
    |trunc_ln75_72_reg_32717                    |   63|   0|   63|          0|
    |trunc_ln75_73_reg_32732                    |   52|   0|   52|          0|
    |trunc_ln75_73_reg_32732_pp0_iter70_reg     |   52|   0|   52|          0|
    |trunc_ln75_74_reg_34057                    |   11|   0|   11|          0|
    |trunc_ln75_75_reg_36079                    |   16|   0|   16|          0|
    |trunc_ln75_78_reg_32782                    |   63|   0|   63|          0|
    |trunc_ln75_79_reg_32797                    |   52|   0|   52|          0|
    |trunc_ln75_79_reg_32797_pp0_iter70_reg     |   52|   0|   52|          0|
    |trunc_ln75_7_reg_32017                     |   52|   0|   52|          0|
    |trunc_ln75_7_reg_32017_pp0_iter70_reg      |   52|   0|   52|          0|
    |trunc_ln75_80_reg_34144                    |   11|   0|   11|          0|
    |trunc_ln75_81_reg_36215                    |   16|   0|   16|          0|
    |trunc_ln75_84_reg_32847                    |   63|   0|   63|          0|
    |trunc_ln75_85_reg_32862                    |   52|   0|   52|          0|
    |trunc_ln75_85_reg_32862_pp0_iter70_reg     |   52|   0|   52|          0|
    |trunc_ln75_86_reg_34231                    |   11|   0|   11|          0|
    |trunc_ln75_87_reg_36351                    |   16|   0|   16|          0|
    |trunc_ln75_8_reg_33100                     |   11|   0|   11|          0|
    |trunc_ln75_90_reg_32912                    |   63|   0|   63|          0|
    |trunc_ln75_91_reg_32927                    |   52|   0|   52|          0|
    |trunc_ln75_91_reg_32927_pp0_iter70_reg     |   52|   0|   52|          0|
    |trunc_ln75_92_reg_34318                    |   11|   0|   11|          0|
    |trunc_ln75_93_reg_36487                    |   16|   0|   16|          0|
    |trunc_ln75_9_reg_34585                     |   16|   0|   16|          0|
    |trunc_ln75_reg_31937                       |   63|   0|   63|          0|
    |candidate_hwEta_10_reg_29120               |   64|  32|   12|          0|
    |candidate_hwEta_11_reg_29202               |   64|  32|   12|          0|
    |candidate_hwEta_12_reg_29284               |   64|  32|   12|          0|
    |candidate_hwEta_13_reg_29366               |   64|  32|   12|          0|
    |candidate_hwEta_14_reg_29448               |   64|  32|   12|          0|
    |candidate_hwEta_15_reg_29530               |   64|  32|   12|          0|
    |candidate_hwEta_1_reg_28382                |   64|  32|   12|          0|
    |candidate_hwEta_2_reg_28464                |   64|  32|   12|          0|
    |candidate_hwEta_3_reg_28546                |   64|  32|   12|          0|
    |candidate_hwEta_4_reg_28628                |   64|  32|   12|          0|
    |candidate_hwEta_5_reg_28710                |   64|  32|   12|          0|
    |candidate_hwEta_6_reg_28792                |   64|  32|   12|          0|
    |candidate_hwEta_7_reg_28874                |   64|  32|   12|          0|
    |candidate_hwEta_8_reg_28956                |   64|  32|   12|          0|
    |candidate_hwEta_9_reg_29038                |   64|  32|   12|          0|
    |candidate_hwEta_reg_28300                  |   64|  32|   12|          0|
    |candidate_hwId_10_reg_29125                |   64|  32|    3|          0|
    |candidate_hwId_11_reg_29207                |   64|  32|    3|          0|
    |candidate_hwId_12_reg_29289                |   64|  32|    3|          0|
    |candidate_hwId_13_reg_29371                |   64|  32|    3|          0|
    |candidate_hwId_14_reg_29453                |   64|  32|    3|          0|
    |candidate_hwId_15_reg_29535                |   64|  32|    3|          0|
    |candidate_hwId_1_reg_28387                 |   64|  32|    3|          0|
    |candidate_hwId_2_reg_28469                 |   64|  32|    3|          0|
    |candidate_hwId_3_reg_28551                 |   64|  32|    3|          0|
    |candidate_hwId_4_reg_28633                 |   64|  32|    3|          0|
    |candidate_hwId_5_reg_28715                 |   64|  32|    3|          0|
    |candidate_hwId_6_reg_28797                 |   64|  32|    3|          0|
    |candidate_hwId_7_reg_28879                 |   64|  32|    3|          0|
    |candidate_hwId_8_reg_28961                 |   64|  32|    3|          0|
    |candidate_hwId_9_reg_29043                 |   64|  32|    3|          0|
    |candidate_hwId_reg_28305                   |   64|  32|    3|          0|
    |icmp_ln39_10_reg_30540                     |   64|  32|    1|          0|
    |icmp_ln39_11_reg_30584                     |   64|  32|    1|          0|
    |icmp_ln39_12_reg_30628                     |   64|  32|    1|          0|
    |icmp_ln39_13_reg_30672                     |   64|  32|    1|          0|
    |icmp_ln39_14_reg_30716                     |   64|  32|    1|          0|
    |icmp_ln39_15_reg_30760                     |   64|  32|    1|          0|
    |icmp_ln39_1_reg_30144                      |   64|  32|    1|          0|
    |icmp_ln39_2_reg_30188                      |   64|  32|    1|          0|
    |icmp_ln39_3_reg_30232                      |   64|  32|    1|          0|
    |icmp_ln39_4_reg_30276                      |   64|  32|    1|          0|
    |icmp_ln39_5_reg_30320                      |   64|  32|    1|          0|
    |icmp_ln39_6_reg_30364                      |   64|  32|    1|          0|
    |icmp_ln39_7_reg_30408                      |   64|  32|    1|          0|
    |icmp_ln39_8_reg_30452                      |   64|  32|    1|          0|
    |icmp_ln39_9_reg_30496                      |   64|  32|    1|          0|
    |icmp_ln39_reg_30100                        |   64|  32|    1|          0|
    |mul_i1_reg_31604                           |   64|  32|   32|          0|
    |mul_i207_10_reg_31802                      |   64|  32|   32|          0|
    |mul_i207_11_reg_31820                      |   64|  32|   32|          0|
    |mul_i207_12_reg_31838                      |   64|  32|   32|          0|
    |mul_i207_13_reg_31856                      |   64|  32|   32|          0|
    |mul_i207_14_reg_31874                      |   64|  32|   32|          0|
    |mul_i207_1_reg_31622                       |   64|  32|   32|          0|
    |mul_i207_2_reg_31640                       |   64|  32|   32|          0|
    |mul_i207_3_reg_31658                       |   64|  32|   32|          0|
    |mul_i207_4_reg_31676                       |   64|  32|   32|          0|
    |mul_i207_5_reg_31694                       |   64|  32|   32|          0|
    |mul_i207_6_reg_31712                       |   64|  32|   32|          0|
    |mul_i207_7_reg_31730                       |   64|  32|   32|          0|
    |mul_i207_8_reg_31748                       |   64|  32|   32|          0|
    |mul_i207_9_reg_31766                       |   64|  32|   32|          0|
    |mul_i207_s_reg_31784                       |   64|  32|   32|          0|
    |mul_i211_10_reg_31808                      |   64|  32|   32|          0|
    |mul_i211_11_reg_31826                      |   64|  32|   32|          0|
    |mul_i211_12_reg_31844                      |   64|  32|   32|          0|
    |mul_i211_13_reg_31862                      |   64|  32|   32|          0|
    |mul_i211_14_reg_31880                      |   64|  32|   32|          0|
    |mul_i211_1_reg_31628                       |   64|  32|   32|          0|
    |mul_i211_2_reg_31646                       |   64|  32|   32|          0|
    |mul_i211_3_reg_31664                       |   64|  32|   32|          0|
    |mul_i211_4_reg_31682                       |   64|  32|   32|          0|
    |mul_i211_5_reg_31700                       |   64|  32|   32|          0|
    |mul_i211_6_reg_31718                       |   64|  32|   32|          0|
    |mul_i211_7_reg_31736                       |   64|  32|   32|          0|
    |mul_i211_8_reg_31754                       |   64|  32|   32|          0|
    |mul_i211_9_reg_31772                       |   64|  32|   32|          0|
    |mul_i211_s_reg_31790                       |   64|  32|   32|          0|
    |mul_i3_reg_31610                           |   64|  32|   32|          0|
    |mul_i_10_reg_31814                         |   64|  32|   32|          0|
    |mul_i_11_reg_31832                         |   64|  32|   32|          0|
    |mul_i_12_reg_31850                         |   64|  32|   32|          0|
    |mul_i_13_reg_31868                         |   64|  32|   32|          0|
    |mul_i_14_reg_31886                         |   64|  32|   32|          0|
    |mul_i_1_reg_31634                          |   64|  32|   32|          0|
    |mul_i_2_reg_31652                          |   64|  32|   32|          0|
    |mul_i_3_reg_31670                          |   64|  32|   32|          0|
    |mul_i_4_reg_31688                          |   64|  32|   32|          0|
    |mul_i_5_reg_31706                          |   64|  32|   32|          0|
    |mul_i_6_reg_31724                          |   64|  32|   32|          0|
    |mul_i_7_reg_31742                          |   64|  32|   32|          0|
    |mul_i_8_reg_31760                          |   64|  32|   32|          0|
    |mul_i_9_reg_31778                          |   64|  32|   32|          0|
    |mul_i_reg_31616                            |   64|  32|   32|          0|
    |mul_i_s_reg_31796                          |   64|  32|   32|          0|
    |tmp_100_reg_28451                          |   64|  32|    3|          0|
    |tmp_110_reg_28841                          |   64|  32|   10|          0|
    |tmp_113_reg_28846                          |   64|  32|    8|          0|
    |tmp_117_reg_28486                          |   64|  32|    6|          0|
    |tmp_11_reg_28354                           |   64|  32|    8|          0|
    |tmp_127_reg_28923                          |   64|  32|   10|          0|
    |tmp_130_reg_28928                          |   64|  32|    8|          0|
    |tmp_133_reg_28491                          |   64|  32|    6|          0|
    |tmp_134_reg_28523                          |   64|  32|    9|          0|
    |tmp_144_reg_29005                          |   64|  32|   10|          0|
    |tmp_147_reg_29010                          |   64|  32|    8|          0|
    |tmp_150_reg_28528                          |   64|  32|    6|          0|
    |tmp_151_reg_28533                          |   64|  32|    3|          0|
    |tmp_15_reg_28322                           |   64|  32|    6|          0|
    |tmp_161_reg_29087                          |   64|  32|   10|          0|
    |tmp_164_reg_29092                          |   64|  32|    8|          0|
    |tmp_168_reg_28568                          |   64|  32|    6|          0|
    |tmp_178_reg_29169                          |   64|  32|   10|          0|
    |tmp_181_reg_29174                          |   64|  32|    8|          0|
    |tmp_184_reg_28573                          |   64|  32|    6|          0|
    |tmp_185_reg_28605                          |   64|  32|    9|          0|
    |tmp_195_reg_29251                          |   64|  32|   10|          0|
    |tmp_198_reg_29256                          |   64|  32|    8|          0|
    |tmp_201_reg_28610                          |   64|  32|    6|          0|
    |tmp_202_reg_28615                          |   64|  32|    3|          0|
    |tmp_212_reg_29333                          |   64|  32|   10|          0|
    |tmp_215_reg_29338                          |   64|  32|    8|          0|
    |tmp_219_reg_28650                          |   64|  32|    6|          0|
    |tmp_229_reg_29415                          |   64|  32|   10|          0|
    |tmp_232_reg_29420                          |   64|  32|    8|          0|
    |tmp_235_reg_28655                          |   64|  32|    6|          0|
    |tmp_236_reg_28687                          |   64|  32|    9|          0|
    |tmp_246_reg_29497                          |   64|  32|   10|          0|
    |tmp_249_reg_29502                          |   64|  32|    8|          0|
    |tmp_252_reg_28692                          |   64|  32|    6|          0|
    |tmp_253_reg_28697                          |   64|  32|    3|          0|
    |tmp_25_reg_28431                           |   64|  32|   10|          0|
    |tmp_263_reg_29579                          |   64|  32|   10|          0|
    |tmp_266_reg_29584                          |   64|  32|    8|          0|
    |tmp_270_reg_28732                          |   64|  32|    6|          0|
    |tmp_271_reg_28737                          |   64|  32|    6|          0|
    |tmp_272_reg_28769                          |   64|  32|    9|          0|
    |tmp_273_reg_28774                          |   64|  32|    6|          0|
    |tmp_274_reg_28779                          |   64|  32|    3|          0|
    |tmp_276_reg_28814                          |   64|  32|    6|          0|
    |tmp_277_reg_28819                          |   64|  32|    6|          0|
    |tmp_278_reg_28851                          |   64|  32|    9|          0|
    |tmp_279_reg_28856                          |   64|  32|    6|          0|
    |tmp_280_reg_28861                          |   64|  32|    3|          0|
    |tmp_282_reg_28896                          |   64|  32|    6|          0|
    |tmp_283_reg_28901                          |   64|  32|    6|          0|
    |tmp_284_reg_28933                          |   64|  32|    9|          0|
    |tmp_285_reg_28938                          |   64|  32|    6|          0|
    |tmp_286_reg_28943                          |   64|  32|    3|          0|
    |tmp_288_reg_28978                          |   64|  32|    6|          0|
    |tmp_289_reg_28983                          |   64|  32|    6|          0|
    |tmp_28_reg_28436                           |   64|  32|    8|          0|
    |tmp_290_reg_29015                          |   64|  32|    9|          0|
    |tmp_291_reg_29020                          |   64|  32|    6|          0|
    |tmp_292_reg_29025                          |   64|  32|    3|          0|
    |tmp_294_reg_29060                          |   64|  32|    6|          0|
    |tmp_295_reg_29065                          |   64|  32|    6|          0|
    |tmp_296_reg_29097                          |   64|  32|    9|          0|
    |tmp_297_reg_29102                          |   64|  32|    6|          0|
    |tmp_298_reg_29107                          |   64|  32|    3|          0|
    |tmp_300_reg_29142                          |   64|  32|    6|          0|
    |tmp_301_reg_29147                          |   64|  32|    6|          0|
    |tmp_302_reg_29179                          |   64|  32|    9|          0|
    |tmp_303_reg_29184                          |   64|  32|    6|          0|
    |tmp_304_reg_29189                          |   64|  32|    3|          0|
    |tmp_306_reg_29224                          |   64|  32|    6|          0|
    |tmp_307_reg_29229                          |   64|  32|    6|          0|
    |tmp_308_reg_29261                          |   64|  32|    9|          0|
    |tmp_309_reg_29266                          |   64|  32|    6|          0|
    |tmp_310_reg_29271                          |   64|  32|    3|          0|
    |tmp_312_reg_29306                          |   64|  32|    6|          0|
    |tmp_313_reg_29311                          |   64|  32|    6|          0|
    |tmp_314_reg_29343                          |   64|  32|    9|          0|
    |tmp_315_reg_29348                          |   64|  32|    6|          0|
    |tmp_316_reg_29353                          |   64|  32|    3|          0|
    |tmp_318_reg_29388                          |   64|  32|    6|          0|
    |tmp_319_reg_29393                          |   64|  32|    6|          0|
    |tmp_31_reg_28327                           |   64|  32|    6|          0|
    |tmp_320_reg_29425                          |   64|  32|    9|          0|
    |tmp_321_reg_29430                          |   64|  32|    6|          0|
    |tmp_322_reg_29435                          |   64|  32|    3|          0|
    |tmp_324_reg_29470                          |   64|  32|    6|          0|
    |tmp_325_reg_29475                          |   64|  32|    6|          0|
    |tmp_326_reg_29507                          |   64|  32|    9|          0|
    |tmp_327_reg_29512                          |   64|  32|    6|          0|
    |tmp_328_reg_29517                          |   64|  32|    3|          0|
    |tmp_32_reg_28359                           |   64|  32|    9|          0|
    |tmp_330_reg_29552                          |   64|  32|    6|          0|
    |tmp_331_reg_29557                          |   64|  32|    6|          0|
    |tmp_332_reg_29589                          |   64|  32|    9|          0|
    |tmp_333_reg_29594                          |   64|  32|    6|          0|
    |tmp_334_reg_29599                          |   64|  32|    3|          0|
    |tmp_42_reg_28513                           |   64|  32|   10|          0|
    |tmp_45_reg_28518                           |   64|  32|    8|          0|
    |tmp_48_reg_28364                           |   64|  32|    6|          0|
    |tmp_49_reg_28369                           |   64|  32|    3|          0|
    |tmp_59_reg_28595                           |   64|  32|   10|          0|
    |tmp_62_reg_28600                           |   64|  32|    8|          0|
    |tmp_66_reg_28404                           |   64|  32|    6|          0|
    |tmp_6_reg_28349                            |   64|  32|   10|          0|
    |tmp_76_reg_28677                           |   64|  32|   10|          0|
    |tmp_79_reg_28682                           |   64|  32|    8|          0|
    |tmp_82_reg_28409                           |   64|  32|    6|          0|
    |tmp_83_reg_28441                           |   64|  32|    9|          0|
    |tmp_93_reg_28759                           |   64|  32|   10|          0|
    |tmp_96_reg_28764                           |   64|  32|    8|          0|
    |tmp_99_reg_28446                           |   64|  32|    6|          0|
    |trunc_ln55_10_reg_29137                    |   64|  32|    8|          0|
    |trunc_ln55_11_reg_29219                    |   64|  32|    8|          0|
    |trunc_ln55_12_reg_29301                    |   64|  32|    8|          0|
    |trunc_ln55_13_reg_29383                    |   64|  32|    8|          0|
    |trunc_ln55_14_reg_29465                    |   64|  32|    8|          0|
    |trunc_ln55_15_reg_29547                    |   64|  32|    8|          0|
    |trunc_ln55_1_reg_28399                     |   64|  32|    8|          0|
    |trunc_ln55_2_reg_28481                     |   64|  32|    8|          0|
    |trunc_ln55_3_reg_28563                     |   64|  32|    8|          0|
    |trunc_ln55_4_reg_28645                     |   64|  32|    8|          0|
    |trunc_ln55_5_reg_28727                     |   64|  32|    8|          0|
    |trunc_ln55_6_reg_28809                     |   64|  32|    8|          0|
    |trunc_ln55_7_reg_28891                     |   64|  32|    8|          0|
    |trunc_ln55_8_reg_28973                     |   64|  32|    8|          0|
    |trunc_ln55_9_reg_29055                     |   64|  32|    8|          0|
    |trunc_ln55_reg_28317                       |   64|  32|    8|          0|
    |trunc_ln58_108_reg_29316                   |   64|  32|   11|          0|
    |trunc_ln58_117_reg_29398                   |   64|  32|   11|          0|
    |trunc_ln58_126_reg_29480                   |   64|  32|   11|          0|
    |trunc_ln58_135_reg_29562                   |   64|  32|   11|          0|
    |trunc_ln58_18_reg_28496                    |   64|  32|   11|          0|
    |trunc_ln58_27_reg_28578                    |   64|  32|   11|          0|
    |trunc_ln58_36_reg_28660                    |   64|  32|   11|          0|
    |trunc_ln58_45_reg_28742                    |   64|  32|   11|          0|
    |trunc_ln58_54_reg_28824                    |   64|  32|   11|          0|
    |trunc_ln58_63_reg_28906                    |   64|  32|   11|          0|
    |trunc_ln58_72_reg_28988                    |   64|  32|   11|          0|
    |trunc_ln58_81_reg_29070                    |   64|  32|   11|          0|
    |trunc_ln58_90_reg_29152                    |   64|  32|   11|          0|
    |trunc_ln58_99_reg_29234                    |   64|  32|   11|          0|
    |trunc_ln58_9_reg_28414                     |   64|  32|   11|          0|
    |trunc_ln58_reg_28332                       |   64|  32|   11|          0|
    +-------------------------------------------+-----+----+-----+-----------+
    |Total                                      |47697|7680|38529|       3328|
    +-------------------------------------------+-----+----+-----+-----------+



================================================================
== Interface
================================================================
* Summary: 
+-------------------+-----+-----+------------+--------------------------+--------------+
|     RTL Ports     | Dir | Bits|  Protocol  |       Source Object      |    C Type    |
+-------------------+-----+-----+------------+--------------------------+--------------+
|ap_clk             |   in|    1|  ap_ctrl_hs|  prepare_inputs<16u, 21u>|  return value|
|ap_rst             |   in|    1|  ap_ctrl_hs|  prepare_inputs<16u, 21u>|  return value|
|ap_return_0        |  out|   16|  ap_ctrl_hs|  prepare_inputs<16u, 21u>|  return value|
|ap_return_1        |  out|   16|  ap_ctrl_hs|  prepare_inputs<16u, 21u>|  return value|
|ap_return_2        |  out|   16|  ap_ctrl_hs|  prepare_inputs<16u, 21u>|  return value|
|ap_return_3        |  out|   16|  ap_ctrl_hs|  prepare_inputs<16u, 21u>|  return value|
|ap_return_4        |  out|   16|  ap_ctrl_hs|  prepare_inputs<16u, 21u>|  return value|
|ap_return_5        |  out|   16|  ap_ctrl_hs|  prepare_inputs<16u, 21u>|  return value|
|ap_return_6        |  out|   16|  ap_ctrl_hs|  prepare_inputs<16u, 21u>|  return value|
|ap_return_7        |  out|   16|  ap_ctrl_hs|  prepare_inputs<16u, 21u>|  return value|
|ap_return_8        |  out|   16|  ap_ctrl_hs|  prepare_inputs<16u, 21u>|  return value|
|ap_return_9        |  out|   16|  ap_ctrl_hs|  prepare_inputs<16u, 21u>|  return value|
|ap_return_10       |  out|   16|  ap_ctrl_hs|  prepare_inputs<16u, 21u>|  return value|
|ap_return_11       |  out|   16|  ap_ctrl_hs|  prepare_inputs<16u, 21u>|  return value|
|ap_return_12       |  out|   16|  ap_ctrl_hs|  prepare_inputs<16u, 21u>|  return value|
|ap_return_13       |  out|   16|  ap_ctrl_hs|  prepare_inputs<16u, 21u>|  return value|
|ap_return_14       |  out|   16|  ap_ctrl_hs|  prepare_inputs<16u, 21u>|  return value|
|ap_return_15       |  out|   16|  ap_ctrl_hs|  prepare_inputs<16u, 21u>|  return value|
|ap_return_16       |  out|   16|  ap_ctrl_hs|  prepare_inputs<16u, 21u>|  return value|
|ap_return_17       |  out|   16|  ap_ctrl_hs|  prepare_inputs<16u, 21u>|  return value|
|ap_return_18       |  out|   16|  ap_ctrl_hs|  prepare_inputs<16u, 21u>|  return value|
|ap_return_19       |  out|   16|  ap_ctrl_hs|  prepare_inputs<16u, 21u>|  return value|
|ap_return_20       |  out|   16|  ap_ctrl_hs|  prepare_inputs<16u, 21u>|  return value|
|ap_return_21       |  out|   16|  ap_ctrl_hs|  prepare_inputs<16u, 21u>|  return value|
|ap_return_22       |  out|   16|  ap_ctrl_hs|  prepare_inputs<16u, 21u>|  return value|
|ap_return_23       |  out|   16|  ap_ctrl_hs|  prepare_inputs<16u, 21u>|  return value|
|ap_return_24       |  out|   16|  ap_ctrl_hs|  prepare_inputs<16u, 21u>|  return value|
|ap_return_25       |  out|   16|  ap_ctrl_hs|  prepare_inputs<16u, 21u>|  return value|
|ap_return_26       |  out|   16|  ap_ctrl_hs|  prepare_inputs<16u, 21u>|  return value|
|ap_return_27       |  out|   16|  ap_ctrl_hs|  prepare_inputs<16u, 21u>|  return value|
|ap_return_28       |  out|   16|  ap_ctrl_hs|  prepare_inputs<16u, 21u>|  return value|
|ap_return_29       |  out|   16|  ap_ctrl_hs|  prepare_inputs<16u, 21u>|  return value|
|ap_return_30       |  out|   16|  ap_ctrl_hs|  prepare_inputs<16u, 21u>|  return value|
|ap_return_31       |  out|   16|  ap_ctrl_hs|  prepare_inputs<16u, 21u>|  return value|
|ap_return_32       |  out|   16|  ap_ctrl_hs|  prepare_inputs<16u, 21u>|  return value|
|ap_return_33       |  out|   16|  ap_ctrl_hs|  prepare_inputs<16u, 21u>|  return value|
|ap_return_34       |  out|   16|  ap_ctrl_hs|  prepare_inputs<16u, 21u>|  return value|
|ap_return_35       |  out|   16|  ap_ctrl_hs|  prepare_inputs<16u, 21u>|  return value|
|ap_return_36       |  out|   16|  ap_ctrl_hs|  prepare_inputs<16u, 21u>|  return value|
|ap_return_37       |  out|   16|  ap_ctrl_hs|  prepare_inputs<16u, 21u>|  return value|
|ap_return_38       |  out|   16|  ap_ctrl_hs|  prepare_inputs<16u, 21u>|  return value|
|ap_return_39       |  out|   16|  ap_ctrl_hs|  prepare_inputs<16u, 21u>|  return value|
|ap_return_40       |  out|   16|  ap_ctrl_hs|  prepare_inputs<16u, 21u>|  return value|
|ap_return_41       |  out|   16|  ap_ctrl_hs|  prepare_inputs<16u, 21u>|  return value|
|ap_return_42       |  out|   16|  ap_ctrl_hs|  prepare_inputs<16u, 21u>|  return value|
|ap_return_43       |  out|   16|  ap_ctrl_hs|  prepare_inputs<16u, 21u>|  return value|
|ap_return_44       |  out|   16|  ap_ctrl_hs|  prepare_inputs<16u, 21u>|  return value|
|ap_return_45       |  out|   16|  ap_ctrl_hs|  prepare_inputs<16u, 21u>|  return value|
|ap_return_46       |  out|   16|  ap_ctrl_hs|  prepare_inputs<16u, 21u>|  return value|
|ap_return_47       |  out|   16|  ap_ctrl_hs|  prepare_inputs<16u, 21u>|  return value|
|ap_return_48       |  out|   16|  ap_ctrl_hs|  prepare_inputs<16u, 21u>|  return value|
|ap_return_49       |  out|   16|  ap_ctrl_hs|  prepare_inputs<16u, 21u>|  return value|
|ap_return_50       |  out|   16|  ap_ctrl_hs|  prepare_inputs<16u, 21u>|  return value|
|ap_return_51       |  out|   16|  ap_ctrl_hs|  prepare_inputs<16u, 21u>|  return value|
|ap_return_52       |  out|   16|  ap_ctrl_hs|  prepare_inputs<16u, 21u>|  return value|
|ap_return_53       |  out|   16|  ap_ctrl_hs|  prepare_inputs<16u, 21u>|  return value|
|ap_return_54       |  out|   16|  ap_ctrl_hs|  prepare_inputs<16u, 21u>|  return value|
|ap_return_55       |  out|   16|  ap_ctrl_hs|  prepare_inputs<16u, 21u>|  return value|
|ap_return_56       |  out|   16|  ap_ctrl_hs|  prepare_inputs<16u, 21u>|  return value|
|ap_return_57       |  out|   16|  ap_ctrl_hs|  prepare_inputs<16u, 21u>|  return value|
|ap_return_58       |  out|   16|  ap_ctrl_hs|  prepare_inputs<16u, 21u>|  return value|
|ap_return_59       |  out|   16|  ap_ctrl_hs|  prepare_inputs<16u, 21u>|  return value|
|ap_return_60       |  out|   16|  ap_ctrl_hs|  prepare_inputs<16u, 21u>|  return value|
|ap_return_61       |  out|   16|  ap_ctrl_hs|  prepare_inputs<16u, 21u>|  return value|
|ap_return_62       |  out|   16|  ap_ctrl_hs|  prepare_inputs<16u, 21u>|  return value|
|ap_return_63       |  out|   16|  ap_ctrl_hs|  prepare_inputs<16u, 21u>|  return value|
|ap_return_64       |  out|   16|  ap_ctrl_hs|  prepare_inputs<16u, 21u>|  return value|
|ap_return_65       |  out|   16|  ap_ctrl_hs|  prepare_inputs<16u, 21u>|  return value|
|ap_return_66       |  out|   16|  ap_ctrl_hs|  prepare_inputs<16u, 21u>|  return value|
|ap_return_67       |  out|   16|  ap_ctrl_hs|  prepare_inputs<16u, 21u>|  return value|
|ap_return_68       |  out|   16|  ap_ctrl_hs|  prepare_inputs<16u, 21u>|  return value|
|ap_return_69       |  out|   16|  ap_ctrl_hs|  prepare_inputs<16u, 21u>|  return value|
|ap_return_70       |  out|   16|  ap_ctrl_hs|  prepare_inputs<16u, 21u>|  return value|
|ap_return_71       |  out|   16|  ap_ctrl_hs|  prepare_inputs<16u, 21u>|  return value|
|ap_return_72       |  out|   16|  ap_ctrl_hs|  prepare_inputs<16u, 21u>|  return value|
|ap_return_73       |  out|   16|  ap_ctrl_hs|  prepare_inputs<16u, 21u>|  return value|
|ap_return_74       |  out|   16|  ap_ctrl_hs|  prepare_inputs<16u, 21u>|  return value|
|ap_return_75       |  out|   16|  ap_ctrl_hs|  prepare_inputs<16u, 21u>|  return value|
|ap_return_76       |  out|   16|  ap_ctrl_hs|  prepare_inputs<16u, 21u>|  return value|
|ap_return_77       |  out|   16|  ap_ctrl_hs|  prepare_inputs<16u, 21u>|  return value|
|ap_return_78       |  out|   16|  ap_ctrl_hs|  prepare_inputs<16u, 21u>|  return value|
|ap_return_79       |  out|   16|  ap_ctrl_hs|  prepare_inputs<16u, 21u>|  return value|
|ap_return_80       |  out|   16|  ap_ctrl_hs|  prepare_inputs<16u, 21u>|  return value|
|ap_return_81       |  out|   16|  ap_ctrl_hs|  prepare_inputs<16u, 21u>|  return value|
|ap_return_82       |  out|   16|  ap_ctrl_hs|  prepare_inputs<16u, 21u>|  return value|
|ap_return_83       |  out|   16|  ap_ctrl_hs|  prepare_inputs<16u, 21u>|  return value|
|ap_return_84       |  out|   16|  ap_ctrl_hs|  prepare_inputs<16u, 21u>|  return value|
|ap_return_85       |  out|   16|  ap_ctrl_hs|  prepare_inputs<16u, 21u>|  return value|
|ap_return_86       |  out|   16|  ap_ctrl_hs|  prepare_inputs<16u, 21u>|  return value|
|ap_return_87       |  out|   16|  ap_ctrl_hs|  prepare_inputs<16u, 21u>|  return value|
|ap_return_88       |  out|   16|  ap_ctrl_hs|  prepare_inputs<16u, 21u>|  return value|
|ap_return_89       |  out|   16|  ap_ctrl_hs|  prepare_inputs<16u, 21u>|  return value|
|ap_return_90       |  out|   16|  ap_ctrl_hs|  prepare_inputs<16u, 21u>|  return value|
|ap_return_91       |  out|   16|  ap_ctrl_hs|  prepare_inputs<16u, 21u>|  return value|
|ap_return_92       |  out|   16|  ap_ctrl_hs|  prepare_inputs<16u, 21u>|  return value|
|ap_return_93       |  out|   16|  ap_ctrl_hs|  prepare_inputs<16u, 21u>|  return value|
|ap_return_94       |  out|   16|  ap_ctrl_hs|  prepare_inputs<16u, 21u>|  return value|
|ap_return_95       |  out|   16|  ap_ctrl_hs|  prepare_inputs<16u, 21u>|  return value|
|ap_return_96       |  out|   16|  ap_ctrl_hs|  prepare_inputs<16u, 21u>|  return value|
|ap_return_97       |  out|   16|  ap_ctrl_hs|  prepare_inputs<16u, 21u>|  return value|
|ap_return_98       |  out|   16|  ap_ctrl_hs|  prepare_inputs<16u, 21u>|  return value|
|ap_return_99       |  out|   16|  ap_ctrl_hs|  prepare_inputs<16u, 21u>|  return value|
|ap_return_100      |  out|   16|  ap_ctrl_hs|  prepare_inputs<16u, 21u>|  return value|
|ap_return_101      |  out|   16|  ap_ctrl_hs|  prepare_inputs<16u, 21u>|  return value|
|ap_return_102      |  out|   16|  ap_ctrl_hs|  prepare_inputs<16u, 21u>|  return value|
|ap_return_103      |  out|   16|  ap_ctrl_hs|  prepare_inputs<16u, 21u>|  return value|
|ap_return_104      |  out|   16|  ap_ctrl_hs|  prepare_inputs<16u, 21u>|  return value|
|ap_return_105      |  out|   16|  ap_ctrl_hs|  prepare_inputs<16u, 21u>|  return value|
|ap_return_106      |  out|   16|  ap_ctrl_hs|  prepare_inputs<16u, 21u>|  return value|
|ap_return_107      |  out|   16|  ap_ctrl_hs|  prepare_inputs<16u, 21u>|  return value|
|ap_return_108      |  out|   16|  ap_ctrl_hs|  prepare_inputs<16u, 21u>|  return value|
|ap_return_109      |  out|   16|  ap_ctrl_hs|  prepare_inputs<16u, 21u>|  return value|
|ap_return_110      |  out|   16|  ap_ctrl_hs|  prepare_inputs<16u, 21u>|  return value|
|ap_return_111      |  out|   16|  ap_ctrl_hs|  prepare_inputs<16u, 21u>|  return value|
|ap_return_112      |  out|   16|  ap_ctrl_hs|  prepare_inputs<16u, 21u>|  return value|
|ap_return_113      |  out|   16|  ap_ctrl_hs|  prepare_inputs<16u, 21u>|  return value|
|ap_return_114      |  out|   16|  ap_ctrl_hs|  prepare_inputs<16u, 21u>|  return value|
|ap_return_115      |  out|   16|  ap_ctrl_hs|  prepare_inputs<16u, 21u>|  return value|
|ap_return_116      |  out|   16|  ap_ctrl_hs|  prepare_inputs<16u, 21u>|  return value|
|ap_return_117      |  out|   16|  ap_ctrl_hs|  prepare_inputs<16u, 21u>|  return value|
|ap_return_118      |  out|   16|  ap_ctrl_hs|  prepare_inputs<16u, 21u>|  return value|
|ap_return_119      |  out|   16|  ap_ctrl_hs|  prepare_inputs<16u, 21u>|  return value|
|ap_return_120      |  out|   16|  ap_ctrl_hs|  prepare_inputs<16u, 21u>|  return value|
|ap_return_121      |  out|   16|  ap_ctrl_hs|  prepare_inputs<16u, 21u>|  return value|
|ap_return_122      |  out|   16|  ap_ctrl_hs|  prepare_inputs<16u, 21u>|  return value|
|ap_return_123      |  out|   16|  ap_ctrl_hs|  prepare_inputs<16u, 21u>|  return value|
|ap_return_124      |  out|   16|  ap_ctrl_hs|  prepare_inputs<16u, 21u>|  return value|
|ap_return_125      |  out|   16|  ap_ctrl_hs|  prepare_inputs<16u, 21u>|  return value|
|ap_return_126      |  out|   16|  ap_ctrl_hs|  prepare_inputs<16u, 21u>|  return value|
|ap_return_127      |  out|   16|  ap_ctrl_hs|  prepare_inputs<16u, 21u>|  return value|
|ap_return_128      |  out|   16|  ap_ctrl_hs|  prepare_inputs<16u, 21u>|  return value|
|ap_return_129      |  out|   16|  ap_ctrl_hs|  prepare_inputs<16u, 21u>|  return value|
|ap_return_130      |  out|   16|  ap_ctrl_hs|  prepare_inputs<16u, 21u>|  return value|
|ap_return_131      |  out|   16|  ap_ctrl_hs|  prepare_inputs<16u, 21u>|  return value|
|ap_return_132      |  out|   16|  ap_ctrl_hs|  prepare_inputs<16u, 21u>|  return value|
|ap_return_133      |  out|   16|  ap_ctrl_hs|  prepare_inputs<16u, 21u>|  return value|
|ap_return_134      |  out|   16|  ap_ctrl_hs|  prepare_inputs<16u, 21u>|  return value|
|ap_return_135      |  out|   16|  ap_ctrl_hs|  prepare_inputs<16u, 21u>|  return value|
|ap_return_136      |  out|   16|  ap_ctrl_hs|  prepare_inputs<16u, 21u>|  return value|
|ap_return_137      |  out|   16|  ap_ctrl_hs|  prepare_inputs<16u, 21u>|  return value|
|ap_return_138      |  out|   16|  ap_ctrl_hs|  prepare_inputs<16u, 21u>|  return value|
|ap_return_139      |  out|   16|  ap_ctrl_hs|  prepare_inputs<16u, 21u>|  return value|
|ap_return_140      |  out|   16|  ap_ctrl_hs|  prepare_inputs<16u, 21u>|  return value|
|ap_return_141      |  out|   16|  ap_ctrl_hs|  prepare_inputs<16u, 21u>|  return value|
|ap_return_142      |  out|   16|  ap_ctrl_hs|  prepare_inputs<16u, 21u>|  return value|
|ap_return_143      |  out|   16|  ap_ctrl_hs|  prepare_inputs<16u, 21u>|  return value|
|ap_return_144      |  out|   16|  ap_ctrl_hs|  prepare_inputs<16u, 21u>|  return value|
|ap_return_145      |  out|   16|  ap_ctrl_hs|  prepare_inputs<16u, 21u>|  return value|
|ap_return_146      |  out|   16|  ap_ctrl_hs|  prepare_inputs<16u, 21u>|  return value|
|ap_return_147      |  out|   16|  ap_ctrl_hs|  prepare_inputs<16u, 21u>|  return value|
|ap_return_148      |  out|   16|  ap_ctrl_hs|  prepare_inputs<16u, 21u>|  return value|
|ap_return_149      |  out|   16|  ap_ctrl_hs|  prepare_inputs<16u, 21u>|  return value|
|ap_return_150      |  out|   16|  ap_ctrl_hs|  prepare_inputs<16u, 21u>|  return value|
|ap_return_151      |  out|   16|  ap_ctrl_hs|  prepare_inputs<16u, 21u>|  return value|
|ap_return_152      |  out|   16|  ap_ctrl_hs|  prepare_inputs<16u, 21u>|  return value|
|ap_return_153      |  out|   16|  ap_ctrl_hs|  prepare_inputs<16u, 21u>|  return value|
|ap_return_154      |  out|   16|  ap_ctrl_hs|  prepare_inputs<16u, 21u>|  return value|
|ap_return_155      |  out|   16|  ap_ctrl_hs|  prepare_inputs<16u, 21u>|  return value|
|ap_return_156      |  out|   16|  ap_ctrl_hs|  prepare_inputs<16u, 21u>|  return value|
|ap_return_157      |  out|   16|  ap_ctrl_hs|  prepare_inputs<16u, 21u>|  return value|
|ap_return_158      |  out|   16|  ap_ctrl_hs|  prepare_inputs<16u, 21u>|  return value|
|ap_return_159      |  out|   16|  ap_ctrl_hs|  prepare_inputs<16u, 21u>|  return value|
|ap_return_160      |  out|   16|  ap_ctrl_hs|  prepare_inputs<16u, 21u>|  return value|
|ap_return_161      |  out|   16|  ap_ctrl_hs|  prepare_inputs<16u, 21u>|  return value|
|ap_return_162      |  out|   16|  ap_ctrl_hs|  prepare_inputs<16u, 21u>|  return value|
|ap_return_163      |  out|   16|  ap_ctrl_hs|  prepare_inputs<16u, 21u>|  return value|
|ap_return_164      |  out|   16|  ap_ctrl_hs|  prepare_inputs<16u, 21u>|  return value|
|ap_return_165      |  out|   16|  ap_ctrl_hs|  prepare_inputs<16u, 21u>|  return value|
|ap_return_166      |  out|   16|  ap_ctrl_hs|  prepare_inputs<16u, 21u>|  return value|
|ap_return_167      |  out|   16|  ap_ctrl_hs|  prepare_inputs<16u, 21u>|  return value|
|ap_return_168      |  out|   16|  ap_ctrl_hs|  prepare_inputs<16u, 21u>|  return value|
|ap_return_169      |  out|   16|  ap_ctrl_hs|  prepare_inputs<16u, 21u>|  return value|
|ap_return_170      |  out|   16|  ap_ctrl_hs|  prepare_inputs<16u, 21u>|  return value|
|ap_return_171      |  out|   16|  ap_ctrl_hs|  prepare_inputs<16u, 21u>|  return value|
|ap_return_172      |  out|   16|  ap_ctrl_hs|  prepare_inputs<16u, 21u>|  return value|
|ap_return_173      |  out|   16|  ap_ctrl_hs|  prepare_inputs<16u, 21u>|  return value|
|ap_return_174      |  out|   16|  ap_ctrl_hs|  prepare_inputs<16u, 21u>|  return value|
|ap_return_175      |  out|   16|  ap_ctrl_hs|  prepare_inputs<16u, 21u>|  return value|
|ap_return_176      |  out|   16|  ap_ctrl_hs|  prepare_inputs<16u, 21u>|  return value|
|ap_return_177      |  out|   16|  ap_ctrl_hs|  prepare_inputs<16u, 21u>|  return value|
|ap_return_178      |  out|   16|  ap_ctrl_hs|  prepare_inputs<16u, 21u>|  return value|
|ap_return_179      |  out|   16|  ap_ctrl_hs|  prepare_inputs<16u, 21u>|  return value|
|ap_return_180      |  out|   16|  ap_ctrl_hs|  prepare_inputs<16u, 21u>|  return value|
|ap_return_181      |  out|   16|  ap_ctrl_hs|  prepare_inputs<16u, 21u>|  return value|
|ap_return_182      |  out|   16|  ap_ctrl_hs|  prepare_inputs<16u, 21u>|  return value|
|ap_return_183      |  out|   16|  ap_ctrl_hs|  prepare_inputs<16u, 21u>|  return value|
|ap_return_184      |  out|   16|  ap_ctrl_hs|  prepare_inputs<16u, 21u>|  return value|
|ap_return_185      |  out|   16|  ap_ctrl_hs|  prepare_inputs<16u, 21u>|  return value|
|ap_return_186      |  out|   16|  ap_ctrl_hs|  prepare_inputs<16u, 21u>|  return value|
|ap_return_187      |  out|   16|  ap_ctrl_hs|  prepare_inputs<16u, 21u>|  return value|
|ap_return_188      |  out|   16|  ap_ctrl_hs|  prepare_inputs<16u, 21u>|  return value|
|ap_return_189      |  out|   16|  ap_ctrl_hs|  prepare_inputs<16u, 21u>|  return value|
|ap_return_190      |  out|   16|  ap_ctrl_hs|  prepare_inputs<16u, 21u>|  return value|
|ap_return_191      |  out|   16|  ap_ctrl_hs|  prepare_inputs<16u, 21u>|  return value|
|ap_return_192      |  out|   16|  ap_ctrl_hs|  prepare_inputs<16u, 21u>|  return value|
|ap_return_193      |  out|   16|  ap_ctrl_hs|  prepare_inputs<16u, 21u>|  return value|
|ap_return_194      |  out|   16|  ap_ctrl_hs|  prepare_inputs<16u, 21u>|  return value|
|ap_return_195      |  out|   16|  ap_ctrl_hs|  prepare_inputs<16u, 21u>|  return value|
|ap_return_196      |  out|   16|  ap_ctrl_hs|  prepare_inputs<16u, 21u>|  return value|
|ap_return_197      |  out|   16|  ap_ctrl_hs|  prepare_inputs<16u, 21u>|  return value|
|ap_return_198      |  out|   16|  ap_ctrl_hs|  prepare_inputs<16u, 21u>|  return value|
|ap_return_199      |  out|   16|  ap_ctrl_hs|  prepare_inputs<16u, 21u>|  return value|
|ap_return_200      |  out|   16|  ap_ctrl_hs|  prepare_inputs<16u, 21u>|  return value|
|ap_return_201      |  out|   16|  ap_ctrl_hs|  prepare_inputs<16u, 21u>|  return value|
|ap_return_202      |  out|   16|  ap_ctrl_hs|  prepare_inputs<16u, 21u>|  return value|
|ap_return_203      |  out|   16|  ap_ctrl_hs|  prepare_inputs<16u, 21u>|  return value|
|ap_return_204      |  out|   16|  ap_ctrl_hs|  prepare_inputs<16u, 21u>|  return value|
|ap_return_205      |  out|   16|  ap_ctrl_hs|  prepare_inputs<16u, 21u>|  return value|
|ap_return_206      |  out|   16|  ap_ctrl_hs|  prepare_inputs<16u, 21u>|  return value|
|ap_return_207      |  out|   16|  ap_ctrl_hs|  prepare_inputs<16u, 21u>|  return value|
|ap_return_208      |  out|   16|  ap_ctrl_hs|  prepare_inputs<16u, 21u>|  return value|
|ap_return_209      |  out|   16|  ap_ctrl_hs|  prepare_inputs<16u, 21u>|  return value|
|ap_return_210      |  out|   16|  ap_ctrl_hs|  prepare_inputs<16u, 21u>|  return value|
|ap_return_211      |  out|   16|  ap_ctrl_hs|  prepare_inputs<16u, 21u>|  return value|
|ap_return_212      |  out|   16|  ap_ctrl_hs|  prepare_inputs<16u, 21u>|  return value|
|ap_return_213      |  out|   16|  ap_ctrl_hs|  prepare_inputs<16u, 21u>|  return value|
|ap_return_214      |  out|   16|  ap_ctrl_hs|  prepare_inputs<16u, 21u>|  return value|
|ap_return_215      |  out|   16|  ap_ctrl_hs|  prepare_inputs<16u, 21u>|  return value|
|ap_return_216      |  out|   16|  ap_ctrl_hs|  prepare_inputs<16u, 21u>|  return value|
|ap_return_217      |  out|   16|  ap_ctrl_hs|  prepare_inputs<16u, 21u>|  return value|
|ap_return_218      |  out|   16|  ap_ctrl_hs|  prepare_inputs<16u, 21u>|  return value|
|ap_return_219      |  out|   16|  ap_ctrl_hs|  prepare_inputs<16u, 21u>|  return value|
|ap_return_220      |  out|   16|  ap_ctrl_hs|  prepare_inputs<16u, 21u>|  return value|
|ap_return_221      |  out|   16|  ap_ctrl_hs|  prepare_inputs<16u, 21u>|  return value|
|ap_return_222      |  out|   16|  ap_ctrl_hs|  prepare_inputs<16u, 21u>|  return value|
|ap_return_223      |  out|   16|  ap_ctrl_hs|  prepare_inputs<16u, 21u>|  return value|
|ap_return_224      |  out|   16|  ap_ctrl_hs|  prepare_inputs<16u, 21u>|  return value|
|ap_return_225      |  out|   16|  ap_ctrl_hs|  prepare_inputs<16u, 21u>|  return value|
|ap_return_226      |  out|   16|  ap_ctrl_hs|  prepare_inputs<16u, 21u>|  return value|
|ap_return_227      |  out|   16|  ap_ctrl_hs|  prepare_inputs<16u, 21u>|  return value|
|ap_return_228      |  out|   16|  ap_ctrl_hs|  prepare_inputs<16u, 21u>|  return value|
|ap_return_229      |  out|   16|  ap_ctrl_hs|  prepare_inputs<16u, 21u>|  return value|
|ap_return_230      |  out|   16|  ap_ctrl_hs|  prepare_inputs<16u, 21u>|  return value|
|ap_return_231      |  out|   16|  ap_ctrl_hs|  prepare_inputs<16u, 21u>|  return value|
|ap_return_232      |  out|   16|  ap_ctrl_hs|  prepare_inputs<16u, 21u>|  return value|
|ap_return_233      |  out|   16|  ap_ctrl_hs|  prepare_inputs<16u, 21u>|  return value|
|ap_return_234      |  out|   16|  ap_ctrl_hs|  prepare_inputs<16u, 21u>|  return value|
|ap_return_235      |  out|   16|  ap_ctrl_hs|  prepare_inputs<16u, 21u>|  return value|
|ap_return_236      |  out|   16|  ap_ctrl_hs|  prepare_inputs<16u, 21u>|  return value|
|ap_return_237      |  out|   16|  ap_ctrl_hs|  prepare_inputs<16u, 21u>|  return value|
|ap_return_238      |  out|   16|  ap_ctrl_hs|  prepare_inputs<16u, 21u>|  return value|
|ap_return_239      |  out|   16|  ap_ctrl_hs|  prepare_inputs<16u, 21u>|  return value|
|ap_return_240      |  out|   16|  ap_ctrl_hs|  prepare_inputs<16u, 21u>|  return value|
|ap_return_241      |  out|   16|  ap_ctrl_hs|  prepare_inputs<16u, 21u>|  return value|
|ap_return_242      |  out|   16|  ap_ctrl_hs|  prepare_inputs<16u, 21u>|  return value|
|ap_return_243      |  out|   16|  ap_ctrl_hs|  prepare_inputs<16u, 21u>|  return value|
|ap_return_244      |  out|   16|  ap_ctrl_hs|  prepare_inputs<16u, 21u>|  return value|
|ap_return_245      |  out|   16|  ap_ctrl_hs|  prepare_inputs<16u, 21u>|  return value|
|ap_return_246      |  out|   16|  ap_ctrl_hs|  prepare_inputs<16u, 21u>|  return value|
|ap_return_247      |  out|   16|  ap_ctrl_hs|  prepare_inputs<16u, 21u>|  return value|
|ap_return_248      |  out|   16|  ap_ctrl_hs|  prepare_inputs<16u, 21u>|  return value|
|ap_return_249      |  out|   16|  ap_ctrl_hs|  prepare_inputs<16u, 21u>|  return value|
|ap_return_250      |  out|   16|  ap_ctrl_hs|  prepare_inputs<16u, 21u>|  return value|
|ap_return_251      |  out|   16|  ap_ctrl_hs|  prepare_inputs<16u, 21u>|  return value|
|ap_return_252      |  out|   16|  ap_ctrl_hs|  prepare_inputs<16u, 21u>|  return value|
|ap_return_253      |  out|   16|  ap_ctrl_hs|  prepare_inputs<16u, 21u>|  return value|
|ap_return_254      |  out|   16|  ap_ctrl_hs|  prepare_inputs<16u, 21u>|  return value|
|ap_return_255      |  out|   16|  ap_ctrl_hs|  prepare_inputs<16u, 21u>|  return value|
|ap_return_256      |  out|   16|  ap_ctrl_hs|  prepare_inputs<16u, 21u>|  return value|
|ap_return_257      |  out|   16|  ap_ctrl_hs|  prepare_inputs<16u, 21u>|  return value|
|ap_return_258      |  out|   16|  ap_ctrl_hs|  prepare_inputs<16u, 21u>|  return value|
|ap_return_259      |  out|   16|  ap_ctrl_hs|  prepare_inputs<16u, 21u>|  return value|
|ap_return_260      |  out|   16|  ap_ctrl_hs|  prepare_inputs<16u, 21u>|  return value|
|ap_return_261      |  out|   16|  ap_ctrl_hs|  prepare_inputs<16u, 21u>|  return value|
|ap_return_262      |  out|   16|  ap_ctrl_hs|  prepare_inputs<16u, 21u>|  return value|
|ap_return_263      |  out|   16|  ap_ctrl_hs|  prepare_inputs<16u, 21u>|  return value|
|ap_return_264      |  out|   16|  ap_ctrl_hs|  prepare_inputs<16u, 21u>|  return value|
|ap_return_265      |  out|   16|  ap_ctrl_hs|  prepare_inputs<16u, 21u>|  return value|
|ap_return_266      |  out|   16|  ap_ctrl_hs|  prepare_inputs<16u, 21u>|  return value|
|ap_return_267      |  out|   16|  ap_ctrl_hs|  prepare_inputs<16u, 21u>|  return value|
|ap_return_268      |  out|   16|  ap_ctrl_hs|  prepare_inputs<16u, 21u>|  return value|
|ap_return_269      |  out|   16|  ap_ctrl_hs|  prepare_inputs<16u, 21u>|  return value|
|ap_return_270      |  out|   16|  ap_ctrl_hs|  prepare_inputs<16u, 21u>|  return value|
|ap_return_271      |  out|   16|  ap_ctrl_hs|  prepare_inputs<16u, 21u>|  return value|
|ap_return_272      |  out|   16|  ap_ctrl_hs|  prepare_inputs<16u, 21u>|  return value|
|ap_return_273      |  out|   16|  ap_ctrl_hs|  prepare_inputs<16u, 21u>|  return value|
|ap_return_274      |  out|   16|  ap_ctrl_hs|  prepare_inputs<16u, 21u>|  return value|
|ap_return_275      |  out|   16|  ap_ctrl_hs|  prepare_inputs<16u, 21u>|  return value|
|ap_return_276      |  out|   16|  ap_ctrl_hs|  prepare_inputs<16u, 21u>|  return value|
|ap_return_277      |  out|   16|  ap_ctrl_hs|  prepare_inputs<16u, 21u>|  return value|
|ap_return_278      |  out|   16|  ap_ctrl_hs|  prepare_inputs<16u, 21u>|  return value|
|ap_return_279      |  out|   16|  ap_ctrl_hs|  prepare_inputs<16u, 21u>|  return value|
|ap_return_280      |  out|   16|  ap_ctrl_hs|  prepare_inputs<16u, 21u>|  return value|
|ap_return_281      |  out|   16|  ap_ctrl_hs|  prepare_inputs<16u, 21u>|  return value|
|ap_return_282      |  out|   16|  ap_ctrl_hs|  prepare_inputs<16u, 21u>|  return value|
|ap_return_283      |  out|   16|  ap_ctrl_hs|  prepare_inputs<16u, 21u>|  return value|
|ap_return_284      |  out|   16|  ap_ctrl_hs|  prepare_inputs<16u, 21u>|  return value|
|ap_return_285      |  out|   16|  ap_ctrl_hs|  prepare_inputs<16u, 21u>|  return value|
|ap_return_286      |  out|   16|  ap_ctrl_hs|  prepare_inputs<16u, 21u>|  return value|
|ap_return_287      |  out|   16|  ap_ctrl_hs|  prepare_inputs<16u, 21u>|  return value|
|ap_return_288      |  out|   16|  ap_ctrl_hs|  prepare_inputs<16u, 21u>|  return value|
|ap_return_289      |  out|   16|  ap_ctrl_hs|  prepare_inputs<16u, 21u>|  return value|
|ap_return_290      |  out|   16|  ap_ctrl_hs|  prepare_inputs<16u, 21u>|  return value|
|ap_return_291      |  out|   16|  ap_ctrl_hs|  prepare_inputs<16u, 21u>|  return value|
|ap_return_292      |  out|   16|  ap_ctrl_hs|  prepare_inputs<16u, 21u>|  return value|
|ap_return_293      |  out|   16|  ap_ctrl_hs|  prepare_inputs<16u, 21u>|  return value|
|ap_return_294      |  out|   16|  ap_ctrl_hs|  prepare_inputs<16u, 21u>|  return value|
|ap_return_295      |  out|   16|  ap_ctrl_hs|  prepare_inputs<16u, 21u>|  return value|
|ap_return_296      |  out|   16|  ap_ctrl_hs|  prepare_inputs<16u, 21u>|  return value|
|ap_return_297      |  out|   16|  ap_ctrl_hs|  prepare_inputs<16u, 21u>|  return value|
|ap_return_298      |  out|   16|  ap_ctrl_hs|  prepare_inputs<16u, 21u>|  return value|
|ap_return_299      |  out|   16|  ap_ctrl_hs|  prepare_inputs<16u, 21u>|  return value|
|ap_return_300      |  out|   16|  ap_ctrl_hs|  prepare_inputs<16u, 21u>|  return value|
|ap_return_301      |  out|   16|  ap_ctrl_hs|  prepare_inputs<16u, 21u>|  return value|
|ap_return_302      |  out|   16|  ap_ctrl_hs|  prepare_inputs<16u, 21u>|  return value|
|ap_return_303      |  out|   16|  ap_ctrl_hs|  prepare_inputs<16u, 21u>|  return value|
|ap_return_304      |  out|   16|  ap_ctrl_hs|  prepare_inputs<16u, 21u>|  return value|
|ap_return_305      |  out|   16|  ap_ctrl_hs|  prepare_inputs<16u, 21u>|  return value|
|ap_return_306      |  out|   16|  ap_ctrl_hs|  prepare_inputs<16u, 21u>|  return value|
|ap_return_307      |  out|   16|  ap_ctrl_hs|  prepare_inputs<16u, 21u>|  return value|
|ap_return_308      |  out|   16|  ap_ctrl_hs|  prepare_inputs<16u, 21u>|  return value|
|ap_return_309      |  out|   16|  ap_ctrl_hs|  prepare_inputs<16u, 21u>|  return value|
|ap_return_310      |  out|   16|  ap_ctrl_hs|  prepare_inputs<16u, 21u>|  return value|
|ap_return_311      |  out|   16|  ap_ctrl_hs|  prepare_inputs<16u, 21u>|  return value|
|ap_return_312      |  out|   16|  ap_ctrl_hs|  prepare_inputs<16u, 21u>|  return value|
|ap_return_313      |  out|   16|  ap_ctrl_hs|  prepare_inputs<16u, 21u>|  return value|
|ap_return_314      |  out|   16|  ap_ctrl_hs|  prepare_inputs<16u, 21u>|  return value|
|ap_return_315      |  out|   16|  ap_ctrl_hs|  prepare_inputs<16u, 21u>|  return value|
|ap_return_316      |  out|   16|  ap_ctrl_hs|  prepare_inputs<16u, 21u>|  return value|
|ap_return_317      |  out|   16|  ap_ctrl_hs|  prepare_inputs<16u, 21u>|  return value|
|ap_return_318      |  out|   16|  ap_ctrl_hs|  prepare_inputs<16u, 21u>|  return value|
|ap_return_319      |  out|   16|  ap_ctrl_hs|  prepare_inputs<16u, 21u>|  return value|
|ap_ce              |   in|    1|  ap_ctrl_hs|  prepare_inputs<16u, 21u>|  return value|
|candidates_0_val   |   in|   61|     ap_none|          candidates_0_val|        scalar|
|candidates_1_val   |   in|   61|     ap_none|          candidates_1_val|        scalar|
|candidates_2_val   |   in|   61|     ap_none|          candidates_2_val|        scalar|
|candidates_3_val   |   in|   61|     ap_none|          candidates_3_val|        scalar|
|candidates_4_val   |   in|   61|     ap_none|          candidates_4_val|        scalar|
|candidates_5_val   |   in|   61|     ap_none|          candidates_5_val|        scalar|
|candidates_6_val   |   in|   61|     ap_none|          candidates_6_val|        scalar|
|candidates_7_val   |   in|   61|     ap_none|          candidates_7_val|        scalar|
|candidates_8_val   |   in|   61|     ap_none|          candidates_8_val|        scalar|
|candidates_9_val   |   in|   61|     ap_none|          candidates_9_val|        scalar|
|candidates_10_val  |   in|   61|     ap_none|         candidates_10_val|        scalar|
|candidates_11_val  |   in|   61|     ap_none|         candidates_11_val|        scalar|
|candidates_12_val  |   in|   61|     ap_none|         candidates_12_val|        scalar|
|candidates_13_val  |   in|   61|     ap_none|         candidates_13_val|        scalar|
|candidates_14_val  |   in|   61|     ap_none|         candidates_14_val|        scalar|
|candidates_15_val  |   in|   61|     ap_none|         candidates_15_val|        scalar|
+-------------------+-----+-----+------------+--------------------------+--------------+

