

================================================================
== Vitis HLS Report for 'conv_1d_latency_cl_ap_ufixed_9_0_4_0_0_ap_fixed_24_9_5_3_0_config29_s'
================================================================
* Date:           Tue Oct 29 14:10:53 2024

* Version:        2023.2 (Build 4023990 on Oct 11 2023)
* Project:        JetTaggerNN_prj
* Solution:       solution1 (Vivado IP Flow Target)
* Product family: virtexuplus
* Target device:  xcvu9p-flga2104-2L-e


================================================================
== Performance Estimates
================================================================
+ Timing: 
    * Summary: 
    +--------+---------+----------+------------+
    |  Clock |  Target | Estimated| Uncertainty|
    +--------+---------+----------+------------+
    |ap_clk  |  2.80 ns|  1.942 ns|     0.76 ns|
    +--------+---------+----------+------------+

+ Latency: 
    * Summary: 
    +---------+---------+-----------+-----------+-----+-----+------------------------------------------+
    |  Latency (cycles) |   Latency (absolute)  |  Interval |                 Pipeline                 |
    |   min   |   max   |    min    |    max    | min | max |                   Type                   |
    +---------+---------+-----------+-----------+-----+-----+------------------------------------------+
    |       20|       21|  56.000 ns|  58.800 ns|   16|   16|  loop rewind stp(delay=0 clock cycles(s))|
    +---------+---------+-----------+-----------+-----+-----+------------------------------------------+

    + Detail: 
        * Instance: 
        N/A

        * Loop: 
        +-----------------+---------+---------+----------+-----------+-----------+------+----------+
        |                 |  Latency (cycles) | Iteration|  Initiation Interval  | Trip |          |
        |    Loop Name    |   min   |   max   |  Latency |  achieved |   target  | Count| Pipelined|
        +-----------------+---------+---------+----------+-----------+-----------+------+----------+
        |- PartitionLoop  |       20|       20|         6|          1|          1|    16|       yes|
        +-----------------+---------+---------+----------+-----------+-----------+------+----------+



================================================================
== Utilization Estimates
================================================================
* Summary: 
+---------------------+---------+------+---------+---------+-----+
|         Name        | BRAM_18K|  DSP |    FF   |   LUT   | URAM|
+---------------------+---------+------+---------+---------+-----+
|DSP                  |        -|     -|        -|        -|    -|
|Expression           |        -|     -|        0|    14379|    -|
|FIFO                 |        -|     -|        -|        -|    -|
|Instance             |        -|     0|        0|    11956|    -|
|Memory               |        -|     -|        -|        -|    -|
|Multiplexer          |        -|     -|        -|    16983|    -|
|Register             |        -|     -|    12571|       64|    -|
+---------------------+---------+------+---------+---------+-----+
|Total                |        0|     0|    12571|    43382|    0|
+---------------------+---------+------+---------+---------+-----+
|Available SLR        |     1440|  2280|   788160|   394080|  320|
+---------------------+---------+------+---------+---------+-----+
|Utilization SLR (%)  |        0|     0|        1|       11|    0|
+---------------------+---------+------+---------+---------+-----+
|Available            |     4320|  6840|  2364480|  1182240|  960|
+---------------------+---------+------+---------+---------+-----+
|Utilization (%)      |        0|     0|       ~0|        3|    0|
+---------------------+---------+------+---------+---------+-----+

+ Detail: 
    * Instance: 
    +--------------------------+--------------------+---------+----+---+-----+-----+
    |         Instance         |       Module       | BRAM_18K| DSP| FF| LUT | URAM|
    +--------------------------+--------------------+---------+----+---+-----+-----+
    |mul_9ns_5ns_13_1_1_U1948  |mul_9ns_5ns_13_1_1  |        0|   0|  0|   49|    0|
    |mul_9ns_5ns_13_1_1_U1972  |mul_9ns_5ns_13_1_1  |        0|   0|  0|   49|    0|
    |mul_9ns_5ns_13_1_1_U1979  |mul_9ns_5ns_13_1_1  |        0|   0|  0|   49|    0|
    |mul_9ns_5ns_13_1_1_U1983  |mul_9ns_5ns_13_1_1  |        0|   0|  0|   49|    0|
    |mul_9ns_5ns_13_1_1_U1996  |mul_9ns_5ns_13_1_1  |        0|   0|  0|   49|    0|
    |mul_9ns_5ns_13_1_1_U2023  |mul_9ns_5ns_13_1_1  |        0|   0|  0|   49|    0|
    |mul_9ns_5ns_13_1_1_U2028  |mul_9ns_5ns_13_1_1  |        0|   0|  0|   49|    0|
    |mul_9ns_5ns_13_1_1_U2033  |mul_9ns_5ns_13_1_1  |        0|   0|  0|   49|    0|
    |mul_9ns_5ns_13_1_1_U2043  |mul_9ns_5ns_13_1_1  |        0|   0|  0|   49|    0|
    |mul_9ns_5ns_13_1_1_U2053  |mul_9ns_5ns_13_1_1  |        0|   0|  0|   49|    0|
    |mul_9ns_5ns_13_1_1_U2133  |mul_9ns_5ns_13_1_1  |        0|   0|  0|   49|    0|
    |mul_9ns_5ns_13_1_1_U2148  |mul_9ns_5ns_13_1_1  |        0|   0|  0|   49|    0|
    |mul_9ns_5ns_13_1_1_U2153  |mul_9ns_5ns_13_1_1  |        0|   0|  0|   49|    0|
    |mul_9ns_5ns_13_1_1_U2174  |mul_9ns_5ns_13_1_1  |        0|   0|  0|   49|    0|
    |mul_9ns_5s_14_1_1_U1942   |mul_9ns_5s_14_1_1   |        0|   0|  0|   49|    0|
    |mul_9ns_5s_14_1_1_U1951   |mul_9ns_5s_14_1_1   |        0|   0|  0|   49|    0|
    |mul_9ns_5s_14_1_1_U1970   |mul_9ns_5s_14_1_1   |        0|   0|  0|   49|    0|
    |mul_9ns_5s_14_1_1_U1976   |mul_9ns_5s_14_1_1   |        0|   0|  0|   49|    0|
    |mul_9ns_5s_14_1_1_U2006   |mul_9ns_5s_14_1_1   |        0|   0|  0|   49|    0|
    |mul_9ns_5s_14_1_1_U2021   |mul_9ns_5s_14_1_1   |        0|   0|  0|   49|    0|
    |mul_9ns_5s_14_1_1_U2039   |mul_9ns_5s_14_1_1   |        0|   0|  0|   49|    0|
    |mul_9ns_5s_14_1_1_U2050   |mul_9ns_5s_14_1_1   |        0|   0|  0|   49|    0|
    |mul_9ns_5s_14_1_1_U2054   |mul_9ns_5s_14_1_1   |        0|   0|  0|   49|    0|
    |mul_9ns_5s_14_1_1_U2058   |mul_9ns_5s_14_1_1   |        0|   0|  0|   49|    0|
    |mul_9ns_5s_14_1_1_U2096   |mul_9ns_5s_14_1_1   |        0|   0|  0|   49|    0|
    |mul_9ns_5s_14_1_1_U2118   |mul_9ns_5s_14_1_1   |        0|   0|  0|   49|    0|
    |mul_9ns_5s_14_1_1_U2165   |mul_9ns_5s_14_1_1   |        0|   0|  0|   49|    0|
    |mul_9ns_5s_14_1_1_U2179   |mul_9ns_5s_14_1_1   |        0|   0|  0|   49|    0|
    |mul_9ns_6ns_14_1_1_U1944  |mul_9ns_6ns_14_1_1  |        0|   0|  0|   49|    0|
    |mul_9ns_6ns_14_1_1_U1946  |mul_9ns_6ns_14_1_1  |        0|   0|  0|   49|    0|
    |mul_9ns_6ns_14_1_1_U1947  |mul_9ns_6ns_14_1_1  |        0|   0|  0|   49|    0|
    |mul_9ns_6ns_14_1_1_U1950  |mul_9ns_6ns_14_1_1  |        0|   0|  0|   49|    0|
    |mul_9ns_6ns_14_1_1_U1969  |mul_9ns_6ns_14_1_1  |        0|   0|  0|   49|    0|
    |mul_9ns_6ns_14_1_1_U1975  |mul_9ns_6ns_14_1_1  |        0|   0|  0|   49|    0|
    |mul_9ns_6ns_14_1_1_U1978  |mul_9ns_6ns_14_1_1  |        0|   0|  0|   49|    0|
    |mul_9ns_6ns_14_1_1_U1986  |mul_9ns_6ns_14_1_1  |        0|   0|  0|   49|    0|
    |mul_9ns_6ns_14_1_1_U1995  |mul_9ns_6ns_14_1_1  |        0|   0|  0|   49|    0|
    |mul_9ns_6ns_14_1_1_U2003  |mul_9ns_6ns_14_1_1  |        0|   0|  0|   49|    0|
    |mul_9ns_6ns_14_1_1_U2010  |mul_9ns_6ns_14_1_1  |        0|   0|  0|   49|    0|
    |mul_9ns_6ns_14_1_1_U2012  |mul_9ns_6ns_14_1_1  |        0|   0|  0|   49|    0|
    |mul_9ns_6ns_14_1_1_U2022  |mul_9ns_6ns_14_1_1  |        0|   0|  0|   49|    0|
    |mul_9ns_6ns_14_1_1_U2042  |mul_9ns_6ns_14_1_1  |        0|   0|  0|   49|    0|
    |mul_9ns_6ns_14_1_1_U2064  |mul_9ns_6ns_14_1_1  |        0|   0|  0|   49|    0|
    |mul_9ns_6ns_14_1_1_U2065  |mul_9ns_6ns_14_1_1  |        0|   0|  0|   49|    0|
    |mul_9ns_6ns_14_1_1_U2073  |mul_9ns_6ns_14_1_1  |        0|   0|  0|   49|    0|
    |mul_9ns_6ns_14_1_1_U2075  |mul_9ns_6ns_14_1_1  |        0|   0|  0|   49|    0|
    |mul_9ns_6ns_14_1_1_U2086  |mul_9ns_6ns_14_1_1  |        0|   0|  0|   49|    0|
    |mul_9ns_6ns_14_1_1_U2090  |mul_9ns_6ns_14_1_1  |        0|   0|  0|   49|    0|
    |mul_9ns_6ns_14_1_1_U2093  |mul_9ns_6ns_14_1_1  |        0|   0|  0|   49|    0|
    |mul_9ns_6ns_14_1_1_U2104  |mul_9ns_6ns_14_1_1  |        0|   0|  0|   49|    0|
    |mul_9ns_6ns_14_1_1_U2112  |mul_9ns_6ns_14_1_1  |        0|   0|  0|   49|    0|
    |mul_9ns_6ns_14_1_1_U2120  |mul_9ns_6ns_14_1_1  |        0|   0|  0|   49|    0|
    |mul_9ns_6ns_14_1_1_U2125  |mul_9ns_6ns_14_1_1  |        0|   0|  0|   49|    0|
    |mul_9ns_6ns_14_1_1_U2127  |mul_9ns_6ns_14_1_1  |        0|   0|  0|   49|    0|
    |mul_9ns_6ns_14_1_1_U2129  |mul_9ns_6ns_14_1_1  |        0|   0|  0|   49|    0|
    |mul_9ns_6ns_14_1_1_U2137  |mul_9ns_6ns_14_1_1  |        0|   0|  0|   49|    0|
    |mul_9ns_6ns_14_1_1_U2164  |mul_9ns_6ns_14_1_1  |        0|   0|  0|   49|    0|
    |mul_9ns_6ns_14_1_1_U2168  |mul_9ns_6ns_14_1_1  |        0|   0|  0|   49|    0|
    |mul_9ns_6ns_14_1_1_U2170  |mul_9ns_6ns_14_1_1  |        0|   0|  0|   49|    0|
    |mul_9ns_6ns_14_1_1_U2172  |mul_9ns_6ns_14_1_1  |        0|   0|  0|   49|    0|
    |mul_9ns_6ns_14_1_1_U2178  |mul_9ns_6ns_14_1_1  |        0|   0|  0|   49|    0|
    |mul_9ns_6s_15_1_1_U1943   |mul_9ns_6s_15_1_1   |        0|   0|  0|   49|    0|
    |mul_9ns_6s_15_1_1_U1949   |mul_9ns_6s_15_1_1   |        0|   0|  0|   49|    0|
    |mul_9ns_6s_15_1_1_U1958   |mul_9ns_6s_15_1_1   |        0|   0|  0|   49|    0|
    |mul_9ns_6s_15_1_1_U1981   |mul_9ns_6s_15_1_1   |        0|   0|  0|   49|    0|
    |mul_9ns_6s_15_1_1_U1989   |mul_9ns_6s_15_1_1   |        0|   0|  0|   49|    0|
    |mul_9ns_6s_15_1_1_U1994   |mul_9ns_6s_15_1_1   |        0|   0|  0|   49|    0|
    |mul_9ns_6s_15_1_1_U2005   |mul_9ns_6s_15_1_1   |        0|   0|  0|   49|    0|
    |mul_9ns_6s_15_1_1_U2011   |mul_9ns_6s_15_1_1   |        0|   0|  0|   49|    0|
    |mul_9ns_6s_15_1_1_U2014   |mul_9ns_6s_15_1_1   |        0|   0|  0|   49|    0|
    |mul_9ns_6s_15_1_1_U2017   |mul_9ns_6s_15_1_1   |        0|   0|  0|   49|    0|
    |mul_9ns_6s_15_1_1_U2029   |mul_9ns_6s_15_1_1   |        0|   0|  0|   49|    0|
    |mul_9ns_6s_15_1_1_U2038   |mul_9ns_6s_15_1_1   |        0|   0|  0|   49|    0|
    |mul_9ns_6s_15_1_1_U2040   |mul_9ns_6s_15_1_1   |        0|   0|  0|   49|    0|
    |mul_9ns_6s_15_1_1_U2044   |mul_9ns_6s_15_1_1   |        0|   0|  0|   49|    0|
    |mul_9ns_6s_15_1_1_U2049   |mul_9ns_6s_15_1_1   |        0|   0|  0|   49|    0|
    |mul_9ns_6s_15_1_1_U2052   |mul_9ns_6s_15_1_1   |        0|   0|  0|   49|    0|
    |mul_9ns_6s_15_1_1_U2057   |mul_9ns_6s_15_1_1   |        0|   0|  0|   49|    0|
    |mul_9ns_6s_15_1_1_U2061   |mul_9ns_6s_15_1_1   |        0|   0|  0|   49|    0|
    |mul_9ns_6s_15_1_1_U2063   |mul_9ns_6s_15_1_1   |        0|   0|  0|   49|    0|
    |mul_9ns_6s_15_1_1_U2071   |mul_9ns_6s_15_1_1   |        0|   0|  0|   49|    0|
    |mul_9ns_6s_15_1_1_U2080   |mul_9ns_6s_15_1_1   |        0|   0|  0|   49|    0|
    |mul_9ns_6s_15_1_1_U2084   |mul_9ns_6s_15_1_1   |        0|   0|  0|   49|    0|
    |mul_9ns_6s_15_1_1_U2089   |mul_9ns_6s_15_1_1   |        0|   0|  0|   49|    0|
    |mul_9ns_6s_15_1_1_U2091   |mul_9ns_6s_15_1_1   |        0|   0|  0|   49|    0|
    |mul_9ns_6s_15_1_1_U2100   |mul_9ns_6s_15_1_1   |        0|   0|  0|   49|    0|
    |mul_9ns_6s_15_1_1_U2101   |mul_9ns_6s_15_1_1   |        0|   0|  0|   49|    0|
    |mul_9ns_6s_15_1_1_U2102   |mul_9ns_6s_15_1_1   |        0|   0|  0|   49|    0|
    |mul_9ns_6s_15_1_1_U2114   |mul_9ns_6s_15_1_1   |        0|   0|  0|   49|    0|
    |mul_9ns_6s_15_1_1_U2116   |mul_9ns_6s_15_1_1   |        0|   0|  0|   49|    0|
    |mul_9ns_6s_15_1_1_U2124   |mul_9ns_6s_15_1_1   |        0|   0|  0|   49|    0|
    |mul_9ns_6s_15_1_1_U2131   |mul_9ns_6s_15_1_1   |        0|   0|  0|   49|    0|
    |mul_9ns_6s_15_1_1_U2135   |mul_9ns_6s_15_1_1   |        0|   0|  0|   49|    0|
    |mul_9ns_6s_15_1_1_U2139   |mul_9ns_6s_15_1_1   |        0|   0|  0|   49|    0|
    |mul_9ns_6s_15_1_1_U2146   |mul_9ns_6s_15_1_1   |        0|   0|  0|   49|    0|
    |mul_9ns_6s_15_1_1_U2147   |mul_9ns_6s_15_1_1   |        0|   0|  0|   49|    0|
    |mul_9ns_6s_15_1_1_U2152   |mul_9ns_6s_15_1_1   |        0|   0|  0|   49|    0|
    |mul_9ns_6s_15_1_1_U2154   |mul_9ns_6s_15_1_1   |        0|   0|  0|   49|    0|
    |mul_9ns_6s_15_1_1_U2157   |mul_9ns_6s_15_1_1   |        0|   0|  0|   49|    0|
    |mul_9ns_6s_15_1_1_U2166   |mul_9ns_6s_15_1_1   |        0|   0|  0|   49|    0|
    |mul_9ns_6s_15_1_1_U2169   |mul_9ns_6s_15_1_1   |        0|   0|  0|   49|    0|
    |mul_9ns_6s_15_1_1_U2180   |mul_9ns_6s_15_1_1   |        0|   0|  0|   49|    0|
    |mul_9ns_7ns_15_1_1_U1937  |mul_9ns_7ns_15_1_1  |        0|   0|  0|   49|    0|
    |mul_9ns_7ns_15_1_1_U1954  |mul_9ns_7ns_15_1_1  |        0|   0|  0|   49|    0|
    |mul_9ns_7ns_15_1_1_U1955  |mul_9ns_7ns_15_1_1  |        0|   0|  0|   49|    0|
    |mul_9ns_7ns_15_1_1_U1956  |mul_9ns_7ns_15_1_1  |        0|   0|  0|   49|    0|
    |mul_9ns_7ns_15_1_1_U1960  |mul_9ns_7ns_15_1_1  |        0|   0|  0|   49|    0|
    |mul_9ns_7ns_15_1_1_U1965  |mul_9ns_7ns_15_1_1  |        0|   0|  0|   49|    0|
    |mul_9ns_7ns_15_1_1_U1974  |mul_9ns_7ns_15_1_1  |        0|   0|  0|   49|    0|
    |mul_9ns_7ns_15_1_1_U1977  |mul_9ns_7ns_15_1_1  |        0|   0|  0|   49|    0|
    |mul_9ns_7ns_15_1_1_U1991  |mul_9ns_7ns_15_1_1  |        0|   0|  0|   49|    0|
    |mul_9ns_7ns_15_1_1_U1992  |mul_9ns_7ns_15_1_1  |        0|   0|  0|   49|    0|
    |mul_9ns_7ns_15_1_1_U2000  |mul_9ns_7ns_15_1_1  |        0|   0|  0|   49|    0|
    |mul_9ns_7ns_15_1_1_U2002  |mul_9ns_7ns_15_1_1  |        0|   0|  0|   49|    0|
    |mul_9ns_7ns_15_1_1_U2019  |mul_9ns_7ns_15_1_1  |        0|   0|  0|   49|    0|
    |mul_9ns_7ns_15_1_1_U2026  |mul_9ns_7ns_15_1_1  |        0|   0|  0|   49|    0|
    |mul_9ns_7ns_15_1_1_U2031  |mul_9ns_7ns_15_1_1  |        0|   0|  0|   49|    0|
    |mul_9ns_7ns_15_1_1_U2032  |mul_9ns_7ns_15_1_1  |        0|   0|  0|   49|    0|
    |mul_9ns_7ns_15_1_1_U2046  |mul_9ns_7ns_15_1_1  |        0|   0|  0|   49|    0|
    |mul_9ns_7ns_15_1_1_U2047  |mul_9ns_7ns_15_1_1  |        0|   0|  0|   49|    0|
    |mul_9ns_7ns_15_1_1_U2066  |mul_9ns_7ns_15_1_1  |        0|   0|  0|   49|    0|
    |mul_9ns_7ns_15_1_1_U2068  |mul_9ns_7ns_15_1_1  |        0|   0|  0|   49|    0|
    |mul_9ns_7ns_15_1_1_U2069  |mul_9ns_7ns_15_1_1  |        0|   0|  0|   49|    0|
    |mul_9ns_7ns_15_1_1_U2070  |mul_9ns_7ns_15_1_1  |        0|   0|  0|   49|    0|
    |mul_9ns_7ns_15_1_1_U2078  |mul_9ns_7ns_15_1_1  |        0|   0|  0|   49|    0|
    |mul_9ns_7ns_15_1_1_U2079  |mul_9ns_7ns_15_1_1  |        0|   0|  0|   49|    0|
    |mul_9ns_7ns_15_1_1_U2088  |mul_9ns_7ns_15_1_1  |        0|   0|  0|   49|    0|
    |mul_9ns_7ns_15_1_1_U2095  |mul_9ns_7ns_15_1_1  |        0|   0|  0|   49|    0|
    |mul_9ns_7ns_15_1_1_U2097  |mul_9ns_7ns_15_1_1  |        0|   0|  0|   49|    0|
    |mul_9ns_7ns_15_1_1_U2099  |mul_9ns_7ns_15_1_1  |        0|   0|  0|   49|    0|
    |mul_9ns_7ns_15_1_1_U2105  |mul_9ns_7ns_15_1_1  |        0|   0|  0|   49|    0|
    |mul_9ns_7ns_15_1_1_U2115  |mul_9ns_7ns_15_1_1  |        0|   0|  0|   49|    0|
    |mul_9ns_7ns_15_1_1_U2117  |mul_9ns_7ns_15_1_1  |        0|   0|  0|   49|    0|
    |mul_9ns_7ns_15_1_1_U2119  |mul_9ns_7ns_15_1_1  |        0|   0|  0|   49|    0|
    |mul_9ns_7ns_15_1_1_U2123  |mul_9ns_7ns_15_1_1  |        0|   0|  0|   49|    0|
    |mul_9ns_7ns_15_1_1_U2126  |mul_9ns_7ns_15_1_1  |        0|   0|  0|   49|    0|
    |mul_9ns_7ns_15_1_1_U2134  |mul_9ns_7ns_15_1_1  |        0|   0|  0|   49|    0|
    |mul_9ns_7ns_15_1_1_U2138  |mul_9ns_7ns_15_1_1  |        0|   0|  0|   49|    0|
    |mul_9ns_7ns_15_1_1_U2141  |mul_9ns_7ns_15_1_1  |        0|   0|  0|   49|    0|
    |mul_9ns_7ns_15_1_1_U2151  |mul_9ns_7ns_15_1_1  |        0|   0|  0|   49|    0|
    |mul_9ns_7ns_15_1_1_U2158  |mul_9ns_7ns_15_1_1  |        0|   0|  0|   49|    0|
    |mul_9ns_7ns_15_1_1_U2162  |mul_9ns_7ns_15_1_1  |        0|   0|  0|   49|    0|
    |mul_9ns_7ns_15_1_1_U2163  |mul_9ns_7ns_15_1_1  |        0|   0|  0|   49|    0|
    |mul_9ns_7ns_15_1_1_U2167  |mul_9ns_7ns_15_1_1  |        0|   0|  0|   49|    0|
    |mul_9ns_7ns_15_1_1_U2175  |mul_9ns_7ns_15_1_1  |        0|   0|  0|   49|    0|
    |mul_9ns_7ns_15_1_1_U2176  |mul_9ns_7ns_15_1_1  |        0|   0|  0|   49|    0|
    |mul_9ns_7ns_15_1_1_U2177  |mul_9ns_7ns_15_1_1  |        0|   0|  0|   49|    0|
    |mul_9ns_7s_16_1_1_U1939   |mul_9ns_7s_16_1_1   |        0|   0|  0|   49|    0|
    |mul_9ns_7s_16_1_1_U1941   |mul_9ns_7s_16_1_1   |        0|   0|  0|   49|    0|
    |mul_9ns_7s_16_1_1_U1945   |mul_9ns_7s_16_1_1   |        0|   0|  0|   49|    0|
    |mul_9ns_7s_16_1_1_U1952   |mul_9ns_7s_16_1_1   |        0|   0|  0|   49|    0|
    |mul_9ns_7s_16_1_1_U1953   |mul_9ns_7s_16_1_1   |        0|   0|  0|   49|    0|
    |mul_9ns_7s_16_1_1_U1961   |mul_9ns_7s_16_1_1   |        0|   0|  0|   49|    0|
    |mul_9ns_7s_16_1_1_U1962   |mul_9ns_7s_16_1_1   |        0|   0|  0|   49|    0|
    |mul_9ns_7s_16_1_1_U1964   |mul_9ns_7s_16_1_1   |        0|   0|  0|   49|    0|
    |mul_9ns_7s_16_1_1_U1966   |mul_9ns_7s_16_1_1   |        0|   0|  0|   49|    0|
    |mul_9ns_7s_16_1_1_U1967   |mul_9ns_7s_16_1_1   |        0|   0|  0|   49|    0|
    |mul_9ns_7s_16_1_1_U1968   |mul_9ns_7s_16_1_1   |        0|   0|  0|   49|    0|
    |mul_9ns_7s_16_1_1_U1971   |mul_9ns_7s_16_1_1   |        0|   0|  0|   49|    0|
    |mul_9ns_7s_16_1_1_U1973   |mul_9ns_7s_16_1_1   |        0|   0|  0|   49|    0|
    |mul_9ns_7s_16_1_1_U1982   |mul_9ns_7s_16_1_1   |        0|   0|  0|   49|    0|
    |mul_9ns_7s_16_1_1_U1984   |mul_9ns_7s_16_1_1   |        0|   0|  0|   49|    0|
    |mul_9ns_7s_16_1_1_U1987   |mul_9ns_7s_16_1_1   |        0|   0|  0|   49|    0|
    |mul_9ns_7s_16_1_1_U1988   |mul_9ns_7s_16_1_1   |        0|   0|  0|   49|    0|
    |mul_9ns_7s_16_1_1_U1990   |mul_9ns_7s_16_1_1   |        0|   0|  0|   49|    0|
    |mul_9ns_7s_16_1_1_U1993   |mul_9ns_7s_16_1_1   |        0|   0|  0|   49|    0|
    |mul_9ns_7s_16_1_1_U1997   |mul_9ns_7s_16_1_1   |        0|   0|  0|   49|    0|
    |mul_9ns_7s_16_1_1_U2001   |mul_9ns_7s_16_1_1   |        0|   0|  0|   49|    0|
    |mul_9ns_7s_16_1_1_U2004   |mul_9ns_7s_16_1_1   |        0|   0|  0|   49|    0|
    |mul_9ns_7s_16_1_1_U2009   |mul_9ns_7s_16_1_1   |        0|   0|  0|   49|    0|
    |mul_9ns_7s_16_1_1_U2013   |mul_9ns_7s_16_1_1   |        0|   0|  0|   49|    0|
    |mul_9ns_7s_16_1_1_U2015   |mul_9ns_7s_16_1_1   |        0|   0|  0|   49|    0|
    |mul_9ns_7s_16_1_1_U2016   |mul_9ns_7s_16_1_1   |        0|   0|  0|   49|    0|
    |mul_9ns_7s_16_1_1_U2018   |mul_9ns_7s_16_1_1   |        0|   0|  0|   49|    0|
    |mul_9ns_7s_16_1_1_U2024   |mul_9ns_7s_16_1_1   |        0|   0|  0|   49|    0|
    |mul_9ns_7s_16_1_1_U2027   |mul_9ns_7s_16_1_1   |        0|   0|  0|   49|    0|
    |mul_9ns_7s_16_1_1_U2030   |mul_9ns_7s_16_1_1   |        0|   0|  0|   49|    0|
    |mul_9ns_7s_16_1_1_U2036   |mul_9ns_7s_16_1_1   |        0|   0|  0|   49|    0|
    |mul_9ns_7s_16_1_1_U2037   |mul_9ns_7s_16_1_1   |        0|   0|  0|   49|    0|
    |mul_9ns_7s_16_1_1_U2045   |mul_9ns_7s_16_1_1   |        0|   0|  0|   49|    0|
    |mul_9ns_7s_16_1_1_U2051   |mul_9ns_7s_16_1_1   |        0|   0|  0|   49|    0|
    |mul_9ns_7s_16_1_1_U2056   |mul_9ns_7s_16_1_1   |        0|   0|  0|   49|    0|
    |mul_9ns_7s_16_1_1_U2059   |mul_9ns_7s_16_1_1   |        0|   0|  0|   49|    0|
    |mul_9ns_7s_16_1_1_U2060   |mul_9ns_7s_16_1_1   |        0|   0|  0|   49|    0|
    |mul_9ns_7s_16_1_1_U2062   |mul_9ns_7s_16_1_1   |        0|   0|  0|   49|    0|
    |mul_9ns_7s_16_1_1_U2067   |mul_9ns_7s_16_1_1   |        0|   0|  0|   49|    0|
    |mul_9ns_7s_16_1_1_U2072   |mul_9ns_7s_16_1_1   |        0|   0|  0|   49|    0|
    |mul_9ns_7s_16_1_1_U2074   |mul_9ns_7s_16_1_1   |        0|   0|  0|   49|    0|
    |mul_9ns_7s_16_1_1_U2081   |mul_9ns_7s_16_1_1   |        0|   0|  0|   49|    0|
    |mul_9ns_7s_16_1_1_U2083   |mul_9ns_7s_16_1_1   |        0|   0|  0|   49|    0|
    |mul_9ns_7s_16_1_1_U2087   |mul_9ns_7s_16_1_1   |        0|   0|  0|   49|    0|
    |mul_9ns_7s_16_1_1_U2103   |mul_9ns_7s_16_1_1   |        0|   0|  0|   49|    0|
    |mul_9ns_7s_16_1_1_U2106   |mul_9ns_7s_16_1_1   |        0|   0|  0|   49|    0|
    |mul_9ns_7s_16_1_1_U2109   |mul_9ns_7s_16_1_1   |        0|   0|  0|   49|    0|
    |mul_9ns_7s_16_1_1_U2110   |mul_9ns_7s_16_1_1   |        0|   0|  0|   49|    0|
    |mul_9ns_7s_16_1_1_U2111   |mul_9ns_7s_16_1_1   |        0|   0|  0|   49|    0|
    |mul_9ns_7s_16_1_1_U2136   |mul_9ns_7s_16_1_1   |        0|   0|  0|   49|    0|
    |mul_9ns_7s_16_1_1_U2144   |mul_9ns_7s_16_1_1   |        0|   0|  0|   49|    0|
    |mul_9ns_7s_16_1_1_U2145   |mul_9ns_7s_16_1_1   |        0|   0|  0|   49|    0|
    |mul_9ns_7s_16_1_1_U2150   |mul_9ns_7s_16_1_1   |        0|   0|  0|   49|    0|
    |mul_9ns_7s_16_1_1_U2161   |mul_9ns_7s_16_1_1   |        0|   0|  0|   49|    0|
    |mul_9ns_7s_16_1_1_U2171   |mul_9ns_7s_16_1_1   |        0|   0|  0|   49|    0|
    |mul_9ns_8ns_16_1_1_U1940  |mul_9ns_8ns_16_1_1  |        0|   0|  0|   49|    0|
    |mul_9ns_8ns_16_1_1_U1985  |mul_9ns_8ns_16_1_1  |        0|   0|  0|   49|    0|
    |mul_9ns_8ns_16_1_1_U1999  |mul_9ns_8ns_16_1_1  |        0|   0|  0|   49|    0|
    |mul_9ns_8ns_16_1_1_U2007  |mul_9ns_8ns_16_1_1  |        0|   0|  0|   49|    0|
    |mul_9ns_8ns_16_1_1_U2034  |mul_9ns_8ns_16_1_1  |        0|   0|  0|   49|    0|
    |mul_9ns_8ns_16_1_1_U2041  |mul_9ns_8ns_16_1_1  |        0|   0|  0|   49|    0|
    |mul_9ns_8ns_16_1_1_U2076  |mul_9ns_8ns_16_1_1  |        0|   0|  0|   49|    0|
    |mul_9ns_8ns_16_1_1_U2082  |mul_9ns_8ns_16_1_1  |        0|   0|  0|   49|    0|
    |mul_9ns_8ns_16_1_1_U2085  |mul_9ns_8ns_16_1_1  |        0|   0|  0|   49|    0|
    |mul_9ns_8ns_16_1_1_U2098  |mul_9ns_8ns_16_1_1  |        0|   0|  0|   49|    0|
    |mul_9ns_8ns_16_1_1_U2108  |mul_9ns_8ns_16_1_1  |        0|   0|  0|   49|    0|
    |mul_9ns_8ns_16_1_1_U2121  |mul_9ns_8ns_16_1_1  |        0|   0|  0|   49|    0|
    |mul_9ns_8ns_16_1_1_U2130  |mul_9ns_8ns_16_1_1  |        0|   0|  0|   49|    0|
    |mul_9ns_8ns_16_1_1_U2140  |mul_9ns_8ns_16_1_1  |        0|   0|  0|   49|    0|
    |mul_9ns_8ns_16_1_1_U2173  |mul_9ns_8ns_16_1_1  |        0|   0|  0|   49|    0|
    |mul_9ns_8s_17_1_1_U1938   |mul_9ns_8s_17_1_1   |        0|   0|  0|   49|    0|
    |mul_9ns_8s_17_1_1_U1957   |mul_9ns_8s_17_1_1   |        0|   0|  0|   49|    0|
    |mul_9ns_8s_17_1_1_U1959   |mul_9ns_8s_17_1_1   |        0|   0|  0|   49|    0|
    |mul_9ns_8s_17_1_1_U1963   |mul_9ns_8s_17_1_1   |        0|   0|  0|   49|    0|
    |mul_9ns_8s_17_1_1_U1980   |mul_9ns_8s_17_1_1   |        0|   0|  0|   49|    0|
    |mul_9ns_8s_17_1_1_U1998   |mul_9ns_8s_17_1_1   |        0|   0|  0|   49|    0|
    |mul_9ns_8s_17_1_1_U2020   |mul_9ns_8s_17_1_1   |        0|   0|  0|   49|    0|
    |mul_9ns_8s_17_1_1_U2025   |mul_9ns_8s_17_1_1   |        0|   0|  0|   49|    0|
    |mul_9ns_8s_17_1_1_U2048   |mul_9ns_8s_17_1_1   |        0|   0|  0|   49|    0|
    |mul_9ns_8s_17_1_1_U2055   |mul_9ns_8s_17_1_1   |        0|   0|  0|   49|    0|
    |mul_9ns_8s_17_1_1_U2092   |mul_9ns_8s_17_1_1   |        0|   0|  0|   49|    0|
    |mul_9ns_8s_17_1_1_U2094   |mul_9ns_8s_17_1_1   |        0|   0|  0|   49|    0|
    |mul_9ns_8s_17_1_1_U2107   |mul_9ns_8s_17_1_1   |        0|   0|  0|   49|    0|
    |mul_9ns_8s_17_1_1_U2113   |mul_9ns_8s_17_1_1   |        0|   0|  0|   49|    0|
    |mul_9ns_8s_17_1_1_U2122   |mul_9ns_8s_17_1_1   |        0|   0|  0|   49|    0|
    |mul_9ns_8s_17_1_1_U2128   |mul_9ns_8s_17_1_1   |        0|   0|  0|   49|    0|
    |mul_9ns_8s_17_1_1_U2132   |mul_9ns_8s_17_1_1   |        0|   0|  0|   49|    0|
    |mul_9ns_8s_17_1_1_U2142   |mul_9ns_8s_17_1_1   |        0|   0|  0|   49|    0|
    |mul_9ns_8s_17_1_1_U2143   |mul_9ns_8s_17_1_1   |        0|   0|  0|   49|    0|
    |mul_9ns_8s_17_1_1_U2149   |mul_9ns_8s_17_1_1   |        0|   0|  0|   49|    0|
    |mul_9ns_8s_17_1_1_U2155   |mul_9ns_8s_17_1_1   |        0|   0|  0|   49|    0|
    |mul_9ns_8s_17_1_1_U2156   |mul_9ns_8s_17_1_1   |        0|   0|  0|   49|    0|
    |mul_9ns_8s_17_1_1_U2159   |mul_9ns_8s_17_1_1   |        0|   0|  0|   49|    0|
    |mul_9ns_8s_17_1_1_U2160   |mul_9ns_8s_17_1_1   |        0|   0|  0|   49|    0|
    |mul_9ns_9ns_17_1_1_U2077  |mul_9ns_9ns_17_1_1  |        0|   0|  0|   49|    0|
    |mul_9ns_9s_18_1_1_U2008   |mul_9ns_9s_18_1_1   |        0|   0|  0|   49|    0|
    |mul_9ns_9s_18_1_1_U2035   |mul_9ns_9s_18_1_1   |        0|   0|  0|   49|    0|
    +--------------------------+--------------------+---------+----+---+-----+-----+
    |Total                     |                    |        0|   0|  0|11956|    0|
    +--------------------------+--------------------+---------+----+---+-----+-----+

    * DSP: 
    N/A

    * Memory: 
    N/A

    * FIFO: 
    N/A

    * Expression: 
    +---------------------------+----------+----+---+-----+------------+------------+
    |       Variable Name       | Operation| DSP| FF| LUT | Bitwidth P0| Bitwidth P1|
    +---------------------------+----------+----+---+-----+------------+------------+
    |add_ln54_10_fu_518357_p2   |         +|   0|  0|   23|          16|          16|
    |add_ln54_11_fu_518526_p2   |         +|   0|  0|   22|          15|          15|
    |add_ln54_12_fu_518800_p2   |         +|   0|  0|   19|          12|          12|
    |add_ln54_13_fu_518848_p2   |         +|   0|  0|   22|          15|          15|
    |add_ln54_14_fu_519081_p2   |         +|   0|  0|   22|          15|          15|
    |add_ln54_15_fu_519176_p2   |         +|   0|  0|   21|          14|          14|
    |add_ln54_16_fu_519550_p2   |         +|   0|  0|   21|          14|          14|
    |add_ln54_17_fu_519928_p2   |         +|   0|  0|   23|          16|          16|
    |add_ln54_18_fu_521268_p2   |         +|   0|  0|   21|          14|          14|
    |add_ln54_19_fu_521392_p2   |         +|   0|  0|   23|          16|          16|
    |add_ln54_1_fu_516089_p2    |         +|   0|  0|   22|          15|          15|
    |add_ln54_20_fu_521667_p2   |         +|   0|  0|   21|          14|          14|
    |add_ln54_21_fu_521915_p2   |         +|   0|  0|   22|          15|          15|
    |add_ln54_22_fu_522106_p2   |         +|   0|  0|   19|          12|          12|
    |add_ln54_23_fu_522468_p2   |         +|   0|  0|   21|          14|          14|
    |add_ln54_24_fu_522869_p2   |         +|   0|  0|   20|          13|          13|
    |add_ln54_25_fu_523081_p2   |         +|   0|  0|   21|          14|          14|
    |add_ln54_26_fu_523213_p2   |         +|   0|  0|   20|          13|          13|
    |add_ln54_27_fu_523245_p2   |         +|   0|  0|   19|          12|          12|
    |add_ln54_28_fu_523469_p2   |         +|   0|  0|   21|          14|          14|
    |add_ln54_29_fu_523592_p2   |         +|   0|  0|   19|          12|          12|
    |add_ln54_2_fu_516323_p2    |         +|   0|  0|   21|          14|          14|
    |add_ln54_30_fu_524033_p2   |         +|   0|  0|   21|          14|          14|
    |add_ln54_31_fu_524254_p2   |         +|   0|  0|   21|          14|          14|
    |add_ln54_32_fu_524296_p2   |         +|   0|  0|   22|          15|          15|
    |add_ln54_33_fu_524352_p2   |         +|   0|  0|   22|          15|          15|
    |add_ln54_34_fu_524368_p2   |         +|   0|  0|   19|          12|          12|
    |add_ln54_35_fu_524404_p2   |         +|   0|  0|   21|          14|          14|
    |add_ln54_36_fu_524683_p2   |         +|   0|  0|   21|          14|          14|
    |add_ln54_37_fu_524809_p2   |         +|   0|  0|   20|          13|          13|
    |add_ln54_38_fu_525192_p2   |         +|   0|  0|   21|          14|          14|
    |add_ln54_39_fu_525238_p2   |         +|   0|  0|   21|          14|          14|
    |add_ln54_3_fu_516524_p2    |         +|   0|  0|   20|          13|          13|
    |add_ln54_40_fu_525278_p2   |         +|   0|  0|   20|          13|          13|
    |add_ln54_4_fu_516693_p2    |         +|   0|  0|   22|          15|          15|
    |add_ln54_5_fu_516899_p2    |         +|   0|  0|   20|          13|          13|
    |add_ln54_6_fu_517288_p2    |         +|   0|  0|   23|          16|          16|
    |add_ln54_7_fu_517544_p2    |         +|   0|  0|   21|          14|          14|
    |add_ln54_8_fu_517718_p2    |         +|   0|  0|   22|          15|          15|
    |add_ln54_9_fu_517872_p2    |         +|   0|  0|   20|          13|          13|
    |add_ln54_fu_515995_p2      |         +|   0|  0|   21|          14|          14|
    |add_ln73_100_fu_529588_p2  |         +|   0|  0|   20|          13|          13|
    |add_ln73_101_fu_527407_p2  |         +|   0|  0|   17|          10|          10|
    |add_ln73_102_fu_527416_p2  |         +|   0|  0|   19|          12|          12|
    |add_ln73_103_fu_529618_p2  |         +|   0|  0|   16|          14|          14|
    |add_ln73_104_fu_527426_p2  |         +|   0|  0|   20|          13|          13|
    |add_ln73_105_fu_530795_p2  |         +|   0|  0|   21|          14|          14|
    |add_ln73_106_fu_525402_p2  |         +|   0|  0|   19|          12|          12|
    |add_ln73_107_fu_529597_p2  |         +|   0|  0|   16|          14|          14|
    |add_ln73_108_fu_527432_p2  |         +|   0|  0|   18|          11|          11|
    |add_ln73_109_fu_527442_p2  |         +|   0|  0|   17|          10|          10|
    |add_ln73_110_fu_527452_p2  |         +|   0|  0|   19|          12|          12|
    |add_ln73_111_fu_529606_p2  |         +|   0|  0|   16|          14|          14|
    |add_ln73_112_fu_527458_p2  |         +|   0|  0|   20|          13|          12|
    |add_ln73_113_fu_527470_p2  |         +|   0|  0|   17|          13|          13|
    |add_ln73_114_fu_527476_p2  |         +|   0|  0|   17|          13|          13|
    |add_ln73_115_fu_527482_p2  |         +|   0|  0|   17|          13|          13|
    |add_ln73_116_fu_529624_p2  |         +|   0|  0|   16|          14|          14|
    |add_ln73_117_fu_527488_p2  |         +|   0|  0|   17|          11|          11|
    |add_ln73_118_fu_527494_p2  |         +|   0|  0|   17|          11|          11|
    |add_ln73_119_fu_529637_p2  |         +|   0|  0|   16|          15|          15|
    |add_ln73_120_fu_527500_p2  |         +|   0|  0|   17|          10|          10|
    |add_ln73_121_fu_527510_p2  |         +|   0|  0|   21|          14|          14|
    |add_ln73_122_fu_530820_p2  |         +|   0|  0|   23|          16|          16|
    |add_ln73_123_fu_527565_p2  |         +|   0|  0|   19|          12|          12|
    |add_ln73_124_fu_527571_p2  |         +|   0|  0|   17|          12|          12|
    |add_ln73_125_fu_527516_p2  |         +|   0|  0|   16|          14|          14|
    |add_ln73_126_fu_527522_p2  |         +|   0|  0|   16|          14|          14|
    |add_ln73_127_fu_529646_p2  |         +|   0|  0|   16|          15|          15|
    |add_ln73_128_fu_529676_p2  |         +|   0|  0|   17|          13|          13|
    |add_ln73_129_fu_527528_p2  |         +|   0|  0|   20|          13|          13|
    |add_ln73_130_fu_525408_p2  |         +|   0|  0|   19|          12|          12|
    |add_ln73_131_fu_527537_p2  |         +|   0|  0|   21|          14|          14|
    |add_ln73_132_fu_529658_p2  |         +|   0|  0|   16|          15|          15|
    |add_ln73_133_fu_525414_p2  |         +|   0|  0|   18|          11|          11|
    |add_ln73_134_fu_525420_p2  |         +|   0|  0|   18|          11|          11|
    |add_ln73_135_fu_527549_p2  |         +|   0|  0|   19|          12|          12|
    |add_ln73_136_fu_527559_p2  |         +|   0|  0|   20|          13|          13|
    |add_ln73_137_fu_529667_p2  |         +|   0|  0|   16|          15|          15|
    |add_ln73_138_fu_527577_p2  |         +|   0|  0|   17|          12|          12|
    |add_ln73_139_fu_527583_p2  |         +|   0|  0|   17|          13|          13|
    |add_ln73_140_fu_527589_p2  |         +|   0|  0|   17|          13|          13|
    |add_ln73_141_fu_529681_p2  |         +|   0|  0|   17|          13|          13|
    |add_ln73_142_fu_530841_p2  |         +|   0|  0|   16|          15|          15|
    |add_ln73_143_fu_529691_p2  |         +|   0|  0|   21|          14|          14|
    |add_ln73_144_fu_527664_p2  |         +|   0|  0|   17|          11|          11|
    |add_ln73_145_fu_527595_p2  |         +|   0|  0|   18|          11|          11|
    |add_ln73_146_fu_527605_p2  |         +|   0|  0|   20|          13|          13|
    |add_ln73_147_fu_527615_p2  |         +|   0|  0|   21|          14|          14|
    |add_ln73_148_fu_529715_p2  |         +|   0|  0|   20|          13|          13|
    |add_ln73_149_fu_530832_p2  |         +|   0|  0|   16|          15|          15|
    |add_ln73_150_fu_527621_p2  |         +|   0|  0|   17|          13|          13|
    |add_ln73_151_fu_527627_p2  |         +|   0|  0|   18|          11|          11|
    |add_ln73_152_fu_527637_p2  |         +|   0|  0|   17|          13|          13|
    |add_ln73_153_fu_527643_p2  |         +|   0|  0|   17|          11|          11|
    |add_ln73_154_fu_525426_p2  |         +|   0|  0|   16|           9|           9|
    |add_ln73_155_fu_527652_p2  |         +|   0|  0|   17|          11|          11|
    |add_ln73_156_fu_529703_p2  |         +|   0|  0|   21|          14|          14|
    |add_ln73_157_fu_527658_p2  |         +|   0|  0|   18|          11|          10|
    |add_ln73_158_fu_527670_p2  |         +|   0|  0|   17|          11|          11|
    |add_ln73_159_fu_527676_p2  |         +|   0|  0|   18|          11|          11|
    |add_ln73_15_fu_530723_p2   |         +|   0|  0|   16|          15|          15|
    |add_ln73_160_fu_527686_p2  |         +|   0|  0|   19|          12|          12|
    |add_ln73_161_fu_529721_p2  |         +|   0|  0|   17|          13|          13|
    |add_ln73_162_fu_527692_p2  |         +|   0|  0|   17|          10|          10|
    |add_ln73_163_fu_529730_p2  |         +|   0|  0|   17|          13|          13|
    |add_ln73_164_fu_527698_p2  |         +|   0|  0|   17|          10|          10|
    |add_ln73_165_fu_530866_p2  |         +|   0|  0|   22|          15|          15|
    |add_ln73_166_fu_527708_p2  |         +|   0|  0|   19|          12|          12|
    |add_ln73_167_fu_527718_p2  |         +|   0|  0|   17|          13|          13|
    |add_ln73_168_fu_527781_p2  |         +|   0|  0|   18|          10|          10|
    |add_ln73_169_fu_527724_p2  |         +|   0|  0|   17|          13|          13|
    |add_ln73_16_fu_527008_p2   |         +|   0|  0|   17|          10|          10|
    |add_ln73_170_fu_530853_p2  |         +|   0|  0|   21|          14|          14|
    |add_ln73_171_fu_525432_p2  |         +|   0|  0|   19|          12|          12|
    |add_ln73_172_fu_529776_p2  |         +|   0|  0|   17|          13|          13|
    |add_ln73_173_fu_527730_p2  |         +|   0|  0|   18|          11|          11|
    |add_ln73_174_fu_529742_p2  |         +|   0|  0|   16|          14|          14|
    |add_ln73_175_fu_527736_p2  |         +|   0|  0|   18|          11|          11|
    |add_ln73_176_fu_525438_p2  |         +|   0|  0|   16|           9|           9|
    |add_ln73_177_fu_527749_p2  |         +|   0|  0|   17|          10|          10|
    |add_ln73_178_fu_527759_p2  |         +|   0|  0|   19|          12|          12|
    |add_ln73_179_fu_529751_p2  |         +|   0|  0|   16|          14|          14|
    |add_ln73_17_fu_527013_p2   |         +|   0|  0|   19|          12|          12|
    |add_ln73_180_fu_527765_p2  |         +|   0|  0|   16|           9|           9|
    |add_ln73_181_fu_530891_p2  |         +|   0|  0|   22|          15|          15|
    |add_ln73_182_fu_527775_p2  |         +|   0|  0|   18|          10|           9|
    |add_ln73_183_fu_527837_p2  |         +|   0|  0|   17|          12|          12|
    |add_ln73_184_fu_527847_p2  |         +|   0|  0|   17|          13|          13|
    |add_ln73_185_fu_527787_p2  |         +|   0|  0|   19|          12|          12|
    |add_ln73_186_fu_527863_p2  |         +|   0|  0|   17|          13|          13|
    |add_ln73_187_fu_527793_p2  |         +|   0|  0|   17|          10|          10|
    |add_ln73_188_fu_529766_p2  |         +|   0|  0|   18|          11|          11|
    |add_ln73_189_fu_529815_p2  |         +|   0|  0|   16|          14|          14|
    |add_ln73_18_fu_527082_p2   |         +|   0|  0|   17|          12|          12|
    |add_ln73_190_fu_529782_p2  |         +|   0|  0|   17|          13|          13|
    |add_ln73_191_fu_527799_p2  |         +|   0|  0|   19|          12|          12|
    |add_ln73_192_fu_527809_p2  |         +|   0|  0|   20|          13|          13|
    |add_ln73_193_fu_530878_p2  |         +|   0|  0|   21|          14|          14|
    |add_ln73_194_fu_529788_p2  |         +|   0|  0|   17|          12|          12|
    |add_ln73_195_fu_527815_p2  |         +|   0|  0|   17|          10|          10|
    |add_ln73_196_fu_527825_p2  |         +|   0|  0|   18|          11|          11|
    |add_ln73_197_fu_529797_p2  |         +|   0|  0|   17|          12|          12|
    |add_ln73_198_fu_527831_p2  |         +|   0|  0|   17|          12|          12|
    |add_ln73_199_fu_527853_p2  |         +|   0|  0|   17|          10|          10|
    |add_ln73_19_fu_529430_p2   |         +|   0|  0|   17|          13|          13|
    |add_ln73_200_fu_529806_p2  |         +|   0|  0|   16|          14|          14|
    |add_ln73_201_fu_527869_p2  |         +|   0|  0|   20|          13|          13|
    |add_ln73_202_fu_530903_p2  |         +|   0|  0|   23|          16|          16|
    |add_ln73_203_fu_529825_p2  |         +|   0|  0|   18|          11|          11|
    |add_ln73_204_fu_527934_p2  |         +|   0|  0|   17|          12|          12|
    |add_ln73_205_fu_527944_p2  |         +|   0|  0|   16|          14|          14|
    |add_ln73_206_fu_529835_p2  |         +|   0|  0|   16|          15|          15|
    |add_ln73_207_fu_527960_p2  |         +|   0|  0|   16|          14|          14|
    |add_ln73_208_fu_527875_p2  |         +|   0|  0|   17|          10|          10|
    |add_ln73_209_fu_525444_p2  |         +|   0|  0|   17|          10|          10|
    |add_ln73_20_fu_527098_p2   |         +|   0|  0|   17|          12|          12|
    |add_ln73_210_fu_527888_p2  |         +|   0|  0|   18|          11|          11|
    |add_ln73_211_fu_529844_p2  |         +|   0|  0|   16|          15|          15|
    |add_ln73_212_fu_527894_p2  |         +|   0|  0|   17|          13|          13|
    |add_ln73_213_fu_527900_p2  |         +|   0|  0|   17|          13|          13|
    |add_ln73_214_fu_527906_p2  |         +|   0|  0|   17|          13|          13|
    |add_ln73_215_fu_527912_p2  |         +|   0|  0|   18|          11|          11|
    |add_ln73_216_fu_527922_p2  |         +|   0|  0|   17|          13|          13|
    |add_ln73_217_fu_529856_p2  |         +|   0|  0|   21|          14|          14|
    |add_ln73_218_fu_527928_p2  |         +|   0|  0|   17|          12|           9|
    |add_ln73_219_fu_527950_p2  |         +|   0|  0|   19|          12|          12|
    |add_ln73_21_fu_527019_p2   |         +|   0|  0|   18|          11|          11|
    |add_ln73_220_fu_529903_p2  |         +|   0|  0|   23|          16|          16|
    |add_ln73_221_fu_527966_p2  |         +|   0|  0|   19|          12|          12|
    |add_ln73_222_fu_529868_p2  |         +|   0|  0|   16|          15|          15|
    |add_ln73_223_fu_527972_p2  |         +|   0|  0|   19|          12|          12|
    |add_ln73_224_fu_525450_p2  |         +|   0|  0|   19|          12|          12|
    |add_ln73_225_fu_527985_p2  |         +|   0|  0|   21|          14|          14|
    |add_ln73_226_fu_529917_p2  |         +|   0|  0|   17|          12|          12|
    |add_ln73_227_fu_529927_p2  |         +|   0|  0|   17|          13|          13|
    |add_ln73_228_fu_529877_p2  |         +|   0|  0|   16|          15|          15|
    |add_ln73_229_fu_525456_p2  |         +|   0|  0|   18|          11|          11|
    |add_ln73_22_fu_527025_p2   |         +|   0|  0|   19|          12|          12|
    |add_ln73_230_fu_530915_p2  |         +|   0|  0|   21|          14|          14|
    |add_ln73_231_fu_527994_p2  |         +|   0|  0|   19|          12|          12|
    |add_ln73_232_fu_528000_p2  |         +|   0|  0|   18|          11|          11|
    |add_ln73_233_fu_528010_p2  |         +|   0|  0|   17|          10|          10|
    |add_ln73_234_fu_528020_p2  |         +|   0|  0|   19|          12|          12|
    |add_ln73_235_fu_529893_p2  |         +|   0|  0|   20|          13|          13|
    |add_ln73_236_fu_528026_p2  |         +|   0|  0|   19|          12|          12|
    |add_ln73_237_fu_529909_p2  |         +|   0|  0|   17|          12|          12|
    |add_ln73_238_fu_528032_p2  |         +|   0|  0|   17|          11|          11|
    |add_ln73_239_fu_531717_p2  |         +|   0|  0|   22|          15|          15|
    |add_ln73_23_fu_527031_p2   |         +|   0|  0|   20|          13|          13|
    |add_ln73_240_fu_525462_p2  |         +|   0|  0|   17|          10|          10|
    |add_ln73_241_fu_528038_p2  |         +|   0|  0|   16|           9|           9|
    |add_ln73_242_fu_528048_p2  |         +|   0|  0|   17|          11|          11|
    |add_ln73_243_fu_528110_p2  |         +|   0|  0|   20|          13|          13|
    |add_ln73_244_fu_529933_p2  |         +|   0|  0|   17|          13|          13|
    |add_ln73_245_fu_528054_p2  |         +|   0|  0|   18|          11|          11|
    |add_ln73_246_fu_530921_p2  |         +|   0|  0|   16|          14|          14|
    |add_ln73_247_fu_529963_p2  |         +|   0|  0|   16|          14|          14|
    |add_ln73_248_fu_528060_p2  |         +|   0|  0|   17|          12|          12|
    |add_ln73_249_fu_528066_p2  |         +|   0|  0|   17|          12|          12|
    |add_ln73_24_fu_530704_p2   |         +|   0|  0|   21|          14|          14|
    |add_ln73_250_fu_530930_p2  |         +|   0|  0|   16|          14|          14|
    |add_ln73_251_fu_528072_p2  |         +|   0|  0|   19|          12|          12|
    |add_ln73_252_fu_528078_p2  |         +|   0|  0|   18|          11|          11|
    |add_ln73_253_fu_528088_p2  |         +|   0|  0|   19|          12|          12|
    |add_ln73_254_fu_529945_p2  |         +|   0|  0|   20|          13|          13|
    |add_ln73_255_fu_525468_p2  |         +|   0|  0|   19|          12|          12|
    |add_ln73_256_fu_528100_p2  |         +|   0|  0|   19|          12|          12|
    |add_ln73_257_fu_529954_p2  |         +|   0|  0|   16|          14|          14|
    |add_ln73_258_fu_528116_p2  |         +|   0|  0|   17|          13|          13|
    |add_ln73_259_fu_528122_p2  |         +|   0|  0|   17|          13|          13|
    |add_ln73_25_fu_530714_p2   |         +|   0|  0|   16|          15|          15|
    |add_ln73_260_fu_529973_p2  |         +|   0|  0|   22|          15|          15|
    |add_ln73_261_fu_530957_p2  |         +|   0|  0|   23|          16|          16|
    |add_ln73_262_fu_530936_p2  |         +|   0|  0|   16|          15|          15|
    |add_ln73_263_fu_528183_p2  |         +|   0|  0|   18|          11|          11|
    |add_ln73_264_fu_528128_p2  |         +|   0|  0|   17|          11|          11|
    |add_ln73_265_fu_528134_p2  |         +|   0|  0|   16|           9|           9|
    |add_ln73_266_fu_528143_p2  |         +|   0|  0|   17|          11|          11|
    |add_ln73_267_fu_530012_p2  |         +|   0|  0|   17|          13|          13|
    |add_ln73_268_fu_530944_p2  |         +|   0|  0|   16|          15|          15|
    |add_ln73_269_fu_528149_p2  |         +|   0|  0|   19|          12|          12|
    |add_ln73_26_fu_527037_p2   |         +|   0|  0|   19|          12|          12|
    |add_ln73_270_fu_528155_p2  |         +|   0|  0|   20|          13|          13|
    |add_ln73_271_fu_529985_p2  |         +|   0|  0|   16|          14|          14|
    |add_ln73_272_fu_528161_p2  |         +|   0|  0|   18|          11|          11|
    |add_ln73_273_fu_525474_p2  |         +|   0|  0|   18|          11|          11|
    |add_ln73_274_fu_528174_p2  |         +|   0|  0|   19|          12|          12|
    |add_ln73_275_fu_529994_p2  |         +|   0|  0|   16|          14|          14|
    |add_ln73_276_fu_525480_p2  |         +|   0|  0|   17|          10|           8|
    |add_ln73_277_fu_528193_p2  |         +|   0|  0|   19|          12|          12|
    |add_ln73_278_fu_525486_p2  |         +|   0|  0|   17|          10|          10|
    |add_ln73_279_fu_530006_p2  |         +|   0|  0|   17|          13|          13|
    |add_ln73_27_fu_525354_p2   |         +|   0|  0|   16|           9|           9|
    |add_ln73_280_fu_530022_p2  |         +|   0|  0|   16|          14|          14|
    |add_ln73_281_fu_528199_p2  |         +|   0|  0|   16|           9|           9|
    |add_ln73_282_fu_530031_p2  |         +|   0|  0|   16|          14|          14|
    |add_ln73_283_fu_528204_p2  |         +|   0|  0|   20|          13|          13|
    |add_ln73_284_fu_530982_p2  |         +|   0|  0|   23|          16|          16|
    |add_ln73_285_fu_525504_p2  |         +|   0|  0|   17|          10|          10|
    |add_ln73_286_fu_528277_p2  |         +|   0|  0|   18|          11|          11|
    |add_ln73_287_fu_528210_p2  |         +|   0|  0|   19|          12|          12|
    |add_ln73_288_fu_528293_p2  |         +|   0|  0|   17|          13|          13|
    |add_ln73_289_fu_528220_p2  |         +|   0|  0|   20|          13|          13|
    |add_ln73_28_fu_527050_p2   |         +|   0|  0|   18|          11|          11|
    |add_ln73_290_fu_530070_p2  |         +|   0|  0|   16|          14|          14|
    |add_ln73_291_fu_530043_p2  |         +|   0|  0|   21|          14|          14|
    |add_ln73_292_fu_530969_p2  |         +|   0|  0|   22|          15|          15|
    |add_ln73_293_fu_528226_p2  |         +|   0|  0|   19|          12|          12|
    |add_ln73_294_fu_525492_p2  |         +|   0|  0|   19|          12|          12|
    |add_ln73_295_fu_528239_p2  |         +|   0|  0|   21|          14|          14|
    |add_ln73_296_fu_528245_p2  |         +|   0|  0|   18|          11|          11|
    |add_ln73_297_fu_525498_p2  |         +|   0|  0|   18|          11|          11|
    |add_ln73_298_fu_528258_p2  |         +|   0|  0|   19|          12|          12|
    |add_ln73_299_fu_528268_p2  |         +|   0|  0|   20|          13|          13|
    |add_ln73_29_fu_527060_p2   |         +|   0|  0|   20|          13|          13|
    |add_ln73_300_fu_530055_p2  |         +|   0|  0|   22|          15|          15|
    |add_ln73_301_fu_528287_p2  |         +|   0|  0|   17|          13|          13|
    |add_ln73_302_fu_530064_p2  |         +|   0|  0|   21|          14|          14|
    |add_ln73_303_fu_530076_p2  |         +|   0|  0|   16|          14|          14|
    |add_ln73_304_fu_528299_p2  |         +|   0|  0|   17|          13|          13|
    |add_ln73_305_fu_528305_p2  |         +|   0|  0|   17|          13|          13|
    |add_ln73_306_fu_530994_p2  |         +|   0|  0|   16|          15|          15|
    |add_ln73_307_fu_528311_p2  |         +|   0|  0|   20|          13|          13|
    |add_ln73_308_fu_528317_p2  |         +|   0|  0|   19|          12|          12|
    |add_ln73_309_fu_531016_p2  |         +|   0|  0|   23|          16|          16|
    |add_ln73_30_fu_529483_p2   |         +|   0|  0|   16|          15|          15|
    |add_ln73_310_fu_528327_p2  |         +|   0|  0|   20|          13|          13|
    |add_ln73_311_fu_528398_p2  |         +|   0|  0|   17|          13|          13|
    |add_ln73_312_fu_528404_p2  |         +|   0|  0|   17|          13|          13|
    |add_ln73_313_fu_530088_p2  |         +|   0|  0|   21|          14|          14|
    |add_ln73_314_fu_530138_p2  |         +|   0|  0|   21|          14|          14|
    |add_ln73_315_fu_531003_p2  |         +|   0|  0|   16|          15|          15|
    |add_ln73_316_fu_528333_p2  |         +|   0|  0|   19|          12|          12|
    |add_ln73_317_fu_528339_p2  |         +|   0|  0|   18|          11|          11|
    |add_ln73_318_fu_528349_p2  |         +|   0|  0|   19|          12|          12|
    |add_ln73_319_fu_530100_p2  |         +|   0|  0|   20|          13|          13|
    |add_ln73_31_fu_525366_p2   |         +|   0|  0|   16|           9|           6|
    |add_ln73_320_fu_528355_p2  |         +|   0|  0|   18|          11|          11|
    |add_ln73_321_fu_528361_p2  |         +|   0|  0|   17|          10|          10|
    |add_ln73_322_fu_528371_p2  |         +|   0|  0|   18|          11|          11|
    |add_ln73_323_fu_530116_p2  |         +|   0|  0|   19|          12|          12|
    |add_ln73_324_fu_530126_p2  |         +|   0|  0|   21|          14|          14|
    |add_ln73_325_fu_528388_p2  |         +|   0|  0|   18|          11|          11|
    |add_ln73_326_fu_528410_p2  |         +|   0|  0|   19|          12|          12|
    |add_ln73_327_fu_530144_p2  |         +|   0|  0|   16|          14|          14|
    |add_ln73_328_fu_531041_p2  |         +|   0|  0|   23|          16|          16|
    |add_ln73_329_fu_528480_p2  |         +|   0|  0|   19|          12|          11|
    |add_ln73_32_fu_527148_p2   |         +|   0|  0|   17|          10|          10|
    |add_ln73_330_fu_530150_p2  |         +|   0|  0|   16|          14|          14|
    |add_ln73_331_fu_528416_p2  |         +|   0|  0|   20|          13|          13|
    |add_ln73_332_fu_528505_p2  |         +|   0|  0|   17|          13|          13|
    |add_ln73_333_fu_528426_p2  |         +|   0|  0|   19|          12|          12|
    |add_ln73_334_fu_528436_p2  |         +|   0|  0|   21|          14|          14|
    |add_ln73_335_fu_530189_p2  |         +|   0|  0|   16|          14|          14|
    |add_ln73_336_fu_531028_p2  |         +|   0|  0|   22|          15|          15|
    |add_ln73_337_fu_528442_p2  |         +|   0|  0|   19|          12|          12|
    |add_ln73_338_fu_528448_p2  |         +|   0|  0|   20|          13|          13|
    |add_ln73_339_fu_530162_p2  |         +|   0|  0|   16|          14|          14|
    |add_ln73_33_fu_527066_p2   |         +|   0|  0|   17|          10|          10|
    |add_ln73_340_fu_528454_p2  |         +|   0|  0|   18|          11|          11|
    |add_ln73_341_fu_528464_p2  |         +|   0|  0|   18|          11|          11|
    |add_ln73_342_fu_528474_p2  |         +|   0|  0|   19|          12|          12|
    |add_ln73_343_fu_530171_p2  |         +|   0|  0|   16|          14|          14|
    |add_ln73_344_fu_528490_p2  |         +|   0|  0|   16|           9|           9|
    |add_ln73_345_fu_528499_p2  |         +|   0|  0|   17|          13|          13|
    |add_ln73_346_fu_530180_p2  |         +|   0|  0|   16|          14|          14|
    |add_ln73_347_fu_528511_p2  |         +|   0|  0|   20|          13|          13|
    |add_ln73_348_fu_530199_p2  |         +|   0|  0|   22|          15|          15|
    |add_ln73_349_fu_528517_p2  |         +|   0|  0|   18|          11|          11|
    |add_ln73_34_fu_527076_p2   |         +|   0|  0|   19|          12|           9|
    |add_ln73_350_fu_531071_p2  |         +|   0|  0|   23|          16|          16|
    |add_ln73_351_fu_525528_p2  |         +|   0|  0|   17|          10|          10|
    |add_ln73_352_fu_528593_p2  |         +|   0|  0|   19|          12|          12|
    |add_ln73_353_fu_528603_p2  |         +|   0|  0|   20|          13|          13|
    |add_ln73_354_fu_531050_p2  |         +|   0|  0|   16|          15|          15|
    |add_ln73_355_fu_530214_p2  |         +|   0|  0|   16|          14|          14|
    |add_ln73_356_fu_528523_p2  |         +|   0|  0|   19|          12|          12|
    |add_ln73_357_fu_530223_p2  |         +|   0|  0|   16|          14|          14|
    |add_ln73_358_fu_528533_p2  |         +|   0|  0|   19|          12|          12|
    |add_ln73_359_fu_528543_p2  |         +|   0|  0|   20|          13|          13|
    |add_ln73_35_fu_527174_p2   |         +|   0|  0|   17|          13|          13|
    |add_ln73_360_fu_531058_p2  |         +|   0|  0|   16|          15|          15|
    |add_ln73_361_fu_528549_p2  |         +|   0|  0|   19|          12|          12|
    |add_ln73_362_fu_525510_p2  |         +|   0|  0|   19|          12|          12|
    |add_ln73_363_fu_528562_p2  |         +|   0|  0|   16|          14|          14|
    |add_ln73_364_fu_525516_p2  |         +|   0|  0|   18|          11|          11|
    |add_ln73_365_fu_525522_p2  |         +|   0|  0|   17|          10|          10|
    |add_ln73_366_fu_528574_p2  |         +|   0|  0|   19|          12|          12|
    |add_ln73_367_fu_528584_p2  |         +|   0|  0|   16|          14|          14|
    |add_ln73_368_fu_530208_p2  |         +|   0|  0|   16|          14|          14|
    |add_ln73_369_fu_528609_p2  |         +|   0|  0|   20|          13|          13|
    |add_ln73_36_fu_527088_p2   |         +|   0|  0|   17|          10|          10|
    |add_ln73_370_fu_530229_p2  |         +|   0|  0|   16|          14|          14|
    |add_ln73_371_fu_528615_p2  |         +|   0|  0|   18|          11|          11|
    |add_ln73_372_fu_531083_p2  |         +|   0|  0|   16|          15|          15|
    |add_ln73_373_fu_530235_p2  |         +|   0|  0|   20|          13|          13|
    |add_ln73_374_fu_528621_p2  |         +|   0|  0|   19|          12|          12|
    |add_ln73_375_fu_531105_p2  |         +|   0|  0|   23|          16|          16|
    |add_ln73_376_fu_528631_p2  |         +|   0|  0|   20|          13|          13|
    |add_ln73_377_fu_530248_p2  |         +|   0|  0|   21|          14|          14|
    |add_ln73_378_fu_528707_p2  |         +|   0|  0|   20|          13|          13|
    |add_ln73_379_fu_531092_p2  |         +|   0|  0|   16|          15|          15|
    |add_ln73_37_fu_529448_p2   |         +|   0|  0|   20|          13|          13|
    |add_ln73_380_fu_530278_p2  |         +|   0|  0|   17|          13|          13|
    |add_ln73_381_fu_528637_p2  |         +|   0|  0|   18|          11|          11|
    |add_ln73_382_fu_528642_p2  |         +|   0|  0|   18|          11|          11|
    |add_ln73_383_fu_528652_p2  |         +|   0|  0|   19|          12|          12|
    |add_ln73_384_fu_530260_p2  |         +|   0|  0|   17|          13|          13|
    |add_ln73_385_fu_528658_p2  |         +|   0|  0|   17|          10|          10|
    |add_ln73_386_fu_525534_p2  |         +|   0|  0|   16|           9|           9|
    |add_ln73_387_fu_528671_p2  |         +|   0|  0|   17|          10|          10|
    |add_ln73_388_fu_528681_p2  |         +|   0|  0|   18|          11|          11|
    |add_ln73_389_fu_530269_p2  |         +|   0|  0|   17|          13|          13|
    |add_ln73_38_fu_527104_p2   |         +|   0|  0|   20|          13|          13|
    |add_ln73_390_fu_528687_p2  |         +|   0|  0|   18|          11|          11|
    |add_ln73_391_fu_528697_p2  |         +|   0|  0|   19|          12|          10|
    |add_ln73_392_fu_528713_p2  |         +|   0|  0|   18|          11|          11|
    |add_ln73_393_fu_530283_p2  |         +|   0|  0|   17|          13|          13|
    |add_ln73_394_fu_530293_p2  |         +|   0|  0|   18|          11|          11|
    |add_ln73_395_fu_530303_p2  |         +|   0|  0|   21|          14|          14|
    |add_ln73_396_fu_531126_p2  |         +|   0|  0|   16|          15|          15|
    |add_ln73_397_fu_528782_p2  |         +|   0|  0|   18|          11|          11|
    |add_ln73_398_fu_528792_p2  |         +|   0|  0|   17|          12|          12|
    |add_ln73_399_fu_528719_p2  |         +|   0|  0|   17|          13|          13|
    |add_ln73_39_fu_527114_p2   |         +|   0|  0|   21|          14|          14|
    |add_ln73_3_fu_529424_p2    |         +|   0|  0|   20|          13|          13|
    |add_ln73_400_fu_530337_p2  |         +|   0|  0|   20|          13|          13|
    |add_ln73_401_fu_525540_p2  |         +|   0|  0|   18|          11|          11|
    |add_ln73_402_fu_530350_p2  |         +|   0|  0|   21|          14|          14|
    |add_ln73_403_fu_528728_p2  |         +|   0|  0|   17|          13|          13|
    |add_ln73_404_fu_531117_p2  |         +|   0|  0|   16|          15|          15|
    |add_ln73_405_fu_528734_p2  |         +|   0|  0|   18|          11|          11|
    |add_ln73_406_fu_528744_p2  |         +|   0|  0|   18|          11|          11|
    |add_ln73_407_fu_528754_p2  |         +|   0|  0|   19|          12|          12|
    |add_ln73_408_fu_528760_p2  |         +|   0|  0|   18|          11|          11|
    |add_ln73_409_fu_528766_p2  |         +|   0|  0|   17|          10|          10|
    |add_ln73_40_fu_529461_p2   |         +|   0|  0|   16|          15|          15|
    |add_ln73_410_fu_528776_p2  |         +|   0|  0|   18|          11|          11|
    |add_ln73_411_fu_530318_p2  |         +|   0|  0|   19|          12|          12|
    |add_ln73_412_fu_530328_p2  |         +|   0|  0|   20|          13|          13|
    |add_ln73_413_fu_528798_p2  |         +|   0|  0|   17|          12|          12|
    |add_ln73_414_fu_528804_p2  |         +|   0|  0|   20|          13|          13|
    |add_ln73_415_fu_531132_p2  |         +|   0|  0|   16|          14|          14|
    |add_ln73_416_fu_528810_p2  |         +|   0|  0|   17|          10|          10|
    |add_ln73_417_fu_531140_p2  |         +|   0|  0|   16|          14|          14|
    |add_ln73_418_fu_531162_p2  |         +|   0|  0|   16|          15|          15|
    |add_ln73_419_fu_525546_p2  |         +|   0|  0|   17|          10|           6|
    |add_ln73_41_fu_525360_p2   |         +|   0|  0|   16|           9|           9|
    |add_ln73_420_fu_528816_p2  |         +|   0|  0|   19|          12|          12|
    |add_ln73_421_fu_525562_p2  |         +|   0|  0|   17|          12|          12|
    |add_ln73_422_fu_528826_p2  |         +|   0|  0|   19|          12|          12|
    |add_ln73_423_fu_528895_p2  |         +|   0|  0|   17|          13|          13|
    |add_ln73_424_fu_528836_p2  |         +|   0|  0|   20|          13|          13|
    |add_ln73_425_fu_531153_p2  |         +|   0|  0|   16|          15|          15|
    |add_ln73_426_fu_528914_p2  |         +|   0|  0|   16|          15|          15|
    |add_ln73_427_fu_528842_p2  |         +|   0|  0|   17|          13|          13|
    |add_ln73_428_fu_528848_p2  |         +|   0|  0|   18|          11|          11|
    |add_ln73_429_fu_528858_p2  |         +|   0|  0|   17|          13|          13|
    |add_ln73_42_fu_529514_p2   |         +|   0|  0|   22|          15|          15|
    |add_ln73_430_fu_528864_p2  |         +|   0|  0|   18|          11|          11|
    |add_ln73_431_fu_530402_p2  |         +|   0|  0|   16|          15|          15|
    |add_ln73_432_fu_528870_p2  |         +|   0|  0|   17|          10|          10|
    |add_ln73_433_fu_528936_p2  |         +|   0|  0|   17|          11|          11|
    |add_ln73_434_fu_528880_p2  |         +|   0|  0|   18|          11|          11|
    |add_ln73_435_fu_530365_p2  |         +|   0|  0|   19|          12|          12|
    |add_ln73_436_fu_530375_p2  |         +|   0|  0|   21|          14|          14|
    |add_ln73_437_fu_530414_p2  |         +|   0|  0|   21|          14|          14|
    |add_ln73_438_fu_525556_p2  |         +|   0|  0|   17|          12|          12|
    |add_ln73_439_fu_530423_p2  |         +|   0|  0|   16|          14|          14|
    |add_ln73_43_fu_527123_p2   |         +|   0|  0|   18|          11|          11|
    |add_ln73_440_fu_528889_p2  |         +|   0|  0|   17|          13|          13|
    |add_ln73_441_fu_528905_p2  |         +|   0|  0|   16|          15|          15|
    |add_ln73_442_fu_525568_p2  |         +|   0|  0|   16|           9|           9|
    |add_ln73_443_fu_528920_p2  |         +|   0|  0|   17|          10|          10|
    |add_ln73_444_fu_530384_p2  |         +|   0|  0|   16|          15|          15|
    |add_ln73_445_fu_528925_p2  |         +|   0|  0|   18|          11|          11|
    |add_ln73_446_fu_530392_p2  |         +|   0|  0|   20|          13|          13|
    |add_ln73_447_fu_528931_p2  |         +|   0|  0|   17|          11|          11|
    |add_ln73_448_fu_528946_p2  |         +|   0|  0|   19|          12|          12|
    |add_ln73_449_fu_528952_p2  |         +|   0|  0|   19|          12|          12|
    |add_ln73_44_fu_527208_p2   |         +|   0|  0|   17|          11|          11|
    |add_ln73_450_fu_528962_p2  |         +|   0|  0|   20|          13|          13|
    |add_ln73_451_fu_531183_p2  |         +|   0|  0|   16|          15|          15|
    |add_ln73_452_fu_525598_p2  |         +|   0|  0|   18|          11|          11|
    |add_ln73_453_fu_529027_p2  |         +|   0|  0|   16|          14|          14|
    |add_ln73_454_fu_528968_p2  |         +|   0|  0|   20|          13|          13|
    |add_ln73_455_fu_528974_p2  |         +|   0|  0|   17|          10|          10|
    |add_ln73_456_fu_530432_p2  |         +|   0|  0|   16|          14|          14|
    |add_ln73_457_fu_530456_p2  |         +|   0|  0|   22|          15|          15|
    |add_ln73_458_fu_528980_p2  |         +|   0|  0|   19|          12|          12|
    |add_ln73_459_fu_528990_p2  |         +|   0|  0|   20|          13|          13|
    |add_ln73_45_fu_527129_p2   |         +|   0|  0|   16|           9|           9|
    |add_ln73_460_fu_531174_p2  |         +|   0|  0|   16|          15|          15|
    |add_ln73_461_fu_525574_p2  |         +|   0|  0|   18|          11|          11|
    |add_ln73_462_fu_528999_p2  |         +|   0|  0|   20|          13|          13|
    |add_ln73_463_fu_529005_p2  |         +|   0|  0|   18|          11|          11|
    |add_ln73_464_fu_525580_p2  |         +|   0|  0|   17|          10|          10|
    |add_ln73_465_fu_529018_p2  |         +|   0|  0|   19|          12|          12|
    |add_ln73_466_fu_530444_p2  |         +|   0|  0|   21|          14|          14|
    |add_ln73_467_fu_529033_p2  |         +|   0|  0|   16|          14|          14|
    |add_ln73_468_fu_531204_p2  |         +|   0|  0|   16|          16|          16|
    |add_ln73_469_fu_529102_p2  |         +|   0|  0|   18|          11|          11|
    |add_ln73_46_fu_527139_p2   |         +|   0|  0|   17|          10|          10|
    |add_ln73_470_fu_529039_p2  |         +|   0|  0|   18|          11|          11|
    |add_ln73_471_fu_530474_p2  |         +|   0|  0|   17|          13|          13|
    |add_ln73_472_fu_530479_p2  |         +|   0|  0|   17|          13|          13|
    |add_ln73_473_fu_529049_p2  |         +|   0|  0|   20|          13|          13|
    |add_ln73_474_fu_530492_p2  |         +|   0|  0|   16|          14|          14|
    |add_ln73_475_fu_530462_p2  |         +|   0|  0|   16|          15|          15|
    |add_ln73_476_fu_530468_p2  |         +|   0|  0|   16|          15|          15|
    |add_ln73_477_fu_529055_p2  |         +|   0|  0|   20|          13|          13|
    |add_ln73_478_fu_529065_p2  |         +|   0|  0|   21|          14|          14|
    |add_ln73_479_fu_531195_p2  |         +|   0|  0|   16|          16|          16|
    |add_ln73_47_fu_529526_p2   |         +|   0|  0|   20|          13|          13|
    |add_ln73_480_fu_529071_p2  |         +|   0|  0|   20|          13|          13|
    |add_ln73_481_fu_529077_p2  |         +|   0|  0|   17|          13|          13|
    |add_ln73_482_fu_525604_p2  |         +|   0|  0|   16|           9|           9|
    |add_ln73_483_fu_529086_p2  |         +|   0|  0|   17|          10|          10|
    |add_ln73_484_fu_529096_p2  |         +|   0|  0|   17|          13|          13|
    |add_ln73_485_fu_529112_p2  |         +|   0|  0|   20|          13|          13|
    |add_ln73_486_fu_531225_p2  |         +|   0|  0|   16|          15|          15|
    |add_ln73_487_fu_529118_p2  |         +|   0|  0|   18|          11|          11|
    |add_ln73_488_fu_525620_p2  |         +|   0|  0|   18|          11|          11|
    |add_ln73_489_fu_529124_p2  |         +|   0|  0|   18|          11|          11|
    |add_ln73_48_fu_529473_p2   |         +|   0|  0|   19|          12|          12|
    |add_ln73_490_fu_530501_p2  |         +|   0|  0|   16|          14|          14|
    |add_ln73_491_fu_529196_p2  |         +|   0|  0|   17|          13|          13|
    |add_ln73_492_fu_529130_p2  |         +|   0|  0|   17|          13|          13|
    |add_ln73_493_fu_529136_p2  |         +|   0|  0|   17|          13|          13|
    |add_ln73_494_fu_531216_p2  |         +|   0|  0|   16|          15|          15|
    |add_ln73_495_fu_529142_p2  |         +|   0|  0|   18|          11|          11|
    |add_ln73_496_fu_529152_p2  |         +|   0|  0|   19|          12|          12|
    |add_ln73_497_fu_529158_p2  |         +|   0|  0|   18|          11|          11|
    |add_ln73_498_fu_529168_p2  |         +|   0|  0|   17|          10|          10|
    |add_ln73_499_fu_529178_p2  |         +|   0|  0|   19|          12|          12|
    |add_ln73_49_fu_527158_p2   |         +|   0|  0|   17|          13|          13|
    |add_ln73_500_fu_530513_p2  |         +|   0|  0|   20|          13|          13|
    |add_ln73_501_fu_525610_p2  |         +|   0|  0|   17|          10|          10|
    |add_ln73_502_fu_529187_p2  |         +|   0|  0|   17|          13|          13|
    |add_ln73_503_fu_525626_p2  |         +|   0|  0|   18|          11|          11|
    |add_ln73_504_fu_529206_p2  |         +|   0|  0|   19|          12|          12|
    |add_ln73_505_fu_529212_p2  |         +|   0|  0|   21|          14|          14|
    |add_ln73_506_fu_530525_p2  |         +|   0|  0|   16|          15|          15|
    |add_ln73_507_fu_530560_p2  |         +|   0|  0|   23|          16|          16|
    |add_ln73_508_fu_529218_p2  |         +|   0|  0|   18|          11|          11|
    |add_ln73_509_fu_529228_p2  |         +|   0|  0|   18|          11|          11|
    |add_ln73_50_fu_527164_p2   |         +|   0|  0|   17|          10|          10|
    |add_ln73_510_fu_529238_p2  |         +|   0|  0|   19|          12|          12|
    |add_ln73_511_fu_530534_p2  |         +|   0|  0|   16|          15|          15|
    |add_ln73_512_fu_529244_p2  |         +|   0|  0|   19|          12|          12|
    |add_ln73_513_fu_525632_p2  |         +|   0|  0|   19|          12|          12|
    |add_ln73_514_fu_529257_p2  |         +|   0|  0|   21|          14|          14|
    |add_ln73_515_fu_529263_p2  |         +|   0|  0|   18|          11|          11|
    |add_ln73_516_fu_525638_p2  |         +|   0|  0|   18|          11|          11|
    |add_ln73_517_fu_525648_p2  |         +|   0|  0|   19|          12|          12|
    |add_ln73_518_fu_529276_p2  |         +|   0|  0|   20|          13|          13|
    |add_ln73_519_fu_530550_p2  |         +|   0|  0|   22|          15|          15|
    |add_ln73_51_fu_529492_p2   |         +|   0|  0|   16|          14|          14|
    |add_ln73_52_fu_525372_p2   |         +|   0|  0|   19|          12|          12|
    |add_ln73_53_fu_529501_p2   |         +|   0|  0|   16|          14|          14|
    |add_ln73_54_fu_527180_p2   |         +|   0|  0|   17|          12|          12|
    |add_ln73_55_fu_527186_p2   |         +|   0|  0|   17|          10|          10|
    |add_ln73_56_fu_527196_p2   |         +|   0|  0|   17|          12|          12|
    |add_ln73_57_fu_527202_p2   |         +|   0|  0|   18|          11|           8|
    |add_ln73_58_fu_527214_p2   |         +|   0|  0|   17|          11|          11|
    |add_ln73_59_fu_527220_p2   |         +|   0|  0|   19|          12|          12|
    |add_ln73_60_fu_529536_p2   |         +|   0|  0|   21|          14|          14|
    |add_ln73_61_fu_527226_p2   |         +|   0|  0|   16|           9|           9|
    |add_ln73_62_fu_530753_p2   |         +|   0|  0|   22|          15|          15|
    |add_ln73_63_fu_527305_p2   |         +|   0|  0|   18|          11|          10|
    |add_ln73_64_fu_527314_p2   |         +|   0|  0|   17|          13|          13|
    |add_ln73_65_fu_527320_p2   |         +|   0|  0|   17|          13|          13|
    |add_ln73_66_fu_530732_p2   |         +|   0|  0|   16|          14|          14|
    |add_ln73_67_fu_527231_p2   |         +|   0|  0|   19|          12|          12|
    |add_ln73_68_fu_527241_p2   |         +|   0|  0|   19|          12|          12|
    |add_ln73_69_fu_529561_p2   |         +|   0|  0|   22|          15|          15|
    |add_ln73_6_fu_529439_p2    |         +|   0|  0|   17|          13|          13|
    |add_ln73_70_fu_527251_p2   |         +|   0|  0|   20|          13|          13|
    |add_ln73_71_fu_530740_p2   |         +|   0|  0|   16|          14|          14|
    |add_ln73_72_fu_527257_p2   |         +|   0|  0|   19|          12|          12|
    |add_ln73_73_fu_527267_p2   |         +|   0|  0|   18|          11|          11|
    |add_ln73_74_fu_527277_p2   |         +|   0|  0|   17|          13|          13|
    |add_ln73_75_fu_525378_p2   |         +|   0|  0|   17|          10|          10|
    |add_ln73_76_fu_525384_p2   |         +|   0|  0|   18|          11|          11|
    |add_ln73_77_fu_527289_p2   |         +|   0|  0|   19|          12|          12|
    |add_ln73_78_fu_527299_p2   |         +|   0|  0|   17|          13|          13|
    |add_ln73_79_fu_530783_p2   |         +|   0|  0|   23|          16|          16|
    |add_ln73_80_fu_527379_p2   |         +|   0|  0|   18|          11|          11|
    |add_ln73_81_fu_527389_p2   |         +|   0|  0|   19|          12|          12|
    |add_ln73_82_fu_527326_p2   |         +|   0|  0|   20|          13|          13|
    |add_ln73_83_fu_525390_p2   |         +|   0|  0|   19|          12|          12|
    |add_ln73_84_fu_529575_p2   |         +|   0|  0|   17|          12|          12|
    |add_ln73_85_fu_529551_p2   |         +|   0|  0|   21|          14|          14|
    |add_ln73_86_fu_527332_p2   |         +|   0|  0|   19|          12|          12|
    |add_ln73_87_fu_527338_p2   |         +|   0|  0|   19|          12|          12|
    |add_ln73_88_fu_530765_p2   |         +|   0|  0|   16|          15|          15|
    |add_ln73_89_fu_530770_p2   |         +|   0|  0|   16|          15|          15|
    |add_ln73_90_fu_527344_p2   |         +|   0|  0|   18|          11|          11|
    |add_ln73_91_fu_527354_p2   |         +|   0|  0|   17|          12|          12|
    |add_ln73_92_fu_525396_p2   |         +|   0|  0|   14|           7|           7|
    |add_ln73_93_fu_527363_p2   |         +|   0|  0|   17|          10|          10|
    |add_ln73_94_fu_527373_p2   |         +|   0|  0|   17|          12|          12|
    |add_ln73_95_fu_529567_p2   |         +|   0|  0|   17|          12|          12|
    |add_ln73_96_fu_527395_p2   |         +|   0|  0|   18|          11|          11|
    |add_ln73_97_fu_530808_p2   |         +|   0|  0|   22|          15|          15|
    |add_ln73_98_fu_527401_p2   |         +|   0|  0|   18|          11|          11|
    |add_ln73_99_fu_527464_p2   |         +|   0|  0|   17|          13|          13|
    |add_ln73_fu_526998_p2      |         +|   0|  0|   18|          11|           7|
    |i_part_fu_515919_p2        |         +|   0|  0|   12|           4|           1|
    |sub_ln54_10_fu_518329_p2   |         -|   0|  0|   23|          16|          16|
    |sub_ln54_11_fu_518482_p2   |         -|   0|  0|   21|          14|          14|
    |sub_ln54_12_fu_518746_p2   |         -|   0|  0|   21|          14|          14|
    |sub_ln54_13_fu_519360_p2   |         -|   0|  0|   20|          13|          13|
    |sub_ln54_14_fu_519526_p2   |         -|   0|  0|   21|          14|          14|
    |sub_ln54_15_fu_520236_p2   |         -|   0|  0|   20|          13|          13|
    |sub_ln54_16_fu_520354_p2   |         -|   0|  0|   22|          15|          15|
    |sub_ln54_17_fu_520496_p2   |         -|   0|  0|   22|          15|          15|
    |sub_ln54_18_fu_520674_p2   |         -|   0|  0|   20|          13|          13|
    |sub_ln54_19_fu_520922_p2   |         -|   0|  0|   20|          13|          13|
    |sub_ln54_1_fu_516187_p2    |         -|   0|  0|   23|          16|          16|
    |sub_ln54_20_fu_520966_p2   |         -|   0|  0|   23|          16|          16|
    |sub_ln54_21_fu_521030_p2   |         -|   0|  0|   21|          14|          14|
    |sub_ln54_22_fu_521106_p2   |         -|   0|  0|   21|          14|          14|
    |sub_ln54_23_fu_521205_p2   |         -|   0|  0|   21|          14|          14|
    |sub_ln54_24_fu_521364_p2   |         -|   0|  0|   20|          13|          13|
    |sub_ln54_25_fu_522048_p2   |         -|   0|  0|   20|          13|          13|
    |sub_ln54_26_fu_522260_p2   |         -|   0|  0|   20|          13|          13|
    |sub_ln54_27_fu_522312_p2   |         -|   0|  0|   22|          15|          15|
    |sub_ln54_28_fu_522644_p2   |         -|   0|  0|   22|          15|          15|
    |sub_ln54_29_fu_523031_p2   |         -|   0|  0|   22|          15|          15|
    |sub_ln54_2_fu_516614_p2    |         -|   0|  0|   22|          15|          15|
    |sub_ln54_30_fu_523129_p2   |         -|   0|  0|   23|          16|          16|
    |sub_ln54_31_fu_523145_p2   |         -|   0|  0|   21|          14|          14|
    |sub_ln54_32_fu_523293_p2   |         -|   0|  0|   22|          15|          15|
    |sub_ln54_33_fu_523339_p2   |         -|   0|  0|   22|          15|          15|
    |sub_ln54_34_fu_523387_p2   |         -|   0|  0|   21|          14|          14|
    |sub_ln54_35_fu_523688_p2   |         -|   0|  0|   23|          16|          16|
    |sub_ln54_36_fu_523718_p2   |         -|   0|  0|   22|          15|          15|
    |sub_ln54_37_fu_523800_p2   |         -|   0|  0|   21|          14|          14|
    |sub_ln54_38_fu_523954_p2   |         -|   0|  0|   20|          13|          13|
    |sub_ln54_39_fu_524206_p2   |         -|   0|  0|   19|          12|          12|
    |sub_ln54_3_fu_517134_p2    |         -|   0|  0|   20|          13|          13|
    |sub_ln54_40_fu_524561_p2   |         -|   0|  0|   20|          13|          13|
    |sub_ln54_41_fu_524609_p2   |         -|   0|  0|   22|          15|          15|
    |sub_ln54_42_fu_524625_p2   |         -|   0|  0|   22|          15|          15|
    |sub_ln54_43_fu_524917_p2   |         -|   0|  0|   19|          12|          12|
    |sub_ln54_44_fu_524949_p2   |         -|   0|  0|   21|          14|          14|
    |sub_ln54_45_fu_525124_p2   |         -|   0|  0|   20|          13|          13|
    |sub_ln54_46_fu_525222_p2   |         -|   0|  0|   21|          14|          14|
    |sub_ln54_4_fu_517324_p2    |         -|   0|  0|   21|          14|          14|
    |sub_ln54_5_fu_517582_p2    |         -|   0|  0|   23|          16|          16|
    |sub_ln54_6_fu_517828_p2    |         -|   0|  0|   22|          15|          15|
    |sub_ln54_7_fu_525986_p2    |         -|   0|  0|   23|          16|          16|
    |sub_ln54_8_fu_518063_p2    |         -|   0|  0|   21|          14|          14|
    |sub_ln54_9_fu_518147_p2    |         -|   0|  0|   19|          12|          12|
    |sub_ln54_fu_516109_p2      |         -|   0|  0|   22|          15|          15|
    |sub_ln73_293_fu_516255_p2  |         -|   0|  0|   22|          15|          15|
    |sub_ln73_294_fu_516293_p2  |         -|   0|  0|   21|           1|          14|
    |sub_ln73_295_fu_516303_p2  |         -|   0|  0|   22|          15|          15|
    |sub_ln73_296_fu_516369_p2  |         -|   0|  0|   22|           1|          15|
    |sub_ln73_297_fu_516389_p2  |         -|   0|  0|   23|          16|          16|
    |sub_ln73_298_fu_516427_p2  |         -|   0|  0|   23|           1|          16|
    |sub_ln73_299_fu_516437_p2  |         -|   0|  0|   24|          17|          17|
    |sub_ln73_300_fu_516574_p2  |         -|   0|  0|   22|          15|          15|
    |sub_ln73_301_fu_516640_p2  |         -|   0|  0|   22|           1|          15|
    |sub_ln73_302_fu_516733_p2  |         -|   0|  0|   22|           1|          15|
    |sub_ln73_303_fu_516759_p2  |         -|   0|  0|   23|          16|          16|
    |sub_ln73_304_fu_516799_p2  |         -|   0|  0|   23|          16|          16|
    |sub_ln73_305_fu_516871_p2  |         -|   0|  0|   22|          15|          15|
    |sub_ln73_306_fu_516915_p2  |         -|   0|  0|   20|           1|          13|
    |sub_ln73_307_fu_516929_p2  |         -|   0|  0|   21|          14|          14|
    |sub_ln73_308_fu_516955_p2  |         -|   0|  0|   19|           1|          12|
    |sub_ln73_309_fu_517048_p2  |         -|   0|  0|   19|           1|          12|
    |sub_ln73_310_fu_517058_p2  |         -|   0|  0|   20|          13|          13|
    |sub_ln73_311_fu_517102_p2  |         -|   0|  0|   22|          15|          15|
    |sub_ln73_312_fu_517190_p2  |         -|   0|  0|   21|           1|          14|
    |sub_ln73_313_fu_517200_p2  |         -|   0|  0|   22|          15|          15|
    |sub_ln73_314_fu_517216_p2  |         -|   0|  0|   20|          13|          13|
    |sub_ln73_315_fu_517392_p2  |         -|   0|  0|   22|          15|          15|
    |sub_ln73_316_fu_517490_p2  |         -|   0|  0|   21|           1|          14|
    |sub_ln73_317_fu_517512_p2  |         -|   0|  0|   22|          15|          15|
    |sub_ln73_318_fu_517686_p2  |         -|   0|  0|   23|          16|          16|
    |sub_ln73_319_fu_517975_p2  |         -|   0|  0|   21|          14|          14|
    |sub_ln73_320_fu_518109_p2  |         -|   0|  0|   20|           1|          13|
    |sub_ln73_321_fu_518163_p2  |         -|   0|  0|   22|           1|          15|
    |sub_ln73_322_fu_518173_p2  |         -|   0|  0|   23|          16|          16|
    |sub_ln73_323_fu_518219_p2  |         -|   0|  0|   22|          15|          15|
    |sub_ln73_324_fu_518259_p2  |         -|   0|  0|   22|          15|          15|
    |sub_ln73_325_fu_518414_p2  |         -|   0|  0|   22|           1|          15|
    |sub_ln73_326_fu_518698_p2  |         -|   0|  0|   20|          13|          13|
    |sub_ln73_327_fu_518894_p2  |         -|   0|  0|   20|           1|          13|
    |sub_ln73_328_fu_518904_p2  |         -|   0|  0|   21|          14|          14|
    |sub_ln73_329_fu_518920_p2  |         -|   0|  0|   22|           1|          15|
    |sub_ln73_330_fu_518930_p2  |         -|   0|  0|   23|          16|          16|
    |sub_ln73_331_fu_518954_p2  |         -|   0|  0|   23|          16|          16|
    |sub_ln73_332_fu_518970_p2  |         -|   0|  0|   21|           1|          14|
    |sub_ln73_333_fu_518980_p2  |         -|   0|  0|   22|          15|          15|
    |sub_ln73_334_fu_519026_p2  |         -|   0|  0|   22|          15|          15|
    |sub_ln73_335_fu_519136_p2  |         -|   0|  0|   21|          14|          14|
    |sub_ln73_336_fu_519266_p2  |         -|   0|  0|   22|           1|          15|
    |sub_ln73_337_fu_519324_p2  |         -|   0|  0|   20|           1|          13|
    |sub_ln73_338_fu_519334_p2  |         -|   0|  0|   21|          14|          14|
    |sub_ln73_339_fu_519376_p2  |         -|   0|  0|   20|          13|          13|
    |sub_ln73_340_fu_519452_p2  |         -|   0|  0|   19|           1|          12|
    |sub_ln73_341_fu_519462_p2  |         -|   0|  0|   20|          13|          13|
    |sub_ln73_342_fu_519566_p2  |         -|   0|  0|   21|           1|          14|
    |sub_ln73_343_fu_519576_p2  |         -|   0|  0|   22|          15|          15|
    |sub_ln73_344_fu_519626_p2  |         -|   0|  0|   22|          15|          15|
    |sub_ln73_345_fu_519808_p2  |         -|   0|  0|   21|          14|          14|
    |sub_ln73_346_fu_519856_p2  |         -|   0|  0|   20|           1|          13|
    |sub_ln73_347_fu_519866_p2  |         -|   0|  0|   21|          14|          14|
    |sub_ln73_348_fu_519944_p2  |         -|   0|  0|   18|           1|          11|
    |sub_ln73_349_fu_520057_p2  |         -|   0|  0|   20|           1|          13|
    |sub_ln73_350_fu_520101_p2  |         -|   0|  0|   21|          14|          14|
    |sub_ln73_351_fu_520132_p2  |         -|   0|  0|   21|           1|          14|
    |sub_ln73_352_fu_520142_p2  |         -|   0|  0|   22|          15|          15|
    |sub_ln73_353_fu_520170_p2  |         -|   0|  0|   22|           1|          15|
    |sub_ln73_354_fu_520304_p2  |         -|   0|  0|   20|           1|          13|
    |sub_ln73_355_fu_520314_p2  |         -|   0|  0|   21|          14|          14|
    |sub_ln73_356_fu_520392_p2  |         -|   0|  0|   21|           1|          14|
    |sub_ln73_357_fu_520402_p2  |         -|   0|  0|   22|          15|          15|
    |sub_ln73_358_fu_520458_p2  |         -|   0|  0|   22|           1|          15|
    |sub_ln73_359_fu_520476_p2  |         -|   0|  0|   23|          16|          16|
    |sub_ln73_360_fu_520544_p2  |         -|   0|  0|   21|          14|          14|
    |sub_ln73_361_fu_520624_p2  |         -|   0|  0|   23|          16|          16|
    |sub_ln73_362_fu_520730_p2  |         -|   0|  0|   21|           1|          14|
    |sub_ln73_363_fu_520764_p2  |         -|   0|  0|   22|          15|          15|
    |sub_ln73_364_fu_520802_p2  |         -|   0|  0|   20|          13|          13|
    |sub_ln73_365_fu_520846_p2  |         -|   0|  0|   22|          15|          15|
    |sub_ln73_366_fu_521070_p2  |         -|   0|  0|   22|          15|          15|
    |sub_ln73_367_fu_521122_p2  |         -|   0|  0|   20|           1|          13|
    |sub_ln73_368_fu_521132_p2  |         -|   0|  0|   21|          14|          14|
    |sub_ln73_369_fu_521152_p2  |         -|   0|  0|   21|          14|          14|
    |sub_ln73_370_fu_521312_p2  |         -|   0|  0|   19|           1|          12|
    |sub_ln73_371_fu_521322_p2  |         -|   0|  0|   20|          13|          13|
    |sub_ln73_372_fu_521444_p2  |         -|   0|  0|   22|          15|          15|
    |sub_ln73_373_fu_521515_p2  |         -|   0|  0|   21|           1|          14|
    |sub_ln73_374_fu_521537_p2  |         -|   0|  0|   22|          15|          15|
    |sub_ln73_375_fu_521599_p2  |         -|   0|  0|   18|           1|          11|
    |sub_ln73_376_fu_521631_p2  |         -|   0|  0|   22|           1|          15|
    |sub_ln73_377_fu_521641_p2  |         -|   0|  0|   23|          16|          16|
    |sub_ln73_378_fu_521695_p2  |         -|   0|  0|   22|          15|          15|
    |sub_ln73_379_fu_521857_p2  |         -|   0|  0|   22|           1|          15|
    |sub_ln73_380_fu_521867_p2  |         -|   0|  0|   23|          16|          16|
    |sub_ln73_381_fu_522164_p2  |         -|   0|  0|   21|           1|          14|
    |sub_ln73_382_fu_522178_p2  |         -|   0|  0|   22|          15|          15|
    |sub_ln73_383_fu_522210_p2  |         -|   0|  0|   22|          15|          15|
    |sub_ln73_384_fu_522240_p2  |         -|   0|  0|   22|          15|          15|
    |sub_ln73_385_fu_522286_p2  |         -|   0|  0|   20|           1|          13|
    |sub_ln73_386_fu_522296_p2  |         -|   0|  0|   21|          14|          14|
    |sub_ln73_387_fu_522414_p2  |         -|   0|  0|   19|           1|          12|
    |sub_ln73_388_fu_522424_p2  |         -|   0|  0|   20|          13|          13|
    |sub_ln73_389_fu_522494_p2  |         -|   0|  0|   21|          14|          14|
    |sub_ln73_390_fu_522520_p2  |         -|   0|  0|   21|           1|          14|
    |sub_ln73_391_fu_522564_p2  |         -|   0|  0|   22|          15|          15|
    |sub_ln73_392_fu_522602_p2  |         -|   0|  0|   22|          15|          15|
    |sub_ln73_393_fu_522618_p2  |         -|   0|  0|   22|           1|          15|
    |sub_ln73_394_fu_522628_p2  |         -|   0|  0|   23|          16|          16|
    |sub_ln73_395_fu_522711_p2  |         -|   0|  0|   21|           1|          14|
    |sub_ln73_396_fu_522721_p2  |         -|   0|  0|   22|          15|          15|
    |sub_ln73_397_fu_522769_p2  |         -|   0|  0|   22|          15|          15|
    |sub_ln73_398_fu_522797_p2  |         -|   0|  0|   22|           1|          15|
    |sub_ln73_399_fu_522807_p2  |         -|   0|  0|   23|          16|          16|
    |sub_ln73_400_fu_522919_p2  |         -|   0|  0|   23|          16|          16|
    |sub_ln73_401_fu_522977_p2  |         -|   0|  0|   22|           1|          15|
    |sub_ln73_402_fu_522999_p2  |         -|   0|  0|   23|          16|          16|
    |sub_ln73_403_fu_523413_p2  |         -|   0|  0|   21|           1|          14|
    |sub_ln73_404_fu_523423_p2  |         -|   0|  0|   22|          15|          15|
    |sub_ln73_405_fu_523439_p2  |         -|   0|  0|   20|           1|          13|
    |sub_ln73_406_fu_523453_p2  |         -|   0|  0|   21|          14|          14|
    |sub_ln73_407_fu_523552_p2  |         -|   0|  0|   21|          14|          14|
    |sub_ln73_408_fu_523630_p2  |         -|   0|  0|   22|           1|          15|
    |sub_ln73_409_fu_523640_p2  |         -|   0|  0|   23|          16|          16|
    |sub_ln73_410_fu_523774_p2  |         -|   0|  0|   21|           1|          14|
    |sub_ln73_411_fu_523784_p2  |         -|   0|  0|   22|          15|          15|
    |sub_ln73_412_fu_523816_p2  |         -|   0|  0|   19|           1|          12|
    |sub_ln73_413_fu_523826_p2  |         -|   0|  0|   20|          13|          13|
    |sub_ln73_414_fu_523854_p2  |         -|   0|  0|   22|          15|          15|
    |sub_ln73_415_fu_523870_p2  |         -|   0|  0|   21|          14|          14|
    |sub_ln73_416_fu_523886_p2  |         -|   0|  0|   22|          15|          15|
    |sub_ln73_417_fu_523997_p2  |         -|   0|  0|   18|           1|          11|
    |sub_ln73_418_fu_524089_p2  |         -|   0|  0|   20|           1|          13|
    |sub_ln73_419_fu_524154_p2  |         -|   0|  0|   20|           1|          13|
    |sub_ln73_420_fu_524164_p2  |         -|   0|  0|   21|          14|          14|
    |sub_ln73_421_fu_524430_p2  |         -|   0|  0|   22|           1|          15|
    |sub_ln73_422_fu_524450_p2  |         -|   0|  0|   21|           1|          14|
    |sub_ln73_423_fu_524460_p2  |         -|   0|  0|   22|          15|          15|
    |sub_ln73_424_fu_524737_p2  |         -|   0|  0|   20|          13|          13|
    |sub_ln73_425_fu_524783_p2  |         -|   0|  0|   21|           1|          14|
    |sub_ln73_426_fu_524793_p2  |         -|   0|  0|   22|          15|          15|
    |sub_ln73_427_fu_524881_p2  |         -|   0|  0|   22|           1|          15|
    |sub_ln73_428_fu_524973_p2  |         -|   0|  0|   23|          16|          16|
    |sub_ln73_429_fu_525082_p2  |         -|   0|  0|   21|          14|          14|
    |sub_ln73_430_fu_525160_p2  |         -|   0|  0|   21|           1|          14|
    |sub_ln73_431_fu_525334_p2  |         -|   0|  0|   22|          15|          15|
    |sub_ln73_432_fu_516057_p2  |         -|   0|  0|   19|          12|          12|
    |sub_ln73_433_fu_517304_p2  |         -|   0|  0|   21|          14|          14|
    |sub_ln73_434_fu_517632_p2  |         -|   0|  0|   20|          13|          13|
    |sub_ln73_435_fu_518013_p2  |         -|   0|  0|   22|          15|          15|
    |sub_ln73_436_fu_518033_p2  |         -|   0|  0|   21|          14|          14|
    |sub_ln73_437_fu_518556_p2  |         -|   0|  0|   20|          13|          13|
    |sub_ln73_438_fu_519698_p2  |         -|   0|  0|   20|          13|          13|
    |sub_ln73_439_fu_520438_p2  |         -|   0|  0|   20|          13|          13|
    |sub_ln73_440_fu_520644_p2  |         -|   0|  0|   20|          13|          13|
    |sub_ln73_441_fu_521284_p2  |         -|   0|  0|   21|          14|          14|
    |sub_ln73_442_fu_521408_p2  |         -|   0|  0|   20|          13|          13|
    |sub_ln73_443_fu_521787_p2  |         -|   0|  0|   21|          14|          14|
    |sub_ln73_444_fu_521815_p2  |         -|   0|  0|   19|          12|          12|
    |sub_ln73_445_fu_524500_p2  |         -|   0|  0|   19|          12|          12|
    |sub_ln73_446_fu_524851_p2  |         -|   0|  0|   22|          15|          15|
    |sub_ln73_447_fu_524933_p2  |         -|   0|  0|   20|          13|          13|
    |sub_ln73_fu_516025_p2      |         -|   0|  0|   21|           1|          14|
    |ap_condition_3722          |       and|   0|  0|    2|           1|           1|
    |icmp_ln34_fu_515925_p2     |      icmp|   0|  0|   12|           4|           2|
    |ap_enable_pp0              |       xor|   0|  0|    2|           1|           2|
    +---------------------------+----------+----+---+-----+------------+------------+
    |Total                      |          |   0|  0|14379|        9100|        9794|
    +---------------------------+----------+----+---+-----+------------+------------+

    * Multiplexer: 
    +---------------------------------------------------+-----+-----------+-----+-----------+
    |                        Name                       | LUT | Input Size| Bits| Total Bits|
    +---------------------------------------------------+-----+-----------+-----+-----------+
    |ap_done_int                                        |    9|          2|    1|          2|
    |ap_loop_exit_ready_pp0_iter5_reg                   |    9|          2|    1|          2|
    |ap_phi_mux_data_0_val11_phi_phi_fu_15887_p4        |   14|          3|    9|         27|
    |ap_phi_mux_data_100_val101101_phi_phi_fu_17187_p4  |   14|          3|    9|         27|
    |ap_phi_mux_data_101_val102102_phi_phi_fu_17200_p4  |   14|          3|    9|         27|
    |ap_phi_mux_data_102_val103103_phi_phi_fu_17213_p4  |   14|          3|    9|         27|
    |ap_phi_mux_data_103_val104104_phi_phi_fu_17226_p4  |   14|          3|    9|         27|
    |ap_phi_mux_data_104_val105105_phi_phi_fu_17239_p4  |   14|          3|    9|         27|
    |ap_phi_mux_data_105_val106106_phi_phi_fu_17252_p4  |   14|          3|    9|         27|
    |ap_phi_mux_data_106_val107107_phi_phi_fu_17265_p4  |   14|          3|    9|         27|
    |ap_phi_mux_data_107_val108108_phi_phi_fu_17278_p4  |   14|          3|    9|         27|
    |ap_phi_mux_data_108_val109109_phi_phi_fu_17291_p4  |   14|          3|    9|         27|
    |ap_phi_mux_data_109_val110110_phi_phi_fu_17304_p4  |   14|          3|    9|         27|
    |ap_phi_mux_data_10_val1111_phi_phi_fu_16017_p4     |   14|          3|    9|         27|
    |ap_phi_mux_data_110_val111111_phi_phi_fu_17317_p4  |   14|          3|    9|         27|
    |ap_phi_mux_data_111_val112112_phi_phi_fu_17330_p4  |   14|          3|    9|         27|
    |ap_phi_mux_data_112_val113113_phi_phi_fu_17343_p4  |   14|          3|    9|         27|
    |ap_phi_mux_data_113_val114114_phi_phi_fu_17356_p4  |   14|          3|    9|         27|
    |ap_phi_mux_data_114_val115115_phi_phi_fu_17369_p4  |   14|          3|    9|         27|
    |ap_phi_mux_data_115_val116116_phi_phi_fu_17382_p4  |   14|          3|    9|         27|
    |ap_phi_mux_data_116_val117117_phi_phi_fu_17395_p4  |   14|          3|    9|         27|
    |ap_phi_mux_data_117_val118118_phi_phi_fu_17408_p4  |   14|          3|    9|         27|
    |ap_phi_mux_data_118_val119119_phi_phi_fu_17421_p4  |   14|          3|    9|         27|
    |ap_phi_mux_data_119_val120120_phi_phi_fu_17434_p4  |   14|          3|    9|         27|
    |ap_phi_mux_data_11_val1212_phi_phi_fu_16030_p4     |   14|          3|    9|         27|
    |ap_phi_mux_data_120_val121121_phi_phi_fu_17447_p4  |   14|          3|    9|         27|
    |ap_phi_mux_data_121_val122122_phi_phi_fu_17460_p4  |   14|          3|    9|         27|
    |ap_phi_mux_data_122_val123123_phi_phi_fu_17473_p4  |   14|          3|    9|         27|
    |ap_phi_mux_data_123_val124124_phi_phi_fu_17486_p4  |   14|          3|    9|         27|
    |ap_phi_mux_data_124_val125125_phi_phi_fu_17499_p4  |   14|          3|    9|         27|
    |ap_phi_mux_data_125_val126126_phi_phi_fu_17512_p4  |   14|          3|    9|         27|
    |ap_phi_mux_data_126_val127127_phi_phi_fu_17525_p4  |   14|          3|    9|         27|
    |ap_phi_mux_data_127_val128128_phi_phi_fu_17538_p4  |   14|          3|    9|         27|
    |ap_phi_mux_data_128_val129129_phi_phi_fu_17551_p4  |   14|          3|    9|         27|
    |ap_phi_mux_data_129_val130130_phi_phi_fu_17564_p4  |   14|          3|    9|         27|
    |ap_phi_mux_data_12_val1313_phi_phi_fu_16043_p4     |   14|          3|    9|         27|
    |ap_phi_mux_data_130_val131131_phi_phi_fu_17577_p4  |   14|          3|    9|         27|
    |ap_phi_mux_data_131_val132132_phi_phi_fu_17590_p4  |   14|          3|    9|         27|
    |ap_phi_mux_data_132_val133133_phi_phi_fu_17603_p4  |   14|          3|    9|         27|
    |ap_phi_mux_data_133_val134134_phi_phi_fu_17616_p4  |   14|          3|    9|         27|
    |ap_phi_mux_data_134_val135135_phi_phi_fu_17629_p4  |   14|          3|    9|         27|
    |ap_phi_mux_data_135_val136136_phi_phi_fu_17642_p4  |   14|          3|    9|         27|
    |ap_phi_mux_data_136_val137137_phi_phi_fu_17655_p4  |   14|          3|    9|         27|
    |ap_phi_mux_data_137_val138138_phi_phi_fu_17668_p4  |   14|          3|    9|         27|
    |ap_phi_mux_data_138_val139139_phi_phi_fu_17681_p4  |   14|          3|    9|         27|
    |ap_phi_mux_data_139_val140140_phi_phi_fu_17694_p4  |   14|          3|    9|         27|
    |ap_phi_mux_data_13_val1414_phi_phi_fu_16056_p4     |   14|          3|    9|         27|
    |ap_phi_mux_data_140_val141141_phi_phi_fu_17707_p4  |   14|          3|    9|         27|
    |ap_phi_mux_data_141_val142142_phi_phi_fu_17720_p4  |   14|          3|    9|         27|
    |ap_phi_mux_data_142_val143143_phi_phi_fu_17733_p4  |   14|          3|    9|         27|
    |ap_phi_mux_data_143_val144144_phi_phi_fu_17746_p4  |   14|          3|    9|         27|
    |ap_phi_mux_data_144_val145145_phi_phi_fu_17759_p4  |   14|          3|    9|         27|
    |ap_phi_mux_data_145_val146146_phi_phi_fu_17772_p4  |   14|          3|    9|         27|
    |ap_phi_mux_data_146_val147147_phi_phi_fu_17785_p4  |   14|          3|    9|         27|
    |ap_phi_mux_data_147_val148148_phi_phi_fu_17798_p4  |   14|          3|    9|         27|
    |ap_phi_mux_data_148_val149149_phi_phi_fu_17811_p4  |   14|          3|    9|         27|
    |ap_phi_mux_data_149_val150150_phi_phi_fu_17824_p4  |   14|          3|    9|         27|
    |ap_phi_mux_data_14_val1515_phi_phi_fu_16069_p4     |   14|          3|    9|         27|
    |ap_phi_mux_data_150_val151151_phi_phi_fu_17837_p4  |   14|          3|    9|         27|
    |ap_phi_mux_data_151_val152152_phi_phi_fu_17850_p4  |   14|          3|    9|         27|
    |ap_phi_mux_data_152_val153153_phi_phi_fu_17863_p4  |   14|          3|    9|         27|
    |ap_phi_mux_data_153_val154154_phi_phi_fu_17876_p4  |   14|          3|    9|         27|
    |ap_phi_mux_data_154_val155155_phi_phi_fu_17889_p4  |   14|          3|    9|         27|
    |ap_phi_mux_data_155_val156156_phi_phi_fu_17902_p4  |   14|          3|    9|         27|
    |ap_phi_mux_data_156_val157157_phi_phi_fu_17915_p4  |   14|          3|    9|         27|
    |ap_phi_mux_data_157_val158158_phi_phi_fu_17928_p4  |   14|          3|    9|         27|
    |ap_phi_mux_data_158_val159159_phi_phi_fu_17941_p4  |   14|          3|    9|         27|
    |ap_phi_mux_data_159_val160160_phi_phi_fu_17954_p4  |   14|          3|    9|         27|
    |ap_phi_mux_data_15_val1616_phi_phi_fu_16082_p4     |   14|          3|    9|         27|
    |ap_phi_mux_data_160_val161161_phi_phi_fu_17967_p4  |   14|          3|    9|         27|
    |ap_phi_mux_data_161_val162162_phi_phi_fu_17980_p4  |   14|          3|    9|         27|
    |ap_phi_mux_data_162_val163163_phi_phi_fu_17993_p4  |   14|          3|    9|         27|
    |ap_phi_mux_data_163_val164164_phi_phi_fu_18006_p4  |   14|          3|    9|         27|
    |ap_phi_mux_data_164_val165165_phi_phi_fu_18019_p4  |   14|          3|    9|         27|
    |ap_phi_mux_data_165_val166166_phi_phi_fu_18032_p4  |   14|          3|    9|         27|
    |ap_phi_mux_data_166_val167167_phi_phi_fu_18045_p4  |   14|          3|    9|         27|
    |ap_phi_mux_data_167_val168168_phi_phi_fu_18058_p4  |   14|          3|    9|         27|
    |ap_phi_mux_data_168_val169169_phi_phi_fu_18071_p4  |   14|          3|    9|         27|
    |ap_phi_mux_data_169_val170170_phi_phi_fu_18084_p4  |   14|          3|    9|         27|
    |ap_phi_mux_data_16_val1717_phi_phi_fu_16095_p4     |   14|          3|    9|         27|
    |ap_phi_mux_data_170_val171171_phi_phi_fu_18097_p4  |   14|          3|    9|         27|
    |ap_phi_mux_data_171_val172172_phi_phi_fu_18110_p4  |   14|          3|    9|         27|
    |ap_phi_mux_data_172_val173173_phi_phi_fu_18123_p4  |   14|          3|    9|         27|
    |ap_phi_mux_data_173_val174174_phi_phi_fu_18136_p4  |   14|          3|    9|         27|
    |ap_phi_mux_data_174_val175175_phi_phi_fu_18149_p4  |   14|          3|    9|         27|
    |ap_phi_mux_data_175_val176176_phi_phi_fu_18162_p4  |   14|          3|    9|         27|
    |ap_phi_mux_data_176_val177177_phi_phi_fu_18175_p4  |   14|          3|    9|         27|
    |ap_phi_mux_data_177_val178178_phi_phi_fu_18188_p4  |   14|          3|    9|         27|
    |ap_phi_mux_data_178_val179179_phi_phi_fu_18201_p4  |   14|          3|    9|         27|
    |ap_phi_mux_data_179_val180180_phi_phi_fu_18214_p4  |   14|          3|    9|         27|
    |ap_phi_mux_data_17_val1818_phi_phi_fu_16108_p4     |   14|          3|    9|         27|
    |ap_phi_mux_data_180_val181181_phi_phi_fu_18227_p4  |   14|          3|    9|         27|
    |ap_phi_mux_data_181_val182182_phi_phi_fu_18240_p4  |   14|          3|    9|         27|
    |ap_phi_mux_data_182_val183183_phi_phi_fu_18253_p4  |   14|          3|    9|         27|
    |ap_phi_mux_data_183_val184184_phi_phi_fu_18266_p4  |   14|          3|    9|         27|
    |ap_phi_mux_data_184_val185185_phi_phi_fu_18279_p4  |   14|          3|    9|         27|
    |ap_phi_mux_data_185_val186186_phi_phi_fu_18292_p4  |   14|          3|    9|         27|
    |ap_phi_mux_data_186_val187187_phi_phi_fu_18305_p4  |   14|          3|    9|         27|
    |ap_phi_mux_data_187_val188188_phi_phi_fu_18318_p4  |   14|          3|    9|         27|
    |ap_phi_mux_data_188_val189189_phi_phi_fu_18331_p4  |   14|          3|    9|         27|
    |ap_phi_mux_data_189_val190190_phi_phi_fu_18344_p4  |   14|          3|    9|         27|
    |ap_phi_mux_data_18_val1919_phi_phi_fu_16121_p4     |   14|          3|    9|         27|
    |ap_phi_mux_data_190_val191191_phi_phi_fu_18357_p4  |   14|          3|    9|         27|
    |ap_phi_mux_data_191_val192192_phi_phi_fu_18370_p4  |   14|          3|    9|         27|
    |ap_phi_mux_data_192_val193193_phi_phi_fu_18383_p4  |   14|          3|    9|         27|
    |ap_phi_mux_data_193_val194194_phi_phi_fu_18396_p4  |   14|          3|    9|         27|
    |ap_phi_mux_data_194_val195195_phi_phi_fu_18409_p4  |   14|          3|    9|         27|
    |ap_phi_mux_data_195_val196196_phi_phi_fu_18422_p4  |   14|          3|    9|         27|
    |ap_phi_mux_data_196_val197197_phi_phi_fu_18435_p4  |   14|          3|    9|         27|
    |ap_phi_mux_data_197_val198198_phi_phi_fu_18448_p4  |   14|          3|    9|         27|
    |ap_phi_mux_data_198_val199199_phi_phi_fu_18461_p4  |   14|          3|    9|         27|
    |ap_phi_mux_data_199_val200200_phi_phi_fu_18474_p4  |   14|          3|    9|         27|
    |ap_phi_mux_data_19_val2020_phi_phi_fu_16134_p4     |   14|          3|    9|         27|
    |ap_phi_mux_data_1_val22_phi_phi_fu_15900_p4        |   14|          3|    9|         27|
    |ap_phi_mux_data_200_val201201_phi_phi_fu_18487_p4  |   14|          3|    9|         27|
    |ap_phi_mux_data_201_val202202_phi_phi_fu_18500_p4  |   14|          3|    9|         27|
    |ap_phi_mux_data_202_val203203_phi_phi_fu_18513_p4  |   14|          3|    9|         27|
    |ap_phi_mux_data_203_val204204_phi_phi_fu_18526_p4  |   14|          3|    9|         27|
    |ap_phi_mux_data_204_val205205_phi_phi_fu_18539_p4  |   14|          3|    9|         27|
    |ap_phi_mux_data_205_val206206_phi_phi_fu_18552_p4  |   14|          3|    9|         27|
    |ap_phi_mux_data_206_val207207_phi_phi_fu_18565_p4  |   14|          3|    9|         27|
    |ap_phi_mux_data_207_val208208_phi_phi_fu_18578_p4  |   14|          3|    9|         27|
    |ap_phi_mux_data_208_val209209_phi_phi_fu_18591_p4  |   14|          3|    9|         27|
    |ap_phi_mux_data_209_val210210_phi_phi_fu_18604_p4  |   14|          3|    9|         27|
    |ap_phi_mux_data_20_val2121_phi_phi_fu_16147_p4     |   14|          3|    9|         27|
    |ap_phi_mux_data_210_val211211_phi_phi_fu_18617_p4  |   14|          3|    9|         27|
    |ap_phi_mux_data_211_val212212_phi_phi_fu_18630_p4  |   14|          3|    9|         27|
    |ap_phi_mux_data_212_val213213_phi_phi_fu_18643_p4  |   14|          3|    9|         27|
    |ap_phi_mux_data_213_val214214_phi_phi_fu_18656_p4  |   14|          3|    9|         27|
    |ap_phi_mux_data_214_val215215_phi_phi_fu_18669_p4  |   14|          3|    9|         27|
    |ap_phi_mux_data_215_val216216_phi_phi_fu_18682_p4  |   14|          3|    9|         27|
    |ap_phi_mux_data_216_val217217_phi_phi_fu_18695_p4  |   14|          3|    9|         27|
    |ap_phi_mux_data_217_val218218_phi_phi_fu_18708_p4  |   14|          3|    9|         27|
    |ap_phi_mux_data_218_val219219_phi_phi_fu_18721_p4  |   14|          3|    9|         27|
    |ap_phi_mux_data_219_val220220_phi_phi_fu_18734_p4  |   14|          3|    9|         27|
    |ap_phi_mux_data_21_val2222_phi_phi_fu_16160_p4     |   14|          3|    9|         27|
    |ap_phi_mux_data_220_val221221_phi_phi_fu_18747_p4  |   14|          3|    9|         27|
    |ap_phi_mux_data_221_val222222_phi_phi_fu_18760_p4  |   14|          3|    9|         27|
    |ap_phi_mux_data_222_val223223_phi_phi_fu_18773_p4  |   14|          3|    9|         27|
    |ap_phi_mux_data_223_val224224_phi_phi_fu_18786_p4  |   14|          3|    9|         27|
    |ap_phi_mux_data_224_val225225_phi_phi_fu_18799_p4  |   14|          3|    9|         27|
    |ap_phi_mux_data_225_val226226_phi_phi_fu_18812_p4  |   14|          3|    9|         27|
    |ap_phi_mux_data_226_val227227_phi_phi_fu_18825_p4  |   14|          3|    9|         27|
    |ap_phi_mux_data_227_val228228_phi_phi_fu_18838_p4  |   14|          3|    9|         27|
    |ap_phi_mux_data_228_val229229_phi_phi_fu_18851_p4  |   14|          3|    9|         27|
    |ap_phi_mux_data_229_val230230_phi_phi_fu_18864_p4  |   14|          3|    9|         27|
    |ap_phi_mux_data_22_val2323_phi_phi_fu_16173_p4     |   14|          3|    9|         27|
    |ap_phi_mux_data_230_val231231_phi_phi_fu_18877_p4  |   14|          3|    9|         27|
    |ap_phi_mux_data_231_val232232_phi_phi_fu_18890_p4  |   14|          3|    9|         27|
    |ap_phi_mux_data_232_val233233_phi_phi_fu_18903_p4  |   14|          3|    9|         27|
    |ap_phi_mux_data_233_val234234_phi_phi_fu_18916_p4  |   14|          3|    9|         27|
    |ap_phi_mux_data_234_val235235_phi_phi_fu_18929_p4  |   14|          3|    9|         27|
    |ap_phi_mux_data_235_val236236_phi_phi_fu_18942_p4  |   14|          3|    9|         27|
    |ap_phi_mux_data_236_val237237_phi_phi_fu_18955_p4  |   14|          3|    9|         27|
    |ap_phi_mux_data_237_val238238_phi_phi_fu_18968_p4  |   14|          3|    9|         27|
    |ap_phi_mux_data_238_val239239_phi_phi_fu_18981_p4  |   14|          3|    9|         27|
    |ap_phi_mux_data_239_val240240_phi_phi_fu_18994_p4  |   14|          3|    9|         27|
    |ap_phi_mux_data_23_val2424_phi_phi_fu_16186_p4     |   14|          3|    9|         27|
    |ap_phi_mux_data_240_val241241_phi_phi_fu_19007_p4  |   14|          3|    9|         27|
    |ap_phi_mux_data_241_val242242_phi_phi_fu_19020_p4  |   14|          3|    9|         27|
    |ap_phi_mux_data_242_val243243_phi_phi_fu_19033_p4  |   14|          3|    9|         27|
    |ap_phi_mux_data_243_val244244_phi_phi_fu_19046_p4  |   14|          3|    9|         27|
    |ap_phi_mux_data_244_val245245_phi_phi_fu_19059_p4  |   14|          3|    9|         27|
    |ap_phi_mux_data_245_val246246_phi_phi_fu_19072_p4  |   14|          3|    9|         27|
    |ap_phi_mux_data_246_val247247_phi_phi_fu_19085_p4  |   14|          3|    9|         27|
    |ap_phi_mux_data_247_val248248_phi_phi_fu_19098_p4  |   14|          3|    9|         27|
    |ap_phi_mux_data_248_val249249_phi_phi_fu_19111_p4  |   14|          3|    9|         27|
    |ap_phi_mux_data_249_val250250_phi_phi_fu_19124_p4  |   14|          3|    9|         27|
    |ap_phi_mux_data_24_val2525_phi_phi_fu_16199_p4     |   14|          3|    9|         27|
    |ap_phi_mux_data_250_val251251_phi_phi_fu_19137_p4  |   14|          3|    9|         27|
    |ap_phi_mux_data_251_val252252_phi_phi_fu_19150_p4  |   14|          3|    9|         27|
    |ap_phi_mux_data_252_val253253_phi_phi_fu_19163_p4  |   14|          3|    9|         27|
    |ap_phi_mux_data_253_val254254_phi_phi_fu_19176_p4  |   14|          3|    9|         27|
    |ap_phi_mux_data_254_val255255_phi_phi_fu_19189_p4  |   14|          3|    9|         27|
    |ap_phi_mux_data_255_val256256_phi_phi_fu_19202_p4  |   14|          3|    9|         27|
    |ap_phi_mux_data_256_val257257_phi_phi_fu_19215_p4  |   14|          3|    9|         27|
    |ap_phi_mux_data_257_val258258_phi_phi_fu_19228_p4  |   14|          3|    9|         27|
    |ap_phi_mux_data_258_val259259_phi_phi_fu_19241_p4  |   14|          3|    9|         27|
    |ap_phi_mux_data_259_val260260_phi_phi_fu_19254_p4  |   14|          3|    9|         27|
    |ap_phi_mux_data_25_val2626_phi_phi_fu_16212_p4     |   14|          3|    9|         27|
    |ap_phi_mux_data_260_val261261_phi_phi_fu_19267_p4  |   14|          3|    9|         27|
    |ap_phi_mux_data_261_val262262_phi_phi_fu_19280_p4  |   14|          3|    9|         27|
    |ap_phi_mux_data_262_val263263_phi_phi_fu_19293_p4  |   14|          3|    9|         27|
    |ap_phi_mux_data_263_val264264_phi_phi_fu_19306_p4  |   14|          3|    9|         27|
    |ap_phi_mux_data_264_val265265_phi_phi_fu_19319_p4  |   14|          3|    9|         27|
    |ap_phi_mux_data_265_val266266_phi_phi_fu_19332_p4  |   14|          3|    9|         27|
    |ap_phi_mux_data_266_val267267_phi_phi_fu_19345_p4  |   14|          3|    9|         27|
    |ap_phi_mux_data_267_val268268_phi_phi_fu_19358_p4  |   14|          3|    9|         27|
    |ap_phi_mux_data_268_val269269_phi_phi_fu_19371_p4  |   14|          3|    9|         27|
    |ap_phi_mux_data_269_val270270_phi_phi_fu_19384_p4  |   14|          3|    9|         27|
    |ap_phi_mux_data_26_val2727_phi_phi_fu_16225_p4     |   14|          3|    9|         27|
    |ap_phi_mux_data_270_val271271_phi_phi_fu_19397_p4  |   14|          3|    9|         27|
    |ap_phi_mux_data_271_val272272_phi_phi_fu_19410_p4  |   14|          3|    9|         27|
    |ap_phi_mux_data_272_val273273_phi_phi_fu_19423_p4  |   14|          3|    9|         27|
    |ap_phi_mux_data_273_val274274_phi_phi_fu_19436_p4  |   14|          3|    9|         27|
    |ap_phi_mux_data_274_val275275_phi_phi_fu_19449_p4  |   14|          3|    9|         27|
    |ap_phi_mux_data_275_val276276_phi_phi_fu_19462_p4  |   14|          3|    9|         27|
    |ap_phi_mux_data_276_val277277_phi_phi_fu_19475_p4  |   14|          3|    9|         27|
    |ap_phi_mux_data_277_val278278_phi_phi_fu_19488_p4  |   14|          3|    9|         27|
    |ap_phi_mux_data_278_val279279_phi_phi_fu_19501_p4  |   14|          3|    9|         27|
    |ap_phi_mux_data_279_val280280_phi_phi_fu_19514_p4  |   14|          3|    9|         27|
    |ap_phi_mux_data_27_val2828_phi_phi_fu_16238_p4     |   14|          3|    9|         27|
    |ap_phi_mux_data_280_val281281_phi_phi_fu_19527_p4  |   14|          3|    9|         27|
    |ap_phi_mux_data_281_val282282_phi_phi_fu_19540_p4  |   14|          3|    9|         27|
    |ap_phi_mux_data_282_val283283_phi_phi_fu_19553_p4  |   14|          3|    9|         27|
    |ap_phi_mux_data_283_val284284_phi_phi_fu_19566_p4  |   14|          3|    9|         27|
    |ap_phi_mux_data_284_val285285_phi_phi_fu_19579_p4  |   14|          3|    9|         27|
    |ap_phi_mux_data_285_val286286_phi_phi_fu_19592_p4  |   14|          3|    9|         27|
    |ap_phi_mux_data_286_val287287_phi_phi_fu_19605_p4  |   14|          3|    9|         27|
    |ap_phi_mux_data_287_val288288_phi_phi_fu_19618_p4  |   14|          3|    9|         27|
    |ap_phi_mux_data_288_val289289_phi_phi_fu_19631_p4  |   14|          3|    9|         27|
    |ap_phi_mux_data_289_val290290_phi_phi_fu_19644_p4  |   14|          3|    9|         27|
    |ap_phi_mux_data_28_val2929_phi_phi_fu_16251_p4     |   14|          3|    9|         27|
    |ap_phi_mux_data_290_val291291_phi_phi_fu_19657_p4  |   14|          3|    9|         27|
    |ap_phi_mux_data_291_val292292_phi_phi_fu_19670_p4  |   14|          3|    9|         27|
    |ap_phi_mux_data_292_val293293_phi_phi_fu_19683_p4  |   14|          3|    9|         27|
    |ap_phi_mux_data_293_val294294_phi_phi_fu_19696_p4  |   14|          3|    9|         27|
    |ap_phi_mux_data_294_val295295_phi_phi_fu_19709_p4  |   14|          3|    9|         27|
    |ap_phi_mux_data_295_val296296_phi_phi_fu_19722_p4  |   14|          3|    9|         27|
    |ap_phi_mux_data_296_val297297_phi_phi_fu_19735_p4  |   14|          3|    9|         27|
    |ap_phi_mux_data_297_val298298_phi_phi_fu_19748_p4  |   14|          3|    9|         27|
    |ap_phi_mux_data_298_val299299_phi_phi_fu_19761_p4  |   14|          3|    9|         27|
    |ap_phi_mux_data_299_val300300_phi_phi_fu_19774_p4  |   14|          3|    9|         27|
    |ap_phi_mux_data_29_val3030_phi_phi_fu_16264_p4     |   14|          3|    9|         27|
    |ap_phi_mux_data_2_val33_phi_phi_fu_15913_p4        |   14|          3|    9|         27|
    |ap_phi_mux_data_300_val301301_phi_phi_fu_19787_p4  |   14|          3|    9|         27|
    |ap_phi_mux_data_301_val302302_phi_phi_fu_19800_p4  |   14|          3|    9|         27|
    |ap_phi_mux_data_302_val303303_phi_phi_fu_19813_p4  |   14|          3|    9|         27|
    |ap_phi_mux_data_303_val304304_phi_phi_fu_19826_p4  |   14|          3|    9|         27|
    |ap_phi_mux_data_304_val305305_phi_phi_fu_19839_p4  |   14|          3|    9|         27|
    |ap_phi_mux_data_305_val306306_phi_phi_fu_19852_p4  |   14|          3|    9|         27|
    |ap_phi_mux_data_306_val307307_phi_phi_fu_19865_p4  |   14|          3|    9|         27|
    |ap_phi_mux_data_307_val308308_phi_phi_fu_19878_p4  |   14|          3|    9|         27|
    |ap_phi_mux_data_308_val309309_phi_phi_fu_19891_p4  |   14|          3|    9|         27|
    |ap_phi_mux_data_309_val310310_phi_phi_fu_19904_p4  |   14|          3|    9|         27|
    |ap_phi_mux_data_30_val3131_phi_phi_fu_16277_p4     |   14|          3|    9|         27|
    |ap_phi_mux_data_310_val311311_phi_phi_fu_19917_p4  |   14|          3|    9|         27|
    |ap_phi_mux_data_311_val312312_phi_phi_fu_19930_p4  |   14|          3|    9|         27|
    |ap_phi_mux_data_312_val313313_phi_phi_fu_19943_p4  |   14|          3|    9|         27|
    |ap_phi_mux_data_313_val314314_phi_phi_fu_19956_p4  |   14|          3|    9|         27|
    |ap_phi_mux_data_314_val315315_phi_phi_fu_19969_p4  |   14|          3|    9|         27|
    |ap_phi_mux_data_315_val316316_phi_phi_fu_19982_p4  |   14|          3|    9|         27|
    |ap_phi_mux_data_316_val317317_phi_phi_fu_19995_p4  |   14|          3|    9|         27|
    |ap_phi_mux_data_317_val318318_phi_phi_fu_20008_p4  |   14|          3|    9|         27|
    |ap_phi_mux_data_318_val319319_phi_phi_fu_20021_p4  |   14|          3|    9|         27|
    |ap_phi_mux_data_319_val320320_phi_phi_fu_20034_p4  |   14|          3|    9|         27|
    |ap_phi_mux_data_31_val3232_phi_phi_fu_16290_p4     |   14|          3|    9|         27|
    |ap_phi_mux_data_320_val321321_phi_phi_fu_20047_p4  |   14|          3|    9|         27|
    |ap_phi_mux_data_321_val322322_phi_phi_fu_20060_p4  |   14|          3|    9|         27|
    |ap_phi_mux_data_322_val323323_phi_phi_fu_20073_p4  |   14|          3|    9|         27|
    |ap_phi_mux_data_323_val324324_phi_phi_fu_20086_p4  |   14|          3|    9|         27|
    |ap_phi_mux_data_324_val325325_phi_phi_fu_20099_p4  |   14|          3|    9|         27|
    |ap_phi_mux_data_325_val326326_phi_phi_fu_20112_p4  |   14|          3|    9|         27|
    |ap_phi_mux_data_326_val327327_phi_phi_fu_20125_p4  |   14|          3|    9|         27|
    |ap_phi_mux_data_327_val328328_phi_phi_fu_20138_p4  |   14|          3|    9|         27|
    |ap_phi_mux_data_328_val329329_phi_phi_fu_20151_p4  |   14|          3|    9|         27|
    |ap_phi_mux_data_329_val330330_phi_phi_fu_20164_p4  |   14|          3|    9|         27|
    |ap_phi_mux_data_32_val3333_phi_phi_fu_16303_p4     |   14|          3|    9|         27|
    |ap_phi_mux_data_330_val331331_phi_phi_fu_20177_p4  |   14|          3|    9|         27|
    |ap_phi_mux_data_331_val332332_phi_phi_fu_20190_p4  |   14|          3|    9|         27|
    |ap_phi_mux_data_332_val333333_phi_phi_fu_20203_p4  |   14|          3|    9|         27|
    |ap_phi_mux_data_333_val334334_phi_phi_fu_20216_p4  |   14|          3|    9|         27|
    |ap_phi_mux_data_334_val335335_phi_phi_fu_20229_p4  |   14|          3|    9|         27|
    |ap_phi_mux_data_335_val336336_phi_phi_fu_20242_p4  |   14|          3|    9|         27|
    |ap_phi_mux_data_336_val337337_phi_phi_fu_20255_p4  |   14|          3|    9|         27|
    |ap_phi_mux_data_337_val338338_phi_phi_fu_20268_p4  |   14|          3|    9|         27|
    |ap_phi_mux_data_338_val339339_phi_phi_fu_20281_p4  |   14|          3|    9|         27|
    |ap_phi_mux_data_339_val340340_phi_phi_fu_20294_p4  |   14|          3|    9|         27|
    |ap_phi_mux_data_33_val3434_phi_phi_fu_16316_p4     |   14|          3|    9|         27|
    |ap_phi_mux_data_340_val341341_phi_phi_fu_20307_p4  |   14|          3|    9|         27|
    |ap_phi_mux_data_341_val342342_phi_phi_fu_20320_p4  |   14|          3|    9|         27|
    |ap_phi_mux_data_342_val343343_phi_phi_fu_20333_p4  |   14|          3|    9|         27|
    |ap_phi_mux_data_343_val344344_phi_phi_fu_20346_p4  |   14|          3|    9|         27|
    |ap_phi_mux_data_344_val345345_phi_phi_fu_20359_p4  |   14|          3|    9|         27|
    |ap_phi_mux_data_345_val346346_phi_phi_fu_20372_p4  |   14|          3|    9|         27|
    |ap_phi_mux_data_346_val347347_phi_phi_fu_20385_p4  |   14|          3|    9|         27|
    |ap_phi_mux_data_347_val348348_phi_phi_fu_20398_p4  |   14|          3|    9|         27|
    |ap_phi_mux_data_348_val349349_phi_phi_fu_20411_p4  |   14|          3|    9|         27|
    |ap_phi_mux_data_349_val350350_phi_phi_fu_20424_p4  |   14|          3|    9|         27|
    |ap_phi_mux_data_34_val3535_phi_phi_fu_16329_p4     |   14|          3|    9|         27|
    |ap_phi_mux_data_350_val351351_phi_phi_fu_20437_p4  |   14|          3|    9|         27|
    |ap_phi_mux_data_351_val352352_phi_phi_fu_20450_p4  |   14|          3|    9|         27|
    |ap_phi_mux_data_352_val353353_phi_phi_fu_20463_p4  |   14|          3|    9|         27|
    |ap_phi_mux_data_353_val354354_phi_phi_fu_20476_p4  |   14|          3|    9|         27|
    |ap_phi_mux_data_354_val355355_phi_phi_fu_20489_p4  |   14|          3|    9|         27|
    |ap_phi_mux_data_355_val356356_phi_phi_fu_20502_p4  |   14|          3|    9|         27|
    |ap_phi_mux_data_356_val357357_phi_phi_fu_20515_p4  |   14|          3|    9|         27|
    |ap_phi_mux_data_357_val358358_phi_phi_fu_20528_p4  |   14|          3|    9|         27|
    |ap_phi_mux_data_358_val359359_phi_phi_fu_20541_p4  |   14|          3|    9|         27|
    |ap_phi_mux_data_359_val360360_phi_phi_fu_20554_p4  |   14|          3|    9|         27|
    |ap_phi_mux_data_35_val3636_phi_phi_fu_16342_p4     |   14|          3|    9|         27|
    |ap_phi_mux_data_360_val361361_phi_phi_fu_20567_p4  |   14|          3|    9|         27|
    |ap_phi_mux_data_361_val362362_phi_phi_fu_20580_p4  |   14|          3|    9|         27|
    |ap_phi_mux_data_362_val363363_phi_phi_fu_20593_p4  |   14|          3|    9|         27|
    |ap_phi_mux_data_363_val364364_phi_phi_fu_20606_p4  |   14|          3|    9|         27|
    |ap_phi_mux_data_364_val365365_phi_phi_fu_20619_p4  |   14|          3|    9|         27|
    |ap_phi_mux_data_365_val366366_phi_phi_fu_20632_p4  |   14|          3|    9|         27|
    |ap_phi_mux_data_366_val367367_phi_phi_fu_20645_p4  |   14|          3|    9|         27|
    |ap_phi_mux_data_367_val368368_phi_phi_fu_20658_p4  |   14|          3|    9|         27|
    |ap_phi_mux_data_368_val369369_phi_phi_fu_20671_p4  |   14|          3|    9|         27|
    |ap_phi_mux_data_369_val370370_phi_phi_fu_20684_p4  |   14|          3|    9|         27|
    |ap_phi_mux_data_36_val3737_phi_phi_fu_16355_p4     |   14|          3|    9|         27|
    |ap_phi_mux_data_370_val371371_phi_phi_fu_20697_p4  |   14|          3|    9|         27|
    |ap_phi_mux_data_371_val372372_phi_phi_fu_20710_p4  |   14|          3|    9|         27|
    |ap_phi_mux_data_372_val373373_phi_phi_fu_20723_p4  |   14|          3|    9|         27|
    |ap_phi_mux_data_373_val374374_phi_phi_fu_20736_p4  |   14|          3|    9|         27|
    |ap_phi_mux_data_374_val375375_phi_phi_fu_20749_p4  |   14|          3|    9|         27|
    |ap_phi_mux_data_375_val376376_phi_phi_fu_20762_p4  |   14|          3|    9|         27|
    |ap_phi_mux_data_376_val377377_phi_phi_fu_20775_p4  |   14|          3|    9|         27|
    |ap_phi_mux_data_377_val378378_phi_phi_fu_20788_p4  |   14|          3|    9|         27|
    |ap_phi_mux_data_378_val379379_phi_phi_fu_20801_p4  |   14|          3|    9|         27|
    |ap_phi_mux_data_379_val380380_phi_phi_fu_20814_p4  |   14|          3|    9|         27|
    |ap_phi_mux_data_37_val3838_phi_phi_fu_16368_p4     |   14|          3|    9|         27|
    |ap_phi_mux_data_380_val381381_phi_phi_fu_20827_p4  |   14|          3|    9|         27|
    |ap_phi_mux_data_381_val382382_phi_phi_fu_20840_p4  |   14|          3|    9|         27|
    |ap_phi_mux_data_382_val383383_phi_phi_fu_20853_p4  |   14|          3|    9|         27|
    |ap_phi_mux_data_383_val384384_phi_phi_fu_20866_p4  |   14|          3|    9|         27|
    |ap_phi_mux_data_384_val385385_phi_phi_fu_20879_p4  |   14|          3|    9|         27|
    |ap_phi_mux_data_385_val386386_phi_phi_fu_20892_p4  |   14|          3|    9|         27|
    |ap_phi_mux_data_386_val387387_phi_phi_fu_20905_p4  |   14|          3|    9|         27|
    |ap_phi_mux_data_387_val388388_phi_phi_fu_20918_p4  |   14|          3|    9|         27|
    |ap_phi_mux_data_388_val389389_phi_phi_fu_20931_p4  |   14|          3|    9|         27|
    |ap_phi_mux_data_389_val390390_phi_phi_fu_20944_p4  |   14|          3|    9|         27|
    |ap_phi_mux_data_38_val3939_phi_phi_fu_16381_p4     |   14|          3|    9|         27|
    |ap_phi_mux_data_390_val391391_phi_phi_fu_20957_p4  |   14|          3|    9|         27|
    |ap_phi_mux_data_391_val392392_phi_phi_fu_20970_p4  |   14|          3|    9|         27|
    |ap_phi_mux_data_392_val393393_phi_phi_fu_20983_p4  |   14|          3|    9|         27|
    |ap_phi_mux_data_393_val394394_phi_phi_fu_20996_p4  |   14|          3|    9|         27|
    |ap_phi_mux_data_394_val395395_phi_phi_fu_21009_p4  |   14|          3|    9|         27|
    |ap_phi_mux_data_395_val396396_phi_phi_fu_21022_p4  |   14|          3|    9|         27|
    |ap_phi_mux_data_396_val397397_phi_phi_fu_21035_p4  |   14|          3|    9|         27|
    |ap_phi_mux_data_397_val398398_phi_phi_fu_21048_p4  |   14|          3|    9|         27|
    |ap_phi_mux_data_398_val399399_phi_phi_fu_21061_p4  |   14|          3|    9|         27|
    |ap_phi_mux_data_399_val400400_phi_phi_fu_21074_p4  |   14|          3|    9|         27|
    |ap_phi_mux_data_39_val4040_phi_phi_fu_16394_p4     |   14|          3|    9|         27|
    |ap_phi_mux_data_3_val44_phi_phi_fu_15926_p4        |   14|          3|    9|         27|
    |ap_phi_mux_data_400_val401401_phi_phi_fu_21087_p4  |   14|          3|    9|         27|
    |ap_phi_mux_data_401_val402402_phi_phi_fu_21100_p4  |   14|          3|    9|         27|
    |ap_phi_mux_data_402_val403403_phi_phi_fu_21113_p4  |   14|          3|    9|         27|
    |ap_phi_mux_data_403_val404404_phi_phi_fu_21126_p4  |   14|          3|    9|         27|
    |ap_phi_mux_data_404_val405405_phi_phi_fu_21139_p4  |   14|          3|    9|         27|
    |ap_phi_mux_data_405_val406406_phi_phi_fu_21152_p4  |   14|          3|    9|         27|
    |ap_phi_mux_data_406_val407407_phi_phi_fu_21165_p4  |   14|          3|    9|         27|
    |ap_phi_mux_data_407_val408408_phi_phi_fu_21178_p4  |   14|          3|    9|         27|
    |ap_phi_mux_data_408_val409409_phi_phi_fu_21191_p4  |   14|          3|    9|         27|
    |ap_phi_mux_data_409_val410410_phi_phi_fu_21204_p4  |   14|          3|    9|         27|
    |ap_phi_mux_data_40_val4141_phi_phi_fu_16407_p4     |   14|          3|    9|         27|
    |ap_phi_mux_data_410_val411411_phi_phi_fu_21217_p4  |   14|          3|    9|         27|
    |ap_phi_mux_data_411_val412412_phi_phi_fu_21230_p4  |   14|          3|    9|         27|
    |ap_phi_mux_data_412_val413413_phi_phi_fu_21243_p4  |   14|          3|    9|         27|
    |ap_phi_mux_data_413_val414414_phi_phi_fu_21256_p4  |   14|          3|    9|         27|
    |ap_phi_mux_data_414_val415415_phi_phi_fu_21269_p4  |   14|          3|    9|         27|
    |ap_phi_mux_data_415_val416416_phi_phi_fu_21282_p4  |   14|          3|    9|         27|
    |ap_phi_mux_data_416_val417417_phi_phi_fu_21295_p4  |   14|          3|    9|         27|
    |ap_phi_mux_data_417_val418418_phi_phi_fu_21308_p4  |   14|          3|    9|         27|
    |ap_phi_mux_data_418_val419419_phi_phi_fu_21321_p4  |   14|          3|    9|         27|
    |ap_phi_mux_data_419_val420420_phi_phi_fu_21334_p4  |   14|          3|    9|         27|
    |ap_phi_mux_data_41_val4242_phi_phi_fu_16420_p4     |   14|          3|    9|         27|
    |ap_phi_mux_data_420_val421421_phi_phi_fu_21347_p4  |   14|          3|    9|         27|
    |ap_phi_mux_data_421_val422422_phi_phi_fu_21360_p4  |   14|          3|    9|         27|
    |ap_phi_mux_data_422_val423423_phi_phi_fu_21373_p4  |   14|          3|    9|         27|
    |ap_phi_mux_data_423_val424424_phi_phi_fu_21386_p4  |   14|          3|    9|         27|
    |ap_phi_mux_data_424_val425425_phi_phi_fu_21399_p4  |   14|          3|    9|         27|
    |ap_phi_mux_data_425_val426426_phi_phi_fu_21412_p4  |   14|          3|    9|         27|
    |ap_phi_mux_data_426_val427427_phi_phi_fu_21425_p4  |   14|          3|    9|         27|
    |ap_phi_mux_data_427_val428428_phi_phi_fu_21438_p4  |   14|          3|    9|         27|
    |ap_phi_mux_data_428_val429429_phi_phi_fu_21451_p4  |   14|          3|    9|         27|
    |ap_phi_mux_data_429_val430430_phi_phi_fu_21464_p4  |   14|          3|    9|         27|
    |ap_phi_mux_data_42_val4343_phi_phi_fu_16433_p4     |   14|          3|    9|         27|
    |ap_phi_mux_data_430_val431431_phi_phi_fu_21477_p4  |   14|          3|    9|         27|
    |ap_phi_mux_data_431_val432432_phi_phi_fu_21490_p4  |   14|          3|    9|         27|
    |ap_phi_mux_data_432_val433433_phi_phi_fu_21503_p4  |   14|          3|    9|         27|
    |ap_phi_mux_data_433_val434434_phi_phi_fu_21516_p4  |   14|          3|    9|         27|
    |ap_phi_mux_data_434_val435435_phi_phi_fu_21529_p4  |   14|          3|    9|         27|
    |ap_phi_mux_data_435_val436436_phi_phi_fu_21542_p4  |   14|          3|    9|         27|
    |ap_phi_mux_data_436_val437437_phi_phi_fu_21555_p4  |   14|          3|    9|         27|
    |ap_phi_mux_data_437_val438438_phi_phi_fu_21568_p4  |   14|          3|    9|         27|
    |ap_phi_mux_data_438_val439439_phi_phi_fu_21581_p4  |   14|          3|    9|         27|
    |ap_phi_mux_data_439_val440440_phi_phi_fu_21594_p4  |   14|          3|    9|         27|
    |ap_phi_mux_data_43_val4444_phi_phi_fu_16446_p4     |   14|          3|    9|         27|
    |ap_phi_mux_data_440_val441441_phi_phi_fu_21607_p4  |   14|          3|    9|         27|
    |ap_phi_mux_data_441_val442442_phi_phi_fu_21620_p4  |   14|          3|    9|         27|
    |ap_phi_mux_data_442_val443443_phi_phi_fu_21633_p4  |   14|          3|    9|         27|
    |ap_phi_mux_data_443_val444444_phi_phi_fu_21646_p4  |   14|          3|    9|         27|
    |ap_phi_mux_data_444_val445445_phi_phi_fu_21659_p4  |   14|          3|    9|         27|
    |ap_phi_mux_data_445_val446446_phi_phi_fu_21672_p4  |   14|          3|    9|         27|
    |ap_phi_mux_data_446_val447447_phi_phi_fu_21685_p4  |   14|          3|    9|         27|
    |ap_phi_mux_data_447_val448448_phi_phi_fu_21698_p4  |   14|          3|    9|         27|
    |ap_phi_mux_data_448_val449449_phi_phi_fu_21711_p4  |   14|          3|    9|         27|
    |ap_phi_mux_data_449_val450450_phi_phi_fu_21724_p4  |   14|          3|    9|         27|
    |ap_phi_mux_data_44_val4545_phi_phi_fu_16459_p4     |   14|          3|    9|         27|
    |ap_phi_mux_data_450_val451451_phi_phi_fu_21737_p4  |   14|          3|    9|         27|
    |ap_phi_mux_data_451_val452452_phi_phi_fu_21750_p4  |   14|          3|    9|         27|
    |ap_phi_mux_data_452_val453453_phi_phi_fu_21763_p4  |   14|          3|    9|         27|
    |ap_phi_mux_data_453_val454454_phi_phi_fu_21776_p4  |   14|          3|    9|         27|
    |ap_phi_mux_data_454_val455455_phi_phi_fu_21789_p4  |   14|          3|    9|         27|
    |ap_phi_mux_data_455_val456456_phi_phi_fu_21802_p4  |   14|          3|    9|         27|
    |ap_phi_mux_data_456_val457457_phi_phi_fu_21815_p4  |   14|          3|    9|         27|
    |ap_phi_mux_data_457_val458458_phi_phi_fu_21828_p4  |   14|          3|    9|         27|
    |ap_phi_mux_data_458_val459459_phi_phi_fu_21841_p4  |   14|          3|    9|         27|
    |ap_phi_mux_data_459_val460460_phi_phi_fu_21854_p4  |   14|          3|    9|         27|
    |ap_phi_mux_data_45_val4646_phi_phi_fu_16472_p4     |   14|          3|    9|         27|
    |ap_phi_mux_data_460_val461461_phi_phi_fu_21867_p4  |   14|          3|    9|         27|
    |ap_phi_mux_data_461_val462462_phi_phi_fu_21880_p4  |   14|          3|    9|         27|
    |ap_phi_mux_data_462_val463463_phi_phi_fu_21893_p4  |   14|          3|    9|         27|
    |ap_phi_mux_data_463_val464464_phi_phi_fu_21906_p4  |   14|          3|    9|         27|
    |ap_phi_mux_data_464_val465465_phi_phi_fu_21919_p4  |   14|          3|    9|         27|
    |ap_phi_mux_data_465_val466466_phi_phi_fu_21932_p4  |   14|          3|    9|         27|
    |ap_phi_mux_data_466_val467467_phi_phi_fu_21945_p4  |   14|          3|    9|         27|
    |ap_phi_mux_data_467_val468468_phi_phi_fu_21958_p4  |   14|          3|    9|         27|
    |ap_phi_mux_data_468_val469469_phi_phi_fu_21971_p4  |   14|          3|    9|         27|
    |ap_phi_mux_data_469_val470470_phi_phi_fu_21984_p4  |   14|          3|    9|         27|
    |ap_phi_mux_data_46_val4747_phi_phi_fu_16485_p4     |   14|          3|    9|         27|
    |ap_phi_mux_data_470_val471471_phi_phi_fu_21997_p4  |   14|          3|    9|         27|
    |ap_phi_mux_data_471_val472472_phi_phi_fu_22010_p4  |   14|          3|    9|         27|
    |ap_phi_mux_data_472_val473473_phi_phi_fu_22023_p4  |   14|          3|    9|         27|
    |ap_phi_mux_data_473_val474474_phi_phi_fu_22036_p4  |   14|          3|    9|         27|
    |ap_phi_mux_data_474_val475475_phi_phi_fu_22049_p4  |   14|          3|    9|         27|
    |ap_phi_mux_data_475_val476476_phi_phi_fu_22062_p4  |   14|          3|    9|         27|
    |ap_phi_mux_data_476_val477477_phi_phi_fu_22075_p4  |   14|          3|    9|         27|
    |ap_phi_mux_data_477_val478478_phi_phi_fu_22088_p4  |   14|          3|    9|         27|
    |ap_phi_mux_data_478_val479479_phi_phi_fu_22101_p4  |   14|          3|    9|         27|
    |ap_phi_mux_data_479_val480480_phi_phi_fu_22114_p4  |   14|          3|    9|         27|
    |ap_phi_mux_data_47_val4848_phi_phi_fu_16498_p4     |   14|          3|    9|         27|
    |ap_phi_mux_data_480_val481481_phi_phi_fu_22127_p4  |   14|          3|    9|         27|
    |ap_phi_mux_data_481_val482482_phi_phi_fu_22140_p4  |   14|          3|    9|         27|
    |ap_phi_mux_data_482_val483483_phi_phi_fu_22153_p4  |   14|          3|    9|         27|
    |ap_phi_mux_data_483_val484484_phi_phi_fu_22166_p4  |   14|          3|    9|         27|
    |ap_phi_mux_data_484_val485485_phi_phi_fu_22179_p4  |   14|          3|    9|         27|
    |ap_phi_mux_data_485_val486486_phi_phi_fu_22192_p4  |   14|          3|    9|         27|
    |ap_phi_mux_data_486_val487487_phi_phi_fu_22205_p4  |   14|          3|    9|         27|
    |ap_phi_mux_data_487_val488488_phi_phi_fu_22218_p4  |   14|          3|    9|         27|
    |ap_phi_mux_data_488_val489489_phi_phi_fu_22231_p4  |   14|          3|    9|         27|
    |ap_phi_mux_data_489_val490490_phi_phi_fu_22244_p4  |   14|          3|    9|         27|
    |ap_phi_mux_data_48_val4949_phi_phi_fu_16511_p4     |   14|          3|    9|         27|
    |ap_phi_mux_data_490_val491491_phi_phi_fu_22257_p4  |   14|          3|    9|         27|
    |ap_phi_mux_data_491_val492492_phi_phi_fu_22270_p4  |   14|          3|    9|         27|
    |ap_phi_mux_data_492_val493493_phi_phi_fu_22283_p4  |   14|          3|    9|         27|
    |ap_phi_mux_data_493_val494494_phi_phi_fu_22296_p4  |   14|          3|    9|         27|
    |ap_phi_mux_data_494_val495495_phi_phi_fu_22309_p4  |   14|          3|    9|         27|
    |ap_phi_mux_data_495_val496496_phi_phi_fu_22322_p4  |   14|          3|    9|         27|
    |ap_phi_mux_data_496_val497497_phi_phi_fu_22335_p4  |   14|          3|    9|         27|
    |ap_phi_mux_data_497_val498498_phi_phi_fu_22348_p4  |   14|          3|    9|         27|
    |ap_phi_mux_data_498_val499499_phi_phi_fu_22361_p4  |   14|          3|    9|         27|
    |ap_phi_mux_data_499_val500500_phi_phi_fu_22374_p4  |   14|          3|    9|         27|
    |ap_phi_mux_data_49_val5050_phi_phi_fu_16524_p4     |   14|          3|    9|         27|
    |ap_phi_mux_data_4_val55_phi_phi_fu_15939_p4        |   14|          3|    9|         27|
    |ap_phi_mux_data_500_val501501_phi_phi_fu_22387_p4  |   14|          3|    9|         27|
    |ap_phi_mux_data_501_val502502_phi_phi_fu_22400_p4  |   14|          3|    9|         27|
    |ap_phi_mux_data_502_val503503_phi_phi_fu_22413_p4  |   14|          3|    9|         27|
    |ap_phi_mux_data_503_val504504_phi_phi_fu_22426_p4  |   14|          3|    9|         27|
    |ap_phi_mux_data_504_val505505_phi_phi_fu_22439_p4  |   14|          3|    9|         27|
    |ap_phi_mux_data_505_val506506_phi_phi_fu_22452_p4  |   14|          3|    9|         27|
    |ap_phi_mux_data_506_val507507_phi_phi_fu_22465_p4  |   14|          3|    9|         27|
    |ap_phi_mux_data_507_val508508_phi_phi_fu_22478_p4  |   14|          3|    9|         27|
    |ap_phi_mux_data_508_val509509_phi_phi_fu_22491_p4  |   14|          3|    9|         27|
    |ap_phi_mux_data_509_val510510_phi_phi_fu_22504_p4  |   14|          3|    9|         27|
    |ap_phi_mux_data_50_val5151_phi_phi_fu_16537_p4     |   14|          3|    9|         27|
    |ap_phi_mux_data_510_val511511_phi_phi_fu_22517_p4  |   14|          3|    9|         27|
    |ap_phi_mux_data_511_val512512_phi_phi_fu_22530_p4  |   14|          3|    9|         27|
    |ap_phi_mux_data_51_val5252_phi_phi_fu_16550_p4     |   14|          3|    9|         27|
    |ap_phi_mux_data_52_val5353_phi_phi_fu_16563_p4     |   14|          3|    9|         27|
    |ap_phi_mux_data_53_val5454_phi_phi_fu_16576_p4     |   14|          3|    9|         27|
    |ap_phi_mux_data_54_val5555_phi_phi_fu_16589_p4     |   14|          3|    9|         27|
    |ap_phi_mux_data_55_val5656_phi_phi_fu_16602_p4     |   14|          3|    9|         27|
    |ap_phi_mux_data_56_val5757_phi_phi_fu_16615_p4     |   14|          3|    9|         27|
    |ap_phi_mux_data_57_val5858_phi_phi_fu_16628_p4     |   14|          3|    9|         27|
    |ap_phi_mux_data_58_val5959_phi_phi_fu_16641_p4     |   14|          3|    9|         27|
    |ap_phi_mux_data_59_val6060_phi_phi_fu_16654_p4     |   14|          3|    9|         27|
    |ap_phi_mux_data_5_val66_phi_phi_fu_15952_p4        |   14|          3|    9|         27|
    |ap_phi_mux_data_60_val6161_phi_phi_fu_16667_p4     |   14|          3|    9|         27|
    |ap_phi_mux_data_61_val6262_phi_phi_fu_16680_p4     |   14|          3|    9|         27|
    |ap_phi_mux_data_62_val6363_phi_phi_fu_16693_p4     |   14|          3|    9|         27|
    |ap_phi_mux_data_63_val6464_phi_phi_fu_16706_p4     |   14|          3|    9|         27|
    |ap_phi_mux_data_64_val6565_phi_phi_fu_16719_p4     |   14|          3|    9|         27|
    |ap_phi_mux_data_65_val6666_phi_phi_fu_16732_p4     |   14|          3|    9|         27|
    |ap_phi_mux_data_66_val6767_phi_phi_fu_16745_p4     |   14|          3|    9|         27|
    |ap_phi_mux_data_67_val6868_phi_phi_fu_16758_p4     |   14|          3|    9|         27|
    |ap_phi_mux_data_68_val6969_phi_phi_fu_16771_p4     |   14|          3|    9|         27|
    |ap_phi_mux_data_69_val7070_phi_phi_fu_16784_p4     |   14|          3|    9|         27|
    |ap_phi_mux_data_6_val77_phi_phi_fu_15965_p4        |   14|          3|    9|         27|
    |ap_phi_mux_data_70_val7171_phi_phi_fu_16797_p4     |   14|          3|    9|         27|
    |ap_phi_mux_data_71_val7272_phi_phi_fu_16810_p4     |   14|          3|    9|         27|
    |ap_phi_mux_data_72_val7373_phi_phi_fu_16823_p4     |   14|          3|    9|         27|
    |ap_phi_mux_data_73_val7474_phi_phi_fu_16836_p4     |   14|          3|    9|         27|
    |ap_phi_mux_data_74_val7575_phi_phi_fu_16849_p4     |   14|          3|    9|         27|
    |ap_phi_mux_data_75_val7676_phi_phi_fu_16862_p4     |   14|          3|    9|         27|
    |ap_phi_mux_data_76_val7777_phi_phi_fu_16875_p4     |   14|          3|    9|         27|
    |ap_phi_mux_data_77_val7878_phi_phi_fu_16888_p4     |   14|          3|    9|         27|
    |ap_phi_mux_data_78_val7979_phi_phi_fu_16901_p4     |   14|          3|    9|         27|
    |ap_phi_mux_data_79_val8080_phi_phi_fu_16914_p4     |   14|          3|    9|         27|
    |ap_phi_mux_data_7_val88_phi_phi_fu_15978_p4        |   14|          3|    9|         27|
    |ap_phi_mux_data_80_val8181_phi_phi_fu_16927_p4     |   14|          3|    9|         27|
    |ap_phi_mux_data_81_val8282_phi_phi_fu_16940_p4     |   14|          3|    9|         27|
    |ap_phi_mux_data_82_val8383_phi_phi_fu_16953_p4     |   14|          3|    9|         27|
    |ap_phi_mux_data_83_val8484_phi_phi_fu_16966_p4     |   14|          3|    9|         27|
    |ap_phi_mux_data_84_val8585_phi_phi_fu_16979_p4     |   14|          3|    9|         27|
    |ap_phi_mux_data_85_val8686_phi_phi_fu_16992_p4     |   14|          3|    9|         27|
    |ap_phi_mux_data_86_val8787_phi_phi_fu_17005_p4     |   14|          3|    9|         27|
    |ap_phi_mux_data_87_val8888_phi_phi_fu_17018_p4     |   14|          3|    9|         27|
    |ap_phi_mux_data_88_val8989_phi_phi_fu_17031_p4     |   14|          3|    9|         27|
    |ap_phi_mux_data_89_val9090_phi_phi_fu_17044_p4     |   14|          3|    9|         27|
    |ap_phi_mux_data_8_val99_phi_phi_fu_15991_p4        |   14|          3|    9|         27|
    |ap_phi_mux_data_90_val9191_phi_phi_fu_17057_p4     |   14|          3|    9|         27|
    |ap_phi_mux_data_91_val9292_phi_phi_fu_17070_p4     |   14|          3|    9|         27|
    |ap_phi_mux_data_92_val9393_phi_phi_fu_17083_p4     |   14|          3|    9|         27|
    |ap_phi_mux_data_93_val9494_phi_phi_fu_17096_p4     |   14|          3|    9|         27|
    |ap_phi_mux_data_94_val9595_phi_phi_fu_17109_p4     |   14|          3|    9|         27|
    |ap_phi_mux_data_95_val9696_phi_phi_fu_17122_p4     |   14|          3|    9|         27|
    |ap_phi_mux_data_96_val9797_phi_phi_fu_17135_p4     |   14|          3|    9|         27|
    |ap_phi_mux_data_97_val9898_phi_phi_fu_17148_p4     |   14|          3|    9|         27|
    |ap_phi_mux_data_98_val9999_phi_phi_fu_17161_p4     |   14|          3|    9|         27|
    |ap_phi_mux_data_99_val100100_phi_phi_fu_17174_p4   |   14|          3|    9|         27|
    |ap_phi_mux_data_9_val1010_phi_phi_fu_16004_p4      |   14|          3|    9|         27|
    |ap_phi_mux_do_init_phi_fu_9201_p6                  |   14|          3|    1|          3|
    |ap_phi_mux_phi_ln34_phi_fu_15872_p6                |   14|          3|    4|         12|
    |ap_phi_reg_pp0_iter1_data_buf_32_reg_24132         |   81|         17|    9|        153|
    |ap_phi_reg_pp0_iter1_data_buf_33_reg_24079         |   81|         17|    9|        153|
    |ap_phi_reg_pp0_iter1_data_buf_34_reg_24026         |   81|         17|    9|        153|
    |ap_phi_reg_pp0_iter1_data_buf_35_reg_23973         |   81|         17|    9|        153|
    |ap_phi_reg_pp0_iter1_data_buf_36_reg_23920         |   81|         17|    9|        153|
    |ap_phi_reg_pp0_iter1_data_buf_37_reg_23867         |   81|         17|    9|        153|
    |ap_phi_reg_pp0_iter1_data_buf_38_reg_23813         |   81|         17|    9|        153|
    |ap_phi_reg_pp0_iter1_data_buf_39_reg_23760         |   81|         17|    9|        153|
    |ap_phi_reg_pp0_iter1_data_buf_40_reg_23707         |   81|         17|    9|        153|
    |ap_phi_reg_pp0_iter1_data_buf_41_reg_23654         |   81|         17|    9|        153|
    |ap_phi_reg_pp0_iter1_data_buf_42_reg_23601         |   81|         17|    9|        153|
    |ap_phi_reg_pp0_iter1_data_buf_43_reg_23548         |   81|         17|    9|        153|
    |ap_phi_reg_pp0_iter1_data_buf_44_reg_23495         |   81|         17|    9|        153|
    |ap_phi_reg_pp0_iter1_data_buf_45_reg_23442         |   81|         17|    9|        153|
    |ap_phi_reg_pp0_iter1_data_buf_46_reg_23389         |   81|         17|    9|        153|
    |ap_phi_reg_pp0_iter1_data_buf_47_reg_23336         |   81|         17|    9|        153|
    |ap_phi_reg_pp0_iter1_data_buf_48_reg_23282         |   81|         17|    9|        153|
    |ap_phi_reg_pp0_iter1_data_buf_49_reg_23229         |   81|         17|    9|        153|
    |ap_phi_reg_pp0_iter1_data_buf_50_reg_23175         |   81|         17|    9|        153|
    |ap_phi_reg_pp0_iter1_data_buf_51_reg_23122         |   81|         17|    9|        153|
    |ap_phi_reg_pp0_iter1_data_buf_52_reg_23069         |   81|         17|    9|        153|
    |ap_phi_reg_pp0_iter1_data_buf_53_reg_23016         |   81|         17|    9|        153|
    |ap_phi_reg_pp0_iter1_data_buf_54_reg_22963         |   81|         17|    9|        153|
    |ap_phi_reg_pp0_iter1_data_buf_55_reg_22910         |   81|         17|    9|        153|
    |ap_phi_reg_pp0_iter1_data_buf_56_reg_22857         |   81|         17|    9|        153|
    |ap_phi_reg_pp0_iter1_data_buf_57_reg_22804         |   81|         17|    9|        153|
    |ap_phi_reg_pp0_iter1_data_buf_58_reg_22751         |   81|         17|    9|        153|
    |ap_phi_reg_pp0_iter1_data_buf_59_reg_22698         |   81|         17|    9|        153|
    |ap_phi_reg_pp0_iter1_data_buf_60_reg_22645         |   81|         17|    9|        153|
    |ap_phi_reg_pp0_iter1_data_buf_61_reg_22592         |   81|         17|    9|        153|
    |ap_phi_reg_pp0_iter1_data_buf_62_reg_22539         |   81|         17|    9|        153|
    |ap_phi_reg_pp0_iter1_data_buf_reg_24185            |   81|         17|    9|        153|
    |data_0_val11_phi_reg_15883                         |   14|          3|    9|         27|
    |data_100_val101101_phi_reg_17183                   |   14|          3|    9|         27|
    |data_101_val102102_phi_reg_17196                   |   14|          3|    9|         27|
    |data_102_val103103_phi_reg_17209                   |   14|          3|    9|         27|
    |data_103_val104104_phi_reg_17222                   |   14|          3|    9|         27|
    |data_104_val105105_phi_reg_17235                   |   14|          3|    9|         27|
    |data_105_val106106_phi_reg_17248                   |   14|          3|    9|         27|
    |data_106_val107107_phi_reg_17261                   |   14|          3|    9|         27|
    |data_107_val108108_phi_reg_17274                   |   14|          3|    9|         27|
    |data_108_val109109_phi_reg_17287                   |   14|          3|    9|         27|
    |data_109_val110110_phi_reg_17300                   |   14|          3|    9|         27|
    |data_10_val1111_phi_reg_16013                      |   14|          3|    9|         27|
    |data_110_val111111_phi_reg_17313                   |   14|          3|    9|         27|
    |data_111_val112112_phi_reg_17326                   |   14|          3|    9|         27|
    |data_112_val113113_phi_reg_17339                   |   14|          3|    9|         27|
    |data_113_val114114_phi_reg_17352                   |   14|          3|    9|         27|
    |data_114_val115115_phi_reg_17365                   |   14|          3|    9|         27|
    |data_115_val116116_phi_reg_17378                   |   14|          3|    9|         27|
    |data_116_val117117_phi_reg_17391                   |   14|          3|    9|         27|
    |data_117_val118118_phi_reg_17404                   |   14|          3|    9|         27|
    |data_118_val119119_phi_reg_17417                   |   14|          3|    9|         27|
    |data_119_val120120_phi_reg_17430                   |   14|          3|    9|         27|
    |data_11_val1212_phi_reg_16026                      |   14|          3|    9|         27|
    |data_120_val121121_phi_reg_17443                   |   14|          3|    9|         27|
    |data_121_val122122_phi_reg_17456                   |   14|          3|    9|         27|
    |data_122_val123123_phi_reg_17469                   |   14|          3|    9|         27|
    |data_123_val124124_phi_reg_17482                   |   14|          3|    9|         27|
    |data_124_val125125_phi_reg_17495                   |   14|          3|    9|         27|
    |data_125_val126126_phi_reg_17508                   |   14|          3|    9|         27|
    |data_126_val127127_phi_reg_17521                   |   14|          3|    9|         27|
    |data_127_val128128_phi_reg_17534                   |   14|          3|    9|         27|
    |data_128_val129129_phi_reg_17547                   |   14|          3|    9|         27|
    |data_129_val130130_phi_reg_17560                   |   14|          3|    9|         27|
    |data_12_val1313_phi_reg_16039                      |   14|          3|    9|         27|
    |data_130_val131131_phi_reg_17573                   |   14|          3|    9|         27|
    |data_131_val132132_phi_reg_17586                   |   14|          3|    9|         27|
    |data_132_val133133_phi_reg_17599                   |   14|          3|    9|         27|
    |data_133_val134134_phi_reg_17612                   |   14|          3|    9|         27|
    |data_134_val135135_phi_reg_17625                   |   14|          3|    9|         27|
    |data_135_val136136_phi_reg_17638                   |   14|          3|    9|         27|
    |data_136_val137137_phi_reg_17651                   |   14|          3|    9|         27|
    |data_137_val138138_phi_reg_17664                   |   14|          3|    9|         27|
    |data_138_val139139_phi_reg_17677                   |   14|          3|    9|         27|
    |data_139_val140140_phi_reg_17690                   |   14|          3|    9|         27|
    |data_13_val1414_phi_reg_16052                      |   14|          3|    9|         27|
    |data_140_val141141_phi_reg_17703                   |   14|          3|    9|         27|
    |data_141_val142142_phi_reg_17716                   |   14|          3|    9|         27|
    |data_142_val143143_phi_reg_17729                   |   14|          3|    9|         27|
    |data_143_val144144_phi_reg_17742                   |   14|          3|    9|         27|
    |data_144_val145145_phi_reg_17755                   |   14|          3|    9|         27|
    |data_145_val146146_phi_reg_17768                   |   14|          3|    9|         27|
    |data_146_val147147_phi_reg_17781                   |   14|          3|    9|         27|
    |data_147_val148148_phi_reg_17794                   |   14|          3|    9|         27|
    |data_148_val149149_phi_reg_17807                   |   14|          3|    9|         27|
    |data_149_val150150_phi_reg_17820                   |   14|          3|    9|         27|
    |data_14_val1515_phi_reg_16065                      |   14|          3|    9|         27|
    |data_150_val151151_phi_reg_17833                   |   14|          3|    9|         27|
    |data_151_val152152_phi_reg_17846                   |   14|          3|    9|         27|
    |data_152_val153153_phi_reg_17859                   |   14|          3|    9|         27|
    |data_153_val154154_phi_reg_17872                   |   14|          3|    9|         27|
    |data_154_val155155_phi_reg_17885                   |   14|          3|    9|         27|
    |data_155_val156156_phi_reg_17898                   |   14|          3|    9|         27|
    |data_156_val157157_phi_reg_17911                   |   14|          3|    9|         27|
    |data_157_val158158_phi_reg_17924                   |   14|          3|    9|         27|
    |data_158_val159159_phi_reg_17937                   |   14|          3|    9|         27|
    |data_159_val160160_phi_reg_17950                   |   14|          3|    9|         27|
    |data_15_val1616_phi_reg_16078                      |   14|          3|    9|         27|
    |data_160_val161161_phi_reg_17963                   |   14|          3|    9|         27|
    |data_161_val162162_phi_reg_17976                   |   14|          3|    9|         27|
    |data_162_val163163_phi_reg_17989                   |   14|          3|    9|         27|
    |data_163_val164164_phi_reg_18002                   |   14|          3|    9|         27|
    |data_164_val165165_phi_reg_18015                   |   14|          3|    9|         27|
    |data_165_val166166_phi_reg_18028                   |   14|          3|    9|         27|
    |data_166_val167167_phi_reg_18041                   |   14|          3|    9|         27|
    |data_167_val168168_phi_reg_18054                   |   14|          3|    9|         27|
    |data_168_val169169_phi_reg_18067                   |   14|          3|    9|         27|
    |data_169_val170170_phi_reg_18080                   |   14|          3|    9|         27|
    |data_16_val1717_phi_reg_16091                      |   14|          3|    9|         27|
    |data_170_val171171_phi_reg_18093                   |   14|          3|    9|         27|
    |data_171_val172172_phi_reg_18106                   |   14|          3|    9|         27|
    |data_172_val173173_phi_reg_18119                   |   14|          3|    9|         27|
    |data_173_val174174_phi_reg_18132                   |   14|          3|    9|         27|
    |data_174_val175175_phi_reg_18145                   |   14|          3|    9|         27|
    |data_175_val176176_phi_reg_18158                   |   14|          3|    9|         27|
    |data_176_val177177_phi_reg_18171                   |   14|          3|    9|         27|
    |data_177_val178178_phi_reg_18184                   |   14|          3|    9|         27|
    |data_178_val179179_phi_reg_18197                   |   14|          3|    9|         27|
    |data_179_val180180_phi_reg_18210                   |   14|          3|    9|         27|
    |data_17_val1818_phi_reg_16104                      |   14|          3|    9|         27|
    |data_180_val181181_phi_reg_18223                   |   14|          3|    9|         27|
    |data_181_val182182_phi_reg_18236                   |   14|          3|    9|         27|
    |data_182_val183183_phi_reg_18249                   |   14|          3|    9|         27|
    |data_183_val184184_phi_reg_18262                   |   14|          3|    9|         27|
    |data_184_val185185_phi_reg_18275                   |   14|          3|    9|         27|
    |data_185_val186186_phi_reg_18288                   |   14|          3|    9|         27|
    |data_186_val187187_phi_reg_18301                   |   14|          3|    9|         27|
    |data_187_val188188_phi_reg_18314                   |   14|          3|    9|         27|
    |data_188_val189189_phi_reg_18327                   |   14|          3|    9|         27|
    |data_189_val190190_phi_reg_18340                   |   14|          3|    9|         27|
    |data_18_val1919_phi_reg_16117                      |   14|          3|    9|         27|
    |data_190_val191191_phi_reg_18353                   |   14|          3|    9|         27|
    |data_191_val192192_phi_reg_18366                   |   14|          3|    9|         27|
    |data_192_val193193_phi_reg_18379                   |   14|          3|    9|         27|
    |data_193_val194194_phi_reg_18392                   |   14|          3|    9|         27|
    |data_194_val195195_phi_reg_18405                   |   14|          3|    9|         27|
    |data_195_val196196_phi_reg_18418                   |   14|          3|    9|         27|
    |data_196_val197197_phi_reg_18431                   |   14|          3|    9|         27|
    |data_197_val198198_phi_reg_18444                   |   14|          3|    9|         27|
    |data_198_val199199_phi_reg_18457                   |   14|          3|    9|         27|
    |data_199_val200200_phi_reg_18470                   |   14|          3|    9|         27|
    |data_19_val2020_phi_reg_16130                      |   14|          3|    9|         27|
    |data_1_val22_phi_reg_15896                         |   14|          3|    9|         27|
    |data_200_val201201_phi_reg_18483                   |   14|          3|    9|         27|
    |data_201_val202202_phi_reg_18496                   |   14|          3|    9|         27|
    |data_202_val203203_phi_reg_18509                   |   14|          3|    9|         27|
    |data_203_val204204_phi_reg_18522                   |   14|          3|    9|         27|
    |data_204_val205205_phi_reg_18535                   |   14|          3|    9|         27|
    |data_205_val206206_phi_reg_18548                   |   14|          3|    9|         27|
    |data_206_val207207_phi_reg_18561                   |   14|          3|    9|         27|
    |data_207_val208208_phi_reg_18574                   |   14|          3|    9|         27|
    |data_208_val209209_phi_reg_18587                   |   14|          3|    9|         27|
    |data_209_val210210_phi_reg_18600                   |   14|          3|    9|         27|
    |data_20_val2121_phi_reg_16143                      |   14|          3|    9|         27|
    |data_210_val211211_phi_reg_18613                   |   14|          3|    9|         27|
    |data_211_val212212_phi_reg_18626                   |   14|          3|    9|         27|
    |data_212_val213213_phi_reg_18639                   |   14|          3|    9|         27|
    |data_213_val214214_phi_reg_18652                   |   14|          3|    9|         27|
    |data_214_val215215_phi_reg_18665                   |   14|          3|    9|         27|
    |data_215_val216216_phi_reg_18678                   |   14|          3|    9|         27|
    |data_216_val217217_phi_reg_18691                   |   14|          3|    9|         27|
    |data_217_val218218_phi_reg_18704                   |   14|          3|    9|         27|
    |data_218_val219219_phi_reg_18717                   |   14|          3|    9|         27|
    |data_219_val220220_phi_reg_18730                   |   14|          3|    9|         27|
    |data_21_val2222_phi_reg_16156                      |   14|          3|    9|         27|
    |data_220_val221221_phi_reg_18743                   |   14|          3|    9|         27|
    |data_221_val222222_phi_reg_18756                   |   14|          3|    9|         27|
    |data_222_val223223_phi_reg_18769                   |   14|          3|    9|         27|
    |data_223_val224224_phi_reg_18782                   |   14|          3|    9|         27|
    |data_224_val225225_phi_reg_18795                   |   14|          3|    9|         27|
    |data_225_val226226_phi_reg_18808                   |   14|          3|    9|         27|
    |data_226_val227227_phi_reg_18821                   |   14|          3|    9|         27|
    |data_227_val228228_phi_reg_18834                   |   14|          3|    9|         27|
    |data_228_val229229_phi_reg_18847                   |   14|          3|    9|         27|
    |data_229_val230230_phi_reg_18860                   |   14|          3|    9|         27|
    |data_22_val2323_phi_reg_16169                      |   14|          3|    9|         27|
    |data_230_val231231_phi_reg_18873                   |   14|          3|    9|         27|
    |data_231_val232232_phi_reg_18886                   |   14|          3|    9|         27|
    |data_232_val233233_phi_reg_18899                   |   14|          3|    9|         27|
    |data_233_val234234_phi_reg_18912                   |   14|          3|    9|         27|
    |data_234_val235235_phi_reg_18925                   |   14|          3|    9|         27|
    |data_235_val236236_phi_reg_18938                   |   14|          3|    9|         27|
    |data_236_val237237_phi_reg_18951                   |   14|          3|    9|         27|
    |data_237_val238238_phi_reg_18964                   |   14|          3|    9|         27|
    |data_238_val239239_phi_reg_18977                   |   14|          3|    9|         27|
    |data_239_val240240_phi_reg_18990                   |   14|          3|    9|         27|
    |data_23_val2424_phi_reg_16182                      |   14|          3|    9|         27|
    |data_240_val241241_phi_reg_19003                   |   14|          3|    9|         27|
    |data_241_val242242_phi_reg_19016                   |   14|          3|    9|         27|
    |data_242_val243243_phi_reg_19029                   |   14|          3|    9|         27|
    |data_243_val244244_phi_reg_19042                   |   14|          3|    9|         27|
    |data_244_val245245_phi_reg_19055                   |   14|          3|    9|         27|
    |data_245_val246246_phi_reg_19068                   |   14|          3|    9|         27|
    |data_246_val247247_phi_reg_19081                   |   14|          3|    9|         27|
    |data_247_val248248_phi_reg_19094                   |   14|          3|    9|         27|
    |data_248_val249249_phi_reg_19107                   |   14|          3|    9|         27|
    |data_249_val250250_phi_reg_19120                   |   14|          3|    9|         27|
    |data_24_val2525_phi_reg_16195                      |   14|          3|    9|         27|
    |data_250_val251251_phi_reg_19133                   |   14|          3|    9|         27|
    |data_251_val252252_phi_reg_19146                   |   14|          3|    9|         27|
    |data_252_val253253_phi_reg_19159                   |   14|          3|    9|         27|
    |data_253_val254254_phi_reg_19172                   |   14|          3|    9|         27|
    |data_254_val255255_phi_reg_19185                   |   14|          3|    9|         27|
    |data_255_val256256_phi_reg_19198                   |   14|          3|    9|         27|
    |data_256_val257257_phi_reg_19211                   |   14|          3|    9|         27|
    |data_257_val258258_phi_reg_19224                   |   14|          3|    9|         27|
    |data_258_val259259_phi_reg_19237                   |   14|          3|    9|         27|
    |data_259_val260260_phi_reg_19250                   |   14|          3|    9|         27|
    |data_25_val2626_phi_reg_16208                      |   14|          3|    9|         27|
    |data_260_val261261_phi_reg_19263                   |   14|          3|    9|         27|
    |data_261_val262262_phi_reg_19276                   |   14|          3|    9|         27|
    |data_262_val263263_phi_reg_19289                   |   14|          3|    9|         27|
    |data_263_val264264_phi_reg_19302                   |   14|          3|    9|         27|
    |data_264_val265265_phi_reg_19315                   |   14|          3|    9|         27|
    |data_265_val266266_phi_reg_19328                   |   14|          3|    9|         27|
    |data_266_val267267_phi_reg_19341                   |   14|          3|    9|         27|
    |data_267_val268268_phi_reg_19354                   |   14|          3|    9|         27|
    |data_268_val269269_phi_reg_19367                   |   14|          3|    9|         27|
    |data_269_val270270_phi_reg_19380                   |   14|          3|    9|         27|
    |data_26_val2727_phi_reg_16221                      |   14|          3|    9|         27|
    |data_270_val271271_phi_reg_19393                   |   14|          3|    9|         27|
    |data_271_val272272_phi_reg_19406                   |   14|          3|    9|         27|
    |data_272_val273273_phi_reg_19419                   |   14|          3|    9|         27|
    |data_273_val274274_phi_reg_19432                   |   14|          3|    9|         27|
    |data_274_val275275_phi_reg_19445                   |   14|          3|    9|         27|
    |data_275_val276276_phi_reg_19458                   |   14|          3|    9|         27|
    |data_276_val277277_phi_reg_19471                   |   14|          3|    9|         27|
    |data_277_val278278_phi_reg_19484                   |   14|          3|    9|         27|
    |data_278_val279279_phi_reg_19497                   |   14|          3|    9|         27|
    |data_279_val280280_phi_reg_19510                   |   14|          3|    9|         27|
    |data_27_val2828_phi_reg_16234                      |   14|          3|    9|         27|
    |data_280_val281281_phi_reg_19523                   |   14|          3|    9|         27|
    |data_281_val282282_phi_reg_19536                   |   14|          3|    9|         27|
    |data_282_val283283_phi_reg_19549                   |   14|          3|    9|         27|
    |data_283_val284284_phi_reg_19562                   |   14|          3|    9|         27|
    |data_284_val285285_phi_reg_19575                   |   14|          3|    9|         27|
    |data_285_val286286_phi_reg_19588                   |   14|          3|    9|         27|
    |data_286_val287287_phi_reg_19601                   |   14|          3|    9|         27|
    |data_287_val288288_phi_reg_19614                   |   14|          3|    9|         27|
    |data_288_val289289_phi_reg_19627                   |   14|          3|    9|         27|
    |data_289_val290290_phi_reg_19640                   |   14|          3|    9|         27|
    |data_28_val2929_phi_reg_16247                      |   14|          3|    9|         27|
    |data_290_val291291_phi_reg_19653                   |   14|          3|    9|         27|
    |data_291_val292292_phi_reg_19666                   |   14|          3|    9|         27|
    |data_292_val293293_phi_reg_19679                   |   14|          3|    9|         27|
    |data_293_val294294_phi_reg_19692                   |   14|          3|    9|         27|
    |data_294_val295295_phi_reg_19705                   |   14|          3|    9|         27|
    |data_295_val296296_phi_reg_19718                   |   14|          3|    9|         27|
    |data_296_val297297_phi_reg_19731                   |   14|          3|    9|         27|
    |data_297_val298298_phi_reg_19744                   |   14|          3|    9|         27|
    |data_298_val299299_phi_reg_19757                   |   14|          3|    9|         27|
    |data_299_val300300_phi_reg_19770                   |   14|          3|    9|         27|
    |data_29_val3030_phi_reg_16260                      |   14|          3|    9|         27|
    |data_2_val33_phi_reg_15909                         |   14|          3|    9|         27|
    |data_300_val301301_phi_reg_19783                   |   14|          3|    9|         27|
    |data_301_val302302_phi_reg_19796                   |   14|          3|    9|         27|
    |data_302_val303303_phi_reg_19809                   |   14|          3|    9|         27|
    |data_303_val304304_phi_reg_19822                   |   14|          3|    9|         27|
    |data_304_val305305_phi_reg_19835                   |   14|          3|    9|         27|
    |data_305_val306306_phi_reg_19848                   |   14|          3|    9|         27|
    |data_306_val307307_phi_reg_19861                   |   14|          3|    9|         27|
    |data_307_val308308_phi_reg_19874                   |   14|          3|    9|         27|
    |data_308_val309309_phi_reg_19887                   |   14|          3|    9|         27|
    |data_309_val310310_phi_reg_19900                   |   14|          3|    9|         27|
    |data_30_val3131_phi_reg_16273                      |   14|          3|    9|         27|
    |data_310_val311311_phi_reg_19913                   |   14|          3|    9|         27|
    |data_311_val312312_phi_reg_19926                   |   14|          3|    9|         27|
    |data_312_val313313_phi_reg_19939                   |   14|          3|    9|         27|
    |data_313_val314314_phi_reg_19952                   |   14|          3|    9|         27|
    |data_314_val315315_phi_reg_19965                   |   14|          3|    9|         27|
    |data_315_val316316_phi_reg_19978                   |   14|          3|    9|         27|
    |data_316_val317317_phi_reg_19991                   |   14|          3|    9|         27|
    |data_317_val318318_phi_reg_20004                   |   14|          3|    9|         27|
    |data_318_val319319_phi_reg_20017                   |   14|          3|    9|         27|
    |data_319_val320320_phi_reg_20030                   |   14|          3|    9|         27|
    |data_31_val3232_phi_reg_16286                      |   14|          3|    9|         27|
    |data_320_val321321_phi_reg_20043                   |   14|          3|    9|         27|
    |data_321_val322322_phi_reg_20056                   |   14|          3|    9|         27|
    |data_322_val323323_phi_reg_20069                   |   14|          3|    9|         27|
    |data_323_val324324_phi_reg_20082                   |   14|          3|    9|         27|
    |data_324_val325325_phi_reg_20095                   |   14|          3|    9|         27|
    |data_325_val326326_phi_reg_20108                   |   14|          3|    9|         27|
    |data_326_val327327_phi_reg_20121                   |   14|          3|    9|         27|
    |data_327_val328328_phi_reg_20134                   |   14|          3|    9|         27|
    |data_328_val329329_phi_reg_20147                   |   14|          3|    9|         27|
    |data_329_val330330_phi_reg_20160                   |   14|          3|    9|         27|
    |data_32_val3333_phi_reg_16299                      |   14|          3|    9|         27|
    |data_330_val331331_phi_reg_20173                   |   14|          3|    9|         27|
    |data_331_val332332_phi_reg_20186                   |   14|          3|    9|         27|
    |data_332_val333333_phi_reg_20199                   |   14|          3|    9|         27|
    |data_333_val334334_phi_reg_20212                   |   14|          3|    9|         27|
    |data_334_val335335_phi_reg_20225                   |   14|          3|    9|         27|
    |data_335_val336336_phi_reg_20238                   |   14|          3|    9|         27|
    |data_336_val337337_phi_reg_20251                   |   14|          3|    9|         27|
    |data_337_val338338_phi_reg_20264                   |   14|          3|    9|         27|
    |data_338_val339339_phi_reg_20277                   |   14|          3|    9|         27|
    |data_339_val340340_phi_reg_20290                   |   14|          3|    9|         27|
    |data_33_val3434_phi_reg_16312                      |   14|          3|    9|         27|
    |data_340_val341341_phi_reg_20303                   |   14|          3|    9|         27|
    |data_341_val342342_phi_reg_20316                   |   14|          3|    9|         27|
    |data_342_val343343_phi_reg_20329                   |   14|          3|    9|         27|
    |data_343_val344344_phi_reg_20342                   |   14|          3|    9|         27|
    |data_344_val345345_phi_reg_20355                   |   14|          3|    9|         27|
    |data_345_val346346_phi_reg_20368                   |   14|          3|    9|         27|
    |data_346_val347347_phi_reg_20381                   |   14|          3|    9|         27|
    |data_347_val348348_phi_reg_20394                   |   14|          3|    9|         27|
    |data_348_val349349_phi_reg_20407                   |   14|          3|    9|         27|
    |data_349_val350350_phi_reg_20420                   |   14|          3|    9|         27|
    |data_34_val3535_phi_reg_16325                      |   14|          3|    9|         27|
    |data_350_val351351_phi_reg_20433                   |   14|          3|    9|         27|
    |data_351_val352352_phi_reg_20446                   |   14|          3|    9|         27|
    |data_352_val353353_phi_reg_20459                   |   14|          3|    9|         27|
    |data_353_val354354_phi_reg_20472                   |   14|          3|    9|         27|
    |data_354_val355355_phi_reg_20485                   |   14|          3|    9|         27|
    |data_355_val356356_phi_reg_20498                   |   14|          3|    9|         27|
    |data_356_val357357_phi_reg_20511                   |   14|          3|    9|         27|
    |data_357_val358358_phi_reg_20524                   |   14|          3|    9|         27|
    |data_358_val359359_phi_reg_20537                   |   14|          3|    9|         27|
    |data_359_val360360_phi_reg_20550                   |   14|          3|    9|         27|
    |data_35_val3636_phi_reg_16338                      |   14|          3|    9|         27|
    |data_360_val361361_phi_reg_20563                   |   14|          3|    9|         27|
    |data_361_val362362_phi_reg_20576                   |   14|          3|    9|         27|
    |data_362_val363363_phi_reg_20589                   |   14|          3|    9|         27|
    |data_363_val364364_phi_reg_20602                   |   14|          3|    9|         27|
    |data_364_val365365_phi_reg_20615                   |   14|          3|    9|         27|
    |data_365_val366366_phi_reg_20628                   |   14|          3|    9|         27|
    |data_366_val367367_phi_reg_20641                   |   14|          3|    9|         27|
    |data_367_val368368_phi_reg_20654                   |   14|          3|    9|         27|
    |data_368_val369369_phi_reg_20667                   |   14|          3|    9|         27|
    |data_369_val370370_phi_reg_20680                   |   14|          3|    9|         27|
    |data_36_val3737_phi_reg_16351                      |   14|          3|    9|         27|
    |data_370_val371371_phi_reg_20693                   |   14|          3|    9|         27|
    |data_371_val372372_phi_reg_20706                   |   14|          3|    9|         27|
    |data_372_val373373_phi_reg_20719                   |   14|          3|    9|         27|
    |data_373_val374374_phi_reg_20732                   |   14|          3|    9|         27|
    |data_374_val375375_phi_reg_20745                   |   14|          3|    9|         27|
    |data_375_val376376_phi_reg_20758                   |   14|          3|    9|         27|
    |data_376_val377377_phi_reg_20771                   |   14|          3|    9|         27|
    |data_377_val378378_phi_reg_20784                   |   14|          3|    9|         27|
    |data_378_val379379_phi_reg_20797                   |   14|          3|    9|         27|
    |data_379_val380380_phi_reg_20810                   |   14|          3|    9|         27|
    |data_37_val3838_phi_reg_16364                      |   14|          3|    9|         27|
    |data_380_val381381_phi_reg_20823                   |   14|          3|    9|         27|
    |data_381_val382382_phi_reg_20836                   |   14|          3|    9|         27|
    |data_382_val383383_phi_reg_20849                   |   14|          3|    9|         27|
    |data_383_val384384_phi_reg_20862                   |   14|          3|    9|         27|
    |data_384_val385385_phi_reg_20875                   |   14|          3|    9|         27|
    |data_385_val386386_phi_reg_20888                   |   14|          3|    9|         27|
    |data_386_val387387_phi_reg_20901                   |   14|          3|    9|         27|
    |data_387_val388388_phi_reg_20914                   |   14|          3|    9|         27|
    |data_388_val389389_phi_reg_20927                   |   14|          3|    9|         27|
    |data_389_val390390_phi_reg_20940                   |   14|          3|    9|         27|
    |data_38_val3939_phi_reg_16377                      |   14|          3|    9|         27|
    |data_390_val391391_phi_reg_20953                   |   14|          3|    9|         27|
    |data_391_val392392_phi_reg_20966                   |   14|          3|    9|         27|
    |data_392_val393393_phi_reg_20979                   |   14|          3|    9|         27|
    |data_393_val394394_phi_reg_20992                   |   14|          3|    9|         27|
    |data_394_val395395_phi_reg_21005                   |   14|          3|    9|         27|
    |data_395_val396396_phi_reg_21018                   |   14|          3|    9|         27|
    |data_396_val397397_phi_reg_21031                   |   14|          3|    9|         27|
    |data_397_val398398_phi_reg_21044                   |   14|          3|    9|         27|
    |data_398_val399399_phi_reg_21057                   |   14|          3|    9|         27|
    |data_399_val400400_phi_reg_21070                   |   14|          3|    9|         27|
    |data_39_val4040_phi_reg_16390                      |   14|          3|    9|         27|
    |data_3_val44_phi_reg_15922                         |   14|          3|    9|         27|
    |data_400_val401401_phi_reg_21083                   |   14|          3|    9|         27|
    |data_401_val402402_phi_reg_21096                   |   14|          3|    9|         27|
    |data_402_val403403_phi_reg_21109                   |   14|          3|    9|         27|
    |data_403_val404404_phi_reg_21122                   |   14|          3|    9|         27|
    |data_404_val405405_phi_reg_21135                   |   14|          3|    9|         27|
    |data_405_val406406_phi_reg_21148                   |   14|          3|    9|         27|
    |data_406_val407407_phi_reg_21161                   |   14|          3|    9|         27|
    |data_407_val408408_phi_reg_21174                   |   14|          3|    9|         27|
    |data_408_val409409_phi_reg_21187                   |   14|          3|    9|         27|
    |data_409_val410410_phi_reg_21200                   |   14|          3|    9|         27|
    |data_40_val4141_phi_reg_16403                      |   14|          3|    9|         27|
    |data_410_val411411_phi_reg_21213                   |   14|          3|    9|         27|
    |data_411_val412412_phi_reg_21226                   |   14|          3|    9|         27|
    |data_412_val413413_phi_reg_21239                   |   14|          3|    9|         27|
    |data_413_val414414_phi_reg_21252                   |   14|          3|    9|         27|
    |data_414_val415415_phi_reg_21265                   |   14|          3|    9|         27|
    |data_415_val416416_phi_reg_21278                   |   14|          3|    9|         27|
    |data_416_val417417_phi_reg_21291                   |   14|          3|    9|         27|
    |data_417_val418418_phi_reg_21304                   |   14|          3|    9|         27|
    |data_418_val419419_phi_reg_21317                   |   14|          3|    9|         27|
    |data_419_val420420_phi_reg_21330                   |   14|          3|    9|         27|
    |data_41_val4242_phi_reg_16416                      |   14|          3|    9|         27|
    |data_420_val421421_phi_reg_21343                   |   14|          3|    9|         27|
    |data_421_val422422_phi_reg_21356                   |   14|          3|    9|         27|
    |data_422_val423423_phi_reg_21369                   |   14|          3|    9|         27|
    |data_423_val424424_phi_reg_21382                   |   14|          3|    9|         27|
    |data_424_val425425_phi_reg_21395                   |   14|          3|    9|         27|
    |data_425_val426426_phi_reg_21408                   |   14|          3|    9|         27|
    |data_426_val427427_phi_reg_21421                   |   14|          3|    9|         27|
    |data_427_val428428_phi_reg_21434                   |   14|          3|    9|         27|
    |data_428_val429429_phi_reg_21447                   |   14|          3|    9|         27|
    |data_429_val430430_phi_reg_21460                   |   14|          3|    9|         27|
    |data_42_val4343_phi_reg_16429                      |   14|          3|    9|         27|
    |data_430_val431431_phi_reg_21473                   |   14|          3|    9|         27|
    |data_431_val432432_phi_reg_21486                   |   14|          3|    9|         27|
    |data_432_val433433_phi_reg_21499                   |   14|          3|    9|         27|
    |data_433_val434434_phi_reg_21512                   |   14|          3|    9|         27|
    |data_434_val435435_phi_reg_21525                   |   14|          3|    9|         27|
    |data_435_val436436_phi_reg_21538                   |   14|          3|    9|         27|
    |data_436_val437437_phi_reg_21551                   |   14|          3|    9|         27|
    |data_437_val438438_phi_reg_21564                   |   14|          3|    9|         27|
    |data_438_val439439_phi_reg_21577                   |   14|          3|    9|         27|
    |data_439_val440440_phi_reg_21590                   |   14|          3|    9|         27|
    |data_43_val4444_phi_reg_16442                      |   14|          3|    9|         27|
    |data_440_val441441_phi_reg_21603                   |   14|          3|    9|         27|
    |data_441_val442442_phi_reg_21616                   |   14|          3|    9|         27|
    |data_442_val443443_phi_reg_21629                   |   14|          3|    9|         27|
    |data_443_val444444_phi_reg_21642                   |   14|          3|    9|         27|
    |data_444_val445445_phi_reg_21655                   |   14|          3|    9|         27|
    |data_445_val446446_phi_reg_21668                   |   14|          3|    9|         27|
    |data_446_val447447_phi_reg_21681                   |   14|          3|    9|         27|
    |data_447_val448448_phi_reg_21694                   |   14|          3|    9|         27|
    |data_448_val449449_phi_reg_21707                   |   14|          3|    9|         27|
    |data_449_val450450_phi_reg_21720                   |   14|          3|    9|         27|
    |data_44_val4545_phi_reg_16455                      |   14|          3|    9|         27|
    |data_450_val451451_phi_reg_21733                   |   14|          3|    9|         27|
    |data_451_val452452_phi_reg_21746                   |   14|          3|    9|         27|
    |data_452_val453453_phi_reg_21759                   |   14|          3|    9|         27|
    |data_453_val454454_phi_reg_21772                   |   14|          3|    9|         27|
    |data_454_val455455_phi_reg_21785                   |   14|          3|    9|         27|
    |data_455_val456456_phi_reg_21798                   |   14|          3|    9|         27|
    |data_456_val457457_phi_reg_21811                   |   14|          3|    9|         27|
    |data_457_val458458_phi_reg_21824                   |   14|          3|    9|         27|
    |data_458_val459459_phi_reg_21837                   |   14|          3|    9|         27|
    |data_459_val460460_phi_reg_21850                   |   14|          3|    9|         27|
    |data_45_val4646_phi_reg_16468                      |   14|          3|    9|         27|
    |data_460_val461461_phi_reg_21863                   |   14|          3|    9|         27|
    |data_461_val462462_phi_reg_21876                   |   14|          3|    9|         27|
    |data_462_val463463_phi_reg_21889                   |   14|          3|    9|         27|
    |data_463_val464464_phi_reg_21902                   |   14|          3|    9|         27|
    |data_464_val465465_phi_reg_21915                   |   14|          3|    9|         27|
    |data_465_val466466_phi_reg_21928                   |   14|          3|    9|         27|
    |data_466_val467467_phi_reg_21941                   |   14|          3|    9|         27|
    |data_467_val468468_phi_reg_21954                   |   14|          3|    9|         27|
    |data_468_val469469_phi_reg_21967                   |   14|          3|    9|         27|
    |data_469_val470470_phi_reg_21980                   |   14|          3|    9|         27|
    |data_46_val4747_phi_reg_16481                      |   14|          3|    9|         27|
    |data_470_val471471_phi_reg_21993                   |   14|          3|    9|         27|
    |data_471_val472472_phi_reg_22006                   |   14|          3|    9|         27|
    |data_472_val473473_phi_reg_22019                   |   14|          3|    9|         27|
    |data_473_val474474_phi_reg_22032                   |   14|          3|    9|         27|
    |data_474_val475475_phi_reg_22045                   |   14|          3|    9|         27|
    |data_475_val476476_phi_reg_22058                   |   14|          3|    9|         27|
    |data_476_val477477_phi_reg_22071                   |   14|          3|    9|         27|
    |data_477_val478478_phi_reg_22084                   |   14|          3|    9|         27|
    |data_478_val479479_phi_reg_22097                   |   14|          3|    9|         27|
    |data_479_val480480_phi_reg_22110                   |   14|          3|    9|         27|
    |data_47_val4848_phi_reg_16494                      |   14|          3|    9|         27|
    |data_480_val481481_phi_reg_22123                   |   14|          3|    9|         27|
    |data_481_val482482_phi_reg_22136                   |   14|          3|    9|         27|
    |data_482_val483483_phi_reg_22149                   |   14|          3|    9|         27|
    |data_483_val484484_phi_reg_22162                   |   14|          3|    9|         27|
    |data_484_val485485_phi_reg_22175                   |   14|          3|    9|         27|
    |data_485_val486486_phi_reg_22188                   |   14|          3|    9|         27|
    |data_486_val487487_phi_reg_22201                   |   14|          3|    9|         27|
    |data_487_val488488_phi_reg_22214                   |   14|          3|    9|         27|
    |data_488_val489489_phi_reg_22227                   |   14|          3|    9|         27|
    |data_489_val490490_phi_reg_22240                   |   14|          3|    9|         27|
    |data_48_val4949_phi_reg_16507                      |   14|          3|    9|         27|
    |data_490_val491491_phi_reg_22253                   |   14|          3|    9|         27|
    |data_491_val492492_phi_reg_22266                   |   14|          3|    9|         27|
    |data_492_val493493_phi_reg_22279                   |   14|          3|    9|         27|
    |data_493_val494494_phi_reg_22292                   |   14|          3|    9|         27|
    |data_494_val495495_phi_reg_22305                   |   14|          3|    9|         27|
    |data_495_val496496_phi_reg_22318                   |   14|          3|    9|         27|
    |data_496_val497497_phi_reg_22331                   |   14|          3|    9|         27|
    |data_497_val498498_phi_reg_22344                   |   14|          3|    9|         27|
    |data_498_val499499_phi_reg_22357                   |   14|          3|    9|         27|
    |data_499_val500500_phi_reg_22370                   |   14|          3|    9|         27|
    |data_49_val5050_phi_reg_16520                      |   14|          3|    9|         27|
    |data_4_val55_phi_reg_15935                         |   14|          3|    9|         27|
    |data_500_val501501_phi_reg_22383                   |   14|          3|    9|         27|
    |data_501_val502502_phi_reg_22396                   |   14|          3|    9|         27|
    |data_502_val503503_phi_reg_22409                   |   14|          3|    9|         27|
    |data_503_val504504_phi_reg_22422                   |   14|          3|    9|         27|
    |data_504_val505505_phi_reg_22435                   |   14|          3|    9|         27|
    |data_505_val506506_phi_reg_22448                   |   14|          3|    9|         27|
    |data_506_val507507_phi_reg_22461                   |   14|          3|    9|         27|
    |data_507_val508508_phi_reg_22474                   |   14|          3|    9|         27|
    |data_508_val509509_phi_reg_22487                   |   14|          3|    9|         27|
    |data_509_val510510_phi_reg_22500                   |   14|          3|    9|         27|
    |data_50_val5151_phi_reg_16533                      |   14|          3|    9|         27|
    |data_510_val511511_phi_reg_22513                   |   14|          3|    9|         27|
    |data_511_val512512_phi_reg_22526                   |   14|          3|    9|         27|
    |data_51_val5252_phi_reg_16546                      |   14|          3|    9|         27|
    |data_52_val5353_phi_reg_16559                      |   14|          3|    9|         27|
    |data_53_val5454_phi_reg_16572                      |   14|          3|    9|         27|
    |data_54_val5555_phi_reg_16585                      |   14|          3|    9|         27|
    |data_55_val5656_phi_reg_16598                      |   14|          3|    9|         27|
    |data_56_val5757_phi_reg_16611                      |   14|          3|    9|         27|
    |data_57_val5858_phi_reg_16624                      |   14|          3|    9|         27|
    |data_58_val5959_phi_reg_16637                      |   14|          3|    9|         27|
    |data_59_val6060_phi_reg_16650                      |   14|          3|    9|         27|
    |data_5_val66_phi_reg_15948                         |   14|          3|    9|         27|
    |data_60_val6161_phi_reg_16663                      |   14|          3|    9|         27|
    |data_61_val6262_phi_reg_16676                      |   14|          3|    9|         27|
    |data_62_val6363_phi_reg_16689                      |   14|          3|    9|         27|
    |data_63_val6464_phi_reg_16702                      |   14|          3|    9|         27|
    |data_64_val6565_phi_reg_16715                      |   14|          3|    9|         27|
    |data_65_val6666_phi_reg_16728                      |   14|          3|    9|         27|
    |data_66_val6767_phi_reg_16741                      |   14|          3|    9|         27|
    |data_67_val6868_phi_reg_16754                      |   14|          3|    9|         27|
    |data_68_val6969_phi_reg_16767                      |   14|          3|    9|         27|
    |data_69_val7070_phi_reg_16780                      |   14|          3|    9|         27|
    |data_6_val77_phi_reg_15961                         |   14|          3|    9|         27|
    |data_70_val7171_phi_reg_16793                      |   14|          3|    9|         27|
    |data_71_val7272_phi_reg_16806                      |   14|          3|    9|         27|
    |data_72_val7373_phi_reg_16819                      |   14|          3|    9|         27|
    |data_73_val7474_phi_reg_16832                      |   14|          3|    9|         27|
    |data_74_val7575_phi_reg_16845                      |   14|          3|    9|         27|
    |data_75_val7676_phi_reg_16858                      |   14|          3|    9|         27|
    |data_76_val7777_phi_reg_16871                      |   14|          3|    9|         27|
    |data_77_val7878_phi_reg_16884                      |   14|          3|    9|         27|
    |data_78_val7979_phi_reg_16897                      |   14|          3|    9|         27|
    |data_79_val8080_phi_reg_16910                      |   14|          3|    9|         27|
    |data_7_val88_phi_reg_15974                         |   14|          3|    9|         27|
    |data_80_val8181_phi_reg_16923                      |   14|          3|    9|         27|
    |data_81_val8282_phi_reg_16936                      |   14|          3|    9|         27|
    |data_82_val8383_phi_reg_16949                      |   14|          3|    9|         27|
    |data_83_val8484_phi_reg_16962                      |   14|          3|    9|         27|
    |data_84_val8585_phi_reg_16975                      |   14|          3|    9|         27|
    |data_85_val8686_phi_reg_16988                      |   14|          3|    9|         27|
    |data_86_val8787_phi_reg_17001                      |   14|          3|    9|         27|
    |data_87_val8888_phi_reg_17014                      |   14|          3|    9|         27|
    |data_88_val8989_phi_reg_17027                      |   14|          3|    9|         27|
    |data_89_val9090_phi_reg_17040                      |   14|          3|    9|         27|
    |data_8_val99_phi_reg_15987                         |   14|          3|    9|         27|
    |data_90_val9191_phi_reg_17053                      |   14|          3|    9|         27|
    |data_91_val9292_phi_reg_17066                      |   14|          3|    9|         27|
    |data_92_val9393_phi_reg_17079                      |   14|          3|    9|         27|
    |data_93_val9494_phi_reg_17092                      |   14|          3|    9|         27|
    |data_94_val9595_phi_reg_17105                      |   14|          3|    9|         27|
    |data_95_val9696_phi_reg_17118                      |   14|          3|    9|         27|
    |data_96_val9797_phi_reg_17131                      |   14|          3|    9|         27|
    |data_97_val9898_phi_reg_17144                      |   14|          3|    9|         27|
    |data_98_val9999_phi_reg_17157                      |   14|          3|    9|         27|
    |data_99_val100100_phi_reg_17170                    |   14|          3|    9|         27|
    |data_9_val1010_phi_reg_16000                       |   14|          3|    9|         27|
    |phi_ln34_reg_15869                                 |    9|          2|    4|          8|
    +---------------------------------------------------+-----+-----------+-----+-----------+
    |Total                                              |16983|       3628| 9515|      32571|
    +---------------------------------------------------+-----+-----------+-----+-----------+

    * Register: 
    +--------------------------------------------+-----+----+-----+-----------+
    |                    Name                    |  FF | LUT| Bits| Const Bits|
    +--------------------------------------------+-----+----+-----+-----------+
    |add_ln73_100_reg_534724                     |   13|   0|   13|          0|
    |add_ln73_104_reg_534124                     |   13|   0|   13|          0|
    |add_ln73_104_reg_534124_pp0_iter3_reg       |   13|   0|   13|          0|
    |add_ln73_106_reg_533769                     |   12|   0|   12|          0|
    |add_ln73_106_reg_533769_pp0_iter2_reg       |   12|   0|   12|          0|
    |add_ln73_110_reg_534129                     |   12|   0|   12|          0|
    |add_ln73_111_reg_534729                     |   14|   0|   14|          0|
    |add_ln73_113_reg_534134                     |   13|   0|   13|          0|
    |add_ln73_115_reg_534139                     |   13|   0|   13|          0|
    |add_ln73_118_reg_534144                     |   11|   0|   11|          0|
    |add_ln73_126_reg_534149                     |   14|   0|   14|          0|
    |add_ln73_127_reg_534734                     |   15|   0|   15|          0|
    |add_ln73_129_reg_534154                     |   13|   0|   13|          0|
    |add_ln73_130_reg_533774                     |   12|   0|   12|          0|
    |add_ln73_131_reg_534159                     |   14|   0|   14|          0|
    |add_ln73_133_reg_533779                     |   11|   0|   11|          0|
    |add_ln73_134_reg_533784                     |   11|   0|   11|          0|
    |add_ln73_136_reg_534164                     |   13|   0|   13|          0|
    |add_ln73_137_reg_534739                     |   15|   0|   15|          0|
    |add_ln73_138_reg_534169                     |   12|   0|   12|          0|
    |add_ln73_140_reg_534174                     |   13|   0|   13|          0|
    |add_ln73_143_reg_534744                     |   14|   0|   14|          0|
    |add_ln73_147_reg_534179                     |   14|   0|   14|          0|
    |add_ln73_147_reg_534179_pp0_iter3_reg       |   14|   0|   14|          0|
    |add_ln73_152_reg_534184                     |   13|   0|   13|          0|
    |add_ln73_154_reg_533789                     |    9|   0|    9|          0|
    |add_ln73_155_reg_534189                     |   11|   0|   11|          0|
    |add_ln73_156_reg_534749                     |   14|   0|   14|          0|
    |add_ln73_158_reg_534194                     |   11|   0|   11|          0|
    |add_ln73_160_reg_534199                     |   12|   0|   12|          0|
    |add_ln73_162_reg_534204                     |   10|   0|   10|          0|
    |add_ln73_163_reg_534754                     |   13|   0|   13|          0|
    |add_ln73_168_reg_534224                     |   10|   0|   10|          0|
    |add_ln73_169_reg_534209                     |   13|   0|   13|          0|
    |add_ln73_169_reg_534209_pp0_iter3_reg       |   13|   0|   13|          0|
    |add_ln73_16_reg_533999                      |   10|   0|   10|          0|
    |add_ln73_171_reg_533794                     |   12|   0|   12|          0|
    |add_ln73_171_reg_533794_pp0_iter2_reg       |   12|   0|   12|          0|
    |add_ln73_173_reg_534214                     |   11|   0|   11|          0|
    |add_ln73_176_reg_533799                     |    9|   0|    9|          0|
    |add_ln73_178_reg_534219                     |   12|   0|   12|          0|
    |add_ln73_179_reg_534759                     |   14|   0|   14|          0|
    |add_ln73_17_reg_534004                      |   12|   0|   12|          0|
    |add_ln73_185_reg_534229                     |   12|   0|   12|          0|
    |add_ln73_186_reg_534249                     |   13|   0|   13|          0|
    |add_ln73_187_reg_534234                     |   10|   0|   10|          0|
    |add_ln73_190_reg_534764                     |   13|   0|   13|          0|
    |add_ln73_192_reg_534239                     |   13|   0|   13|          0|
    |add_ln73_192_reg_534239_pp0_iter3_reg       |   13|   0|   13|          0|
    |add_ln73_196_reg_534244                     |   11|   0|   11|          0|
    |add_ln73_197_reg_534769                     |   12|   0|   12|          0|
    |add_ln73_201_reg_534254                     |   13|   0|   13|          0|
    |add_ln73_207_reg_534274                     |   14|   0|   14|          0|
    |add_ln73_209_reg_533804                     |   10|   0|   10|          0|
    |add_ln73_20_reg_534029                      |   12|   0|   12|          0|
    |add_ln73_210_reg_534259                     |   11|   0|   11|          0|
    |add_ln73_211_reg_534774                     |   15|   0|   15|          0|
    |add_ln73_213_reg_534264                     |   13|   0|   13|          0|
    |add_ln73_216_reg_534269                     |   13|   0|   13|          0|
    |add_ln73_217_reg_534779                     |   14|   0|   14|          0|
    |add_ln73_21_reg_534009                      |   11|   0|   11|          0|
    |add_ln73_221_reg_534279                     |   12|   0|   12|          0|
    |add_ln73_224_reg_533809                     |   12|   0|   12|          0|
    |add_ln73_225_reg_534284                     |   14|   0|   14|          0|
    |add_ln73_229_reg_533814                     |   11|   0|   11|          0|
    |add_ln73_22_reg_534014                      |   12|   0|   12|          0|
    |add_ln73_22_reg_534014_pp0_iter3_reg        |   12|   0|   12|          0|
    |add_ln73_231_reg_534289                     |   12|   0|   12|          0|
    |add_ln73_234_reg_534294                     |   12|   0|   12|          0|
    |add_ln73_236_reg_534299                     |   12|   0|   12|          0|
    |add_ln73_23_reg_534019                      |   13|   0|   13|          0|
    |add_ln73_23_reg_534019_pp0_iter3_reg        |   13|   0|   13|          0|
    |add_ln73_240_reg_533819                     |   10|   0|   10|          0|
    |add_ln73_242_reg_534304                     |   11|   0|   11|          0|
    |add_ln73_243_reg_534329                     |   13|   0|   13|          0|
    |add_ln73_244_reg_534784                     |   13|   0|   13|          0|
    |add_ln73_245_reg_534309                     |   11|   0|   11|          0|
    |add_ln73_245_reg_534309_pp0_iter3_reg       |   11|   0|   11|          0|
    |add_ln73_249_reg_534314                     |   12|   0|   12|          0|
    |add_ln73_249_reg_534314_pp0_iter3_reg       |   12|   0|   12|          0|
    |add_ln73_250_reg_534909                     |   14|   0|   14|          0|
    |add_ln73_251_reg_534319                     |   12|   0|   12|          0|
    |add_ln73_253_reg_534324                     |   12|   0|   12|          0|
    |add_ln73_254_reg_534789                     |   13|   0|   13|          0|
    |add_ln73_254_reg_534789_pp0_iter4_reg       |   13|   0|   13|          0|
    |add_ln73_255_reg_533824                     |   12|   0|   12|          0|
    |add_ln73_259_reg_534334                     |   13|   0|   13|          0|
    |add_ln73_260_reg_534794                     |   15|   0|   15|          0|
    |add_ln73_266_reg_534339                     |   11|   0|   11|          0|
    |add_ln73_266_reg_534339_pp0_iter3_reg       |   11|   0|   11|          0|
    |add_ln73_269_reg_534344                     |   12|   0|   12|          0|
    |add_ln73_270_reg_534349                     |   13|   0|   13|          0|
    |add_ln73_273_reg_533829                     |   11|   0|   11|          0|
    |add_ln73_274_reg_534354                     |   12|   0|   12|          0|
    |add_ln73_275_reg_534799                     |   14|   0|   14|          0|
    |add_ln73_276_reg_533834                     |   10|   0|   10|          0|
    |add_ln73_277_reg_534359                     |   12|   0|   12|          0|
    |add_ln73_278_reg_533839                     |   10|   0|   10|          0|
    |add_ln73_278_reg_533839_pp0_iter2_reg       |   10|   0|   10|          0|
    |add_ln73_27_reg_533729                      |    9|   0|    9|          0|
    |add_ln73_281_reg_534364                     |    9|   0|    9|          0|
    |add_ln73_282_reg_534804                     |   14|   0|   14|          0|
    |add_ln73_283_reg_534369                     |   13|   0|   13|          0|
    |add_ln73_285_reg_533854                     |   10|   0|   10|          0|
    |add_ln73_288_reg_534389                     |   13|   0|   13|          0|
    |add_ln73_289_reg_534374                     |   13|   0|   13|          0|
    |add_ln73_291_reg_534809                     |   14|   0|   14|          0|
    |add_ln73_294_reg_533844                     |   12|   0|   12|          0|
    |add_ln73_295_reg_534379                     |   14|   0|   14|          0|
    |add_ln73_297_reg_533849                     |   11|   0|   11|          0|
    |add_ln73_299_reg_534384                     |   13|   0|   13|          0|
    |add_ln73_29_reg_534024                      |   13|   0|   13|          0|
    |add_ln73_29_reg_534024_pp0_iter3_reg        |   13|   0|   13|          0|
    |add_ln73_300_reg_534814                     |   15|   0|   15|          0|
    |add_ln73_303_reg_534819                     |   14|   0|   14|          0|
    |add_ln73_305_reg_534394                     |   13|   0|   13|          0|
    |add_ln73_305_reg_534394_pp0_iter3_reg       |   13|   0|   13|          0|
    |add_ln73_307_reg_534399                     |   13|   0|   13|          0|
    |add_ln73_310_reg_534404                     |   13|   0|   13|          0|
    |add_ln73_312_reg_534429                     |   13|   0|   13|          0|
    |add_ln73_313_reg_534824                     |   14|   0|   14|          0|
    |add_ln73_316_reg_534409                     |   12|   0|   12|          0|
    |add_ln73_318_reg_534414                     |   12|   0|   12|          0|
    |add_ln73_31_reg_533739                      |    9|   0|    9|          0|
    |add_ln73_320_reg_534419                     |   11|   0|   11|          0|
    |add_ln73_322_reg_534424                     |   11|   0|   11|          0|
    |add_ln73_324_reg_534829                     |   14|   0|   14|          0|
    |add_ln73_326_reg_534434                     |   12|   0|   12|          0|
    |add_ln73_330_reg_534834                     |   14|   0|   14|          0|
    |add_ln73_332_reg_534459                     |   13|   0|   13|          0|
    |add_ln73_334_reg_534439                     |   14|   0|   14|          0|
    |add_ln73_334_reg_534439_pp0_iter3_reg       |   14|   0|   14|          0|
    |add_ln73_337_reg_534444                     |   12|   0|   12|          0|
    |add_ln73_338_reg_534449                     |   13|   0|   13|          0|
    |add_ln73_342_reg_534454                     |   12|   0|   12|          0|
    |add_ln73_343_reg_534839                     |   14|   0|   14|          0|
    |add_ln73_347_reg_534464                     |   13|   0|   13|          0|
    |add_ln73_348_reg_534844                     |   15|   0|   15|          0|
    |add_ln73_349_reg_534469                     |   11|   0|   11|          0|
    |add_ln73_349_reg_534469_pp0_iter3_reg       |   11|   0|   11|          0|
    |add_ln73_351_reg_533874                     |   10|   0|   10|          0|
    |add_ln73_353_reg_534484                     |   13|   0|   13|          0|
    |add_ln73_359_reg_534474                     |   13|   0|   13|          0|
    |add_ln73_359_reg_534474_pp0_iter3_reg       |   13|   0|   13|          0|
    |add_ln73_35_reg_534049                      |   13|   0|   13|          0|
    |add_ln73_362_reg_533859                     |   12|   0|   12|          0|
    |add_ln73_364_reg_533864                     |   11|   0|   11|          0|
    |add_ln73_365_reg_533869                     |   10|   0|   10|          0|
    |add_ln73_367_reg_534479                     |   14|   0|   14|          0|
    |add_ln73_367_reg_534479_pp0_iter3_reg       |   14|   0|   14|          0|
    |add_ln73_369_reg_534489                     |   13|   0|   13|          0|
    |add_ln73_370_reg_534849                     |   14|   0|   14|          0|
    |add_ln73_371_reg_534494                     |   11|   0|   11|          0|
    |add_ln73_371_reg_534494_pp0_iter3_reg       |   11|   0|   11|          0|
    |add_ln73_376_reg_534499                     |   13|   0|   13|          0|
    |add_ln73_377_reg_534854                     |   14|   0|   14|          0|
    |add_ln73_378_reg_534519                     |   13|   0|   13|          0|
    |add_ln73_381_reg_534504                     |   11|   0|   11|          0|
    |add_ln73_383_reg_534509                     |   12|   0|   12|          0|
    |add_ln73_386_reg_533879                     |    9|   0|    9|          0|
    |add_ln73_388_reg_534514                     |   11|   0|   11|          0|
    |add_ln73_389_reg_534859                     |   13|   0|   13|          0|
    |add_ln73_392_reg_534524                     |   11|   0|   11|          0|
    |add_ln73_395_reg_534864                     |   14|   0|   14|          0|
    |add_ln73_39_reg_534034                      |   14|   0|   14|          0|
    |add_ln73_401_reg_533884                     |   11|   0|   11|          0|
    |add_ln73_402_reg_534874                     |   14|   0|   14|          0|
    |add_ln73_403_reg_534529                     |   13|   0|   13|          0|
    |add_ln73_403_reg_534529_pp0_iter3_reg       |   13|   0|   13|          0|
    |add_ln73_407_reg_534534                     |   12|   0|   12|          0|
    |add_ln73_408_reg_534539                     |   11|   0|   11|          0|
    |add_ln73_410_reg_534544                     |   11|   0|   11|          0|
    |add_ln73_412_reg_534869                     |   13|   0|   13|          0|
    |add_ln73_413_reg_534549                     |   12|   0|   12|          0|
    |add_ln73_414_reg_534554                     |   13|   0|   13|          0|
    |add_ln73_416_reg_534559                     |   10|   0|   10|          0|
    |add_ln73_416_reg_534559_pp0_iter3_reg       |   10|   0|   10|          0|
    |add_ln73_41_reg_533734                      |    9|   0|    9|          0|
    |add_ln73_421_reg_533889                     |   12|   0|   12|          0|
    |add_ln73_424_reg_534564                     |   13|   0|   13|          0|
    |add_ln73_424_reg_534564_pp0_iter3_reg       |   13|   0|   13|          0|
    |add_ln73_426_reg_534584                     |   15|   0|   15|          0|
    |add_ln73_429_reg_534569                     |   13|   0|   13|          0|
    |add_ln73_430_reg_534574                     |   11|   0|   11|          0|
    |add_ln73_434_reg_534579                     |   11|   0|   11|          0|
    |add_ln73_436_reg_534879                     |   14|   0|   14|          0|
    |add_ln73_43_reg_534039                      |   11|   0|   11|          0|
    |add_ln73_442_reg_533894                     |    9|   0|    9|          0|
    |add_ln73_443_reg_534589                     |   10|   0|   10|          0|
    |add_ln73_445_reg_534594                     |   11|   0|   11|          0|
    |add_ln73_448_reg_534599                     |   12|   0|   12|          0|
    |add_ln73_450_reg_534604                     |   13|   0|   13|          0|
    |add_ln73_452_reg_533909                     |   11|   0|   11|          0|
    |add_ln73_454_reg_534609                     |   13|   0|   13|          0|
    |add_ln73_455_reg_534614                     |   10|   0|   10|          0|
    |add_ln73_456_reg_534884                     |   14|   0|   14|          0|
    |add_ln73_459_reg_534619                     |   13|   0|   13|          0|
    |add_ln73_459_reg_534619_pp0_iter3_reg       |   13|   0|   13|          0|
    |add_ln73_461_reg_533899                     |   11|   0|   11|          0|
    |add_ln73_462_reg_534624                     |   13|   0|   13|          0|
    |add_ln73_464_reg_533904                     |   10|   0|   10|          0|
    |add_ln73_465_reg_534629                     |   12|   0|   12|          0|
    |add_ln73_466_reg_534889                     |   14|   0|   14|          0|
    |add_ln73_467_reg_534634                     |   14|   0|   14|          0|
    |add_ln73_46_reg_534044                      |   10|   0|   10|          0|
    |add_ln73_473_reg_534639                     |   13|   0|   13|          0|
    |add_ln73_476_reg_534894                     |   15|   0|   15|          0|
    |add_ln73_478_reg_534644                     |   14|   0|   14|          0|
    |add_ln73_478_reg_534644_pp0_iter3_reg       |   14|   0|   14|          0|
    |add_ln73_482_reg_533914                     |    9|   0|    9|          0|
    |add_ln73_484_reg_534649                     |   13|   0|   13|          0|
    |add_ln73_484_reg_534649_pp0_iter3_reg       |   13|   0|   13|          0|
    |add_ln73_485_reg_534654                     |   13|   0|   13|          0|
    |add_ln73_487_reg_534659                     |   11|   0|   11|          0|
    |add_ln73_488_reg_533919                     |   11|   0|   11|          0|
    |add_ln73_489_reg_534664                     |   11|   0|   11|          0|
    |add_ln73_490_reg_534899                     |   14|   0|   14|          0|
    |add_ln73_493_reg_534669                     |   13|   0|   13|          0|
    |add_ln73_493_reg_534669_pp0_iter3_reg       |   13|   0|   13|          0|
    |add_ln73_496_reg_534674                     |   12|   0|   12|          0|
    |add_ln73_499_reg_534679                     |   12|   0|   12|          0|
    |add_ln73_500_reg_534904                     |   13|   0|   13|          0|
    |add_ln73_503_reg_533924                     |   11|   0|   11|          0|
    |add_ln73_504_reg_534684                     |   12|   0|   12|          0|
    |add_ln73_505_reg_534689                     |   14|   0|   14|          0|
    |add_ln73_510_reg_534694                     |   12|   0|   12|          0|
    |add_ln73_513_reg_533929                     |   12|   0|   12|          0|
    |add_ln73_514_reg_534699                     |   14|   0|   14|          0|
    |add_ln73_517_reg_533934                     |   12|   0|   12|          0|
    |add_ln73_518_reg_534704                     |   13|   0|   13|          0|
    |add_ln73_52_reg_533744                      |   12|   0|   12|          0|
    |add_ln73_52_reg_533744_pp0_iter2_reg        |   12|   0|   12|          0|
    |add_ln73_56_reg_534054                      |   12|   0|   12|          0|
    |add_ln73_58_reg_534059                      |   11|   0|   11|          0|
    |add_ln73_59_reg_534064                      |   12|   0|   12|          0|
    |add_ln73_60_reg_534714                      |   14|   0|   14|          0|
    |add_ln73_61_reg_534069                      |    9|   0|    9|          0|
    |add_ln73_61_reg_534069_pp0_iter3_reg        |    9|   0|    9|          0|
    |add_ln73_65_reg_534084                      |   13|   0|   13|          0|
    |add_ln73_69_reg_534719                      |   15|   0|   15|          0|
    |add_ln73_6_reg_534709                       |   13|   0|   13|          0|
    |add_ln73_70_reg_534074                      |   13|   0|   13|          0|
    |add_ln73_70_reg_534074_pp0_iter3_reg        |   13|   0|   13|          0|
    |add_ln73_75_reg_533749                      |   10|   0|   10|          0|
    |add_ln73_76_reg_533754                      |   11|   0|   11|          0|
    |add_ln73_78_reg_534079                      |   13|   0|   13|          0|
    |add_ln73_78_reg_534079_pp0_iter3_reg        |   13|   0|   13|          0|
    |add_ln73_81_reg_534109                      |   12|   0|   12|          0|
    |add_ln73_82_reg_534089                      |   13|   0|   13|          0|
    |add_ln73_83_reg_533759                      |   12|   0|   12|          0|
    |add_ln73_83_reg_533759_pp0_iter2_reg        |   12|   0|   12|          0|
    |add_ln73_86_reg_534094                      |   12|   0|   12|          0|
    |add_ln73_86_reg_534094_pp0_iter3_reg        |   12|   0|   12|          0|
    |add_ln73_87_reg_534099                      |   12|   0|   12|          0|
    |add_ln73_87_reg_534099_pp0_iter3_reg        |   12|   0|   12|          0|
    |add_ln73_92_reg_533764                      |    7|   0|    7|          0|
    |add_ln73_94_reg_534104                      |   12|   0|   12|          0|
    |add_ln73_94_reg_534104_pp0_iter3_reg        |   12|   0|   12|          0|
    |add_ln73_96_reg_534114                      |   11|   0|   11|          0|
    |add_ln73_98_reg_534119                      |   11|   0|   11|          0|
    |ap_CS_fsm                                   |    1|   0|    1|          0|
    |ap_done_reg                                 |    1|   0|    1|          0|
    |ap_enable_reg_pp0_iter1                     |    1|   0|    1|          0|
    |ap_enable_reg_pp0_iter2                     |    1|   0|    1|          0|
    |ap_enable_reg_pp0_iter3                     |    1|   0|    1|          0|
    |ap_enable_reg_pp0_iter4                     |    1|   0|    1|          0|
    |ap_enable_reg_pp0_iter5                     |    1|   0|    1|          0|
    |ap_loop_exit_ready_pp0_iter1_reg            |    1|   0|    1|          0|
    |ap_loop_exit_ready_pp0_iter2_reg            |    1|   0|    1|          0|
    |ap_loop_exit_ready_pp0_iter3_reg            |    1|   0|    1|          0|
    |ap_loop_exit_ready_pp0_iter4_reg            |    1|   0|    1|          0|
    |ap_loop_exit_ready_pp0_iter5_reg            |    1|   0|    1|          0|
    |ap_phi_reg_pp0_iter1_data_buf_32_reg_24132  |    9|   0|    9|          0|
    |ap_phi_reg_pp0_iter1_data_buf_33_reg_24079  |    9|   0|    9|          0|
    |ap_phi_reg_pp0_iter1_data_buf_34_reg_24026  |    9|   0|    9|          0|
    |ap_phi_reg_pp0_iter1_data_buf_35_reg_23973  |    9|   0|    9|          0|
    |ap_phi_reg_pp0_iter1_data_buf_36_reg_23920  |    9|   0|    9|          0|
    |ap_phi_reg_pp0_iter1_data_buf_37_reg_23867  |    9|   0|    9|          0|
    |ap_phi_reg_pp0_iter1_data_buf_38_reg_23813  |    9|   0|    9|          0|
    |ap_phi_reg_pp0_iter1_data_buf_39_reg_23760  |    9|   0|    9|          0|
    |ap_phi_reg_pp0_iter1_data_buf_40_reg_23707  |    9|   0|    9|          0|
    |ap_phi_reg_pp0_iter1_data_buf_41_reg_23654  |    9|   0|    9|          0|
    |ap_phi_reg_pp0_iter1_data_buf_42_reg_23601  |    9|   0|    9|          0|
    |ap_phi_reg_pp0_iter1_data_buf_43_reg_23548  |    9|   0|    9|          0|
    |ap_phi_reg_pp0_iter1_data_buf_44_reg_23495  |    9|   0|    9|          0|
    |ap_phi_reg_pp0_iter1_data_buf_45_reg_23442  |    9|   0|    9|          0|
    |ap_phi_reg_pp0_iter1_data_buf_46_reg_23389  |    9|   0|    9|          0|
    |ap_phi_reg_pp0_iter1_data_buf_47_reg_23336  |    9|   0|    9|          0|
    |ap_phi_reg_pp0_iter1_data_buf_48_reg_23282  |    9|   0|    9|          0|
    |ap_phi_reg_pp0_iter1_data_buf_49_reg_23229  |    9|   0|    9|          0|
    |ap_phi_reg_pp0_iter1_data_buf_50_reg_23175  |    9|   0|    9|          0|
    |ap_phi_reg_pp0_iter1_data_buf_51_reg_23122  |    9|   0|    9|          0|
    |ap_phi_reg_pp0_iter1_data_buf_52_reg_23069  |    9|   0|    9|          0|
    |ap_phi_reg_pp0_iter1_data_buf_53_reg_23016  |    9|   0|    9|          0|
    |ap_phi_reg_pp0_iter1_data_buf_54_reg_22963  |    9|   0|    9|          0|
    |ap_phi_reg_pp0_iter1_data_buf_55_reg_22910  |    9|   0|    9|          0|
    |ap_phi_reg_pp0_iter1_data_buf_56_reg_22857  |    9|   0|    9|          0|
    |ap_phi_reg_pp0_iter1_data_buf_57_reg_22804  |    9|   0|    9|          0|
    |ap_phi_reg_pp0_iter1_data_buf_58_reg_22751  |    9|   0|    9|          0|
    |ap_phi_reg_pp0_iter1_data_buf_59_reg_22698  |    9|   0|    9|          0|
    |ap_phi_reg_pp0_iter1_data_buf_60_reg_22645  |    9|   0|    9|          0|
    |ap_phi_reg_pp0_iter1_data_buf_61_reg_22592  |    9|   0|    9|          0|
    |ap_phi_reg_pp0_iter1_data_buf_62_reg_22539  |    9|   0|    9|          0|
    |ap_phi_reg_pp0_iter1_data_buf_reg_24185     |    9|   0|    9|          0|
    |data_0_val11_phi_reg_15883                  |    9|   0|    9|          0|
    |data_100_val101101_phi_reg_17183            |    9|   0|    9|          0|
    |data_101_val102102_phi_reg_17196            |    9|   0|    9|          0|
    |data_102_val103103_phi_reg_17209            |    9|   0|    9|          0|
    |data_103_val104104_phi_reg_17222            |    9|   0|    9|          0|
    |data_104_val105105_phi_reg_17235            |    9|   0|    9|          0|
    |data_105_val106106_phi_reg_17248            |    9|   0|    9|          0|
    |data_106_val107107_phi_reg_17261            |    9|   0|    9|          0|
    |data_107_val108108_phi_reg_17274            |    9|   0|    9|          0|
    |data_108_val109109_phi_reg_17287            |    9|   0|    9|          0|
    |data_109_val110110_phi_reg_17300            |    9|   0|    9|          0|
    |data_10_val1111_phi_reg_16013               |    9|   0|    9|          0|
    |data_110_val111111_phi_reg_17313            |    9|   0|    9|          0|
    |data_111_val112112_phi_reg_17326            |    9|   0|    9|          0|
    |data_112_val113113_phi_reg_17339            |    9|   0|    9|          0|
    |data_113_val114114_phi_reg_17352            |    9|   0|    9|          0|
    |data_114_val115115_phi_reg_17365            |    9|   0|    9|          0|
    |data_115_val116116_phi_reg_17378            |    9|   0|    9|          0|
    |data_116_val117117_phi_reg_17391            |    9|   0|    9|          0|
    |data_117_val118118_phi_reg_17404            |    9|   0|    9|          0|
    |data_118_val119119_phi_reg_17417            |    9|   0|    9|          0|
    |data_119_val120120_phi_reg_17430            |    9|   0|    9|          0|
    |data_11_val1212_phi_reg_16026               |    9|   0|    9|          0|
    |data_120_val121121_phi_reg_17443            |    9|   0|    9|          0|
    |data_121_val122122_phi_reg_17456            |    9|   0|    9|          0|
    |data_122_val123123_phi_reg_17469            |    9|   0|    9|          0|
    |data_123_val124124_phi_reg_17482            |    9|   0|    9|          0|
    |data_124_val125125_phi_reg_17495            |    9|   0|    9|          0|
    |data_125_val126126_phi_reg_17508            |    9|   0|    9|          0|
    |data_126_val127127_phi_reg_17521            |    9|   0|    9|          0|
    |data_127_val128128_phi_reg_17534            |    9|   0|    9|          0|
    |data_128_val129129_phi_reg_17547            |    9|   0|    9|          0|
    |data_129_val130130_phi_reg_17560            |    9|   0|    9|          0|
    |data_12_val1313_phi_reg_16039               |    9|   0|    9|          0|
    |data_130_val131131_phi_reg_17573            |    9|   0|    9|          0|
    |data_131_val132132_phi_reg_17586            |    9|   0|    9|          0|
    |data_132_val133133_phi_reg_17599            |    9|   0|    9|          0|
    |data_133_val134134_phi_reg_17612            |    9|   0|    9|          0|
    |data_134_val135135_phi_reg_17625            |    9|   0|    9|          0|
    |data_135_val136136_phi_reg_17638            |    9|   0|    9|          0|
    |data_136_val137137_phi_reg_17651            |    9|   0|    9|          0|
    |data_137_val138138_phi_reg_17664            |    9|   0|    9|          0|
    |data_138_val139139_phi_reg_17677            |    9|   0|    9|          0|
    |data_139_val140140_phi_reg_17690            |    9|   0|    9|          0|
    |data_13_val1414_phi_reg_16052               |    9|   0|    9|          0|
    |data_140_val141141_phi_reg_17703            |    9|   0|    9|          0|
    |data_141_val142142_phi_reg_17716            |    9|   0|    9|          0|
    |data_142_val143143_phi_reg_17729            |    9|   0|    9|          0|
    |data_143_val144144_phi_reg_17742            |    9|   0|    9|          0|
    |data_144_val145145_phi_reg_17755            |    9|   0|    9|          0|
    |data_145_val146146_phi_reg_17768            |    9|   0|    9|          0|
    |data_146_val147147_phi_reg_17781            |    9|   0|    9|          0|
    |data_147_val148148_phi_reg_17794            |    9|   0|    9|          0|
    |data_148_val149149_phi_reg_17807            |    9|   0|    9|          0|
    |data_149_val150150_phi_reg_17820            |    9|   0|    9|          0|
    |data_14_val1515_phi_reg_16065               |    9|   0|    9|          0|
    |data_150_val151151_phi_reg_17833            |    9|   0|    9|          0|
    |data_151_val152152_phi_reg_17846            |    9|   0|    9|          0|
    |data_152_val153153_phi_reg_17859            |    9|   0|    9|          0|
    |data_153_val154154_phi_reg_17872            |    9|   0|    9|          0|
    |data_154_val155155_phi_reg_17885            |    9|   0|    9|          0|
    |data_155_val156156_phi_reg_17898            |    9|   0|    9|          0|
    |data_156_val157157_phi_reg_17911            |    9|   0|    9|          0|
    |data_157_val158158_phi_reg_17924            |    9|   0|    9|          0|
    |data_158_val159159_phi_reg_17937            |    9|   0|    9|          0|
    |data_159_val160160_phi_reg_17950            |    9|   0|    9|          0|
    |data_15_val1616_phi_reg_16078               |    9|   0|    9|          0|
    |data_160_val161161_phi_reg_17963            |    9|   0|    9|          0|
    |data_161_val162162_phi_reg_17976            |    9|   0|    9|          0|
    |data_162_val163163_phi_reg_17989            |    9|   0|    9|          0|
    |data_163_val164164_phi_reg_18002            |    9|   0|    9|          0|
    |data_164_val165165_phi_reg_18015            |    9|   0|    9|          0|
    |data_165_val166166_phi_reg_18028            |    9|   0|    9|          0|
    |data_166_val167167_phi_reg_18041            |    9|   0|    9|          0|
    |data_167_val168168_phi_reg_18054            |    9|   0|    9|          0|
    |data_168_val169169_phi_reg_18067            |    9|   0|    9|          0|
    |data_169_val170170_phi_reg_18080            |    9|   0|    9|          0|
    |data_16_val1717_phi_reg_16091               |    9|   0|    9|          0|
    |data_170_val171171_phi_reg_18093            |    9|   0|    9|          0|
    |data_171_val172172_phi_reg_18106            |    9|   0|    9|          0|
    |data_172_val173173_phi_reg_18119            |    9|   0|    9|          0|
    |data_173_val174174_phi_reg_18132            |    9|   0|    9|          0|
    |data_174_val175175_phi_reg_18145            |    9|   0|    9|          0|
    |data_175_val176176_phi_reg_18158            |    9|   0|    9|          0|
    |data_176_val177177_phi_reg_18171            |    9|   0|    9|          0|
    |data_177_val178178_phi_reg_18184            |    9|   0|    9|          0|
    |data_178_val179179_phi_reg_18197            |    9|   0|    9|          0|
    |data_179_val180180_phi_reg_18210            |    9|   0|    9|          0|
    |data_17_val1818_phi_reg_16104               |    9|   0|    9|          0|
    |data_180_val181181_phi_reg_18223            |    9|   0|    9|          0|
    |data_181_val182182_phi_reg_18236            |    9|   0|    9|          0|
    |data_182_val183183_phi_reg_18249            |    9|   0|    9|          0|
    |data_183_val184184_phi_reg_18262            |    9|   0|    9|          0|
    |data_184_val185185_phi_reg_18275            |    9|   0|    9|          0|
    |data_185_val186186_phi_reg_18288            |    9|   0|    9|          0|
    |data_186_val187187_phi_reg_18301            |    9|   0|    9|          0|
    |data_187_val188188_phi_reg_18314            |    9|   0|    9|          0|
    |data_188_val189189_phi_reg_18327            |    9|   0|    9|          0|
    |data_189_val190190_phi_reg_18340            |    9|   0|    9|          0|
    |data_18_val1919_phi_reg_16117               |    9|   0|    9|          0|
    |data_190_val191191_phi_reg_18353            |    9|   0|    9|          0|
    |data_191_val192192_phi_reg_18366            |    9|   0|    9|          0|
    |data_192_val193193_phi_reg_18379            |    9|   0|    9|          0|
    |data_193_val194194_phi_reg_18392            |    9|   0|    9|          0|
    |data_194_val195195_phi_reg_18405            |    9|   0|    9|          0|
    |data_195_val196196_phi_reg_18418            |    9|   0|    9|          0|
    |data_196_val197197_phi_reg_18431            |    9|   0|    9|          0|
    |data_197_val198198_phi_reg_18444            |    9|   0|    9|          0|
    |data_198_val199199_phi_reg_18457            |    9|   0|    9|          0|
    |data_199_val200200_phi_reg_18470            |    9|   0|    9|          0|
    |data_19_val2020_phi_reg_16130               |    9|   0|    9|          0|
    |data_1_val22_phi_reg_15896                  |    9|   0|    9|          0|
    |data_200_val201201_phi_reg_18483            |    9|   0|    9|          0|
    |data_201_val202202_phi_reg_18496            |    9|   0|    9|          0|
    |data_202_val203203_phi_reg_18509            |    9|   0|    9|          0|
    |data_203_val204204_phi_reg_18522            |    9|   0|    9|          0|
    |data_204_val205205_phi_reg_18535            |    9|   0|    9|          0|
    |data_205_val206206_phi_reg_18548            |    9|   0|    9|          0|
    |data_206_val207207_phi_reg_18561            |    9|   0|    9|          0|
    |data_207_val208208_phi_reg_18574            |    9|   0|    9|          0|
    |data_208_val209209_phi_reg_18587            |    9|   0|    9|          0|
    |data_209_val210210_phi_reg_18600            |    9|   0|    9|          0|
    |data_20_val2121_phi_reg_16143               |    9|   0|    9|          0|
    |data_210_val211211_phi_reg_18613            |    9|   0|    9|          0|
    |data_211_val212212_phi_reg_18626            |    9|   0|    9|          0|
    |data_212_val213213_phi_reg_18639            |    9|   0|    9|          0|
    |data_213_val214214_phi_reg_18652            |    9|   0|    9|          0|
    |data_214_val215215_phi_reg_18665            |    9|   0|    9|          0|
    |data_215_val216216_phi_reg_18678            |    9|   0|    9|          0|
    |data_216_val217217_phi_reg_18691            |    9|   0|    9|          0|
    |data_217_val218218_phi_reg_18704            |    9|   0|    9|          0|
    |data_218_val219219_phi_reg_18717            |    9|   0|    9|          0|
    |data_219_val220220_phi_reg_18730            |    9|   0|    9|          0|
    |data_21_val2222_phi_reg_16156               |    9|   0|    9|          0|
    |data_220_val221221_phi_reg_18743            |    9|   0|    9|          0|
    |data_221_val222222_phi_reg_18756            |    9|   0|    9|          0|
    |data_222_val223223_phi_reg_18769            |    9|   0|    9|          0|
    |data_223_val224224_phi_reg_18782            |    9|   0|    9|          0|
    |data_224_val225225_phi_reg_18795            |    9|   0|    9|          0|
    |data_225_val226226_phi_reg_18808            |    9|   0|    9|          0|
    |data_226_val227227_phi_reg_18821            |    9|   0|    9|          0|
    |data_227_val228228_phi_reg_18834            |    9|   0|    9|          0|
    |data_228_val229229_phi_reg_18847            |    9|   0|    9|          0|
    |data_229_val230230_phi_reg_18860            |    9|   0|    9|          0|
    |data_22_val2323_phi_reg_16169               |    9|   0|    9|          0|
    |data_230_val231231_phi_reg_18873            |    9|   0|    9|          0|
    |data_231_val232232_phi_reg_18886            |    9|   0|    9|          0|
    |data_232_val233233_phi_reg_18899            |    9|   0|    9|          0|
    |data_233_val234234_phi_reg_18912            |    9|   0|    9|          0|
    |data_234_val235235_phi_reg_18925            |    9|   0|    9|          0|
    |data_235_val236236_phi_reg_18938            |    9|   0|    9|          0|
    |data_236_val237237_phi_reg_18951            |    9|   0|    9|          0|
    |data_237_val238238_phi_reg_18964            |    9|   0|    9|          0|
    |data_238_val239239_phi_reg_18977            |    9|   0|    9|          0|
    |data_239_val240240_phi_reg_18990            |    9|   0|    9|          0|
    |data_23_val2424_phi_reg_16182               |    9|   0|    9|          0|
    |data_240_val241241_phi_reg_19003            |    9|   0|    9|          0|
    |data_241_val242242_phi_reg_19016            |    9|   0|    9|          0|
    |data_242_val243243_phi_reg_19029            |    9|   0|    9|          0|
    |data_243_val244244_phi_reg_19042            |    9|   0|    9|          0|
    |data_244_val245245_phi_reg_19055            |    9|   0|    9|          0|
    |data_245_val246246_phi_reg_19068            |    9|   0|    9|          0|
    |data_246_val247247_phi_reg_19081            |    9|   0|    9|          0|
    |data_247_val248248_phi_reg_19094            |    9|   0|    9|          0|
    |data_248_val249249_phi_reg_19107            |    9|   0|    9|          0|
    |data_249_val250250_phi_reg_19120            |    9|   0|    9|          0|
    |data_24_val2525_phi_reg_16195               |    9|   0|    9|          0|
    |data_250_val251251_phi_reg_19133            |    9|   0|    9|          0|
    |data_251_val252252_phi_reg_19146            |    9|   0|    9|          0|
    |data_252_val253253_phi_reg_19159            |    9|   0|    9|          0|
    |data_253_val254254_phi_reg_19172            |    9|   0|    9|          0|
    |data_254_val255255_phi_reg_19185            |    9|   0|    9|          0|
    |data_255_val256256_phi_reg_19198            |    9|   0|    9|          0|
    |data_256_val257257_phi_reg_19211            |    9|   0|    9|          0|
    |data_257_val258258_phi_reg_19224            |    9|   0|    9|          0|
    |data_258_val259259_phi_reg_19237            |    9|   0|    9|          0|
    |data_259_val260260_phi_reg_19250            |    9|   0|    9|          0|
    |data_25_val2626_phi_reg_16208               |    9|   0|    9|          0|
    |data_260_val261261_phi_reg_19263            |    9|   0|    9|          0|
    |data_261_val262262_phi_reg_19276            |    9|   0|    9|          0|
    |data_262_val263263_phi_reg_19289            |    9|   0|    9|          0|
    |data_263_val264264_phi_reg_19302            |    9|   0|    9|          0|
    |data_264_val265265_phi_reg_19315            |    9|   0|    9|          0|
    |data_265_val266266_phi_reg_19328            |    9|   0|    9|          0|
    |data_266_val267267_phi_reg_19341            |    9|   0|    9|          0|
    |data_267_val268268_phi_reg_19354            |    9|   0|    9|          0|
    |data_268_val269269_phi_reg_19367            |    9|   0|    9|          0|
    |data_269_val270270_phi_reg_19380            |    9|   0|    9|          0|
    |data_26_val2727_phi_reg_16221               |    9|   0|    9|          0|
    |data_270_val271271_phi_reg_19393            |    9|   0|    9|          0|
    |data_271_val272272_phi_reg_19406            |    9|   0|    9|          0|
    |data_272_val273273_phi_reg_19419            |    9|   0|    9|          0|
    |data_273_val274274_phi_reg_19432            |    9|   0|    9|          0|
    |data_274_val275275_phi_reg_19445            |    9|   0|    9|          0|
    |data_275_val276276_phi_reg_19458            |    9|   0|    9|          0|
    |data_276_val277277_phi_reg_19471            |    9|   0|    9|          0|
    |data_277_val278278_phi_reg_19484            |    9|   0|    9|          0|
    |data_278_val279279_phi_reg_19497            |    9|   0|    9|          0|
    |data_279_val280280_phi_reg_19510            |    9|   0|    9|          0|
    |data_27_val2828_phi_reg_16234               |    9|   0|    9|          0|
    |data_280_val281281_phi_reg_19523            |    9|   0|    9|          0|
    |data_281_val282282_phi_reg_19536            |    9|   0|    9|          0|
    |data_282_val283283_phi_reg_19549            |    9|   0|    9|          0|
    |data_283_val284284_phi_reg_19562            |    9|   0|    9|          0|
    |data_284_val285285_phi_reg_19575            |    9|   0|    9|          0|
    |data_285_val286286_phi_reg_19588            |    9|   0|    9|          0|
    |data_286_val287287_phi_reg_19601            |    9|   0|    9|          0|
    |data_287_val288288_phi_reg_19614            |    9|   0|    9|          0|
    |data_288_val289289_phi_reg_19627            |    9|   0|    9|          0|
    |data_289_val290290_phi_reg_19640            |    9|   0|    9|          0|
    |data_28_val2929_phi_reg_16247               |    9|   0|    9|          0|
    |data_290_val291291_phi_reg_19653            |    9|   0|    9|          0|
    |data_291_val292292_phi_reg_19666            |    9|   0|    9|          0|
    |data_292_val293293_phi_reg_19679            |    9|   0|    9|          0|
    |data_293_val294294_phi_reg_19692            |    9|   0|    9|          0|
    |data_294_val295295_phi_reg_19705            |    9|   0|    9|          0|
    |data_295_val296296_phi_reg_19718            |    9|   0|    9|          0|
    |data_296_val297297_phi_reg_19731            |    9|   0|    9|          0|
    |data_297_val298298_phi_reg_19744            |    9|   0|    9|          0|
    |data_298_val299299_phi_reg_19757            |    9|   0|    9|          0|
    |data_299_val300300_phi_reg_19770            |    9|   0|    9|          0|
    |data_29_val3030_phi_reg_16260               |    9|   0|    9|          0|
    |data_2_val33_phi_reg_15909                  |    9|   0|    9|          0|
    |data_300_val301301_phi_reg_19783            |    9|   0|    9|          0|
    |data_301_val302302_phi_reg_19796            |    9|   0|    9|          0|
    |data_302_val303303_phi_reg_19809            |    9|   0|    9|          0|
    |data_303_val304304_phi_reg_19822            |    9|   0|    9|          0|
    |data_304_val305305_phi_reg_19835            |    9|   0|    9|          0|
    |data_305_val306306_phi_reg_19848            |    9|   0|    9|          0|
    |data_306_val307307_phi_reg_19861            |    9|   0|    9|          0|
    |data_307_val308308_phi_reg_19874            |    9|   0|    9|          0|
    |data_308_val309309_phi_reg_19887            |    9|   0|    9|          0|
    |data_309_val310310_phi_reg_19900            |    9|   0|    9|          0|
    |data_30_val3131_phi_reg_16273               |    9|   0|    9|          0|
    |data_310_val311311_phi_reg_19913            |    9|   0|    9|          0|
    |data_311_val312312_phi_reg_19926            |    9|   0|    9|          0|
    |data_312_val313313_phi_reg_19939            |    9|   0|    9|          0|
    |data_313_val314314_phi_reg_19952            |    9|   0|    9|          0|
    |data_314_val315315_phi_reg_19965            |    9|   0|    9|          0|
    |data_315_val316316_phi_reg_19978            |    9|   0|    9|          0|
    |data_316_val317317_phi_reg_19991            |    9|   0|    9|          0|
    |data_317_val318318_phi_reg_20004            |    9|   0|    9|          0|
    |data_318_val319319_phi_reg_20017            |    9|   0|    9|          0|
    |data_319_val320320_phi_reg_20030            |    9|   0|    9|          0|
    |data_31_val3232_phi_reg_16286               |    9|   0|    9|          0|
    |data_320_val321321_phi_reg_20043            |    9|   0|    9|          0|
    |data_321_val322322_phi_reg_20056            |    9|   0|    9|          0|
    |data_322_val323323_phi_reg_20069            |    9|   0|    9|          0|
    |data_323_val324324_phi_reg_20082            |    9|   0|    9|          0|
    |data_324_val325325_phi_reg_20095            |    9|   0|    9|          0|
    |data_325_val326326_phi_reg_20108            |    9|   0|    9|          0|
    |data_326_val327327_phi_reg_20121            |    9|   0|    9|          0|
    |data_327_val328328_phi_reg_20134            |    9|   0|    9|          0|
    |data_328_val329329_phi_reg_20147            |    9|   0|    9|          0|
    |data_329_val330330_phi_reg_20160            |    9|   0|    9|          0|
    |data_32_val3333_phi_reg_16299               |    9|   0|    9|          0|
    |data_330_val331331_phi_reg_20173            |    9|   0|    9|          0|
    |data_331_val332332_phi_reg_20186            |    9|   0|    9|          0|
    |data_332_val333333_phi_reg_20199            |    9|   0|    9|          0|
    |data_333_val334334_phi_reg_20212            |    9|   0|    9|          0|
    |data_334_val335335_phi_reg_20225            |    9|   0|    9|          0|
    |data_335_val336336_phi_reg_20238            |    9|   0|    9|          0|
    |data_336_val337337_phi_reg_20251            |    9|   0|    9|          0|
    |data_337_val338338_phi_reg_20264            |    9|   0|    9|          0|
    |data_338_val339339_phi_reg_20277            |    9|   0|    9|          0|
    |data_339_val340340_phi_reg_20290            |    9|   0|    9|          0|
    |data_33_val3434_phi_reg_16312               |    9|   0|    9|          0|
    |data_340_val341341_phi_reg_20303            |    9|   0|    9|          0|
    |data_341_val342342_phi_reg_20316            |    9|   0|    9|          0|
    |data_342_val343343_phi_reg_20329            |    9|   0|    9|          0|
    |data_343_val344344_phi_reg_20342            |    9|   0|    9|          0|
    |data_344_val345345_phi_reg_20355            |    9|   0|    9|          0|
    |data_345_val346346_phi_reg_20368            |    9|   0|    9|          0|
    |data_346_val347347_phi_reg_20381            |    9|   0|    9|          0|
    |data_347_val348348_phi_reg_20394            |    9|   0|    9|          0|
    |data_348_val349349_phi_reg_20407            |    9|   0|    9|          0|
    |data_349_val350350_phi_reg_20420            |    9|   0|    9|          0|
    |data_34_val3535_phi_reg_16325               |    9|   0|    9|          0|
    |data_350_val351351_phi_reg_20433            |    9|   0|    9|          0|
    |data_351_val352352_phi_reg_20446            |    9|   0|    9|          0|
    |data_352_val353353_phi_reg_20459            |    9|   0|    9|          0|
    |data_353_val354354_phi_reg_20472            |    9|   0|    9|          0|
    |data_354_val355355_phi_reg_20485            |    9|   0|    9|          0|
    |data_355_val356356_phi_reg_20498            |    9|   0|    9|          0|
    |data_356_val357357_phi_reg_20511            |    9|   0|    9|          0|
    |data_357_val358358_phi_reg_20524            |    9|   0|    9|          0|
    |data_358_val359359_phi_reg_20537            |    9|   0|    9|          0|
    |data_359_val360360_phi_reg_20550            |    9|   0|    9|          0|
    |data_35_val3636_phi_reg_16338               |    9|   0|    9|          0|
    |data_360_val361361_phi_reg_20563            |    9|   0|    9|          0|
    |data_361_val362362_phi_reg_20576            |    9|   0|    9|          0|
    |data_362_val363363_phi_reg_20589            |    9|   0|    9|          0|
    |data_363_val364364_phi_reg_20602            |    9|   0|    9|          0|
    |data_364_val365365_phi_reg_20615            |    9|   0|    9|          0|
    |data_365_val366366_phi_reg_20628            |    9|   0|    9|          0|
    |data_366_val367367_phi_reg_20641            |    9|   0|    9|          0|
    |data_367_val368368_phi_reg_20654            |    9|   0|    9|          0|
    |data_368_val369369_phi_reg_20667            |    9|   0|    9|          0|
    |data_369_val370370_phi_reg_20680            |    9|   0|    9|          0|
    |data_36_val3737_phi_reg_16351               |    9|   0|    9|          0|
    |data_370_val371371_phi_reg_20693            |    9|   0|    9|          0|
    |data_371_val372372_phi_reg_20706            |    9|   0|    9|          0|
    |data_372_val373373_phi_reg_20719            |    9|   0|    9|          0|
    |data_373_val374374_phi_reg_20732            |    9|   0|    9|          0|
    |data_374_val375375_phi_reg_20745            |    9|   0|    9|          0|
    |data_375_val376376_phi_reg_20758            |    9|   0|    9|          0|
    |data_376_val377377_phi_reg_20771            |    9|   0|    9|          0|
    |data_377_val378378_phi_reg_20784            |    9|   0|    9|          0|
    |data_378_val379379_phi_reg_20797            |    9|   0|    9|          0|
    |data_379_val380380_phi_reg_20810            |    9|   0|    9|          0|
    |data_37_val3838_phi_reg_16364               |    9|   0|    9|          0|
    |data_380_val381381_phi_reg_20823            |    9|   0|    9|          0|
    |data_381_val382382_phi_reg_20836            |    9|   0|    9|          0|
    |data_382_val383383_phi_reg_20849            |    9|   0|    9|          0|
    |data_383_val384384_phi_reg_20862            |    9|   0|    9|          0|
    |data_384_val385385_phi_reg_20875            |    9|   0|    9|          0|
    |data_385_val386386_phi_reg_20888            |    9|   0|    9|          0|
    |data_386_val387387_phi_reg_20901            |    9|   0|    9|          0|
    |data_387_val388388_phi_reg_20914            |    9|   0|    9|          0|
    |data_388_val389389_phi_reg_20927            |    9|   0|    9|          0|
    |data_389_val390390_phi_reg_20940            |    9|   0|    9|          0|
    |data_38_val3939_phi_reg_16377               |    9|   0|    9|          0|
    |data_390_val391391_phi_reg_20953            |    9|   0|    9|          0|
    |data_391_val392392_phi_reg_20966            |    9|   0|    9|          0|
    |data_392_val393393_phi_reg_20979            |    9|   0|    9|          0|
    |data_393_val394394_phi_reg_20992            |    9|   0|    9|          0|
    |data_394_val395395_phi_reg_21005            |    9|   0|    9|          0|
    |data_395_val396396_phi_reg_21018            |    9|   0|    9|          0|
    |data_396_val397397_phi_reg_21031            |    9|   0|    9|          0|
    |data_397_val398398_phi_reg_21044            |    9|   0|    9|          0|
    |data_398_val399399_phi_reg_21057            |    9|   0|    9|          0|
    |data_399_val400400_phi_reg_21070            |    9|   0|    9|          0|
    |data_39_val4040_phi_reg_16390               |    9|   0|    9|          0|
    |data_3_val44_phi_reg_15922                  |    9|   0|    9|          0|
    |data_400_val401401_phi_reg_21083            |    9|   0|    9|          0|
    |data_401_val402402_phi_reg_21096            |    9|   0|    9|          0|
    |data_402_val403403_phi_reg_21109            |    9|   0|    9|          0|
    |data_403_val404404_phi_reg_21122            |    9|   0|    9|          0|
    |data_404_val405405_phi_reg_21135            |    9|   0|    9|          0|
    |data_405_val406406_phi_reg_21148            |    9|   0|    9|          0|
    |data_406_val407407_phi_reg_21161            |    9|   0|    9|          0|
    |data_407_val408408_phi_reg_21174            |    9|   0|    9|          0|
    |data_408_val409409_phi_reg_21187            |    9|   0|    9|          0|
    |data_409_val410410_phi_reg_21200            |    9|   0|    9|          0|
    |data_40_val4141_phi_reg_16403               |    9|   0|    9|          0|
    |data_410_val411411_phi_reg_21213            |    9|   0|    9|          0|
    |data_411_val412412_phi_reg_21226            |    9|   0|    9|          0|
    |data_412_val413413_phi_reg_21239            |    9|   0|    9|          0|
    |data_413_val414414_phi_reg_21252            |    9|   0|    9|          0|
    |data_414_val415415_phi_reg_21265            |    9|   0|    9|          0|
    |data_415_val416416_phi_reg_21278            |    9|   0|    9|          0|
    |data_416_val417417_phi_reg_21291            |    9|   0|    9|          0|
    |data_417_val418418_phi_reg_21304            |    9|   0|    9|          0|
    |data_418_val419419_phi_reg_21317            |    9|   0|    9|          0|
    |data_419_val420420_phi_reg_21330            |    9|   0|    9|          0|
    |data_41_val4242_phi_reg_16416               |    9|   0|    9|          0|
    |data_420_val421421_phi_reg_21343            |    9|   0|    9|          0|
    |data_421_val422422_phi_reg_21356            |    9|   0|    9|          0|
    |data_422_val423423_phi_reg_21369            |    9|   0|    9|          0|
    |data_423_val424424_phi_reg_21382            |    9|   0|    9|          0|
    |data_424_val425425_phi_reg_21395            |    9|   0|    9|          0|
    |data_425_val426426_phi_reg_21408            |    9|   0|    9|          0|
    |data_426_val427427_phi_reg_21421            |    9|   0|    9|          0|
    |data_427_val428428_phi_reg_21434            |    9|   0|    9|          0|
    |data_428_val429429_phi_reg_21447            |    9|   0|    9|          0|
    |data_429_val430430_phi_reg_21460            |    9|   0|    9|          0|
    |data_42_val4343_phi_reg_16429               |    9|   0|    9|          0|
    |data_430_val431431_phi_reg_21473            |    9|   0|    9|          0|
    |data_431_val432432_phi_reg_21486            |    9|   0|    9|          0|
    |data_432_val433433_phi_reg_21499            |    9|   0|    9|          0|
    |data_433_val434434_phi_reg_21512            |    9|   0|    9|          0|
    |data_434_val435435_phi_reg_21525            |    9|   0|    9|          0|
    |data_435_val436436_phi_reg_21538            |    9|   0|    9|          0|
    |data_436_val437437_phi_reg_21551            |    9|   0|    9|          0|
    |data_437_val438438_phi_reg_21564            |    9|   0|    9|          0|
    |data_438_val439439_phi_reg_21577            |    9|   0|    9|          0|
    |data_439_val440440_phi_reg_21590            |    9|   0|    9|          0|
    |data_43_val4444_phi_reg_16442               |    9|   0|    9|          0|
    |data_440_val441441_phi_reg_21603            |    9|   0|    9|          0|
    |data_441_val442442_phi_reg_21616            |    9|   0|    9|          0|
    |data_442_val443443_phi_reg_21629            |    9|   0|    9|          0|
    |data_443_val444444_phi_reg_21642            |    9|   0|    9|          0|
    |data_444_val445445_phi_reg_21655            |    9|   0|    9|          0|
    |data_445_val446446_phi_reg_21668            |    9|   0|    9|          0|
    |data_446_val447447_phi_reg_21681            |    9|   0|    9|          0|
    |data_447_val448448_phi_reg_21694            |    9|   0|    9|          0|
    |data_448_val449449_phi_reg_21707            |    9|   0|    9|          0|
    |data_449_val450450_phi_reg_21720            |    9|   0|    9|          0|
    |data_44_val4545_phi_reg_16455               |    9|   0|    9|          0|
    |data_450_val451451_phi_reg_21733            |    9|   0|    9|          0|
    |data_451_val452452_phi_reg_21746            |    9|   0|    9|          0|
    |data_452_val453453_phi_reg_21759            |    9|   0|    9|          0|
    |data_453_val454454_phi_reg_21772            |    9|   0|    9|          0|
    |data_454_val455455_phi_reg_21785            |    9|   0|    9|          0|
    |data_455_val456456_phi_reg_21798            |    9|   0|    9|          0|
    |data_456_val457457_phi_reg_21811            |    9|   0|    9|          0|
    |data_457_val458458_phi_reg_21824            |    9|   0|    9|          0|
    |data_458_val459459_phi_reg_21837            |    9|   0|    9|          0|
    |data_459_val460460_phi_reg_21850            |    9|   0|    9|          0|
    |data_45_val4646_phi_reg_16468               |    9|   0|    9|          0|
    |data_460_val461461_phi_reg_21863            |    9|   0|    9|          0|
    |data_461_val462462_phi_reg_21876            |    9|   0|    9|          0|
    |data_462_val463463_phi_reg_21889            |    9|   0|    9|          0|
    |data_463_val464464_phi_reg_21902            |    9|   0|    9|          0|
    |data_464_val465465_phi_reg_21915            |    9|   0|    9|          0|
    |data_465_val466466_phi_reg_21928            |    9|   0|    9|          0|
    |data_466_val467467_phi_reg_21941            |    9|   0|    9|          0|
    |data_467_val468468_phi_reg_21954            |    9|   0|    9|          0|
    |data_468_val469469_phi_reg_21967            |    9|   0|    9|          0|
    |data_469_val470470_phi_reg_21980            |    9|   0|    9|          0|
    |data_46_val4747_phi_reg_16481               |    9|   0|    9|          0|
    |data_470_val471471_phi_reg_21993            |    9|   0|    9|          0|
    |data_471_val472472_phi_reg_22006            |    9|   0|    9|          0|
    |data_472_val473473_phi_reg_22019            |    9|   0|    9|          0|
    |data_473_val474474_phi_reg_22032            |    9|   0|    9|          0|
    |data_474_val475475_phi_reg_22045            |    9|   0|    9|          0|
    |data_475_val476476_phi_reg_22058            |    9|   0|    9|          0|
    |data_476_val477477_phi_reg_22071            |    9|   0|    9|          0|
    |data_477_val478478_phi_reg_22084            |    9|   0|    9|          0|
    |data_478_val479479_phi_reg_22097            |    9|   0|    9|          0|
    |data_479_val480480_phi_reg_22110            |    9|   0|    9|          0|
    |data_47_val4848_phi_reg_16494               |    9|   0|    9|          0|
    |data_480_val481481_phi_reg_22123            |    9|   0|    9|          0|
    |data_481_val482482_phi_reg_22136            |    9|   0|    9|          0|
    |data_482_val483483_phi_reg_22149            |    9|   0|    9|          0|
    |data_483_val484484_phi_reg_22162            |    9|   0|    9|          0|
    |data_484_val485485_phi_reg_22175            |    9|   0|    9|          0|
    |data_485_val486486_phi_reg_22188            |    9|   0|    9|          0|
    |data_486_val487487_phi_reg_22201            |    9|   0|    9|          0|
    |data_487_val488488_phi_reg_22214            |    9|   0|    9|          0|
    |data_488_val489489_phi_reg_22227            |    9|   0|    9|          0|
    |data_489_val490490_phi_reg_22240            |    9|   0|    9|          0|
    |data_48_val4949_phi_reg_16507               |    9|   0|    9|          0|
    |data_490_val491491_phi_reg_22253            |    9|   0|    9|          0|
    |data_491_val492492_phi_reg_22266            |    9|   0|    9|          0|
    |data_492_val493493_phi_reg_22279            |    9|   0|    9|          0|
    |data_493_val494494_phi_reg_22292            |    9|   0|    9|          0|
    |data_494_val495495_phi_reg_22305            |    9|   0|    9|          0|
    |data_495_val496496_phi_reg_22318            |    9|   0|    9|          0|
    |data_496_val497497_phi_reg_22331            |    9|   0|    9|          0|
    |data_497_val498498_phi_reg_22344            |    9|   0|    9|          0|
    |data_498_val499499_phi_reg_22357            |    9|   0|    9|          0|
    |data_499_val500500_phi_reg_22370            |    9|   0|    9|          0|
    |data_49_val5050_phi_reg_16520               |    9|   0|    9|          0|
    |data_4_val55_phi_reg_15935                  |    9|   0|    9|          0|
    |data_500_val501501_phi_reg_22383            |    9|   0|    9|          0|
    |data_501_val502502_phi_reg_22396            |    9|   0|    9|          0|
    |data_502_val503503_phi_reg_22409            |    9|   0|    9|          0|
    |data_503_val504504_phi_reg_22422            |    9|   0|    9|          0|
    |data_504_val505505_phi_reg_22435            |    9|   0|    9|          0|
    |data_505_val506506_phi_reg_22448            |    9|   0|    9|          0|
    |data_506_val507507_phi_reg_22461            |    9|   0|    9|          0|
    |data_507_val508508_phi_reg_22474            |    9|   0|    9|          0|
    |data_508_val509509_phi_reg_22487            |    9|   0|    9|          0|
    |data_509_val510510_phi_reg_22500            |    9|   0|    9|          0|
    |data_50_val5151_phi_reg_16533               |    9|   0|    9|          0|
    |data_510_val511511_phi_reg_22513            |    9|   0|    9|          0|
    |data_511_val512512_phi_reg_22526            |    9|   0|    9|          0|
    |data_51_val5252_phi_reg_16546               |    9|   0|    9|          0|
    |data_52_val5353_phi_reg_16559               |    9|   0|    9|          0|
    |data_53_val5454_phi_reg_16572               |    9|   0|    9|          0|
    |data_54_val5555_phi_reg_16585               |    9|   0|    9|          0|
    |data_55_val5656_phi_reg_16598               |    9|   0|    9|          0|
    |data_56_val5757_phi_reg_16611               |    9|   0|    9|          0|
    |data_57_val5858_phi_reg_16624               |    9|   0|    9|          0|
    |data_58_val5959_phi_reg_16637               |    9|   0|    9|          0|
    |data_59_val6060_phi_reg_16650               |    9|   0|    9|          0|
    |data_5_val66_phi_reg_15948                  |    9|   0|    9|          0|
    |data_60_val6161_phi_reg_16663               |    9|   0|    9|          0|
    |data_61_val6262_phi_reg_16676               |    9|   0|    9|          0|
    |data_62_val6363_phi_reg_16689               |    9|   0|    9|          0|
    |data_63_val6464_phi_reg_16702               |    9|   0|    9|          0|
    |data_64_val6565_phi_reg_16715               |    9|   0|    9|          0|
    |data_65_val6666_phi_reg_16728               |    9|   0|    9|          0|
    |data_66_val6767_phi_reg_16741               |    9|   0|    9|          0|
    |data_67_val6868_phi_reg_16754               |    9|   0|    9|          0|
    |data_68_val6969_phi_reg_16767               |    9|   0|    9|          0|
    |data_69_val7070_phi_reg_16780               |    9|   0|    9|          0|
    |data_6_val77_phi_reg_15961                  |    9|   0|    9|          0|
    |data_70_val7171_phi_reg_16793               |    9|   0|    9|          0|
    |data_71_val7272_phi_reg_16806               |    9|   0|    9|          0|
    |data_72_val7373_phi_reg_16819               |    9|   0|    9|          0|
    |data_73_val7474_phi_reg_16832               |    9|   0|    9|          0|
    |data_74_val7575_phi_reg_16845               |    9|   0|    9|          0|
    |data_75_val7676_phi_reg_16858               |    9|   0|    9|          0|
    |data_76_val7777_phi_reg_16871               |    9|   0|    9|          0|
    |data_77_val7878_phi_reg_16884               |    9|   0|    9|          0|
    |data_78_val7979_phi_reg_16897               |    9|   0|    9|          0|
    |data_79_val8080_phi_reg_16910               |    9|   0|    9|          0|
    |data_7_val88_phi_reg_15974                  |    9|   0|    9|          0|
    |data_80_val8181_phi_reg_16923               |    9|   0|    9|          0|
    |data_81_val8282_phi_reg_16936               |    9|   0|    9|          0|
    |data_82_val8383_phi_reg_16949               |    9|   0|    9|          0|
    |data_83_val8484_phi_reg_16962               |    9|   0|    9|          0|
    |data_84_val8585_phi_reg_16975               |    9|   0|    9|          0|
    |data_85_val8686_phi_reg_16988               |    9|   0|    9|          0|
    |data_86_val8787_phi_reg_17001               |    9|   0|    9|          0|
    |data_87_val8888_phi_reg_17014               |    9|   0|    9|          0|
    |data_88_val8989_phi_reg_17027               |    9|   0|    9|          0|
    |data_89_val9090_phi_reg_17040               |    9|   0|    9|          0|
    |data_8_val99_phi_reg_15987                  |    9|   0|    9|          0|
    |data_90_val9191_phi_reg_17053               |    9|   0|    9|          0|
    |data_91_val9292_phi_reg_17066               |    9|   0|    9|          0|
    |data_92_val9393_phi_reg_17079               |    9|   0|    9|          0|
    |data_93_val9494_phi_reg_17092               |    9|   0|    9|          0|
    |data_94_val9595_phi_reg_17105               |    9|   0|    9|          0|
    |data_95_val9696_phi_reg_17118               |    9|   0|    9|          0|
    |data_96_val9797_phi_reg_17131               |    9|   0|    9|          0|
    |data_97_val9898_phi_reg_17144               |    9|   0|    9|          0|
    |data_98_val9999_phi_reg_17157               |    9|   0|    9|          0|
    |data_99_val100100_phi_reg_17170             |    9|   0|    9|          0|
    |data_9_val1010_phi_reg_16000                |    9|   0|    9|          0|
    |data_buf_38_reg_23813                       |    9|   0|    9|          0|
    |data_buf_48_reg_23282                       |    9|   0|    9|          0|
    |data_buf_50_reg_23175                       |    9|   0|    9|          0|
    |do_init_reg_9198                            |    1|   0|    1|          0|
    |i_part_reg_531749                           |    4|   0|    4|          0|
    |icmp_ln34_reg_531754                        |    1|   0|    1|          0|
    |lshr_ln54_10_reg_532170                     |    8|   0|    8|          0|
    |lshr_ln54_11_reg_532175                     |    8|   0|    8|          0|
    |lshr_ln54_12_reg_532180                     |    9|   0|    9|          0|
    |lshr_ln54_14_reg_532340                     |    9|   0|    9|          0|
    |lshr_ln54_18_reg_532855                     |    8|   0|    8|          0|
    |lshr_ln54_1_reg_531886                      |    8|   0|    8|          0|
    |lshr_ln54_20_reg_533109                     |    9|   0|    9|          0|
    |lshr_ln54_20_reg_533109_pp0_iter2_reg       |    9|   0|    9|          0|
    |lshr_ln54_21_reg_533211                     |    8|   0|    8|          0|
    |lshr_ln54_22_reg_533322                     |    8|   0|    8|          0|
    |lshr_ln54_24_reg_533347                     |    7|   0|    7|          0|
    |lshr_ln54_25_reg_533438                     |    8|   0|    8|          0|
    |lshr_ln54_26_reg_533458                     |    8|   0|    8|          0|
    |lshr_ln54_26_reg_533458_pp0_iter2_reg       |    8|   0|    8|          0|
    |lshr_ln54_2_reg_531768                      |    8|   0|    8|          0|
    |lshr_ln54_2_reg_531768_pp0_iter2_reg        |    8|   0|    8|          0|
    |lshr_ln54_3_reg_531901                      |    7|   0|    7|          0|
    |lshr_ln54_4_reg_531981                      |    9|   0|    9|          0|
    |lshr_ln54_5_reg_531991                      |    6|   0|    6|          0|
    |lshr_ln54_6_reg_532022                      |    8|   0|    8|          0|
    |lshr_ln54_7_reg_532032                      |    4|   0|    4|          0|
    |lshr_ln54_8_reg_532082                      |    9|   0|    9|          0|
    |lshr_ln54_8_reg_532082_pp0_iter2_reg        |    9|   0|    9|          0|
    |lshr_ln54_9_reg_531783                      |    4|   0|    4|          0|
    |lshr_ln54_s_reg_531881                      |    5|   0|    5|          0|
    |phi_ln34_reg_15869                          |    4|   0|    4|          0|
    |sext_ln54_83_reg_533064                     |   11|   0|   11|          0|
    |tmp_491_reg_531763                          |    9|   0|    9|          0|
    |tmp_493_reg_531773                          |   10|   0|   10|          0|
    |tmp_494_reg_531788                          |    9|   0|    9|          0|
    |tmp_495_reg_531793                          |    9|   0|    9|          0|
    |tmp_496_reg_531798                          |   11|   0|   11|          0|
    |tmp_496_reg_531798_pp0_iter2_reg            |   11|   0|   11|          0|
    |tmp_498_reg_533939                          |   11|   0|   11|          0|
    |tmp_498_reg_533939_pp0_iter3_reg            |   11|   0|   11|          0|
    |tmp_499_reg_531841                          |   10|   0|   10|          0|
    |tmp_500_reg_531871                          |   11|   0|   11|          0|
    |tmp_501_reg_531891                          |    8|   0|    8|          0|
    |tmp_502_reg_531911                          |   10|   0|   10|          0|
    |tmp_504_reg_531941                          |   11|   0|   11|          0|
    |tmp_505_reg_531946                          |   11|   0|   11|          0|
    |tmp_505_reg_531946_pp0_iter2_reg            |   11|   0|   11|          0|
    |tmp_506_reg_531951                          |   10|   0|   10|          0|
    |tmp_507_reg_531961                          |    8|   0|    8|          0|
    |tmp_508_reg_531971                          |    9|   0|    9|          0|
    |tmp_509_reg_532042                          |   11|   0|   11|          0|
    |tmp_509_reg_532042_pp0_iter2_reg            |   11|   0|   11|          0|
    |tmp_510_reg_532057                          |    9|   0|    9|          0|
    |tmp_511_reg_532062                          |   10|   0|   10|          0|
    |tmp_511_reg_532062_pp0_iter2_reg            |   10|   0|   10|          0|
    |tmp_512_reg_532087                          |   10|   0|   10|          0|
    |tmp_513_reg_532097                          |    9|   0|    9|          0|
    |tmp_514_reg_532107                          |   11|   0|   11|          0|
    |tmp_515_reg_532122                          |   10|   0|   10|          0|
    |tmp_516_reg_532132                          |   11|   0|   11|          0|
    |tmp_517_reg_532137                          |   10|   0|   10|          0|
    |tmp_517_reg_532137_pp0_iter2_reg            |   10|   0|   10|          0|
    |tmp_518_reg_533949                          |   10|   0|   10|          0|
    |tmp_519_reg_533954                          |   11|   0|   11|          0|
    |tmp_520_reg_533959                          |   10|   0|   10|          0|
    |tmp_520_reg_533959_pp0_iter3_reg            |   10|   0|   10|          0|
    |tmp_521_reg_532165                          |    8|   0|    8|          0|
    |tmp_522_reg_533964                          |   10|   0|   10|          0|
    |tmp_523_reg_533969                          |   10|   0|   10|          0|
    |tmp_524_reg_533979                          |   11|   0|   11|          0|
    |tmp_525_reg_532185                          |    9|   0|    9|          0|
    |tmp_526_reg_532200                          |    9|   0|    9|          0|
    |tmp_527_reg_532210                          |   11|   0|   11|          0|
    |tmp_528_reg_532235                          |   10|   0|   10|          0|
    |tmp_529_reg_532260                          |   10|   0|   10|          0|
    |tmp_530_reg_532265                          |   11|   0|   11|          0|
    |tmp_530_reg_532265_pp0_iter2_reg            |   11|   0|   11|          0|
    |tmp_531_reg_532270                          |   11|   0|   11|          0|
    |tmp_531_reg_532270_pp0_iter2_reg            |   11|   0|   11|          0|
    |tmp_532_reg_532275                          |   10|   0|   10|          0|
    |tmp_532_reg_532275_pp0_iter2_reg            |   10|   0|   10|          0|
    |tmp_533_reg_532295                          |    8|   0|    8|          0|
    |tmp_534_reg_532305                          |   10|   0|   10|          0|
    |tmp_535_reg_532335                          |   11|   0|   11|          0|
    |tmp_536_reg_532360                          |    7|   0|    7|          0|
    |tmp_537_reg_532370                          |   10|   0|   10|          0|
    |tmp_538_reg_532375                          |   10|   0|   10|          0|
    |tmp_538_reg_532375_pp0_iter2_reg            |   10|   0|   10|          0|
    |tmp_539_reg_532385                          |   10|   0|   10|          0|
    |tmp_540_reg_532390                          |   11|   0|   11|          0|
    |tmp_541_reg_532415                          |   10|   0|   10|          0|
    |tmp_542_reg_532435                          |   10|   0|   10|          0|
    |tmp_542_reg_532435_pp0_iter2_reg            |   10|   0|   10|          0|
    |tmp_543_reg_532440                          |    9|   0|    9|          0|
    |tmp_545_reg_532465                          |    9|   0|    9|          0|
    |tmp_546_reg_532470                          |   10|   0|   10|          0|
    |tmp_547_reg_532475                          |   10|   0|   10|          0|
    |tmp_548_reg_532525                          |    9|   0|    9|          0|
    |tmp_549_reg_532530                          |    9|   0|    9|          0|
    |tmp_550_reg_532540                          |   10|   0|   10|          0|
    |tmp_552_reg_532560                          |   10|   0|   10|          0|
    |tmp_552_reg_532560_pp0_iter2_reg            |   10|   0|   10|          0|
    |tmp_553_reg_532565                          |    9|   0|    9|          0|
    |tmp_554_reg_532575                          |    9|   0|    9|          0|
    |tmp_555_reg_532590                          |    8|   0|    8|          0|
    |tmp_556_reg_532620                          |   11|   0|   11|          0|
    |tmp_556_reg_532620_pp0_iter2_reg            |   11|   0|   11|          0|
    |tmp_557_reg_532630                          |   10|   0|   10|          0|
    |tmp_557_reg_532630_pp0_iter2_reg            |   10|   0|   10|          0|
    |tmp_558_reg_532645                          |   10|   0|   10|          0|
    |tmp_559_reg_532650                          |    9|   0|    9|          0|
    |tmp_560_reg_532660                          |   11|   0|   11|          0|
    |tmp_560_reg_532660_pp0_iter2_reg            |   11|   0|   11|          0|
    |tmp_561_reg_532690                          |    9|   0|    9|          0|
    |tmp_562_reg_532745                          |   10|   0|   10|          0|
    |tmp_563_reg_532750                          |    9|   0|    9|          0|
    |tmp_564_reg_532755                          |    9|   0|    9|          0|
    |tmp_565_reg_532785                          |    9|   0|    9|          0|
    |tmp_566_reg_532795                          |   11|   0|   11|          0|
    |tmp_567_reg_532800                          |    9|   0|    9|          0|
    |tmp_568_reg_532845                          |   10|   0|   10|          0|
    |tmp_569_reg_532870                          |    9|   0|    9|          0|
    |tmp_570_reg_532885                          |    9|   0|    9|          0|
    |tmp_570_reg_532885_pp0_iter2_reg            |    9|   0|    9|          0|
    |tmp_571_reg_532895                          |   11|   0|   11|          0|
    |tmp_572_reg_532905                          |   10|   0|   10|          0|
    |tmp_573_reg_532942                          |    9|   0|    9|          0|
    |tmp_573_reg_532942_pp0_iter2_reg            |    9|   0|    9|          0|
    |tmp_574_reg_532977                          |   10|   0|   10|          0|
    |tmp_574_reg_532977_pp0_iter2_reg            |   10|   0|   10|          0|
    |tmp_575_reg_533007                          |   10|   0|   10|          0|
    |tmp_576_reg_533038                          |    7|   0|    7|          0|
    |tmp_577_reg_533043                          |    8|   0|    8|          0|
    |tmp_579_reg_533049                          |   10|   0|   10|          0|
    |tmp_579_reg_533049_pp0_iter2_reg            |   10|   0|   10|          0|
    |tmp_580_reg_533054                          |   11|   0|   11|          0|
    |tmp_581_reg_533069                          |    9|   0|    9|          0|
    |tmp_582_reg_533089                          |   10|   0|   10|          0|
    |tmp_583_reg_533099                          |    8|   0|    8|          0|
    |tmp_584_reg_533216                          |    9|   0|    9|          0|
    |tmp_585_reg_533232                          |    8|   0|    8|          0|
    |tmp_586_reg_533989                          |   10|   0|   10|          0|
    |tmp_587_reg_533994                          |   10|   0|   10|          0|
    |tmp_588_reg_533257                          |    9|   0|    9|          0|
    |tmp_589_reg_533262                          |   11|   0|   11|          0|
    |tmp_590_reg_533277                          |    8|   0|    8|          0|
    |tmp_591_reg_533282                          |    7|   0|    7|          0|
    |tmp_592_reg_533297                          |   10|   0|   10|          0|
    |tmp_593_reg_533307                          |    8|   0|    8|          0|
    |tmp_594_reg_533312                          |   10|   0|   10|          0|
    |tmp_595_reg_533337                          |    9|   0|    9|          0|
    |tmp_596_reg_533363                          |    8|   0|    8|          0|
    |tmp_597_reg_533368                          |    9|   0|    9|          0|
    |tmp_599_reg_533373                          |   12|   0|   12|          0|
    |tmp_600_reg_533388                          |   10|   0|   10|          0|
    |tmp_601_reg_533433                          |   10|   0|   10|          0|
    |tmp_602_reg_533453                          |    9|   0|    9|          0|
    |tmp_603_reg_533463                          |   10|   0|   10|          0|
    |tmp_603_reg_533463_pp0_iter2_reg            |   10|   0|   10|          0|
    |tmp_604_reg_533468                          |    9|   0|    9|          0|
    |tmp_605_reg_533483                          |    9|   0|    9|          0|
    |tmp_606_reg_533498                          |   10|   0|   10|          0|
    |tmp_608_reg_533503                          |    8|   0|    8|          0|
    |tmp_609_reg_533508                          |   10|   0|   10|          0|
    |tmp_610_reg_533513                          |   10|   0|   10|          0|
    |tmp_611_reg_533518                          |   11|   0|   11|          0|
    |tmp_612_reg_533533                          |   10|   0|   10|          0|
    |tmp_612_reg_533533_pp0_iter2_reg            |   10|   0|   10|          0|
    |tmp_615_reg_533539                          |    9|   0|    9|          0|
    |tmp_615_reg_533539_pp0_iter2_reg            |    9|   0|    9|          0|
    |tmp_616_reg_533574                          |   11|   0|   11|          0|
    |tmp_617_reg_533579                          |   10|   0|   10|          0|
    |tmp_619_reg_533664                          |    9|   0|    9|          0|
    |tmp_620_reg_533679                          |   10|   0|   10|          0|
    |tmp_621_reg_533689                          |   10|   0|   10|          0|
    |tmp_621_reg_533689_pp0_iter2_reg            |   10|   0|   10|          0|
    |tmp_623_reg_533699                          |    9|   0|    9|          0|
    |tmp_625_reg_533714                          |    8|   0|    8|          0|
    |tmp_626_reg_533719                          |    8|   0|    8|          0|
    |tmp_627_reg_533724                          |   10|   0|   10|          0|
    |tmp_reg_531758                              |   10|   0|   10|          0|
    |trunc_ln54_100_reg_532490                   |   11|   0|   11|          0|
    |trunc_ln54_101_reg_532495                   |   12|   0|   12|          0|
    |trunc_ln54_102_reg_532500                   |    9|   0|    9|          0|
    |trunc_ln54_103_reg_532505                   |    9|   0|    9|          0|
    |trunc_ln54_104_reg_532510                   |   11|   0|   11|          0|
    |trunc_ln54_105_reg_532515                   |    8|   0|    8|          0|
    |trunc_ln54_106_reg_532520                   |    8|   0|    8|          0|
    |trunc_ln54_107_reg_532535                   |    8|   0|    8|          0|
    |trunc_ln54_109_reg_532550                   |   10|   0|   10|          0|
    |trunc_ln54_10_reg_531846                    |   10|   0|   10|          0|
    |trunc_ln54_110_reg_532555                   |   10|   0|   10|          0|
    |trunc_ln54_113_reg_532570                   |   11|   0|   11|          0|
    |trunc_ln54_114_reg_532580                   |   10|   0|   10|          0|
    |trunc_ln54_115_reg_532585                   |    9|   0|    9|          0|
    |trunc_ln54_115_reg_532585_pp0_iter2_reg     |    9|   0|    9|          0|
    |trunc_ln54_116_reg_532595                   |   11|   0|   11|          0|
    |trunc_ln54_117_reg_532600                   |    9|   0|    9|          0|
    |trunc_ln54_118_reg_532605                   |    9|   0|    9|          0|
    |trunc_ln54_119_reg_532610                   |   10|   0|   10|          0|
    |trunc_ln54_11_reg_531851                    |   11|   0|   11|          0|
    |trunc_ln54_120_reg_532615                   |   11|   0|   11|          0|
    |trunc_ln54_122_reg_532625                   |   10|   0|   10|          0|
    |trunc_ln54_123_reg_532635                   |    9|   0|    9|          0|
    |trunc_ln54_124_reg_532640                   |   12|   0|   12|          0|
    |trunc_ln54_126_reg_532655                   |    9|   0|    9|          0|
    |trunc_ln54_127_reg_532665                   |   10|   0|   10|          0|
    |trunc_ln54_128_reg_532670                   |   10|   0|   10|          0|
    |trunc_ln54_129_reg_532675                   |   12|   0|   12|          0|
    |trunc_ln54_12_reg_531856                    |   11|   0|   11|          0|
    |trunc_ln54_130_reg_532680                   |   12|   0|   12|          0|
    |trunc_ln54_131_reg_532685                   |   10|   0|   10|          0|
    |trunc_ln54_132_reg_532695                   |   10|   0|   10|          0|
    |trunc_ln54_134_reg_532700                   |   11|   0|   11|          0|
    |trunc_ln54_135_reg_532705                   |    9|   0|    9|          0|
    |trunc_ln54_136_reg_532710                   |   10|   0|   10|          0|
    |trunc_ln54_137_reg_532715                   |    9|   0|    9|          0|
    |trunc_ln54_138_reg_532720                   |   10|   0|   10|          0|
    |trunc_ln54_139_reg_532725                   |   10|   0|   10|          0|
    |trunc_ln54_13_reg_531876                    |   13|   0|   13|          0|
    |trunc_ln54_140_reg_532730                   |   11|   0|   11|          0|
    |trunc_ln54_142_reg_532735                   |   11|   0|   11|          0|
    |trunc_ln54_144_reg_532740                   |   10|   0|   10|          0|
    |trunc_ln54_14_reg_531861                    |   12|   0|   12|          0|
    |trunc_ln54_150_reg_532760                   |   11|   0|   11|          0|
    |trunc_ln54_151_reg_532765                   |    9|   0|    9|          0|
    |trunc_ln54_152_reg_532770                   |   10|   0|   10|          0|
    |trunc_ln54_153_reg_532775                   |   10|   0|   10|          0|
    |trunc_ln54_156_reg_532780                   |    9|   0|    9|          0|
    |trunc_ln54_157_reg_532790                   |    8|   0|    8|          0|
    |trunc_ln54_158_reg_532805                   |   10|   0|   10|          0|
    |trunc_ln54_159_reg_532810                   |    9|   0|    9|          0|
    |trunc_ln54_15_reg_531866                    |   12|   0|   12|          0|
    |trunc_ln54_161_reg_532815                   |   10|   0|   10|          0|
    |trunc_ln54_162_reg_532820                   |   11|   0|   11|          0|
    |trunc_ln54_163_reg_532825                   |   11|   0|   11|          0|
    |trunc_ln54_164_reg_532830                   |    9|   0|    9|          0|
    |trunc_ln54_165_reg_532835                   |    9|   0|    9|          0|
    |trunc_ln54_166_reg_532840                   |    9|   0|    9|          0|
    |trunc_ln54_167_reg_532850                   |    9|   0|    9|          0|
    |trunc_ln54_168_reg_532860                   |   11|   0|   11|          0|
    |trunc_ln54_169_reg_532865                   |   10|   0|   10|          0|
    |trunc_ln54_170_reg_532875                   |    9|   0|    9|          0|
    |trunc_ln54_171_reg_532880                   |    8|   0|    8|          0|
    |trunc_ln54_172_reg_532890                   |    8|   0|    8|          0|
    |trunc_ln54_175_reg_532900                   |    9|   0|    9|          0|
    |trunc_ln54_176_reg_532910                   |   10|   0|   10|          0|
    |trunc_ln54_177_reg_532915                   |   10|   0|   10|          0|
    |trunc_ln54_178_reg_532920                   |   11|   0|   11|          0|
    |trunc_ln54_179_reg_532926                   |   10|   0|   10|          0|
    |trunc_ln54_17_reg_531896                    |   11|   0|   11|          0|
    |trunc_ln54_181_reg_532931                   |   11|   0|   11|          0|
    |trunc_ln54_182_reg_532936                   |   11|   0|   11|          0|
    |trunc_ln54_183_reg_533984                   |   12|   0|   12|          0|
    |trunc_ln54_185_reg_532947                   |   11|   0|   11|          0|
    |trunc_ln54_186_reg_532952                   |   10|   0|   10|          0|
    |trunc_ln54_187_reg_532957                   |    9|   0|    9|          0|
    |trunc_ln54_189_reg_532962                   |   10|   0|   10|          0|
    |trunc_ln54_18_reg_531906                    |   10|   0|   10|          0|
    |trunc_ln54_190_reg_532967                   |   11|   0|   11|          0|
    |trunc_ln54_191_reg_532972                   |   11|   0|   11|          0|
    |trunc_ln54_192_reg_532987                   |   11|   0|   11|          0|
    |trunc_ln54_193_reg_532992                   |    9|   0|    9|          0|
    |trunc_ln54_194_reg_532997                   |   10|   0|   10|          0|
    |trunc_ln54_195_reg_533002                   |    9|   0|    9|          0|
    |trunc_ln54_196_reg_533012                   |   11|   0|   11|          0|
    |trunc_ln54_197_reg_533017                   |    8|   0|    8|          0|
    |trunc_ln54_198_reg_533022                   |    9|   0|    9|          0|
    |trunc_ln54_199_reg_533027                   |   11|   0|   11|          0|
    |trunc_ln54_1_reg_531821                     |   10|   0|   10|          0|
    |trunc_ln54_200_reg_533033                   |   11|   0|   11|          0|
    |trunc_ln54_201_reg_533059                   |   10|   0|   10|          0|
    |trunc_ln54_204_reg_533074                   |    8|   0|    8|          0|
    |trunc_ln54_205_reg_533079                   |   10|   0|   10|          0|
    |trunc_ln54_206_reg_533084                   |    9|   0|    9|          0|
    |trunc_ln54_208_reg_533094                   |    9|   0|    9|          0|
    |trunc_ln54_209_reg_533104                   |    8|   0|    8|          0|
    |trunc_ln54_20_reg_531916                    |   10|   0|   10|          0|
    |trunc_ln54_210_reg_533114                   |   11|   0|   11|          0|
    |trunc_ln54_211_reg_533119                   |    9|   0|    9|          0|
    |trunc_ln54_212_reg_533124                   |   11|   0|   11|          0|
    |trunc_ln54_212_reg_533124_pp0_iter2_reg     |   11|   0|   11|          0|
    |trunc_ln54_213_reg_533129                   |    9|   0|    9|          0|
    |trunc_ln54_214_reg_533135                   |   11|   0|   11|          0|
    |trunc_ln54_215_reg_533140                   |   12|   0|   12|          0|
    |trunc_ln54_216_reg_533145                   |   10|   0|   10|          0|
    |trunc_ln54_217_reg_533150                   |   10|   0|   10|          0|
    |trunc_ln54_218_reg_533155                   |   10|   0|   10|          0|
    |trunc_ln54_219_reg_533160                   |   11|   0|   11|          0|
    |trunc_ln54_21_reg_531921                    |   11|   0|   11|          0|
    |trunc_ln54_221_reg_533165                   |   12|   0|   12|          0|
    |trunc_ln54_222_reg_533170                   |   10|   0|   10|          0|
    |trunc_ln54_223_reg_533176                   |   11|   0|   11|          0|
    |trunc_ln54_224_reg_533181                   |   10|   0|   10|          0|
    |trunc_ln54_224_reg_533181_pp0_iter2_reg     |   10|   0|   10|          0|
    |trunc_ln54_225_reg_533186                   |   10|   0|   10|          0|
    |trunc_ln54_226_reg_533191                   |   11|   0|   11|          0|
    |trunc_ln54_227_reg_533196                   |   10|   0|   10|          0|
    |trunc_ln54_228_reg_533201                   |   12|   0|   12|          0|
    |trunc_ln54_229_reg_533206                   |   10|   0|   10|          0|
    |trunc_ln54_22_reg_531926                    |   11|   0|   11|          0|
    |trunc_ln54_22_reg_531926_pp0_iter2_reg      |   11|   0|   11|          0|
    |trunc_ln54_230_reg_533221                   |   11|   0|   11|          0|
    |trunc_ln54_231_reg_533237                   |   11|   0|   11|          0|
    |trunc_ln54_233_reg_533242                   |   10|   0|   10|          0|
    |trunc_ln54_234_reg_533252                   |   11|   0|   11|          0|
    |trunc_ln54_235_reg_533267                   |    9|   0|    9|          0|
    |trunc_ln54_236_reg_533272                   |   10|   0|   10|          0|
    |trunc_ln54_237_reg_533287                   |   11|   0|   11|          0|
    |trunc_ln54_238_reg_533292                   |   12|   0|   12|          0|
    |trunc_ln54_23_reg_531931                    |   11|   0|   11|          0|
    |trunc_ln54_240_reg_533302                   |   10|   0|   10|          0|
    |trunc_ln54_241_reg_533317                   |    9|   0|    9|          0|
    |trunc_ln54_242_reg_533327                   |   10|   0|   10|          0|
    |trunc_ln54_243_reg_533332                   |    9|   0|    9|          0|
    |trunc_ln54_244_reg_533342                   |    9|   0|    9|          0|
    |trunc_ln54_245_reg_533352                   |   12|   0|   12|          0|
    |trunc_ln54_246_reg_533357                   |   11|   0|   11|          0|
    |trunc_ln54_246_reg_533357_pp0_iter2_reg     |   11|   0|   11|          0|
    |trunc_ln54_247_reg_533378                   |   10|   0|   10|          0|
    |trunc_ln54_247_reg_533378_pp0_iter2_reg     |   10|   0|   10|          0|
    |trunc_ln54_248_reg_533383                   |   12|   0|   12|          0|
    |trunc_ln54_249_reg_533393                   |   10|   0|   10|          0|
    |trunc_ln54_24_reg_531936                    |   10|   0|   10|          0|
    |trunc_ln54_250_reg_533398                   |   10|   0|   10|          0|
    |trunc_ln54_251_reg_533403                   |   10|   0|   10|          0|
    |trunc_ln54_252_reg_533408                   |    9|   0|    9|          0|
    |trunc_ln54_253_reg_533413                   |    8|   0|    8|          0|
    |trunc_ln54_254_reg_533418                   |   10|   0|   10|          0|
    |trunc_ln54_255_reg_533423                   |    9|   0|    9|          0|
    |trunc_ln54_256_reg_533428                   |   10|   0|   10|          0|
    |trunc_ln54_257_reg_533443                   |    8|   0|    8|          0|
    |trunc_ln54_258_reg_533448                   |   10|   0|   10|          0|
    |trunc_ln54_25_reg_531956                    |   10|   0|   10|          0|
    |trunc_ln54_260_reg_533473                   |   11|   0|   11|          0|
    |trunc_ln54_260_reg_533473_pp0_iter2_reg     |   11|   0|   11|          0|
    |trunc_ln54_262_reg_533478                   |    9|   0|    9|          0|
    |trunc_ln54_263_reg_533488                   |    7|   0|    7|          0|
    |trunc_ln54_264_reg_533493                   |   10|   0|   10|          0|
    |trunc_ln54_265_reg_533523                   |   12|   0|   12|          0|
    |trunc_ln54_266_reg_533528                   |   11|   0|   11|          0|
    |trunc_ln54_267_reg_533544                   |   11|   0|   11|          0|
    |trunc_ln54_269_reg_533549                   |   10|   0|   10|          0|
    |trunc_ln54_26_reg_531966                    |    9|   0|    9|          0|
    |trunc_ln54_270_reg_533554                   |    7|   0|    7|          0|
    |trunc_ln54_271_reg_533559                   |   11|   0|   11|          0|
    |trunc_ln54_272_reg_533564                   |   11|   0|   11|          0|
    |trunc_ln54_273_reg_533569                   |    8|   0|    8|          0|
    |trunc_ln54_274_reg_533584                   |   10|   0|   10|          0|
    |trunc_ln54_275_reg_533654                   |   13|   0|   13|          0|
    |trunc_ln54_276_reg_533589                   |   10|   0|   10|          0|
    |trunc_ln54_277_reg_533599                   |    8|   0|    8|          0|
    |trunc_ln54_278_reg_533604                   |   10|   0|   10|          0|
    |trunc_ln54_279_reg_533609                   |    9|   0|    9|          0|
    |trunc_ln54_280_reg_533614                   |   11|   0|   11|          0|
    |trunc_ln54_281_reg_533619                   |   10|   0|   10|          0|
    |trunc_ln54_282_reg_533629                   |   10|   0|   10|          0|
    |trunc_ln54_284_reg_533634                   |   10|   0|   10|          0|
    |trunc_ln54_285_reg_533639                   |    7|   0|    7|          0|
    |trunc_ln54_286_reg_533644                   |    8|   0|    8|          0|
    |trunc_ln54_288_reg_533649                   |   11|   0|   11|          0|
    |trunc_ln54_289_reg_533659                   |   11|   0|   11|          0|
    |trunc_ln54_28_reg_531976                    |    9|   0|    9|          0|
    |trunc_ln54_290_reg_533669                   |   10|   0|   10|          0|
    |trunc_ln54_291_reg_533674                   |    9|   0|    9|          0|
    |trunc_ln54_292_reg_533684                   |    8|   0|    8|          0|
    |trunc_ln54_293_reg_533694                   |   11|   0|   11|          0|
    |trunc_ln54_295_reg_533704                   |    9|   0|    9|          0|
    |trunc_ln54_296_reg_533709                   |   11|   0|   11|          0|
    |trunc_ln54_29_reg_531986                    |   11|   0|   11|          0|
    |trunc_ln54_2_reg_531831                     |   11|   0|   11|          0|
    |trunc_ln54_30_reg_531996                    |    8|   0|    8|          0|
    |trunc_ln54_31_reg_532002                    |   10|   0|   10|          0|
    |trunc_ln54_33_reg_532012                    |   11|   0|   11|          0|
    |trunc_ln54_34_reg_532017                    |   10|   0|   10|          0|
    |trunc_ln54_36_reg_532027                    |   10|   0|   10|          0|
    |trunc_ln54_37_reg_532037                    |   10|   0|   10|          0|
    |trunc_ln54_38_reg_532047                    |    9|   0|    9|          0|
    |trunc_ln54_40_reg_532052                    |   10|   0|   10|          0|
    |trunc_ln54_41_reg_532067                    |   11|   0|   11|          0|
    |trunc_ln54_42_reg_532072                    |   11|   0|   11|          0|
    |trunc_ln54_43_reg_532077                    |   11|   0|   11|          0|
    |trunc_ln54_44_reg_532092                    |   10|   0|   10|          0|
    |trunc_ln54_45_reg_532102                    |   10|   0|   10|          0|
    |trunc_ln54_47_reg_532112                    |   11|   0|   11|          0|
    |trunc_ln54_48_reg_532117                    |   11|   0|   11|          0|
    |trunc_ln54_49_reg_532127                    |   10|   0|   10|          0|
    |trunc_ln54_50_reg_532147                    |   12|   0|   12|          0|
    |trunc_ln54_52_reg_532160                    |   10|   0|   10|          0|
    |trunc_ln54_53_reg_533974                    |   12|   0|   12|          0|
    |trunc_ln54_54_reg_532190                    |    9|   0|    9|          0|
    |trunc_ln54_55_reg_532195                    |   12|   0|   12|          0|
    |trunc_ln54_58_reg_532205                    |    9|   0|    9|          0|
    |trunc_ln54_59_reg_532215                    |    8|   0|    8|          0|
    |trunc_ln54_5_reg_531778                     |   10|   0|   10|          0|
    |trunc_ln54_60_reg_532220                    |   12|   0|   12|          0|
    |trunc_ln54_61_reg_532225                    |    7|   0|    7|          0|
    |trunc_ln54_62_reg_532230                    |   11|   0|   11|          0|
    |trunc_ln54_63_reg_532240                    |   11|   0|   11|          0|
    |trunc_ln54_64_reg_532245                    |   10|   0|   10|          0|
    |trunc_ln54_65_reg_532250                    |   10|   0|   10|          0|
    |trunc_ln54_66_reg_532255                    |   10|   0|   10|          0|
    |trunc_ln54_68_reg_532280                    |   12|   0|   12|          0|
    |trunc_ln54_70_reg_532285                    |   11|   0|   11|          0|
    |trunc_ln54_71_reg_532290                    |   11|   0|   11|          0|
    |trunc_ln54_73_reg_532300                    |    9|   0|    9|          0|
    |trunc_ln54_74_reg_532310                    |   12|   0|   12|          0|
    |trunc_ln54_76_reg_532315                    |   12|   0|   12|          0|
    |trunc_ln54_77_reg_532320                    |   10|   0|   10|          0|
    |trunc_ln54_78_reg_532325                    |   12|   0|   12|          0|
    |trunc_ln54_79_reg_532330                    |   12|   0|   12|          0|
    |trunc_ln54_7_reg_533944                     |   11|   0|   11|          0|
    |trunc_ln54_82_reg_532345                    |   11|   0|   11|          0|
    |trunc_ln54_83_reg_532350                    |   11|   0|   11|          0|
    |trunc_ln54_84_reg_532355                    |   11|   0|   11|          0|
    |trunc_ln54_85_reg_532365                    |   10|   0|   10|          0|
    |trunc_ln54_86_reg_532380                    |   12|   0|   12|          0|
    |trunc_ln54_87_reg_532395                    |    9|   0|    9|          0|
    |trunc_ln54_88_reg_532400                    |   11|   0|   11|          0|
    |trunc_ln54_89_reg_532405                    |   11|   0|   11|          0|
    |trunc_ln54_8_reg_531836                     |   11|   0|   11|          0|
    |trunc_ln54_90_reg_532410                    |   10|   0|   10|          0|
    |trunc_ln54_91_reg_532420                    |    8|   0|    8|          0|
    |trunc_ln54_92_reg_532425                    |   10|   0|   10|          0|
    |trunc_ln54_93_reg_532430                    |   10|   0|   10|          0|
    |trunc_ln54_94_reg_532445                    |    9|   0|    9|          0|
    |trunc_ln54_95_reg_532450                    |   11|   0|   11|          0|
    |trunc_ln54_96_reg_532455                    |   11|   0|   11|          0|
    |trunc_ln54_97_reg_532460                    |   11|   0|   11|          0|
    |trunc_ln54_98_reg_532480                    |   10|   0|   10|          0|
    |trunc_ln54_99_reg_532485                    |   10|   0|   10|          0|
    |trunc_ln54_9_reg_531810                     |   10|   0|   10|          0|
    |trunc_ln54_s_reg_531816                     |   12|   0|   12|          0|
    |trunc_ln70_2_reg_533594                     |   11|   0|   11|          0|
    |trunc_ln73_1_reg_531826                     |    9|   0|    9|          0|
    |trunc_ln73_2_reg_532142                     |   10|   0|   10|          0|
    |trunc_ln73_3_reg_532545                     |    9|   0|    9|          0|
    |trunc_ln73_4_reg_532982                     |   10|   0|   10|          0|
    |trunc_ln73_5_reg_533247                     |    9|   0|    9|          0|
    |trunc_ln73_7_reg_533624                     |   11|   0|   11|          0|
    |trunc_ln73_s_reg_532007                     |    9|   0|    9|          0|
    |zext_ln54_148_reg_533226                    |    9|   0|   15|          6|
    |zext_ln54_50_reg_532152                     |    9|   0|   15|          6|
    |zext_ln73_554_reg_531804                    |    9|   0|   16|          7|
    |lshr_ln54_12_reg_532180                     |   64|  32|    9|          0|
    |phi_ln34_reg_15869                          |   64|  32|    4|          0|
    +--------------------------------------------+-----+----+-----+-----------+
    |Total                                       |12571|  64|12475|         19|
    +--------------------------------------------+-----+----+-----+-----------+



================================================================
== Interface
================================================================
* Summary: 
+-----------------+-----+-----+------------+----------------------------------------------------------------------------------+--------------+
|    RTL Ports    | Dir | Bits|  Protocol  |                                   Source Object                                  |    C Type    |
+-----------------+-----+-----+------------+----------------------------------------------------------------------------------+--------------+
|ap_clk           |   in|    1|  ap_ctrl_hs|  conv_1d_latency_cl<ap_ufixed<9, 0, 4, 0, 0>, ap_fixed<24, 9, 5, 3, 0>, config29>|  return value|
|ap_rst           |   in|    1|  ap_ctrl_hs|  conv_1d_latency_cl<ap_ufixed<9, 0, 4, 0, 0>, ap_fixed<24, 9, 5, 3, 0>, config29>|  return value|
|ap_start         |   in|    1|  ap_ctrl_hs|  conv_1d_latency_cl<ap_ufixed<9, 0, 4, 0, 0>, ap_fixed<24, 9, 5, 3, 0>, config29>|  return value|
|ap_done          |  out|    1|  ap_ctrl_hs|  conv_1d_latency_cl<ap_ufixed<9, 0, 4, 0, 0>, ap_fixed<24, 9, 5, 3, 0>, config29>|  return value|
|ap_idle          |  out|    1|  ap_ctrl_hs|  conv_1d_latency_cl<ap_ufixed<9, 0, 4, 0, 0>, ap_fixed<24, 9, 5, 3, 0>, config29>|  return value|
|ap_ready         |  out|    1|  ap_ctrl_hs|  conv_1d_latency_cl<ap_ufixed<9, 0, 4, 0, 0>, ap_fixed<24, 9, 5, 3, 0>, config29>|  return value|
|data_0_val1      |   in|    9|     ap_none|                                                                       data_0_val1|        scalar|
|data_1_val2      |   in|    9|     ap_none|                                                                       data_1_val2|        scalar|
|data_2_val3      |   in|    9|     ap_none|                                                                       data_2_val3|        scalar|
|data_3_val4      |   in|    9|     ap_none|                                                                       data_3_val4|        scalar|
|data_4_val5      |   in|    9|     ap_none|                                                                       data_4_val5|        scalar|
|data_5_val6      |   in|    9|     ap_none|                                                                       data_5_val6|        scalar|
|data_6_val7      |   in|    9|     ap_none|                                                                       data_6_val7|        scalar|
|data_7_val8      |   in|    9|     ap_none|                                                                       data_7_val8|        scalar|
|data_8_val9      |   in|    9|     ap_none|                                                                       data_8_val9|        scalar|
|data_9_val10     |   in|    9|     ap_none|                                                                      data_9_val10|        scalar|
|data_10_val11    |   in|    9|     ap_none|                                                                     data_10_val11|        scalar|
|data_11_val12    |   in|    9|     ap_none|                                                                     data_11_val12|        scalar|
|data_12_val13    |   in|    9|     ap_none|                                                                     data_12_val13|        scalar|
|data_13_val14    |   in|    9|     ap_none|                                                                     data_13_val14|        scalar|
|data_14_val15    |   in|    9|     ap_none|                                                                     data_14_val15|        scalar|
|data_15_val16    |   in|    9|     ap_none|                                                                     data_15_val16|        scalar|
|data_16_val17    |   in|    9|     ap_none|                                                                     data_16_val17|        scalar|
|data_17_val18    |   in|    9|     ap_none|                                                                     data_17_val18|        scalar|
|data_18_val19    |   in|    9|     ap_none|                                                                     data_18_val19|        scalar|
|data_19_val20    |   in|    9|     ap_none|                                                                     data_19_val20|        scalar|
|data_20_val21    |   in|    9|     ap_none|                                                                     data_20_val21|        scalar|
|data_21_val22    |   in|    9|     ap_none|                                                                     data_21_val22|        scalar|
|data_22_val23    |   in|    9|     ap_none|                                                                     data_22_val23|        scalar|
|data_23_val24    |   in|    9|     ap_none|                                                                     data_23_val24|        scalar|
|data_24_val25    |   in|    9|     ap_none|                                                                     data_24_val25|        scalar|
|data_25_val26    |   in|    9|     ap_none|                                                                     data_25_val26|        scalar|
|data_26_val27    |   in|    9|     ap_none|                                                                     data_26_val27|        scalar|
|data_27_val28    |   in|    9|     ap_none|                                                                     data_27_val28|        scalar|
|data_28_val29    |   in|    9|     ap_none|                                                                     data_28_val29|        scalar|
|data_29_val30    |   in|    9|     ap_none|                                                                     data_29_val30|        scalar|
|data_30_val31    |   in|    9|     ap_none|                                                                     data_30_val31|        scalar|
|data_31_val32    |   in|    9|     ap_none|                                                                     data_31_val32|        scalar|
|data_32_val33    |   in|    9|     ap_none|                                                                     data_32_val33|        scalar|
|data_33_val34    |   in|    9|     ap_none|                                                                     data_33_val34|        scalar|
|data_34_val35    |   in|    9|     ap_none|                                                                     data_34_val35|        scalar|
|data_35_val36    |   in|    9|     ap_none|                                                                     data_35_val36|        scalar|
|data_36_val37    |   in|    9|     ap_none|                                                                     data_36_val37|        scalar|
|data_37_val38    |   in|    9|     ap_none|                                                                     data_37_val38|        scalar|
|data_38_val39    |   in|    9|     ap_none|                                                                     data_38_val39|        scalar|
|data_39_val40    |   in|    9|     ap_none|                                                                     data_39_val40|        scalar|
|data_40_val41    |   in|    9|     ap_none|                                                                     data_40_val41|        scalar|
|data_41_val42    |   in|    9|     ap_none|                                                                     data_41_val42|        scalar|
|data_42_val43    |   in|    9|     ap_none|                                                                     data_42_val43|        scalar|
|data_43_val44    |   in|    9|     ap_none|                                                                     data_43_val44|        scalar|
|data_44_val45    |   in|    9|     ap_none|                                                                     data_44_val45|        scalar|
|data_45_val46    |   in|    9|     ap_none|                                                                     data_45_val46|        scalar|
|data_46_val47    |   in|    9|     ap_none|                                                                     data_46_val47|        scalar|
|data_47_val48    |   in|    9|     ap_none|                                                                     data_47_val48|        scalar|
|data_48_val49    |   in|    9|     ap_none|                                                                     data_48_val49|        scalar|
|data_49_val50    |   in|    9|     ap_none|                                                                     data_49_val50|        scalar|
|data_50_val51    |   in|    9|     ap_none|                                                                     data_50_val51|        scalar|
|data_51_val52    |   in|    9|     ap_none|                                                                     data_51_val52|        scalar|
|data_52_val53    |   in|    9|     ap_none|                                                                     data_52_val53|        scalar|
|data_53_val54    |   in|    9|     ap_none|                                                                     data_53_val54|        scalar|
|data_54_val55    |   in|    9|     ap_none|                                                                     data_54_val55|        scalar|
|data_55_val56    |   in|    9|     ap_none|                                                                     data_55_val56|        scalar|
|data_56_val57    |   in|    9|     ap_none|                                                                     data_56_val57|        scalar|
|data_57_val58    |   in|    9|     ap_none|                                                                     data_57_val58|        scalar|
|data_58_val59    |   in|    9|     ap_none|                                                                     data_58_val59|        scalar|
|data_59_val60    |   in|    9|     ap_none|                                                                     data_59_val60|        scalar|
|data_60_val61    |   in|    9|     ap_none|                                                                     data_60_val61|        scalar|
|data_61_val62    |   in|    9|     ap_none|                                                                     data_61_val62|        scalar|
|data_62_val63    |   in|    9|     ap_none|                                                                     data_62_val63|        scalar|
|data_63_val64    |   in|    9|     ap_none|                                                                     data_63_val64|        scalar|
|data_64_val65    |   in|    9|     ap_none|                                                                     data_64_val65|        scalar|
|data_65_val66    |   in|    9|     ap_none|                                                                     data_65_val66|        scalar|
|data_66_val67    |   in|    9|     ap_none|                                                                     data_66_val67|        scalar|
|data_67_val68    |   in|    9|     ap_none|                                                                     data_67_val68|        scalar|
|data_68_val69    |   in|    9|     ap_none|                                                                     data_68_val69|        scalar|
|data_69_val70    |   in|    9|     ap_none|                                                                     data_69_val70|        scalar|
|data_70_val71    |   in|    9|     ap_none|                                                                     data_70_val71|        scalar|
|data_71_val72    |   in|    9|     ap_none|                                                                     data_71_val72|        scalar|
|data_72_val73    |   in|    9|     ap_none|                                                                     data_72_val73|        scalar|
|data_73_val74    |   in|    9|     ap_none|                                                                     data_73_val74|        scalar|
|data_74_val75    |   in|    9|     ap_none|                                                                     data_74_val75|        scalar|
|data_75_val76    |   in|    9|     ap_none|                                                                     data_75_val76|        scalar|
|data_76_val77    |   in|    9|     ap_none|                                                                     data_76_val77|        scalar|
|data_77_val78    |   in|    9|     ap_none|                                                                     data_77_val78|        scalar|
|data_78_val79    |   in|    9|     ap_none|                                                                     data_78_val79|        scalar|
|data_79_val80    |   in|    9|     ap_none|                                                                     data_79_val80|        scalar|
|data_80_val81    |   in|    9|     ap_none|                                                                     data_80_val81|        scalar|
|data_81_val82    |   in|    9|     ap_none|                                                                     data_81_val82|        scalar|
|data_82_val83    |   in|    9|     ap_none|                                                                     data_82_val83|        scalar|
|data_83_val84    |   in|    9|     ap_none|                                                                     data_83_val84|        scalar|
|data_84_val85    |   in|    9|     ap_none|                                                                     data_84_val85|        scalar|
|data_85_val86    |   in|    9|     ap_none|                                                                     data_85_val86|        scalar|
|data_86_val87    |   in|    9|     ap_none|                                                                     data_86_val87|        scalar|
|data_87_val88    |   in|    9|     ap_none|                                                                     data_87_val88|        scalar|
|data_88_val89    |   in|    9|     ap_none|                                                                     data_88_val89|        scalar|
|data_89_val90    |   in|    9|     ap_none|                                                                     data_89_val90|        scalar|
|data_90_val91    |   in|    9|     ap_none|                                                                     data_90_val91|        scalar|
|data_91_val92    |   in|    9|     ap_none|                                                                     data_91_val92|        scalar|
|data_92_val93    |   in|    9|     ap_none|                                                                     data_92_val93|        scalar|
|data_93_val94    |   in|    9|     ap_none|                                                                     data_93_val94|        scalar|
|data_94_val95    |   in|    9|     ap_none|                                                                     data_94_val95|        scalar|
|data_95_val96    |   in|    9|     ap_none|                                                                     data_95_val96|        scalar|
|data_96_val97    |   in|    9|     ap_none|                                                                     data_96_val97|        scalar|
|data_97_val98    |   in|    9|     ap_none|                                                                     data_97_val98|        scalar|
|data_98_val99    |   in|    9|     ap_none|                                                                     data_98_val99|        scalar|
|data_99_val100   |   in|    9|     ap_none|                                                                    data_99_val100|        scalar|
|data_100_val101  |   in|    9|     ap_none|                                                                   data_100_val101|        scalar|
|data_101_val102  |   in|    9|     ap_none|                                                                   data_101_val102|        scalar|
|data_102_val103  |   in|    9|     ap_none|                                                                   data_102_val103|        scalar|
|data_103_val104  |   in|    9|     ap_none|                                                                   data_103_val104|        scalar|
|data_104_val105  |   in|    9|     ap_none|                                                                   data_104_val105|        scalar|
|data_105_val106  |   in|    9|     ap_none|                                                                   data_105_val106|        scalar|
|data_106_val107  |   in|    9|     ap_none|                                                                   data_106_val107|        scalar|
|data_107_val108  |   in|    9|     ap_none|                                                                   data_107_val108|        scalar|
|data_108_val109  |   in|    9|     ap_none|                                                                   data_108_val109|        scalar|
|data_109_val110  |   in|    9|     ap_none|                                                                   data_109_val110|        scalar|
|data_110_val111  |   in|    9|     ap_none|                                                                   data_110_val111|        scalar|
|data_111_val112  |   in|    9|     ap_none|                                                                   data_111_val112|        scalar|
|data_112_val113  |   in|    9|     ap_none|                                                                   data_112_val113|        scalar|
|data_113_val114  |   in|    9|     ap_none|                                                                   data_113_val114|        scalar|
|data_114_val115  |   in|    9|     ap_none|                                                                   data_114_val115|        scalar|
|data_115_val116  |   in|    9|     ap_none|                                                                   data_115_val116|        scalar|
|data_116_val117  |   in|    9|     ap_none|                                                                   data_116_val117|        scalar|
|data_117_val118  |   in|    9|     ap_none|                                                                   data_117_val118|        scalar|
|data_118_val119  |   in|    9|     ap_none|                                                                   data_118_val119|        scalar|
|data_119_val120  |   in|    9|     ap_none|                                                                   data_119_val120|        scalar|
|data_120_val121  |   in|    9|     ap_none|                                                                   data_120_val121|        scalar|
|data_121_val122  |   in|    9|     ap_none|                                                                   data_121_val122|        scalar|
|data_122_val123  |   in|    9|     ap_none|                                                                   data_122_val123|        scalar|
|data_123_val124  |   in|    9|     ap_none|                                                                   data_123_val124|        scalar|
|data_124_val125  |   in|    9|     ap_none|                                                                   data_124_val125|        scalar|
|data_125_val126  |   in|    9|     ap_none|                                                                   data_125_val126|        scalar|
|data_126_val127  |   in|    9|     ap_none|                                                                   data_126_val127|        scalar|
|data_127_val128  |   in|    9|     ap_none|                                                                   data_127_val128|        scalar|
|data_128_val129  |   in|    9|     ap_none|                                                                   data_128_val129|        scalar|
|data_129_val130  |   in|    9|     ap_none|                                                                   data_129_val130|        scalar|
|data_130_val131  |   in|    9|     ap_none|                                                                   data_130_val131|        scalar|
|data_131_val132  |   in|    9|     ap_none|                                                                   data_131_val132|        scalar|
|data_132_val133  |   in|    9|     ap_none|                                                                   data_132_val133|        scalar|
|data_133_val134  |   in|    9|     ap_none|                                                                   data_133_val134|        scalar|
|data_134_val135  |   in|    9|     ap_none|                                                                   data_134_val135|        scalar|
|data_135_val136  |   in|    9|     ap_none|                                                                   data_135_val136|        scalar|
|data_136_val137  |   in|    9|     ap_none|                                                                   data_136_val137|        scalar|
|data_137_val138  |   in|    9|     ap_none|                                                                   data_137_val138|        scalar|
|data_138_val139  |   in|    9|     ap_none|                                                                   data_138_val139|        scalar|
|data_139_val140  |   in|    9|     ap_none|                                                                   data_139_val140|        scalar|
|data_140_val141  |   in|    9|     ap_none|                                                                   data_140_val141|        scalar|
|data_141_val142  |   in|    9|     ap_none|                                                                   data_141_val142|        scalar|
|data_142_val143  |   in|    9|     ap_none|                                                                   data_142_val143|        scalar|
|data_143_val144  |   in|    9|     ap_none|                                                                   data_143_val144|        scalar|
|data_144_val145  |   in|    9|     ap_none|                                                                   data_144_val145|        scalar|
|data_145_val146  |   in|    9|     ap_none|                                                                   data_145_val146|        scalar|
|data_146_val147  |   in|    9|     ap_none|                                                                   data_146_val147|        scalar|
|data_147_val148  |   in|    9|     ap_none|                                                                   data_147_val148|        scalar|
|data_148_val149  |   in|    9|     ap_none|                                                                   data_148_val149|        scalar|
|data_149_val150  |   in|    9|     ap_none|                                                                   data_149_val150|        scalar|
|data_150_val151  |   in|    9|     ap_none|                                                                   data_150_val151|        scalar|
|data_151_val152  |   in|    9|     ap_none|                                                                   data_151_val152|        scalar|
|data_152_val153  |   in|    9|     ap_none|                                                                   data_152_val153|        scalar|
|data_153_val154  |   in|    9|     ap_none|                                                                   data_153_val154|        scalar|
|data_154_val155  |   in|    9|     ap_none|                                                                   data_154_val155|        scalar|
|data_155_val156  |   in|    9|     ap_none|                                                                   data_155_val156|        scalar|
|data_156_val157  |   in|    9|     ap_none|                                                                   data_156_val157|        scalar|
|data_157_val158  |   in|    9|     ap_none|                                                                   data_157_val158|        scalar|
|data_158_val159  |   in|    9|     ap_none|                                                                   data_158_val159|        scalar|
|data_159_val160  |   in|    9|     ap_none|                                                                   data_159_val160|        scalar|
|data_160_val161  |   in|    9|     ap_none|                                                                   data_160_val161|        scalar|
|data_161_val162  |   in|    9|     ap_none|                                                                   data_161_val162|        scalar|
|data_162_val163  |   in|    9|     ap_none|                                                                   data_162_val163|        scalar|
|data_163_val164  |   in|    9|     ap_none|                                                                   data_163_val164|        scalar|
|data_164_val165  |   in|    9|     ap_none|                                                                   data_164_val165|        scalar|
|data_165_val166  |   in|    9|     ap_none|                                                                   data_165_val166|        scalar|
|data_166_val167  |   in|    9|     ap_none|                                                                   data_166_val167|        scalar|
|data_167_val168  |   in|    9|     ap_none|                                                                   data_167_val168|        scalar|
|data_168_val169  |   in|    9|     ap_none|                                                                   data_168_val169|        scalar|
|data_169_val170  |   in|    9|     ap_none|                                                                   data_169_val170|        scalar|
|data_170_val171  |   in|    9|     ap_none|                                                                   data_170_val171|        scalar|
|data_171_val172  |   in|    9|     ap_none|                                                                   data_171_val172|        scalar|
|data_172_val173  |   in|    9|     ap_none|                                                                   data_172_val173|        scalar|
|data_173_val174  |   in|    9|     ap_none|                                                                   data_173_val174|        scalar|
|data_174_val175  |   in|    9|     ap_none|                                                                   data_174_val175|        scalar|
|data_175_val176  |   in|    9|     ap_none|                                                                   data_175_val176|        scalar|
|data_176_val177  |   in|    9|     ap_none|                                                                   data_176_val177|        scalar|
|data_177_val178  |   in|    9|     ap_none|                                                                   data_177_val178|        scalar|
|data_178_val179  |   in|    9|     ap_none|                                                                   data_178_val179|        scalar|
|data_179_val180  |   in|    9|     ap_none|                                                                   data_179_val180|        scalar|
|data_180_val181  |   in|    9|     ap_none|                                                                   data_180_val181|        scalar|
|data_181_val182  |   in|    9|     ap_none|                                                                   data_181_val182|        scalar|
|data_182_val183  |   in|    9|     ap_none|                                                                   data_182_val183|        scalar|
|data_183_val184  |   in|    9|     ap_none|                                                                   data_183_val184|        scalar|
|data_184_val185  |   in|    9|     ap_none|                                                                   data_184_val185|        scalar|
|data_185_val186  |   in|    9|     ap_none|                                                                   data_185_val186|        scalar|
|data_186_val187  |   in|    9|     ap_none|                                                                   data_186_val187|        scalar|
|data_187_val188  |   in|    9|     ap_none|                                                                   data_187_val188|        scalar|
|data_188_val189  |   in|    9|     ap_none|                                                                   data_188_val189|        scalar|
|data_189_val190  |   in|    9|     ap_none|                                                                   data_189_val190|        scalar|
|data_190_val191  |   in|    9|     ap_none|                                                                   data_190_val191|        scalar|
|data_191_val192  |   in|    9|     ap_none|                                                                   data_191_val192|        scalar|
|data_192_val193  |   in|    9|     ap_none|                                                                   data_192_val193|        scalar|
|data_193_val194  |   in|    9|     ap_none|                                                                   data_193_val194|        scalar|
|data_194_val195  |   in|    9|     ap_none|                                                                   data_194_val195|        scalar|
|data_195_val196  |   in|    9|     ap_none|                                                                   data_195_val196|        scalar|
|data_196_val197  |   in|    9|     ap_none|                                                                   data_196_val197|        scalar|
|data_197_val198  |   in|    9|     ap_none|                                                                   data_197_val198|        scalar|
|data_198_val199  |   in|    9|     ap_none|                                                                   data_198_val199|        scalar|
|data_199_val200  |   in|    9|     ap_none|                                                                   data_199_val200|        scalar|
|data_200_val201  |   in|    9|     ap_none|                                                                   data_200_val201|        scalar|
|data_201_val202  |   in|    9|     ap_none|                                                                   data_201_val202|        scalar|
|data_202_val203  |   in|    9|     ap_none|                                                                   data_202_val203|        scalar|
|data_203_val204  |   in|    9|     ap_none|                                                                   data_203_val204|        scalar|
|data_204_val205  |   in|    9|     ap_none|                                                                   data_204_val205|        scalar|
|data_205_val206  |   in|    9|     ap_none|                                                                   data_205_val206|        scalar|
|data_206_val207  |   in|    9|     ap_none|                                                                   data_206_val207|        scalar|
|data_207_val208  |   in|    9|     ap_none|                                                                   data_207_val208|        scalar|
|data_208_val209  |   in|    9|     ap_none|                                                                   data_208_val209|        scalar|
|data_209_val210  |   in|    9|     ap_none|                                                                   data_209_val210|        scalar|
|data_210_val211  |   in|    9|     ap_none|                                                                   data_210_val211|        scalar|
|data_211_val212  |   in|    9|     ap_none|                                                                   data_211_val212|        scalar|
|data_212_val213  |   in|    9|     ap_none|                                                                   data_212_val213|        scalar|
|data_213_val214  |   in|    9|     ap_none|                                                                   data_213_val214|        scalar|
|data_214_val215  |   in|    9|     ap_none|                                                                   data_214_val215|        scalar|
|data_215_val216  |   in|    9|     ap_none|                                                                   data_215_val216|        scalar|
|data_216_val217  |   in|    9|     ap_none|                                                                   data_216_val217|        scalar|
|data_217_val218  |   in|    9|     ap_none|                                                                   data_217_val218|        scalar|
|data_218_val219  |   in|    9|     ap_none|                                                                   data_218_val219|        scalar|
|data_219_val220  |   in|    9|     ap_none|                                                                   data_219_val220|        scalar|
|data_220_val221  |   in|    9|     ap_none|                                                                   data_220_val221|        scalar|
|data_221_val222  |   in|    9|     ap_none|                                                                   data_221_val222|        scalar|
|data_222_val223  |   in|    9|     ap_none|                                                                   data_222_val223|        scalar|
|data_223_val224  |   in|    9|     ap_none|                                                                   data_223_val224|        scalar|
|data_224_val225  |   in|    9|     ap_none|                                                                   data_224_val225|        scalar|
|data_225_val226  |   in|    9|     ap_none|                                                                   data_225_val226|        scalar|
|data_226_val227  |   in|    9|     ap_none|                                                                   data_226_val227|        scalar|
|data_227_val228  |   in|    9|     ap_none|                                                                   data_227_val228|        scalar|
|data_228_val229  |   in|    9|     ap_none|                                                                   data_228_val229|        scalar|
|data_229_val230  |   in|    9|     ap_none|                                                                   data_229_val230|        scalar|
|data_230_val231  |   in|    9|     ap_none|                                                                   data_230_val231|        scalar|
|data_231_val232  |   in|    9|     ap_none|                                                                   data_231_val232|        scalar|
|data_232_val233  |   in|    9|     ap_none|                                                                   data_232_val233|        scalar|
|data_233_val234  |   in|    9|     ap_none|                                                                   data_233_val234|        scalar|
|data_234_val235  |   in|    9|     ap_none|                                                                   data_234_val235|        scalar|
|data_235_val236  |   in|    9|     ap_none|                                                                   data_235_val236|        scalar|
|data_236_val237  |   in|    9|     ap_none|                                                                   data_236_val237|        scalar|
|data_237_val238  |   in|    9|     ap_none|                                                                   data_237_val238|        scalar|
|data_238_val239  |   in|    9|     ap_none|                                                                   data_238_val239|        scalar|
|data_239_val240  |   in|    9|     ap_none|                                                                   data_239_val240|        scalar|
|data_240_val241  |   in|    9|     ap_none|                                                                   data_240_val241|        scalar|
|data_241_val242  |   in|    9|     ap_none|                                                                   data_241_val242|        scalar|
|data_242_val243  |   in|    9|     ap_none|                                                                   data_242_val243|        scalar|
|data_243_val244  |   in|    9|     ap_none|                                                                   data_243_val244|        scalar|
|data_244_val245  |   in|    9|     ap_none|                                                                   data_244_val245|        scalar|
|data_245_val246  |   in|    9|     ap_none|                                                                   data_245_val246|        scalar|
|data_246_val247  |   in|    9|     ap_none|                                                                   data_246_val247|        scalar|
|data_247_val248  |   in|    9|     ap_none|                                                                   data_247_val248|        scalar|
|data_248_val249  |   in|    9|     ap_none|                                                                   data_248_val249|        scalar|
|data_249_val250  |   in|    9|     ap_none|                                                                   data_249_val250|        scalar|
|data_250_val251  |   in|    9|     ap_none|                                                                   data_250_val251|        scalar|
|data_251_val252  |   in|    9|     ap_none|                                                                   data_251_val252|        scalar|
|data_252_val253  |   in|    9|     ap_none|                                                                   data_252_val253|        scalar|
|data_253_val254  |   in|    9|     ap_none|                                                                   data_253_val254|        scalar|
|data_254_val255  |   in|    9|     ap_none|                                                                   data_254_val255|        scalar|
|data_255_val256  |   in|    9|     ap_none|                                                                   data_255_val256|        scalar|
|data_256_val257  |   in|    9|     ap_none|                                                                   data_256_val257|        scalar|
|data_257_val258  |   in|    9|     ap_none|                                                                   data_257_val258|        scalar|
|data_258_val259  |   in|    9|     ap_none|                                                                   data_258_val259|        scalar|
|data_259_val260  |   in|    9|     ap_none|                                                                   data_259_val260|        scalar|
|data_260_val261  |   in|    9|     ap_none|                                                                   data_260_val261|        scalar|
|data_261_val262  |   in|    9|     ap_none|                                                                   data_261_val262|        scalar|
|data_262_val263  |   in|    9|     ap_none|                                                                   data_262_val263|        scalar|
|data_263_val264  |   in|    9|     ap_none|                                                                   data_263_val264|        scalar|
|data_264_val265  |   in|    9|     ap_none|                                                                   data_264_val265|        scalar|
|data_265_val266  |   in|    9|     ap_none|                                                                   data_265_val266|        scalar|
|data_266_val267  |   in|    9|     ap_none|                                                                   data_266_val267|        scalar|
|data_267_val268  |   in|    9|     ap_none|                                                                   data_267_val268|        scalar|
|data_268_val269  |   in|    9|     ap_none|                                                                   data_268_val269|        scalar|
|data_269_val270  |   in|    9|     ap_none|                                                                   data_269_val270|        scalar|
|data_270_val271  |   in|    9|     ap_none|                                                                   data_270_val271|        scalar|
|data_271_val272  |   in|    9|     ap_none|                                                                   data_271_val272|        scalar|
|data_272_val273  |   in|    9|     ap_none|                                                                   data_272_val273|        scalar|
|data_273_val274  |   in|    9|     ap_none|                                                                   data_273_val274|        scalar|
|data_274_val275  |   in|    9|     ap_none|                                                                   data_274_val275|        scalar|
|data_275_val276  |   in|    9|     ap_none|                                                                   data_275_val276|        scalar|
|data_276_val277  |   in|    9|     ap_none|                                                                   data_276_val277|        scalar|
|data_277_val278  |   in|    9|     ap_none|                                                                   data_277_val278|        scalar|
|data_278_val279  |   in|    9|     ap_none|                                                                   data_278_val279|        scalar|
|data_279_val280  |   in|    9|     ap_none|                                                                   data_279_val280|        scalar|
|data_280_val281  |   in|    9|     ap_none|                                                                   data_280_val281|        scalar|
|data_281_val282  |   in|    9|     ap_none|                                                                   data_281_val282|        scalar|
|data_282_val283  |   in|    9|     ap_none|                                                                   data_282_val283|        scalar|
|data_283_val284  |   in|    9|     ap_none|                                                                   data_283_val284|        scalar|
|data_284_val285  |   in|    9|     ap_none|                                                                   data_284_val285|        scalar|
|data_285_val286  |   in|    9|     ap_none|                                                                   data_285_val286|        scalar|
|data_286_val287  |   in|    9|     ap_none|                                                                   data_286_val287|        scalar|
|data_287_val288  |   in|    9|     ap_none|                                                                   data_287_val288|        scalar|
|data_288_val289  |   in|    9|     ap_none|                                                                   data_288_val289|        scalar|
|data_289_val290  |   in|    9|     ap_none|                                                                   data_289_val290|        scalar|
|data_290_val291  |   in|    9|     ap_none|                                                                   data_290_val291|        scalar|
|data_291_val292  |   in|    9|     ap_none|                                                                   data_291_val292|        scalar|
|data_292_val293  |   in|    9|     ap_none|                                                                   data_292_val293|        scalar|
|data_293_val294  |   in|    9|     ap_none|                                                                   data_293_val294|        scalar|
|data_294_val295  |   in|    9|     ap_none|                                                                   data_294_val295|        scalar|
|data_295_val296  |   in|    9|     ap_none|                                                                   data_295_val296|        scalar|
|data_296_val297  |   in|    9|     ap_none|                                                                   data_296_val297|        scalar|
|data_297_val298  |   in|    9|     ap_none|                                                                   data_297_val298|        scalar|
|data_298_val299  |   in|    9|     ap_none|                                                                   data_298_val299|        scalar|
|data_299_val300  |   in|    9|     ap_none|                                                                   data_299_val300|        scalar|
|data_300_val301  |   in|    9|     ap_none|                                                                   data_300_val301|        scalar|
|data_301_val302  |   in|    9|     ap_none|                                                                   data_301_val302|        scalar|
|data_302_val303  |   in|    9|     ap_none|                                                                   data_302_val303|        scalar|
|data_303_val304  |   in|    9|     ap_none|                                                                   data_303_val304|        scalar|
|data_304_val305  |   in|    9|     ap_none|                                                                   data_304_val305|        scalar|
|data_305_val306  |   in|    9|     ap_none|                                                                   data_305_val306|        scalar|
|data_306_val307  |   in|    9|     ap_none|                                                                   data_306_val307|        scalar|
|data_307_val308  |   in|    9|     ap_none|                                                                   data_307_val308|        scalar|
|data_308_val309  |   in|    9|     ap_none|                                                                   data_308_val309|        scalar|
|data_309_val310  |   in|    9|     ap_none|                                                                   data_309_val310|        scalar|
|data_310_val311  |   in|    9|     ap_none|                                                                   data_310_val311|        scalar|
|data_311_val312  |   in|    9|     ap_none|                                                                   data_311_val312|        scalar|
|data_312_val313  |   in|    9|     ap_none|                                                                   data_312_val313|        scalar|
|data_313_val314  |   in|    9|     ap_none|                                                                   data_313_val314|        scalar|
|data_314_val315  |   in|    9|     ap_none|                                                                   data_314_val315|        scalar|
|data_315_val316  |   in|    9|     ap_none|                                                                   data_315_val316|        scalar|
|data_316_val317  |   in|    9|     ap_none|                                                                   data_316_val317|        scalar|
|data_317_val318  |   in|    9|     ap_none|                                                                   data_317_val318|        scalar|
|data_318_val319  |   in|    9|     ap_none|                                                                   data_318_val319|        scalar|
|data_319_val320  |   in|    9|     ap_none|                                                                   data_319_val320|        scalar|
|data_320_val321  |   in|    9|     ap_none|                                                                   data_320_val321|        scalar|
|data_321_val322  |   in|    9|     ap_none|                                                                   data_321_val322|        scalar|
|data_322_val323  |   in|    9|     ap_none|                                                                   data_322_val323|        scalar|
|data_323_val324  |   in|    9|     ap_none|                                                                   data_323_val324|        scalar|
|data_324_val325  |   in|    9|     ap_none|                                                                   data_324_val325|        scalar|
|data_325_val326  |   in|    9|     ap_none|                                                                   data_325_val326|        scalar|
|data_326_val327  |   in|    9|     ap_none|                                                                   data_326_val327|        scalar|
|data_327_val328  |   in|    9|     ap_none|                                                                   data_327_val328|        scalar|
|data_328_val329  |   in|    9|     ap_none|                                                                   data_328_val329|        scalar|
|data_329_val330  |   in|    9|     ap_none|                                                                   data_329_val330|        scalar|
|data_330_val331  |   in|    9|     ap_none|                                                                   data_330_val331|        scalar|
|data_331_val332  |   in|    9|     ap_none|                                                                   data_331_val332|        scalar|
|data_332_val333  |   in|    9|     ap_none|                                                                   data_332_val333|        scalar|
|data_333_val334  |   in|    9|     ap_none|                                                                   data_333_val334|        scalar|
|data_334_val335  |   in|    9|     ap_none|                                                                   data_334_val335|        scalar|
|data_335_val336  |   in|    9|     ap_none|                                                                   data_335_val336|        scalar|
|data_336_val337  |   in|    9|     ap_none|                                                                   data_336_val337|        scalar|
|data_337_val338  |   in|    9|     ap_none|                                                                   data_337_val338|        scalar|
|data_338_val339  |   in|    9|     ap_none|                                                                   data_338_val339|        scalar|
|data_339_val340  |   in|    9|     ap_none|                                                                   data_339_val340|        scalar|
|data_340_val341  |   in|    9|     ap_none|                                                                   data_340_val341|        scalar|
|data_341_val342  |   in|    9|     ap_none|                                                                   data_341_val342|        scalar|
|data_342_val343  |   in|    9|     ap_none|                                                                   data_342_val343|        scalar|
|data_343_val344  |   in|    9|     ap_none|                                                                   data_343_val344|        scalar|
|data_344_val345  |   in|    9|     ap_none|                                                                   data_344_val345|        scalar|
|data_345_val346  |   in|    9|     ap_none|                                                                   data_345_val346|        scalar|
|data_346_val347  |   in|    9|     ap_none|                                                                   data_346_val347|        scalar|
|data_347_val348  |   in|    9|     ap_none|                                                                   data_347_val348|        scalar|
|data_348_val349  |   in|    9|     ap_none|                                                                   data_348_val349|        scalar|
|data_349_val350  |   in|    9|     ap_none|                                                                   data_349_val350|        scalar|
|data_350_val351  |   in|    9|     ap_none|                                                                   data_350_val351|        scalar|
|data_351_val352  |   in|    9|     ap_none|                                                                   data_351_val352|        scalar|
|data_352_val353  |   in|    9|     ap_none|                                                                   data_352_val353|        scalar|
|data_353_val354  |   in|    9|     ap_none|                                                                   data_353_val354|        scalar|
|data_354_val355  |   in|    9|     ap_none|                                                                   data_354_val355|        scalar|
|data_355_val356  |   in|    9|     ap_none|                                                                   data_355_val356|        scalar|
|data_356_val357  |   in|    9|     ap_none|                                                                   data_356_val357|        scalar|
|data_357_val358  |   in|    9|     ap_none|                                                                   data_357_val358|        scalar|
|data_358_val359  |   in|    9|     ap_none|                                                                   data_358_val359|        scalar|
|data_359_val360  |   in|    9|     ap_none|                                                                   data_359_val360|        scalar|
|data_360_val361  |   in|    9|     ap_none|                                                                   data_360_val361|        scalar|
|data_361_val362  |   in|    9|     ap_none|                                                                   data_361_val362|        scalar|
|data_362_val363  |   in|    9|     ap_none|                                                                   data_362_val363|        scalar|
|data_363_val364  |   in|    9|     ap_none|                                                                   data_363_val364|        scalar|
|data_364_val365  |   in|    9|     ap_none|                                                                   data_364_val365|        scalar|
|data_365_val366  |   in|    9|     ap_none|                                                                   data_365_val366|        scalar|
|data_366_val367  |   in|    9|     ap_none|                                                                   data_366_val367|        scalar|
|data_367_val368  |   in|    9|     ap_none|                                                                   data_367_val368|        scalar|
|data_368_val369  |   in|    9|     ap_none|                                                                   data_368_val369|        scalar|
|data_369_val370  |   in|    9|     ap_none|                                                                   data_369_val370|        scalar|
|data_370_val371  |   in|    9|     ap_none|                                                                   data_370_val371|        scalar|
|data_371_val372  |   in|    9|     ap_none|                                                                   data_371_val372|        scalar|
|data_372_val373  |   in|    9|     ap_none|                                                                   data_372_val373|        scalar|
|data_373_val374  |   in|    9|     ap_none|                                                                   data_373_val374|        scalar|
|data_374_val375  |   in|    9|     ap_none|                                                                   data_374_val375|        scalar|
|data_375_val376  |   in|    9|     ap_none|                                                                   data_375_val376|        scalar|
|data_376_val377  |   in|    9|     ap_none|                                                                   data_376_val377|        scalar|
|data_377_val378  |   in|    9|     ap_none|                                                                   data_377_val378|        scalar|
|data_378_val379  |   in|    9|     ap_none|                                                                   data_378_val379|        scalar|
|data_379_val380  |   in|    9|     ap_none|                                                                   data_379_val380|        scalar|
|data_380_val381  |   in|    9|     ap_none|                                                                   data_380_val381|        scalar|
|data_381_val382  |   in|    9|     ap_none|                                                                   data_381_val382|        scalar|
|data_382_val383  |   in|    9|     ap_none|                                                                   data_382_val383|        scalar|
|data_383_val384  |   in|    9|     ap_none|                                                                   data_383_val384|        scalar|
|data_384_val385  |   in|    9|     ap_none|                                                                   data_384_val385|        scalar|
|data_385_val386  |   in|    9|     ap_none|                                                                   data_385_val386|        scalar|
|data_386_val387  |   in|    9|     ap_none|                                                                   data_386_val387|        scalar|
|data_387_val388  |   in|    9|     ap_none|                                                                   data_387_val388|        scalar|
|data_388_val389  |   in|    9|     ap_none|                                                                   data_388_val389|        scalar|
|data_389_val390  |   in|    9|     ap_none|                                                                   data_389_val390|        scalar|
|data_390_val391  |   in|    9|     ap_none|                                                                   data_390_val391|        scalar|
|data_391_val392  |   in|    9|     ap_none|                                                                   data_391_val392|        scalar|
|data_392_val393  |   in|    9|     ap_none|                                                                   data_392_val393|        scalar|
|data_393_val394  |   in|    9|     ap_none|                                                                   data_393_val394|        scalar|
|data_394_val395  |   in|    9|     ap_none|                                                                   data_394_val395|        scalar|
|data_395_val396  |   in|    9|     ap_none|                                                                   data_395_val396|        scalar|
|data_396_val397  |   in|    9|     ap_none|                                                                   data_396_val397|        scalar|
|data_397_val398  |   in|    9|     ap_none|                                                                   data_397_val398|        scalar|
|data_398_val399  |   in|    9|     ap_none|                                                                   data_398_val399|        scalar|
|data_399_val400  |   in|    9|     ap_none|                                                                   data_399_val400|        scalar|
|data_400_val401  |   in|    9|     ap_none|                                                                   data_400_val401|        scalar|
|data_401_val402  |   in|    9|     ap_none|                                                                   data_401_val402|        scalar|
|data_402_val403  |   in|    9|     ap_none|                                                                   data_402_val403|        scalar|
|data_403_val404  |   in|    9|     ap_none|                                                                   data_403_val404|        scalar|
|data_404_val405  |   in|    9|     ap_none|                                                                   data_404_val405|        scalar|
|data_405_val406  |   in|    9|     ap_none|                                                                   data_405_val406|        scalar|
|data_406_val407  |   in|    9|     ap_none|                                                                   data_406_val407|        scalar|
|data_407_val408  |   in|    9|     ap_none|                                                                   data_407_val408|        scalar|
|data_408_val409  |   in|    9|     ap_none|                                                                   data_408_val409|        scalar|
|data_409_val410  |   in|    9|     ap_none|                                                                   data_409_val410|        scalar|
|data_410_val411  |   in|    9|     ap_none|                                                                   data_410_val411|        scalar|
|data_411_val412  |   in|    9|     ap_none|                                                                   data_411_val412|        scalar|
|data_412_val413  |   in|    9|     ap_none|                                                                   data_412_val413|        scalar|
|data_413_val414  |   in|    9|     ap_none|                                                                   data_413_val414|        scalar|
|data_414_val415  |   in|    9|     ap_none|                                                                   data_414_val415|        scalar|
|data_415_val416  |   in|    9|     ap_none|                                                                   data_415_val416|        scalar|
|data_416_val417  |   in|    9|     ap_none|                                                                   data_416_val417|        scalar|
|data_417_val418  |   in|    9|     ap_none|                                                                   data_417_val418|        scalar|
|data_418_val419  |   in|    9|     ap_none|                                                                   data_418_val419|        scalar|
|data_419_val420  |   in|    9|     ap_none|                                                                   data_419_val420|        scalar|
|data_420_val421  |   in|    9|     ap_none|                                                                   data_420_val421|        scalar|
|data_421_val422  |   in|    9|     ap_none|                                                                   data_421_val422|        scalar|
|data_422_val423  |   in|    9|     ap_none|                                                                   data_422_val423|        scalar|
|data_423_val424  |   in|    9|     ap_none|                                                                   data_423_val424|        scalar|
|data_424_val425  |   in|    9|     ap_none|                                                                   data_424_val425|        scalar|
|data_425_val426  |   in|    9|     ap_none|                                                                   data_425_val426|        scalar|
|data_426_val427  |   in|    9|     ap_none|                                                                   data_426_val427|        scalar|
|data_427_val428  |   in|    9|     ap_none|                                                                   data_427_val428|        scalar|
|data_428_val429  |   in|    9|     ap_none|                                                                   data_428_val429|        scalar|
|data_429_val430  |   in|    9|     ap_none|                                                                   data_429_val430|        scalar|
|data_430_val431  |   in|    9|     ap_none|                                                                   data_430_val431|        scalar|
|data_431_val432  |   in|    9|     ap_none|                                                                   data_431_val432|        scalar|
|data_432_val433  |   in|    9|     ap_none|                                                                   data_432_val433|        scalar|
|data_433_val434  |   in|    9|     ap_none|                                                                   data_433_val434|        scalar|
|data_434_val435  |   in|    9|     ap_none|                                                                   data_434_val435|        scalar|
|data_435_val436  |   in|    9|     ap_none|                                                                   data_435_val436|        scalar|
|data_436_val437  |   in|    9|     ap_none|                                                                   data_436_val437|        scalar|
|data_437_val438  |   in|    9|     ap_none|                                                                   data_437_val438|        scalar|
|data_438_val439  |   in|    9|     ap_none|                                                                   data_438_val439|        scalar|
|data_439_val440  |   in|    9|     ap_none|                                                                   data_439_val440|        scalar|
|data_440_val441  |   in|    9|     ap_none|                                                                   data_440_val441|        scalar|
|data_441_val442  |   in|    9|     ap_none|                                                                   data_441_val442|        scalar|
|data_442_val443  |   in|    9|     ap_none|                                                                   data_442_val443|        scalar|
|data_443_val444  |   in|    9|     ap_none|                                                                   data_443_val444|        scalar|
|data_444_val445  |   in|    9|     ap_none|                                                                   data_444_val445|        scalar|
|data_445_val446  |   in|    9|     ap_none|                                                                   data_445_val446|        scalar|
|data_446_val447  |   in|    9|     ap_none|                                                                   data_446_val447|        scalar|
|data_447_val448  |   in|    9|     ap_none|                                                                   data_447_val448|        scalar|
|data_448_val449  |   in|    9|     ap_none|                                                                   data_448_val449|        scalar|
|data_449_val450  |   in|    9|     ap_none|                                                                   data_449_val450|        scalar|
|data_450_val451  |   in|    9|     ap_none|                                                                   data_450_val451|        scalar|
|data_451_val452  |   in|    9|     ap_none|                                                                   data_451_val452|        scalar|
|data_452_val453  |   in|    9|     ap_none|                                                                   data_452_val453|        scalar|
|data_453_val454  |   in|    9|     ap_none|                                                                   data_453_val454|        scalar|
|data_454_val455  |   in|    9|     ap_none|                                                                   data_454_val455|        scalar|
|data_455_val456  |   in|    9|     ap_none|                                                                   data_455_val456|        scalar|
|data_456_val457  |   in|    9|     ap_none|                                                                   data_456_val457|        scalar|
|data_457_val458  |   in|    9|     ap_none|                                                                   data_457_val458|        scalar|
|data_458_val459  |   in|    9|     ap_none|                                                                   data_458_val459|        scalar|
|data_459_val460  |   in|    9|     ap_none|                                                                   data_459_val460|        scalar|
|data_460_val461  |   in|    9|     ap_none|                                                                   data_460_val461|        scalar|
|data_461_val462  |   in|    9|     ap_none|                                                                   data_461_val462|        scalar|
|data_462_val463  |   in|    9|     ap_none|                                                                   data_462_val463|        scalar|
|data_463_val464  |   in|    9|     ap_none|                                                                   data_463_val464|        scalar|
|data_464_val465  |   in|    9|     ap_none|                                                                   data_464_val465|        scalar|
|data_465_val466  |   in|    9|     ap_none|                                                                   data_465_val466|        scalar|
|data_466_val467  |   in|    9|     ap_none|                                                                   data_466_val467|        scalar|
|data_467_val468  |   in|    9|     ap_none|                                                                   data_467_val468|        scalar|
|data_468_val469  |   in|    9|     ap_none|                                                                   data_468_val469|        scalar|
|data_469_val470  |   in|    9|     ap_none|                                                                   data_469_val470|        scalar|
|data_470_val471  |   in|    9|     ap_none|                                                                   data_470_val471|        scalar|
|data_471_val472  |   in|    9|     ap_none|                                                                   data_471_val472|        scalar|
|data_472_val473  |   in|    9|     ap_none|                                                                   data_472_val473|        scalar|
|data_473_val474  |   in|    9|     ap_none|                                                                   data_473_val474|        scalar|
|data_474_val475  |   in|    9|     ap_none|                                                                   data_474_val475|        scalar|
|data_475_val476  |   in|    9|     ap_none|                                                                   data_475_val476|        scalar|
|data_476_val477  |   in|    9|     ap_none|                                                                   data_476_val477|        scalar|
|data_477_val478  |   in|    9|     ap_none|                                                                   data_477_val478|        scalar|
|data_478_val479  |   in|    9|     ap_none|                                                                   data_478_val479|        scalar|
|data_479_val480  |   in|    9|     ap_none|                                                                   data_479_val480|        scalar|
|data_480_val481  |   in|    9|     ap_none|                                                                   data_480_val481|        scalar|
|data_481_val482  |   in|    9|     ap_none|                                                                   data_481_val482|        scalar|
|data_482_val483  |   in|    9|     ap_none|                                                                   data_482_val483|        scalar|
|data_483_val484  |   in|    9|     ap_none|                                                                   data_483_val484|        scalar|
|data_484_val485  |   in|    9|     ap_none|                                                                   data_484_val485|        scalar|
|data_485_val486  |   in|    9|     ap_none|                                                                   data_485_val486|        scalar|
|data_486_val487  |   in|    9|     ap_none|                                                                   data_486_val487|        scalar|
|data_487_val488  |   in|    9|     ap_none|                                                                   data_487_val488|        scalar|
|data_488_val489  |   in|    9|     ap_none|                                                                   data_488_val489|        scalar|
|data_489_val490  |   in|    9|     ap_none|                                                                   data_489_val490|        scalar|
|data_490_val491  |   in|    9|     ap_none|                                                                   data_490_val491|        scalar|
|data_491_val492  |   in|    9|     ap_none|                                                                   data_491_val492|        scalar|
|data_492_val493  |   in|    9|     ap_none|                                                                   data_492_val493|        scalar|
|data_493_val494  |   in|    9|     ap_none|                                                                   data_493_val494|        scalar|
|data_494_val495  |   in|    9|     ap_none|                                                                   data_494_val495|        scalar|
|data_495_val496  |   in|    9|     ap_none|                                                                   data_495_val496|        scalar|
|data_496_val497  |   in|    9|     ap_none|                                                                   data_496_val497|        scalar|
|data_497_val498  |   in|    9|     ap_none|                                                                   data_497_val498|        scalar|
|data_498_val499  |   in|    9|     ap_none|                                                                   data_498_val499|        scalar|
|data_499_val500  |   in|    9|     ap_none|                                                                   data_499_val500|        scalar|
|data_500_val501  |   in|    9|     ap_none|                                                                   data_500_val501|        scalar|
|data_501_val502  |   in|    9|     ap_none|                                                                   data_501_val502|        scalar|
|data_502_val503  |   in|    9|     ap_none|                                                                   data_502_val503|        scalar|
|data_503_val504  |   in|    9|     ap_none|                                                                   data_503_val504|        scalar|
|data_504_val505  |   in|    9|     ap_none|                                                                   data_504_val505|        scalar|
|data_505_val506  |   in|    9|     ap_none|                                                                   data_505_val506|        scalar|
|data_506_val507  |   in|    9|     ap_none|                                                                   data_506_val507|        scalar|
|data_507_val508  |   in|    9|     ap_none|                                                                   data_507_val508|        scalar|
|data_508_val509  |   in|    9|     ap_none|                                                                   data_508_val509|        scalar|
|data_509_val510  |   in|    9|     ap_none|                                                                   data_509_val510|        scalar|
|data_510_val511  |   in|    9|     ap_none|                                                                   data_510_val511|        scalar|
|data_511_val512  |   in|    9|     ap_none|                                                                   data_511_val512|        scalar|
|res_0            |  out|   20|      ap_vld|                                                                             res_0|       pointer|
|res_0_ap_vld     |  out|    1|      ap_vld|                                                                             res_0|       pointer|
|res_1            |  out|   20|      ap_vld|                                                                             res_1|       pointer|
|res_1_ap_vld     |  out|    1|      ap_vld|                                                                             res_1|       pointer|
|res_2            |  out|    1|      ap_vld|                                                                             res_2|       pointer|
|res_2_ap_vld     |  out|    1|      ap_vld|                                                                             res_2|       pointer|
|res_3            |  out|   20|      ap_vld|                                                                             res_3|       pointer|
|res_3_ap_vld     |  out|    1|      ap_vld|                                                                             res_3|       pointer|
|res_4            |  out|   20|      ap_vld|                                                                             res_4|       pointer|
|res_4_ap_vld     |  out|    1|      ap_vld|                                                                             res_4|       pointer|
|res_5            |  out|   21|      ap_vld|                                                                             res_5|       pointer|
|res_5_ap_vld     |  out|    1|      ap_vld|                                                                             res_5|       pointer|
|res_6            |  out|   21|      ap_vld|                                                                             res_6|       pointer|
|res_6_ap_vld     |  out|    1|      ap_vld|                                                                             res_6|       pointer|
|res_7            |  out|   20|      ap_vld|                                                                             res_7|       pointer|
|res_7_ap_vld     |  out|    1|      ap_vld|                                                                             res_7|       pointer|
|res_8            |  out|   20|      ap_vld|                                                                             res_8|       pointer|
|res_8_ap_vld     |  out|    1|      ap_vld|                                                                             res_8|       pointer|
|res_9            |  out|   21|      ap_vld|                                                                             res_9|       pointer|
|res_9_ap_vld     |  out|    1|      ap_vld|                                                                             res_9|       pointer|
|res_10           |  out|   21|      ap_vld|                                                                            res_10|       pointer|
|res_10_ap_vld    |  out|    1|      ap_vld|                                                                            res_10|       pointer|
|res_11           |  out|   20|      ap_vld|                                                                            res_11|       pointer|
|res_11_ap_vld    |  out|    1|      ap_vld|                                                                            res_11|       pointer|
|res_12           |  out|    1|      ap_vld|                                                                            res_12|       pointer|
|res_12_ap_vld    |  out|    1|      ap_vld|                                                                            res_12|       pointer|
|res_13           |  out|   21|      ap_vld|                                                                            res_13|       pointer|
|res_13_ap_vld    |  out|    1|      ap_vld|                                                                            res_13|       pointer|
|res_14           |  out|    1|      ap_vld|                                                                            res_14|       pointer|
|res_14_ap_vld    |  out|    1|      ap_vld|                                                                            res_14|       pointer|
|res_15           |  out|   21|      ap_vld|                                                                            res_15|       pointer|
|res_15_ap_vld    |  out|    1|      ap_vld|                                                                            res_15|       pointer|
|res_16           |  out|   21|      ap_vld|                                                                            res_16|       pointer|
|res_16_ap_vld    |  out|    1|      ap_vld|                                                                            res_16|       pointer|
|res_17           |  out|    1|      ap_vld|                                                                            res_17|       pointer|
|res_17_ap_vld    |  out|    1|      ap_vld|                                                                            res_17|       pointer|
|res_18           |  out|   21|      ap_vld|                                                                            res_18|       pointer|
|res_18_ap_vld    |  out|    1|      ap_vld|                                                                            res_18|       pointer|
|res_19           |  out|   20|      ap_vld|                                                                            res_19|       pointer|
|res_19_ap_vld    |  out|    1|      ap_vld|                                                                            res_19|       pointer|
|res_20           |  out|   21|      ap_vld|                                                                            res_20|       pointer|
|res_20_ap_vld    |  out|    1|      ap_vld|                                                                            res_20|       pointer|
|res_21           |  out|   20|      ap_vld|                                                                            res_21|       pointer|
|res_21_ap_vld    |  out|    1|      ap_vld|                                                                            res_21|       pointer|
|res_22           |  out|   20|      ap_vld|                                                                            res_22|       pointer|
|res_22_ap_vld    |  out|    1|      ap_vld|                                                                            res_22|       pointer|
|res_23           |  out|   20|      ap_vld|                                                                            res_23|       pointer|
|res_23_ap_vld    |  out|    1|      ap_vld|                                                                            res_23|       pointer|
|res_24           |  out|    1|      ap_vld|                                                                            res_24|       pointer|
|res_24_ap_vld    |  out|    1|      ap_vld|                                                                            res_24|       pointer|
|res_25           |  out|   20|      ap_vld|                                                                            res_25|       pointer|
|res_25_ap_vld    |  out|    1|      ap_vld|                                                                            res_25|       pointer|
|res_26           |  out|   21|      ap_vld|                                                                            res_26|       pointer|
|res_26_ap_vld    |  out|    1|      ap_vld|                                                                            res_26|       pointer|
|res_27           |  out|   20|      ap_vld|                                                                            res_27|       pointer|
|res_27_ap_vld    |  out|    1|      ap_vld|                                                                            res_27|       pointer|
|res_28           |  out|   20|      ap_vld|                                                                            res_28|       pointer|
|res_28_ap_vld    |  out|    1|      ap_vld|                                                                            res_28|       pointer|
|res_29           |  out|   21|      ap_vld|                                                                            res_29|       pointer|
|res_29_ap_vld    |  out|    1|      ap_vld|                                                                            res_29|       pointer|
|res_30           |  out|    1|      ap_vld|                                                                            res_30|       pointer|
|res_30_ap_vld    |  out|    1|      ap_vld|                                                                            res_30|       pointer|
|res_31           |  out|   21|      ap_vld|                                                                            res_31|       pointer|
|res_31_ap_vld    |  out|    1|      ap_vld|                                                                            res_31|       pointer|
|res_32           |  out|   20|      ap_vld|                                                                            res_32|       pointer|
|res_32_ap_vld    |  out|    1|      ap_vld|                                                                            res_32|       pointer|
|res_33           |  out|   20|      ap_vld|                                                                            res_33|       pointer|
|res_33_ap_vld    |  out|    1|      ap_vld|                                                                            res_33|       pointer|
|res_34           |  out|    1|      ap_vld|                                                                            res_34|       pointer|
|res_34_ap_vld    |  out|    1|      ap_vld|                                                                            res_34|       pointer|
|res_35           |  out|   20|      ap_vld|                                                                            res_35|       pointer|
|res_35_ap_vld    |  out|    1|      ap_vld|                                                                            res_35|       pointer|
|res_36           |  out|   20|      ap_vld|                                                                            res_36|       pointer|
|res_36_ap_vld    |  out|    1|      ap_vld|                                                                            res_36|       pointer|
|res_37           |  out|   21|      ap_vld|                                                                            res_37|       pointer|
|res_37_ap_vld    |  out|    1|      ap_vld|                                                                            res_37|       pointer|
|res_38           |  out|   21|      ap_vld|                                                                            res_38|       pointer|
|res_38_ap_vld    |  out|    1|      ap_vld|                                                                            res_38|       pointer|
|res_39           |  out|   20|      ap_vld|                                                                            res_39|       pointer|
|res_39_ap_vld    |  out|    1|      ap_vld|                                                                            res_39|       pointer|
|res_40           |  out|   20|      ap_vld|                                                                            res_40|       pointer|
|res_40_ap_vld    |  out|    1|      ap_vld|                                                                            res_40|       pointer|
|res_41           |  out|   21|      ap_vld|                                                                            res_41|       pointer|
|res_41_ap_vld    |  out|    1|      ap_vld|                                                                            res_41|       pointer|
|res_42           |  out|   21|      ap_vld|                                                                            res_42|       pointer|
|res_42_ap_vld    |  out|    1|      ap_vld|                                                                            res_42|       pointer|
|res_43           |  out|   20|      ap_vld|                                                                            res_43|       pointer|
|res_43_ap_vld    |  out|    1|      ap_vld|                                                                            res_43|       pointer|
|res_44           |  out|    1|      ap_vld|                                                                            res_44|       pointer|
|res_44_ap_vld    |  out|    1|      ap_vld|                                                                            res_44|       pointer|
|res_45           |  out|   21|      ap_vld|                                                                            res_45|       pointer|
|res_45_ap_vld    |  out|    1|      ap_vld|                                                                            res_45|       pointer|
|res_46           |  out|    1|      ap_vld|                                                                            res_46|       pointer|
|res_46_ap_vld    |  out|    1|      ap_vld|                                                                            res_46|       pointer|
|res_47           |  out|   21|      ap_vld|                                                                            res_47|       pointer|
|res_47_ap_vld    |  out|    1|      ap_vld|                                                                            res_47|       pointer|
|res_48           |  out|   21|      ap_vld|                                                                            res_48|       pointer|
|res_48_ap_vld    |  out|    1|      ap_vld|                                                                            res_48|       pointer|
|res_49           |  out|    1|      ap_vld|                                                                            res_49|       pointer|
|res_49_ap_vld    |  out|    1|      ap_vld|                                                                            res_49|       pointer|
|res_50           |  out|   21|      ap_vld|                                                                            res_50|       pointer|
|res_50_ap_vld    |  out|    1|      ap_vld|                                                                            res_50|       pointer|
|res_51           |  out|   20|      ap_vld|                                                                            res_51|       pointer|
|res_51_ap_vld    |  out|    1|      ap_vld|                                                                            res_51|       pointer|
|res_52           |  out|   21|      ap_vld|                                                                            res_52|       pointer|
|res_52_ap_vld    |  out|    1|      ap_vld|                                                                            res_52|       pointer|
|res_53           |  out|   20|      ap_vld|                                                                            res_53|       pointer|
|res_53_ap_vld    |  out|    1|      ap_vld|                                                                            res_53|       pointer|
|res_54           |  out|   20|      ap_vld|                                                                            res_54|       pointer|
|res_54_ap_vld    |  out|    1|      ap_vld|                                                                            res_54|       pointer|
|res_55           |  out|   20|      ap_vld|                                                                            res_55|       pointer|
|res_55_ap_vld    |  out|    1|      ap_vld|                                                                            res_55|       pointer|
|res_56           |  out|    1|      ap_vld|                                                                            res_56|       pointer|
|res_56_ap_vld    |  out|    1|      ap_vld|                                                                            res_56|       pointer|
|res_57           |  out|   20|      ap_vld|                                                                            res_57|       pointer|
|res_57_ap_vld    |  out|    1|      ap_vld|                                                                            res_57|       pointer|
|res_58           |  out|   21|      ap_vld|                                                                            res_58|       pointer|
|res_58_ap_vld    |  out|    1|      ap_vld|                                                                            res_58|       pointer|
|res_59           |  out|   20|      ap_vld|                                                                            res_59|       pointer|
|res_59_ap_vld    |  out|    1|      ap_vld|                                                                            res_59|       pointer|
|res_60           |  out|   20|      ap_vld|                                                                            res_60|       pointer|
|res_60_ap_vld    |  out|    1|      ap_vld|                                                                            res_60|       pointer|
|res_61           |  out|   21|      ap_vld|                                                                            res_61|       pointer|
|res_61_ap_vld    |  out|    1|      ap_vld|                                                                            res_61|       pointer|
|res_62           |  out|    1|      ap_vld|                                                                            res_62|       pointer|
|res_62_ap_vld    |  out|    1|      ap_vld|                                                                            res_62|       pointer|
|res_63           |  out|   21|      ap_vld|                                                                            res_63|       pointer|
|res_63_ap_vld    |  out|    1|      ap_vld|                                                                            res_63|       pointer|
|res_64           |  out|   20|      ap_vld|                                                                            res_64|       pointer|
|res_64_ap_vld    |  out|    1|      ap_vld|                                                                            res_64|       pointer|
|res_65           |  out|   20|      ap_vld|                                                                            res_65|       pointer|
|res_65_ap_vld    |  out|    1|      ap_vld|                                                                            res_65|       pointer|
|res_66           |  out|    1|      ap_vld|                                                                            res_66|       pointer|
|res_66_ap_vld    |  out|    1|      ap_vld|                                                                            res_66|       pointer|
|res_67           |  out|   20|      ap_vld|                                                                            res_67|       pointer|
|res_67_ap_vld    |  out|    1|      ap_vld|                                                                            res_67|       pointer|
|res_68           |  out|   20|      ap_vld|                                                                            res_68|       pointer|
|res_68_ap_vld    |  out|    1|      ap_vld|                                                                            res_68|       pointer|
|res_69           |  out|   21|      ap_vld|                                                                            res_69|       pointer|
|res_69_ap_vld    |  out|    1|      ap_vld|                                                                            res_69|       pointer|
|res_70           |  out|   21|      ap_vld|                                                                            res_70|       pointer|
|res_70_ap_vld    |  out|    1|      ap_vld|                                                                            res_70|       pointer|
|res_71           |  out|   20|      ap_vld|                                                                            res_71|       pointer|
|res_71_ap_vld    |  out|    1|      ap_vld|                                                                            res_71|       pointer|
|res_72           |  out|   20|      ap_vld|                                                                            res_72|       pointer|
|res_72_ap_vld    |  out|    1|      ap_vld|                                                                            res_72|       pointer|
|res_73           |  out|   21|      ap_vld|                                                                            res_73|       pointer|
|res_73_ap_vld    |  out|    1|      ap_vld|                                                                            res_73|       pointer|
|res_74           |  out|   21|      ap_vld|                                                                            res_74|       pointer|
|res_74_ap_vld    |  out|    1|      ap_vld|                                                                            res_74|       pointer|
|res_75           |  out|   20|      ap_vld|                                                                            res_75|       pointer|
|res_75_ap_vld    |  out|    1|      ap_vld|                                                                            res_75|       pointer|
|res_76           |  out|    1|      ap_vld|                                                                            res_76|       pointer|
|res_76_ap_vld    |  out|    1|      ap_vld|                                                                            res_76|       pointer|
|res_77           |  out|   21|      ap_vld|                                                                            res_77|       pointer|
|res_77_ap_vld    |  out|    1|      ap_vld|                                                                            res_77|       pointer|
|res_78           |  out|    1|      ap_vld|                                                                            res_78|       pointer|
|res_78_ap_vld    |  out|    1|      ap_vld|                                                                            res_78|       pointer|
|res_79           |  out|   21|      ap_vld|                                                                            res_79|       pointer|
|res_79_ap_vld    |  out|    1|      ap_vld|                                                                            res_79|       pointer|
|res_80           |  out|   21|      ap_vld|                                                                            res_80|       pointer|
|res_80_ap_vld    |  out|    1|      ap_vld|                                                                            res_80|       pointer|
|res_81           |  out|    1|      ap_vld|                                                                            res_81|       pointer|
|res_81_ap_vld    |  out|    1|      ap_vld|                                                                            res_81|       pointer|
|res_82           |  out|   21|      ap_vld|                                                                            res_82|       pointer|
|res_82_ap_vld    |  out|    1|      ap_vld|                                                                            res_82|       pointer|
|res_83           |  out|   20|      ap_vld|                                                                            res_83|       pointer|
|res_83_ap_vld    |  out|    1|      ap_vld|                                                                            res_83|       pointer|
|res_84           |  out|   21|      ap_vld|                                                                            res_84|       pointer|
|res_84_ap_vld    |  out|    1|      ap_vld|                                                                            res_84|       pointer|
|res_85           |  out|   20|      ap_vld|                                                                            res_85|       pointer|
|res_85_ap_vld    |  out|    1|      ap_vld|                                                                            res_85|       pointer|
|res_86           |  out|   20|      ap_vld|                                                                            res_86|       pointer|
|res_86_ap_vld    |  out|    1|      ap_vld|                                                                            res_86|       pointer|
|res_87           |  out|   20|      ap_vld|                                                                            res_87|       pointer|
|res_87_ap_vld    |  out|    1|      ap_vld|                                                                            res_87|       pointer|
|res_88           |  out|    1|      ap_vld|                                                                            res_88|       pointer|
|res_88_ap_vld    |  out|    1|      ap_vld|                                                                            res_88|       pointer|
|res_89           |  out|   20|      ap_vld|                                                                            res_89|       pointer|
|res_89_ap_vld    |  out|    1|      ap_vld|                                                                            res_89|       pointer|
|res_90           |  out|   21|      ap_vld|                                                                            res_90|       pointer|
|res_90_ap_vld    |  out|    1|      ap_vld|                                                                            res_90|       pointer|
|res_91           |  out|   20|      ap_vld|                                                                            res_91|       pointer|
|res_91_ap_vld    |  out|    1|      ap_vld|                                                                            res_91|       pointer|
|res_92           |  out|   20|      ap_vld|                                                                            res_92|       pointer|
|res_92_ap_vld    |  out|    1|      ap_vld|                                                                            res_92|       pointer|
|res_93           |  out|   21|      ap_vld|                                                                            res_93|       pointer|
|res_93_ap_vld    |  out|    1|      ap_vld|                                                                            res_93|       pointer|
|res_94           |  out|    1|      ap_vld|                                                                            res_94|       pointer|
|res_94_ap_vld    |  out|    1|      ap_vld|                                                                            res_94|       pointer|
|res_95           |  out|   21|      ap_vld|                                                                            res_95|       pointer|
|res_95_ap_vld    |  out|    1|      ap_vld|                                                                            res_95|       pointer|
|res_96           |  out|   20|      ap_vld|                                                                            res_96|       pointer|
|res_96_ap_vld    |  out|    1|      ap_vld|                                                                            res_96|       pointer|
|res_97           |  out|   20|      ap_vld|                                                                            res_97|       pointer|
|res_97_ap_vld    |  out|    1|      ap_vld|                                                                            res_97|       pointer|
|res_98           |  out|    1|      ap_vld|                                                                            res_98|       pointer|
|res_98_ap_vld    |  out|    1|      ap_vld|                                                                            res_98|       pointer|
|res_99           |  out|   20|      ap_vld|                                                                            res_99|       pointer|
|res_99_ap_vld    |  out|    1|      ap_vld|                                                                            res_99|       pointer|
|res_100          |  out|   20|      ap_vld|                                                                           res_100|       pointer|
|res_100_ap_vld   |  out|    1|      ap_vld|                                                                           res_100|       pointer|
|res_101          |  out|   21|      ap_vld|                                                                           res_101|       pointer|
|res_101_ap_vld   |  out|    1|      ap_vld|                                                                           res_101|       pointer|
|res_102          |  out|   21|      ap_vld|                                                                           res_102|       pointer|
|res_102_ap_vld   |  out|    1|      ap_vld|                                                                           res_102|       pointer|
|res_103          |  out|   20|      ap_vld|                                                                           res_103|       pointer|
|res_103_ap_vld   |  out|    1|      ap_vld|                                                                           res_103|       pointer|
|res_104          |  out|   20|      ap_vld|                                                                           res_104|       pointer|
|res_104_ap_vld   |  out|    1|      ap_vld|                                                                           res_104|       pointer|
|res_105          |  out|   21|      ap_vld|                                                                           res_105|       pointer|
|res_105_ap_vld   |  out|    1|      ap_vld|                                                                           res_105|       pointer|
|res_106          |  out|   21|      ap_vld|                                                                           res_106|       pointer|
|res_106_ap_vld   |  out|    1|      ap_vld|                                                                           res_106|       pointer|
|res_107          |  out|   20|      ap_vld|                                                                           res_107|       pointer|
|res_107_ap_vld   |  out|    1|      ap_vld|                                                                           res_107|       pointer|
|res_108          |  out|    1|      ap_vld|                                                                           res_108|       pointer|
|res_108_ap_vld   |  out|    1|      ap_vld|                                                                           res_108|       pointer|
|res_109          |  out|   21|      ap_vld|                                                                           res_109|       pointer|
|res_109_ap_vld   |  out|    1|      ap_vld|                                                                           res_109|       pointer|
|res_110          |  out|    1|      ap_vld|                                                                           res_110|       pointer|
|res_110_ap_vld   |  out|    1|      ap_vld|                                                                           res_110|       pointer|
|res_111          |  out|   21|      ap_vld|                                                                           res_111|       pointer|
|res_111_ap_vld   |  out|    1|      ap_vld|                                                                           res_111|       pointer|
|res_112          |  out|   21|      ap_vld|                                                                           res_112|       pointer|
|res_112_ap_vld   |  out|    1|      ap_vld|                                                                           res_112|       pointer|
|res_113          |  out|    1|      ap_vld|                                                                           res_113|       pointer|
|res_113_ap_vld   |  out|    1|      ap_vld|                                                                           res_113|       pointer|
|res_114          |  out|   21|      ap_vld|                                                                           res_114|       pointer|
|res_114_ap_vld   |  out|    1|      ap_vld|                                                                           res_114|       pointer|
|res_115          |  out|   20|      ap_vld|                                                                           res_115|       pointer|
|res_115_ap_vld   |  out|    1|      ap_vld|                                                                           res_115|       pointer|
|res_116          |  out|   21|      ap_vld|                                                                           res_116|       pointer|
|res_116_ap_vld   |  out|    1|      ap_vld|                                                                           res_116|       pointer|
|res_117          |  out|   20|      ap_vld|                                                                           res_117|       pointer|
|res_117_ap_vld   |  out|    1|      ap_vld|                                                                           res_117|       pointer|
|res_118          |  out|   20|      ap_vld|                                                                           res_118|       pointer|
|res_118_ap_vld   |  out|    1|      ap_vld|                                                                           res_118|       pointer|
|res_119          |  out|   20|      ap_vld|                                                                           res_119|       pointer|
|res_119_ap_vld   |  out|    1|      ap_vld|                                                                           res_119|       pointer|
|res_120          |  out|    1|      ap_vld|                                                                           res_120|       pointer|
|res_120_ap_vld   |  out|    1|      ap_vld|                                                                           res_120|       pointer|
|res_121          |  out|   20|      ap_vld|                                                                           res_121|       pointer|
|res_121_ap_vld   |  out|    1|      ap_vld|                                                                           res_121|       pointer|
|res_122          |  out|   21|      ap_vld|                                                                           res_122|       pointer|
|res_122_ap_vld   |  out|    1|      ap_vld|                                                                           res_122|       pointer|
|res_123          |  out|   20|      ap_vld|                                                                           res_123|       pointer|
|res_123_ap_vld   |  out|    1|      ap_vld|                                                                           res_123|       pointer|
|res_124          |  out|   20|      ap_vld|                                                                           res_124|       pointer|
|res_124_ap_vld   |  out|    1|      ap_vld|                                                                           res_124|       pointer|
|res_125          |  out|   21|      ap_vld|                                                                           res_125|       pointer|
|res_125_ap_vld   |  out|    1|      ap_vld|                                                                           res_125|       pointer|
|res_126          |  out|    1|      ap_vld|                                                                           res_126|       pointer|
|res_126_ap_vld   |  out|    1|      ap_vld|                                                                           res_126|       pointer|
|res_127          |  out|   21|      ap_vld|                                                                           res_127|       pointer|
|res_127_ap_vld   |  out|    1|      ap_vld|                                                                           res_127|       pointer|
|res_128          |  out|   20|      ap_vld|                                                                           res_128|       pointer|
|res_128_ap_vld   |  out|    1|      ap_vld|                                                                           res_128|       pointer|
|res_129          |  out|   20|      ap_vld|                                                                           res_129|       pointer|
|res_129_ap_vld   |  out|    1|      ap_vld|                                                                           res_129|       pointer|
|res_130          |  out|    1|      ap_vld|                                                                           res_130|       pointer|
|res_130_ap_vld   |  out|    1|      ap_vld|                                                                           res_130|       pointer|
|res_131          |  out|   20|      ap_vld|                                                                           res_131|       pointer|
|res_131_ap_vld   |  out|    1|      ap_vld|                                                                           res_131|       pointer|
|res_132          |  out|   20|      ap_vld|                                                                           res_132|       pointer|
|res_132_ap_vld   |  out|    1|      ap_vld|                                                                           res_132|       pointer|
|res_133          |  out|   21|      ap_vld|                                                                           res_133|       pointer|
|res_133_ap_vld   |  out|    1|      ap_vld|                                                                           res_133|       pointer|
|res_134          |  out|   21|      ap_vld|                                                                           res_134|       pointer|
|res_134_ap_vld   |  out|    1|      ap_vld|                                                                           res_134|       pointer|
|res_135          |  out|   20|      ap_vld|                                                                           res_135|       pointer|
|res_135_ap_vld   |  out|    1|      ap_vld|                                                                           res_135|       pointer|
|res_136          |  out|   20|      ap_vld|                                                                           res_136|       pointer|
|res_136_ap_vld   |  out|    1|      ap_vld|                                                                           res_136|       pointer|
|res_137          |  out|   21|      ap_vld|                                                                           res_137|       pointer|
|res_137_ap_vld   |  out|    1|      ap_vld|                                                                           res_137|       pointer|
|res_138          |  out|   21|      ap_vld|                                                                           res_138|       pointer|
|res_138_ap_vld   |  out|    1|      ap_vld|                                                                           res_138|       pointer|
|res_139          |  out|   20|      ap_vld|                                                                           res_139|       pointer|
|res_139_ap_vld   |  out|    1|      ap_vld|                                                                           res_139|       pointer|
|res_140          |  out|    1|      ap_vld|                                                                           res_140|       pointer|
|res_140_ap_vld   |  out|    1|      ap_vld|                                                                           res_140|       pointer|
|res_141          |  out|   21|      ap_vld|                                                                           res_141|       pointer|
|res_141_ap_vld   |  out|    1|      ap_vld|                                                                           res_141|       pointer|
|res_142          |  out|    1|      ap_vld|                                                                           res_142|       pointer|
|res_142_ap_vld   |  out|    1|      ap_vld|                                                                           res_142|       pointer|
|res_143          |  out|   21|      ap_vld|                                                                           res_143|       pointer|
|res_143_ap_vld   |  out|    1|      ap_vld|                                                                           res_143|       pointer|
|res_144          |  out|   21|      ap_vld|                                                                           res_144|       pointer|
|res_144_ap_vld   |  out|    1|      ap_vld|                                                                           res_144|       pointer|
|res_145          |  out|    1|      ap_vld|                                                                           res_145|       pointer|
|res_145_ap_vld   |  out|    1|      ap_vld|                                                                           res_145|       pointer|
|res_146          |  out|   21|      ap_vld|                                                                           res_146|       pointer|
|res_146_ap_vld   |  out|    1|      ap_vld|                                                                           res_146|       pointer|
|res_147          |  out|   20|      ap_vld|                                                                           res_147|       pointer|
|res_147_ap_vld   |  out|    1|      ap_vld|                                                                           res_147|       pointer|
|res_148          |  out|   21|      ap_vld|                                                                           res_148|       pointer|
|res_148_ap_vld   |  out|    1|      ap_vld|                                                                           res_148|       pointer|
|res_149          |  out|   20|      ap_vld|                                                                           res_149|       pointer|
|res_149_ap_vld   |  out|    1|      ap_vld|                                                                           res_149|       pointer|
|res_150          |  out|   20|      ap_vld|                                                                           res_150|       pointer|
|res_150_ap_vld   |  out|    1|      ap_vld|                                                                           res_150|       pointer|
|res_151          |  out|   20|      ap_vld|                                                                           res_151|       pointer|
|res_151_ap_vld   |  out|    1|      ap_vld|                                                                           res_151|       pointer|
|res_152          |  out|    1|      ap_vld|                                                                           res_152|       pointer|
|res_152_ap_vld   |  out|    1|      ap_vld|                                                                           res_152|       pointer|
|res_153          |  out|   20|      ap_vld|                                                                           res_153|       pointer|
|res_153_ap_vld   |  out|    1|      ap_vld|                                                                           res_153|       pointer|
|res_154          |  out|   21|      ap_vld|                                                                           res_154|       pointer|
|res_154_ap_vld   |  out|    1|      ap_vld|                                                                           res_154|       pointer|
|res_155          |  out|   20|      ap_vld|                                                                           res_155|       pointer|
|res_155_ap_vld   |  out|    1|      ap_vld|                                                                           res_155|       pointer|
|res_156          |  out|   20|      ap_vld|                                                                           res_156|       pointer|
|res_156_ap_vld   |  out|    1|      ap_vld|                                                                           res_156|       pointer|
|res_157          |  out|   21|      ap_vld|                                                                           res_157|       pointer|
|res_157_ap_vld   |  out|    1|      ap_vld|                                                                           res_157|       pointer|
|res_158          |  out|    1|      ap_vld|                                                                           res_158|       pointer|
|res_158_ap_vld   |  out|    1|      ap_vld|                                                                           res_158|       pointer|
|res_159          |  out|   21|      ap_vld|                                                                           res_159|       pointer|
|res_159_ap_vld   |  out|    1|      ap_vld|                                                                           res_159|       pointer|
|res_160          |  out|   20|      ap_vld|                                                                           res_160|       pointer|
|res_160_ap_vld   |  out|    1|      ap_vld|                                                                           res_160|       pointer|
|res_161          |  out|   20|      ap_vld|                                                                           res_161|       pointer|
|res_161_ap_vld   |  out|    1|      ap_vld|                                                                           res_161|       pointer|
|res_162          |  out|    1|      ap_vld|                                                                           res_162|       pointer|
|res_162_ap_vld   |  out|    1|      ap_vld|                                                                           res_162|       pointer|
|res_163          |  out|   20|      ap_vld|                                                                           res_163|       pointer|
|res_163_ap_vld   |  out|    1|      ap_vld|                                                                           res_163|       pointer|
|res_164          |  out|   20|      ap_vld|                                                                           res_164|       pointer|
|res_164_ap_vld   |  out|    1|      ap_vld|                                                                           res_164|       pointer|
|res_165          |  out|   21|      ap_vld|                                                                           res_165|       pointer|
|res_165_ap_vld   |  out|    1|      ap_vld|                                                                           res_165|       pointer|
|res_166          |  out|   21|      ap_vld|                                                                           res_166|       pointer|
|res_166_ap_vld   |  out|    1|      ap_vld|                                                                           res_166|       pointer|
|res_167          |  out|   20|      ap_vld|                                                                           res_167|       pointer|
|res_167_ap_vld   |  out|    1|      ap_vld|                                                                           res_167|       pointer|
|res_168          |  out|   20|      ap_vld|                                                                           res_168|       pointer|
|res_168_ap_vld   |  out|    1|      ap_vld|                                                                           res_168|       pointer|
|res_169          |  out|   21|      ap_vld|                                                                           res_169|       pointer|
|res_169_ap_vld   |  out|    1|      ap_vld|                                                                           res_169|       pointer|
|res_170          |  out|   21|      ap_vld|                                                                           res_170|       pointer|
|res_170_ap_vld   |  out|    1|      ap_vld|                                                                           res_170|       pointer|
|res_171          |  out|   20|      ap_vld|                                                                           res_171|       pointer|
|res_171_ap_vld   |  out|    1|      ap_vld|                                                                           res_171|       pointer|
|res_172          |  out|    1|      ap_vld|                                                                           res_172|       pointer|
|res_172_ap_vld   |  out|    1|      ap_vld|                                                                           res_172|       pointer|
|res_173          |  out|   21|      ap_vld|                                                                           res_173|       pointer|
|res_173_ap_vld   |  out|    1|      ap_vld|                                                                           res_173|       pointer|
|res_174          |  out|    1|      ap_vld|                                                                           res_174|       pointer|
|res_174_ap_vld   |  out|    1|      ap_vld|                                                                           res_174|       pointer|
|res_175          |  out|   21|      ap_vld|                                                                           res_175|       pointer|
|res_175_ap_vld   |  out|    1|      ap_vld|                                                                           res_175|       pointer|
|res_176          |  out|   21|      ap_vld|                                                                           res_176|       pointer|
|res_176_ap_vld   |  out|    1|      ap_vld|                                                                           res_176|       pointer|
|res_177          |  out|    1|      ap_vld|                                                                           res_177|       pointer|
|res_177_ap_vld   |  out|    1|      ap_vld|                                                                           res_177|       pointer|
|res_178          |  out|   21|      ap_vld|                                                                           res_178|       pointer|
|res_178_ap_vld   |  out|    1|      ap_vld|                                                                           res_178|       pointer|
|res_179          |  out|   20|      ap_vld|                                                                           res_179|       pointer|
|res_179_ap_vld   |  out|    1|      ap_vld|                                                                           res_179|       pointer|
|res_180          |  out|   21|      ap_vld|                                                                           res_180|       pointer|
|res_180_ap_vld   |  out|    1|      ap_vld|                                                                           res_180|       pointer|
|res_181          |  out|   20|      ap_vld|                                                                           res_181|       pointer|
|res_181_ap_vld   |  out|    1|      ap_vld|                                                                           res_181|       pointer|
|res_182          |  out|   20|      ap_vld|                                                                           res_182|       pointer|
|res_182_ap_vld   |  out|    1|      ap_vld|                                                                           res_182|       pointer|
|res_183          |  out|   20|      ap_vld|                                                                           res_183|       pointer|
|res_183_ap_vld   |  out|    1|      ap_vld|                                                                           res_183|       pointer|
|res_184          |  out|    1|      ap_vld|                                                                           res_184|       pointer|
|res_184_ap_vld   |  out|    1|      ap_vld|                                                                           res_184|       pointer|
|res_185          |  out|   20|      ap_vld|                                                                           res_185|       pointer|
|res_185_ap_vld   |  out|    1|      ap_vld|                                                                           res_185|       pointer|
|res_186          |  out|   21|      ap_vld|                                                                           res_186|       pointer|
|res_186_ap_vld   |  out|    1|      ap_vld|                                                                           res_186|       pointer|
|res_187          |  out|   20|      ap_vld|                                                                           res_187|       pointer|
|res_187_ap_vld   |  out|    1|      ap_vld|                                                                           res_187|       pointer|
|res_188          |  out|   20|      ap_vld|                                                                           res_188|       pointer|
|res_188_ap_vld   |  out|    1|      ap_vld|                                                                           res_188|       pointer|
|res_189          |  out|   21|      ap_vld|                                                                           res_189|       pointer|
|res_189_ap_vld   |  out|    1|      ap_vld|                                                                           res_189|       pointer|
|res_190          |  out|    1|      ap_vld|                                                                           res_190|       pointer|
|res_190_ap_vld   |  out|    1|      ap_vld|                                                                           res_190|       pointer|
|res_191          |  out|   21|      ap_vld|                                                                           res_191|       pointer|
|res_191_ap_vld   |  out|    1|      ap_vld|                                                                           res_191|       pointer|
|res_192          |  out|   20|      ap_vld|                                                                           res_192|       pointer|
|res_192_ap_vld   |  out|    1|      ap_vld|                                                                           res_192|       pointer|
|res_193          |  out|   20|      ap_vld|                                                                           res_193|       pointer|
|res_193_ap_vld   |  out|    1|      ap_vld|                                                                           res_193|       pointer|
|res_194          |  out|    1|      ap_vld|                                                                           res_194|       pointer|
|res_194_ap_vld   |  out|    1|      ap_vld|                                                                           res_194|       pointer|
|res_195          |  out|   20|      ap_vld|                                                                           res_195|       pointer|
|res_195_ap_vld   |  out|    1|      ap_vld|                                                                           res_195|       pointer|
|res_196          |  out|   20|      ap_vld|                                                                           res_196|       pointer|
|res_196_ap_vld   |  out|    1|      ap_vld|                                                                           res_196|       pointer|
|res_197          |  out|   21|      ap_vld|                                                                           res_197|       pointer|
|res_197_ap_vld   |  out|    1|      ap_vld|                                                                           res_197|       pointer|
|res_198          |  out|   21|      ap_vld|                                                                           res_198|       pointer|
|res_198_ap_vld   |  out|    1|      ap_vld|                                                                           res_198|       pointer|
|res_199          |  out|   20|      ap_vld|                                                                           res_199|       pointer|
|res_199_ap_vld   |  out|    1|      ap_vld|                                                                           res_199|       pointer|
|res_200          |  out|   20|      ap_vld|                                                                           res_200|       pointer|
|res_200_ap_vld   |  out|    1|      ap_vld|                                                                           res_200|       pointer|
|res_201          |  out|   21|      ap_vld|                                                                           res_201|       pointer|
|res_201_ap_vld   |  out|    1|      ap_vld|                                                                           res_201|       pointer|
|res_202          |  out|   21|      ap_vld|                                                                           res_202|       pointer|
|res_202_ap_vld   |  out|    1|      ap_vld|                                                                           res_202|       pointer|
|res_203          |  out|   20|      ap_vld|                                                                           res_203|       pointer|
|res_203_ap_vld   |  out|    1|      ap_vld|                                                                           res_203|       pointer|
|res_204          |  out|    1|      ap_vld|                                                                           res_204|       pointer|
|res_204_ap_vld   |  out|    1|      ap_vld|                                                                           res_204|       pointer|
|res_205          |  out|   21|      ap_vld|                                                                           res_205|       pointer|
|res_205_ap_vld   |  out|    1|      ap_vld|                                                                           res_205|       pointer|
|res_206          |  out|    1|      ap_vld|                                                                           res_206|       pointer|
|res_206_ap_vld   |  out|    1|      ap_vld|                                                                           res_206|       pointer|
|res_207          |  out|   21|      ap_vld|                                                                           res_207|       pointer|
|res_207_ap_vld   |  out|    1|      ap_vld|                                                                           res_207|       pointer|
|res_208          |  out|   21|      ap_vld|                                                                           res_208|       pointer|
|res_208_ap_vld   |  out|    1|      ap_vld|                                                                           res_208|       pointer|
|res_209          |  out|    1|      ap_vld|                                                                           res_209|       pointer|
|res_209_ap_vld   |  out|    1|      ap_vld|                                                                           res_209|       pointer|
|res_210          |  out|   21|      ap_vld|                                                                           res_210|       pointer|
|res_210_ap_vld   |  out|    1|      ap_vld|                                                                           res_210|       pointer|
|res_211          |  out|   20|      ap_vld|                                                                           res_211|       pointer|
|res_211_ap_vld   |  out|    1|      ap_vld|                                                                           res_211|       pointer|
|res_212          |  out|   21|      ap_vld|                                                                           res_212|       pointer|
|res_212_ap_vld   |  out|    1|      ap_vld|                                                                           res_212|       pointer|
|res_213          |  out|   20|      ap_vld|                                                                           res_213|       pointer|
|res_213_ap_vld   |  out|    1|      ap_vld|                                                                           res_213|       pointer|
|res_214          |  out|   20|      ap_vld|                                                                           res_214|       pointer|
|res_214_ap_vld   |  out|    1|      ap_vld|                                                                           res_214|       pointer|
|res_215          |  out|   20|      ap_vld|                                                                           res_215|       pointer|
|res_215_ap_vld   |  out|    1|      ap_vld|                                                                           res_215|       pointer|
|res_216          |  out|    1|      ap_vld|                                                                           res_216|       pointer|
|res_216_ap_vld   |  out|    1|      ap_vld|                                                                           res_216|       pointer|
|res_217          |  out|   20|      ap_vld|                                                                           res_217|       pointer|
|res_217_ap_vld   |  out|    1|      ap_vld|                                                                           res_217|       pointer|
|res_218          |  out|   21|      ap_vld|                                                                           res_218|       pointer|
|res_218_ap_vld   |  out|    1|      ap_vld|                                                                           res_218|       pointer|
|res_219          |  out|   20|      ap_vld|                                                                           res_219|       pointer|
|res_219_ap_vld   |  out|    1|      ap_vld|                                                                           res_219|       pointer|
|res_220          |  out|   20|      ap_vld|                                                                           res_220|       pointer|
|res_220_ap_vld   |  out|    1|      ap_vld|                                                                           res_220|       pointer|
|res_221          |  out|   21|      ap_vld|                                                                           res_221|       pointer|
|res_221_ap_vld   |  out|    1|      ap_vld|                                                                           res_221|       pointer|
|res_222          |  out|    1|      ap_vld|                                                                           res_222|       pointer|
|res_222_ap_vld   |  out|    1|      ap_vld|                                                                           res_222|       pointer|
|res_223          |  out|   21|      ap_vld|                                                                           res_223|       pointer|
|res_223_ap_vld   |  out|    1|      ap_vld|                                                                           res_223|       pointer|
|res_224          |  out|   20|      ap_vld|                                                                           res_224|       pointer|
|res_224_ap_vld   |  out|    1|      ap_vld|                                                                           res_224|       pointer|
|res_225          |  out|   20|      ap_vld|                                                                           res_225|       pointer|
|res_225_ap_vld   |  out|    1|      ap_vld|                                                                           res_225|       pointer|
|res_226          |  out|    1|      ap_vld|                                                                           res_226|       pointer|
|res_226_ap_vld   |  out|    1|      ap_vld|                                                                           res_226|       pointer|
|res_227          |  out|   20|      ap_vld|                                                                           res_227|       pointer|
|res_227_ap_vld   |  out|    1|      ap_vld|                                                                           res_227|       pointer|
|res_228          |  out|   20|      ap_vld|                                                                           res_228|       pointer|
|res_228_ap_vld   |  out|    1|      ap_vld|                                                                           res_228|       pointer|
|res_229          |  out|   21|      ap_vld|                                                                           res_229|       pointer|
|res_229_ap_vld   |  out|    1|      ap_vld|                                                                           res_229|       pointer|
|res_230          |  out|   21|      ap_vld|                                                                           res_230|       pointer|
|res_230_ap_vld   |  out|    1|      ap_vld|                                                                           res_230|       pointer|
|res_231          |  out|   20|      ap_vld|                                                                           res_231|       pointer|
|res_231_ap_vld   |  out|    1|      ap_vld|                                                                           res_231|       pointer|
|res_232          |  out|   20|      ap_vld|                                                                           res_232|       pointer|
|res_232_ap_vld   |  out|    1|      ap_vld|                                                                           res_232|       pointer|
|res_233          |  out|   21|      ap_vld|                                                                           res_233|       pointer|
|res_233_ap_vld   |  out|    1|      ap_vld|                                                                           res_233|       pointer|
|res_234          |  out|   21|      ap_vld|                                                                           res_234|       pointer|
|res_234_ap_vld   |  out|    1|      ap_vld|                                                                           res_234|       pointer|
|res_235          |  out|   20|      ap_vld|                                                                           res_235|       pointer|
|res_235_ap_vld   |  out|    1|      ap_vld|                                                                           res_235|       pointer|
|res_236          |  out|    1|      ap_vld|                                                                           res_236|       pointer|
|res_236_ap_vld   |  out|    1|      ap_vld|                                                                           res_236|       pointer|
|res_237          |  out|   21|      ap_vld|                                                                           res_237|       pointer|
|res_237_ap_vld   |  out|    1|      ap_vld|                                                                           res_237|       pointer|
|res_238          |  out|    1|      ap_vld|                                                                           res_238|       pointer|
|res_238_ap_vld   |  out|    1|      ap_vld|                                                                           res_238|       pointer|
|res_239          |  out|   21|      ap_vld|                                                                           res_239|       pointer|
|res_239_ap_vld   |  out|    1|      ap_vld|                                                                           res_239|       pointer|
|res_240          |  out|   21|      ap_vld|                                                                           res_240|       pointer|
|res_240_ap_vld   |  out|    1|      ap_vld|                                                                           res_240|       pointer|
|res_241          |  out|    1|      ap_vld|                                                                           res_241|       pointer|
|res_241_ap_vld   |  out|    1|      ap_vld|                                                                           res_241|       pointer|
|res_242          |  out|   21|      ap_vld|                                                                           res_242|       pointer|
|res_242_ap_vld   |  out|    1|      ap_vld|                                                                           res_242|       pointer|
|res_243          |  out|   20|      ap_vld|                                                                           res_243|       pointer|
|res_243_ap_vld   |  out|    1|      ap_vld|                                                                           res_243|       pointer|
|res_244          |  out|   21|      ap_vld|                                                                           res_244|       pointer|
|res_244_ap_vld   |  out|    1|      ap_vld|                                                                           res_244|       pointer|
|res_245          |  out|   20|      ap_vld|                                                                           res_245|       pointer|
|res_245_ap_vld   |  out|    1|      ap_vld|                                                                           res_245|       pointer|
|res_246          |  out|   20|      ap_vld|                                                                           res_246|       pointer|
|res_246_ap_vld   |  out|    1|      ap_vld|                                                                           res_246|       pointer|
|res_247          |  out|   20|      ap_vld|                                                                           res_247|       pointer|
|res_247_ap_vld   |  out|    1|      ap_vld|                                                                           res_247|       pointer|
|res_248          |  out|    1|      ap_vld|                                                                           res_248|       pointer|
|res_248_ap_vld   |  out|    1|      ap_vld|                                                                           res_248|       pointer|
|res_249          |  out|   20|      ap_vld|                                                                           res_249|       pointer|
|res_249_ap_vld   |  out|    1|      ap_vld|                                                                           res_249|       pointer|
|res_250          |  out|   21|      ap_vld|                                                                           res_250|       pointer|
|res_250_ap_vld   |  out|    1|      ap_vld|                                                                           res_250|       pointer|
|res_251          |  out|   20|      ap_vld|                                                                           res_251|       pointer|
|res_251_ap_vld   |  out|    1|      ap_vld|                                                                           res_251|       pointer|
|res_252          |  out|   20|      ap_vld|                                                                           res_252|       pointer|
|res_252_ap_vld   |  out|    1|      ap_vld|                                                                           res_252|       pointer|
|res_253          |  out|   21|      ap_vld|                                                                           res_253|       pointer|
|res_253_ap_vld   |  out|    1|      ap_vld|                                                                           res_253|       pointer|
|res_254          |  out|    1|      ap_vld|                                                                           res_254|       pointer|
|res_254_ap_vld   |  out|    1|      ap_vld|                                                                           res_254|       pointer|
|res_255          |  out|   21|      ap_vld|                                                                           res_255|       pointer|
|res_255_ap_vld   |  out|    1|      ap_vld|                                                                           res_255|       pointer|
|res_256          |  out|   20|      ap_vld|                                                                           res_256|       pointer|
|res_256_ap_vld   |  out|    1|      ap_vld|                                                                           res_256|       pointer|
|res_257          |  out|   20|      ap_vld|                                                                           res_257|       pointer|
|res_257_ap_vld   |  out|    1|      ap_vld|                                                                           res_257|       pointer|
|res_258          |  out|    1|      ap_vld|                                                                           res_258|       pointer|
|res_258_ap_vld   |  out|    1|      ap_vld|                                                                           res_258|       pointer|
|res_259          |  out|   20|      ap_vld|                                                                           res_259|       pointer|
|res_259_ap_vld   |  out|    1|      ap_vld|                                                                           res_259|       pointer|
|res_260          |  out|   20|      ap_vld|                                                                           res_260|       pointer|
|res_260_ap_vld   |  out|    1|      ap_vld|                                                                           res_260|       pointer|
|res_261          |  out|   21|      ap_vld|                                                                           res_261|       pointer|
|res_261_ap_vld   |  out|    1|      ap_vld|                                                                           res_261|       pointer|
|res_262          |  out|   21|      ap_vld|                                                                           res_262|       pointer|
|res_262_ap_vld   |  out|    1|      ap_vld|                                                                           res_262|       pointer|
|res_263          |  out|   20|      ap_vld|                                                                           res_263|       pointer|
|res_263_ap_vld   |  out|    1|      ap_vld|                                                                           res_263|       pointer|
|res_264          |  out|   20|      ap_vld|                                                                           res_264|       pointer|
|res_264_ap_vld   |  out|    1|      ap_vld|                                                                           res_264|       pointer|
|res_265          |  out|   21|      ap_vld|                                                                           res_265|       pointer|
|res_265_ap_vld   |  out|    1|      ap_vld|                                                                           res_265|       pointer|
|res_266          |  out|   21|      ap_vld|                                                                           res_266|       pointer|
|res_266_ap_vld   |  out|    1|      ap_vld|                                                                           res_266|       pointer|
|res_267          |  out|   20|      ap_vld|                                                                           res_267|       pointer|
|res_267_ap_vld   |  out|    1|      ap_vld|                                                                           res_267|       pointer|
|res_268          |  out|    1|      ap_vld|                                                                           res_268|       pointer|
|res_268_ap_vld   |  out|    1|      ap_vld|                                                                           res_268|       pointer|
|res_269          |  out|   21|      ap_vld|                                                                           res_269|       pointer|
|res_269_ap_vld   |  out|    1|      ap_vld|                                                                           res_269|       pointer|
|res_270          |  out|    1|      ap_vld|                                                                           res_270|       pointer|
|res_270_ap_vld   |  out|    1|      ap_vld|                                                                           res_270|       pointer|
|res_271          |  out|   21|      ap_vld|                                                                           res_271|       pointer|
|res_271_ap_vld   |  out|    1|      ap_vld|                                                                           res_271|       pointer|
|res_272          |  out|   21|      ap_vld|                                                                           res_272|       pointer|
|res_272_ap_vld   |  out|    1|      ap_vld|                                                                           res_272|       pointer|
|res_273          |  out|    1|      ap_vld|                                                                           res_273|       pointer|
|res_273_ap_vld   |  out|    1|      ap_vld|                                                                           res_273|       pointer|
|res_274          |  out|   21|      ap_vld|                                                                           res_274|       pointer|
|res_274_ap_vld   |  out|    1|      ap_vld|                                                                           res_274|       pointer|
|res_275          |  out|   20|      ap_vld|                                                                           res_275|       pointer|
|res_275_ap_vld   |  out|    1|      ap_vld|                                                                           res_275|       pointer|
|res_276          |  out|   21|      ap_vld|                                                                           res_276|       pointer|
|res_276_ap_vld   |  out|    1|      ap_vld|                                                                           res_276|       pointer|
|res_277          |  out|   20|      ap_vld|                                                                           res_277|       pointer|
|res_277_ap_vld   |  out|    1|      ap_vld|                                                                           res_277|       pointer|
|res_278          |  out|   20|      ap_vld|                                                                           res_278|       pointer|
|res_278_ap_vld   |  out|    1|      ap_vld|                                                                           res_278|       pointer|
|res_279          |  out|   20|      ap_vld|                                                                           res_279|       pointer|
|res_279_ap_vld   |  out|    1|      ap_vld|                                                                           res_279|       pointer|
|res_280          |  out|    1|      ap_vld|                                                                           res_280|       pointer|
|res_280_ap_vld   |  out|    1|      ap_vld|                                                                           res_280|       pointer|
|res_281          |  out|   20|      ap_vld|                                                                           res_281|       pointer|
|res_281_ap_vld   |  out|    1|      ap_vld|                                                                           res_281|       pointer|
|res_282          |  out|   21|      ap_vld|                                                                           res_282|       pointer|
|res_282_ap_vld   |  out|    1|      ap_vld|                                                                           res_282|       pointer|
|res_283          |  out|   20|      ap_vld|                                                                           res_283|       pointer|
|res_283_ap_vld   |  out|    1|      ap_vld|                                                                           res_283|       pointer|
|res_284          |  out|   20|      ap_vld|                                                                           res_284|       pointer|
|res_284_ap_vld   |  out|    1|      ap_vld|                                                                           res_284|       pointer|
|res_285          |  out|   21|      ap_vld|                                                                           res_285|       pointer|
|res_285_ap_vld   |  out|    1|      ap_vld|                                                                           res_285|       pointer|
|res_286          |  out|    1|      ap_vld|                                                                           res_286|       pointer|
|res_286_ap_vld   |  out|    1|      ap_vld|                                                                           res_286|       pointer|
|res_287          |  out|   21|      ap_vld|                                                                           res_287|       pointer|
|res_287_ap_vld   |  out|    1|      ap_vld|                                                                           res_287|       pointer|
|res_288          |  out|   20|      ap_vld|                                                                           res_288|       pointer|
|res_288_ap_vld   |  out|    1|      ap_vld|                                                                           res_288|       pointer|
|res_289          |  out|   20|      ap_vld|                                                                           res_289|       pointer|
|res_289_ap_vld   |  out|    1|      ap_vld|                                                                           res_289|       pointer|
|res_290          |  out|    1|      ap_vld|                                                                           res_290|       pointer|
|res_290_ap_vld   |  out|    1|      ap_vld|                                                                           res_290|       pointer|
|res_291          |  out|   20|      ap_vld|                                                                           res_291|       pointer|
|res_291_ap_vld   |  out|    1|      ap_vld|                                                                           res_291|       pointer|
|res_292          |  out|   20|      ap_vld|                                                                           res_292|       pointer|
|res_292_ap_vld   |  out|    1|      ap_vld|                                                                           res_292|       pointer|
|res_293          |  out|   21|      ap_vld|                                                                           res_293|       pointer|
|res_293_ap_vld   |  out|    1|      ap_vld|                                                                           res_293|       pointer|
|res_294          |  out|   21|      ap_vld|                                                                           res_294|       pointer|
|res_294_ap_vld   |  out|    1|      ap_vld|                                                                           res_294|       pointer|
|res_295          |  out|   20|      ap_vld|                                                                           res_295|       pointer|
|res_295_ap_vld   |  out|    1|      ap_vld|                                                                           res_295|       pointer|
|res_296          |  out|   20|      ap_vld|                                                                           res_296|       pointer|
|res_296_ap_vld   |  out|    1|      ap_vld|                                                                           res_296|       pointer|
|res_297          |  out|   21|      ap_vld|                                                                           res_297|       pointer|
|res_297_ap_vld   |  out|    1|      ap_vld|                                                                           res_297|       pointer|
|res_298          |  out|   21|      ap_vld|                                                                           res_298|       pointer|
|res_298_ap_vld   |  out|    1|      ap_vld|                                                                           res_298|       pointer|
|res_299          |  out|   20|      ap_vld|                                                                           res_299|       pointer|
|res_299_ap_vld   |  out|    1|      ap_vld|                                                                           res_299|       pointer|
|res_300          |  out|    1|      ap_vld|                                                                           res_300|       pointer|
|res_300_ap_vld   |  out|    1|      ap_vld|                                                                           res_300|       pointer|
|res_301          |  out|   21|      ap_vld|                                                                           res_301|       pointer|
|res_301_ap_vld   |  out|    1|      ap_vld|                                                                           res_301|       pointer|
|res_302          |  out|    1|      ap_vld|                                                                           res_302|       pointer|
|res_302_ap_vld   |  out|    1|      ap_vld|                                                                           res_302|       pointer|
|res_303          |  out|   21|      ap_vld|                                                                           res_303|       pointer|
|res_303_ap_vld   |  out|    1|      ap_vld|                                                                           res_303|       pointer|
|res_304          |  out|   21|      ap_vld|                                                                           res_304|       pointer|
|res_304_ap_vld   |  out|    1|      ap_vld|                                                                           res_304|       pointer|
|res_305          |  out|    1|      ap_vld|                                                                           res_305|       pointer|
|res_305_ap_vld   |  out|    1|      ap_vld|                                                                           res_305|       pointer|
|res_306          |  out|   21|      ap_vld|                                                                           res_306|       pointer|
|res_306_ap_vld   |  out|    1|      ap_vld|                                                                           res_306|       pointer|
|res_307          |  out|   20|      ap_vld|                                                                           res_307|       pointer|
|res_307_ap_vld   |  out|    1|      ap_vld|                                                                           res_307|       pointer|
|res_308          |  out|   21|      ap_vld|                                                                           res_308|       pointer|
|res_308_ap_vld   |  out|    1|      ap_vld|                                                                           res_308|       pointer|
|res_309          |  out|   20|      ap_vld|                                                                           res_309|       pointer|
|res_309_ap_vld   |  out|    1|      ap_vld|                                                                           res_309|       pointer|
|res_310          |  out|   20|      ap_vld|                                                                           res_310|       pointer|
|res_310_ap_vld   |  out|    1|      ap_vld|                                                                           res_310|       pointer|
|res_311          |  out|   20|      ap_vld|                                                                           res_311|       pointer|
|res_311_ap_vld   |  out|    1|      ap_vld|                                                                           res_311|       pointer|
|res_312          |  out|    1|      ap_vld|                                                                           res_312|       pointer|
|res_312_ap_vld   |  out|    1|      ap_vld|                                                                           res_312|       pointer|
|res_313          |  out|   20|      ap_vld|                                                                           res_313|       pointer|
|res_313_ap_vld   |  out|    1|      ap_vld|                                                                           res_313|       pointer|
|res_314          |  out|   21|      ap_vld|                                                                           res_314|       pointer|
|res_314_ap_vld   |  out|    1|      ap_vld|                                                                           res_314|       pointer|
|res_315          |  out|   20|      ap_vld|                                                                           res_315|       pointer|
|res_315_ap_vld   |  out|    1|      ap_vld|                                                                           res_315|       pointer|
|res_316          |  out|   20|      ap_vld|                                                                           res_316|       pointer|
|res_316_ap_vld   |  out|    1|      ap_vld|                                                                           res_316|       pointer|
|res_317          |  out|   21|      ap_vld|                                                                           res_317|       pointer|
|res_317_ap_vld   |  out|    1|      ap_vld|                                                                           res_317|       pointer|
|res_318          |  out|    1|      ap_vld|                                                                           res_318|       pointer|
|res_318_ap_vld   |  out|    1|      ap_vld|                                                                           res_318|       pointer|
|res_319          |  out|   21|      ap_vld|                                                                           res_319|       pointer|
|res_319_ap_vld   |  out|    1|      ap_vld|                                                                           res_319|       pointer|
|res_320          |  out|   20|      ap_vld|                                                                           res_320|       pointer|
|res_320_ap_vld   |  out|    1|      ap_vld|                                                                           res_320|       pointer|
|res_321          |  out|   20|      ap_vld|                                                                           res_321|       pointer|
|res_321_ap_vld   |  out|    1|      ap_vld|                                                                           res_321|       pointer|
|res_322          |  out|    1|      ap_vld|                                                                           res_322|       pointer|
|res_322_ap_vld   |  out|    1|      ap_vld|                                                                           res_322|       pointer|
|res_323          |  out|   20|      ap_vld|                                                                           res_323|       pointer|
|res_323_ap_vld   |  out|    1|      ap_vld|                                                                           res_323|       pointer|
|res_324          |  out|   20|      ap_vld|                                                                           res_324|       pointer|
|res_324_ap_vld   |  out|    1|      ap_vld|                                                                           res_324|       pointer|
|res_325          |  out|   21|      ap_vld|                                                                           res_325|       pointer|
|res_325_ap_vld   |  out|    1|      ap_vld|                                                                           res_325|       pointer|
|res_326          |  out|   21|      ap_vld|                                                                           res_326|       pointer|
|res_326_ap_vld   |  out|    1|      ap_vld|                                                                           res_326|       pointer|
|res_327          |  out|   20|      ap_vld|                                                                           res_327|       pointer|
|res_327_ap_vld   |  out|    1|      ap_vld|                                                                           res_327|       pointer|
|res_328          |  out|   20|      ap_vld|                                                                           res_328|       pointer|
|res_328_ap_vld   |  out|    1|      ap_vld|                                                                           res_328|       pointer|
|res_329          |  out|   21|      ap_vld|                                                                           res_329|       pointer|
|res_329_ap_vld   |  out|    1|      ap_vld|                                                                           res_329|       pointer|
|res_330          |  out|   21|      ap_vld|                                                                           res_330|       pointer|
|res_330_ap_vld   |  out|    1|      ap_vld|                                                                           res_330|       pointer|
|res_331          |  out|   20|      ap_vld|                                                                           res_331|       pointer|
|res_331_ap_vld   |  out|    1|      ap_vld|                                                                           res_331|       pointer|
|res_332          |  out|    1|      ap_vld|                                                                           res_332|       pointer|
|res_332_ap_vld   |  out|    1|      ap_vld|                                                                           res_332|       pointer|
|res_333          |  out|   21|      ap_vld|                                                                           res_333|       pointer|
|res_333_ap_vld   |  out|    1|      ap_vld|                                                                           res_333|       pointer|
|res_334          |  out|    1|      ap_vld|                                                                           res_334|       pointer|
|res_334_ap_vld   |  out|    1|      ap_vld|                                                                           res_334|       pointer|
|res_335          |  out|   21|      ap_vld|                                                                           res_335|       pointer|
|res_335_ap_vld   |  out|    1|      ap_vld|                                                                           res_335|       pointer|
|res_336          |  out|   21|      ap_vld|                                                                           res_336|       pointer|
|res_336_ap_vld   |  out|    1|      ap_vld|                                                                           res_336|       pointer|
|res_337          |  out|    1|      ap_vld|                                                                           res_337|       pointer|
|res_337_ap_vld   |  out|    1|      ap_vld|                                                                           res_337|       pointer|
|res_338          |  out|   21|      ap_vld|                                                                           res_338|       pointer|
|res_338_ap_vld   |  out|    1|      ap_vld|                                                                           res_338|       pointer|
|res_339          |  out|   20|      ap_vld|                                                                           res_339|       pointer|
|res_339_ap_vld   |  out|    1|      ap_vld|                                                                           res_339|       pointer|
|res_340          |  out|   21|      ap_vld|                                                                           res_340|       pointer|
|res_340_ap_vld   |  out|    1|      ap_vld|                                                                           res_340|       pointer|
|res_341          |  out|   20|      ap_vld|                                                                           res_341|       pointer|
|res_341_ap_vld   |  out|    1|      ap_vld|                                                                           res_341|       pointer|
|res_342          |  out|   20|      ap_vld|                                                                           res_342|       pointer|
|res_342_ap_vld   |  out|    1|      ap_vld|                                                                           res_342|       pointer|
|res_343          |  out|   20|      ap_vld|                                                                           res_343|       pointer|
|res_343_ap_vld   |  out|    1|      ap_vld|                                                                           res_343|       pointer|
|res_344          |  out|    1|      ap_vld|                                                                           res_344|       pointer|
|res_344_ap_vld   |  out|    1|      ap_vld|                                                                           res_344|       pointer|
|res_345          |  out|   20|      ap_vld|                                                                           res_345|       pointer|
|res_345_ap_vld   |  out|    1|      ap_vld|                                                                           res_345|       pointer|
|res_346          |  out|   21|      ap_vld|                                                                           res_346|       pointer|
|res_346_ap_vld   |  out|    1|      ap_vld|                                                                           res_346|       pointer|
|res_347          |  out|   20|      ap_vld|                                                                           res_347|       pointer|
|res_347_ap_vld   |  out|    1|      ap_vld|                                                                           res_347|       pointer|
|res_348          |  out|   20|      ap_vld|                                                                           res_348|       pointer|
|res_348_ap_vld   |  out|    1|      ap_vld|                                                                           res_348|       pointer|
|res_349          |  out|   21|      ap_vld|                                                                           res_349|       pointer|
|res_349_ap_vld   |  out|    1|      ap_vld|                                                                           res_349|       pointer|
|res_350          |  out|    1|      ap_vld|                                                                           res_350|       pointer|
|res_350_ap_vld   |  out|    1|      ap_vld|                                                                           res_350|       pointer|
|res_351          |  out|   21|      ap_vld|                                                                           res_351|       pointer|
|res_351_ap_vld   |  out|    1|      ap_vld|                                                                           res_351|       pointer|
|res_352          |  out|   20|      ap_vld|                                                                           res_352|       pointer|
|res_352_ap_vld   |  out|    1|      ap_vld|                                                                           res_352|       pointer|
|res_353          |  out|   20|      ap_vld|                                                                           res_353|       pointer|
|res_353_ap_vld   |  out|    1|      ap_vld|                                                                           res_353|       pointer|
|res_354          |  out|    1|      ap_vld|                                                                           res_354|       pointer|
|res_354_ap_vld   |  out|    1|      ap_vld|                                                                           res_354|       pointer|
|res_355          |  out|   20|      ap_vld|                                                                           res_355|       pointer|
|res_355_ap_vld   |  out|    1|      ap_vld|                                                                           res_355|       pointer|
|res_356          |  out|   20|      ap_vld|                                                                           res_356|       pointer|
|res_356_ap_vld   |  out|    1|      ap_vld|                                                                           res_356|       pointer|
|res_357          |  out|   21|      ap_vld|                                                                           res_357|       pointer|
|res_357_ap_vld   |  out|    1|      ap_vld|                                                                           res_357|       pointer|
|res_358          |  out|   21|      ap_vld|                                                                           res_358|       pointer|
|res_358_ap_vld   |  out|    1|      ap_vld|                                                                           res_358|       pointer|
|res_359          |  out|   20|      ap_vld|                                                                           res_359|       pointer|
|res_359_ap_vld   |  out|    1|      ap_vld|                                                                           res_359|       pointer|
|res_360          |  out|   20|      ap_vld|                                                                           res_360|       pointer|
|res_360_ap_vld   |  out|    1|      ap_vld|                                                                           res_360|       pointer|
|res_361          |  out|   21|      ap_vld|                                                                           res_361|       pointer|
|res_361_ap_vld   |  out|    1|      ap_vld|                                                                           res_361|       pointer|
|res_362          |  out|   21|      ap_vld|                                                                           res_362|       pointer|
|res_362_ap_vld   |  out|    1|      ap_vld|                                                                           res_362|       pointer|
|res_363          |  out|   20|      ap_vld|                                                                           res_363|       pointer|
|res_363_ap_vld   |  out|    1|      ap_vld|                                                                           res_363|       pointer|
|res_364          |  out|    1|      ap_vld|                                                                           res_364|       pointer|
|res_364_ap_vld   |  out|    1|      ap_vld|                                                                           res_364|       pointer|
|res_365          |  out|   21|      ap_vld|                                                                           res_365|       pointer|
|res_365_ap_vld   |  out|    1|      ap_vld|                                                                           res_365|       pointer|
|res_366          |  out|    1|      ap_vld|                                                                           res_366|       pointer|
|res_366_ap_vld   |  out|    1|      ap_vld|                                                                           res_366|       pointer|
|res_367          |  out|   21|      ap_vld|                                                                           res_367|       pointer|
|res_367_ap_vld   |  out|    1|      ap_vld|                                                                           res_367|       pointer|
|res_368          |  out|   21|      ap_vld|                                                                           res_368|       pointer|
|res_368_ap_vld   |  out|    1|      ap_vld|                                                                           res_368|       pointer|
|res_369          |  out|    1|      ap_vld|                                                                           res_369|       pointer|
|res_369_ap_vld   |  out|    1|      ap_vld|                                                                           res_369|       pointer|
|res_370          |  out|   21|      ap_vld|                                                                           res_370|       pointer|
|res_370_ap_vld   |  out|    1|      ap_vld|                                                                           res_370|       pointer|
|res_371          |  out|   20|      ap_vld|                                                                           res_371|       pointer|
|res_371_ap_vld   |  out|    1|      ap_vld|                                                                           res_371|       pointer|
|res_372          |  out|   21|      ap_vld|                                                                           res_372|       pointer|
|res_372_ap_vld   |  out|    1|      ap_vld|                                                                           res_372|       pointer|
|res_373          |  out|   20|      ap_vld|                                                                           res_373|       pointer|
|res_373_ap_vld   |  out|    1|      ap_vld|                                                                           res_373|       pointer|
|res_374          |  out|   20|      ap_vld|                                                                           res_374|       pointer|
|res_374_ap_vld   |  out|    1|      ap_vld|                                                                           res_374|       pointer|
|res_375          |  out|   20|      ap_vld|                                                                           res_375|       pointer|
|res_375_ap_vld   |  out|    1|      ap_vld|                                                                           res_375|       pointer|
|res_376          |  out|    1|      ap_vld|                                                                           res_376|       pointer|
|res_376_ap_vld   |  out|    1|      ap_vld|                                                                           res_376|       pointer|
|res_377          |  out|   20|      ap_vld|                                                                           res_377|       pointer|
|res_377_ap_vld   |  out|    1|      ap_vld|                                                                           res_377|       pointer|
|res_378          |  out|   21|      ap_vld|                                                                           res_378|       pointer|
|res_378_ap_vld   |  out|    1|      ap_vld|                                                                           res_378|       pointer|
|res_379          |  out|   20|      ap_vld|                                                                           res_379|       pointer|
|res_379_ap_vld   |  out|    1|      ap_vld|                                                                           res_379|       pointer|
|res_380          |  out|   20|      ap_vld|                                                                           res_380|       pointer|
|res_380_ap_vld   |  out|    1|      ap_vld|                                                                           res_380|       pointer|
|res_381          |  out|   21|      ap_vld|                                                                           res_381|       pointer|
|res_381_ap_vld   |  out|    1|      ap_vld|                                                                           res_381|       pointer|
|res_382          |  out|    1|      ap_vld|                                                                           res_382|       pointer|
|res_382_ap_vld   |  out|    1|      ap_vld|                                                                           res_382|       pointer|
|res_383          |  out|   21|      ap_vld|                                                                           res_383|       pointer|
|res_383_ap_vld   |  out|    1|      ap_vld|                                                                           res_383|       pointer|
|res_384          |  out|   20|      ap_vld|                                                                           res_384|       pointer|
|res_384_ap_vld   |  out|    1|      ap_vld|                                                                           res_384|       pointer|
|res_385          |  out|   20|      ap_vld|                                                                           res_385|       pointer|
|res_385_ap_vld   |  out|    1|      ap_vld|                                                                           res_385|       pointer|
|res_386          |  out|    1|      ap_vld|                                                                           res_386|       pointer|
|res_386_ap_vld   |  out|    1|      ap_vld|                                                                           res_386|       pointer|
|res_387          |  out|   20|      ap_vld|                                                                           res_387|       pointer|
|res_387_ap_vld   |  out|    1|      ap_vld|                                                                           res_387|       pointer|
|res_388          |  out|   20|      ap_vld|                                                                           res_388|       pointer|
|res_388_ap_vld   |  out|    1|      ap_vld|                                                                           res_388|       pointer|
|res_389          |  out|   21|      ap_vld|                                                                           res_389|       pointer|
|res_389_ap_vld   |  out|    1|      ap_vld|                                                                           res_389|       pointer|
|res_390          |  out|   21|      ap_vld|                                                                           res_390|       pointer|
|res_390_ap_vld   |  out|    1|      ap_vld|                                                                           res_390|       pointer|
|res_391          |  out|   20|      ap_vld|                                                                           res_391|       pointer|
|res_391_ap_vld   |  out|    1|      ap_vld|                                                                           res_391|       pointer|
|res_392          |  out|   20|      ap_vld|                                                                           res_392|       pointer|
|res_392_ap_vld   |  out|    1|      ap_vld|                                                                           res_392|       pointer|
|res_393          |  out|   21|      ap_vld|                                                                           res_393|       pointer|
|res_393_ap_vld   |  out|    1|      ap_vld|                                                                           res_393|       pointer|
|res_394          |  out|   21|      ap_vld|                                                                           res_394|       pointer|
|res_394_ap_vld   |  out|    1|      ap_vld|                                                                           res_394|       pointer|
|res_395          |  out|   20|      ap_vld|                                                                           res_395|       pointer|
|res_395_ap_vld   |  out|    1|      ap_vld|                                                                           res_395|       pointer|
|res_396          |  out|    1|      ap_vld|                                                                           res_396|       pointer|
|res_396_ap_vld   |  out|    1|      ap_vld|                                                                           res_396|       pointer|
|res_397          |  out|   21|      ap_vld|                                                                           res_397|       pointer|
|res_397_ap_vld   |  out|    1|      ap_vld|                                                                           res_397|       pointer|
|res_398          |  out|    1|      ap_vld|                                                                           res_398|       pointer|
|res_398_ap_vld   |  out|    1|      ap_vld|                                                                           res_398|       pointer|
|res_399          |  out|   21|      ap_vld|                                                                           res_399|       pointer|
|res_399_ap_vld   |  out|    1|      ap_vld|                                                                           res_399|       pointer|
|res_400          |  out|   21|      ap_vld|                                                                           res_400|       pointer|
|res_400_ap_vld   |  out|    1|      ap_vld|                                                                           res_400|       pointer|
|res_401          |  out|    1|      ap_vld|                                                                           res_401|       pointer|
|res_401_ap_vld   |  out|    1|      ap_vld|                                                                           res_401|       pointer|
|res_402          |  out|   21|      ap_vld|                                                                           res_402|       pointer|
|res_402_ap_vld   |  out|    1|      ap_vld|                                                                           res_402|       pointer|
|res_403          |  out|   20|      ap_vld|                                                                           res_403|       pointer|
|res_403_ap_vld   |  out|    1|      ap_vld|                                                                           res_403|       pointer|
|res_404          |  out|   21|      ap_vld|                                                                           res_404|       pointer|
|res_404_ap_vld   |  out|    1|      ap_vld|                                                                           res_404|       pointer|
|res_405          |  out|   20|      ap_vld|                                                                           res_405|       pointer|
|res_405_ap_vld   |  out|    1|      ap_vld|                                                                           res_405|       pointer|
|res_406          |  out|   20|      ap_vld|                                                                           res_406|       pointer|
|res_406_ap_vld   |  out|    1|      ap_vld|                                                                           res_406|       pointer|
|res_407          |  out|   20|      ap_vld|                                                                           res_407|       pointer|
|res_407_ap_vld   |  out|    1|      ap_vld|                                                                           res_407|       pointer|
|res_408          |  out|    1|      ap_vld|                                                                           res_408|       pointer|
|res_408_ap_vld   |  out|    1|      ap_vld|                                                                           res_408|       pointer|
|res_409          |  out|   20|      ap_vld|                                                                           res_409|       pointer|
|res_409_ap_vld   |  out|    1|      ap_vld|                                                                           res_409|       pointer|
|res_410          |  out|   21|      ap_vld|                                                                           res_410|       pointer|
|res_410_ap_vld   |  out|    1|      ap_vld|                                                                           res_410|       pointer|
|res_411          |  out|   20|      ap_vld|                                                                           res_411|       pointer|
|res_411_ap_vld   |  out|    1|      ap_vld|                                                                           res_411|       pointer|
|res_412          |  out|   20|      ap_vld|                                                                           res_412|       pointer|
|res_412_ap_vld   |  out|    1|      ap_vld|                                                                           res_412|       pointer|
|res_413          |  out|   21|      ap_vld|                                                                           res_413|       pointer|
|res_413_ap_vld   |  out|    1|      ap_vld|                                                                           res_413|       pointer|
|res_414          |  out|    1|      ap_vld|                                                                           res_414|       pointer|
|res_414_ap_vld   |  out|    1|      ap_vld|                                                                           res_414|       pointer|
|res_415          |  out|   21|      ap_vld|                                                                           res_415|       pointer|
|res_415_ap_vld   |  out|    1|      ap_vld|                                                                           res_415|       pointer|
|res_416          |  out|   20|      ap_vld|                                                                           res_416|       pointer|
|res_416_ap_vld   |  out|    1|      ap_vld|                                                                           res_416|       pointer|
|res_417          |  out|   20|      ap_vld|                                                                           res_417|       pointer|
|res_417_ap_vld   |  out|    1|      ap_vld|                                                                           res_417|       pointer|
|res_418          |  out|    1|      ap_vld|                                                                           res_418|       pointer|
|res_418_ap_vld   |  out|    1|      ap_vld|                                                                           res_418|       pointer|
|res_419          |  out|   20|      ap_vld|                                                                           res_419|       pointer|
|res_419_ap_vld   |  out|    1|      ap_vld|                                                                           res_419|       pointer|
|res_420          |  out|   20|      ap_vld|                                                                           res_420|       pointer|
|res_420_ap_vld   |  out|    1|      ap_vld|                                                                           res_420|       pointer|
|res_421          |  out|   21|      ap_vld|                                                                           res_421|       pointer|
|res_421_ap_vld   |  out|    1|      ap_vld|                                                                           res_421|       pointer|
|res_422          |  out|   21|      ap_vld|                                                                           res_422|       pointer|
|res_422_ap_vld   |  out|    1|      ap_vld|                                                                           res_422|       pointer|
|res_423          |  out|   20|      ap_vld|                                                                           res_423|       pointer|
|res_423_ap_vld   |  out|    1|      ap_vld|                                                                           res_423|       pointer|
|res_424          |  out|   20|      ap_vld|                                                                           res_424|       pointer|
|res_424_ap_vld   |  out|    1|      ap_vld|                                                                           res_424|       pointer|
|res_425          |  out|   21|      ap_vld|                                                                           res_425|       pointer|
|res_425_ap_vld   |  out|    1|      ap_vld|                                                                           res_425|       pointer|
|res_426          |  out|   21|      ap_vld|                                                                           res_426|       pointer|
|res_426_ap_vld   |  out|    1|      ap_vld|                                                                           res_426|       pointer|
|res_427          |  out|   20|      ap_vld|                                                                           res_427|       pointer|
|res_427_ap_vld   |  out|    1|      ap_vld|                                                                           res_427|       pointer|
|res_428          |  out|    1|      ap_vld|                                                                           res_428|       pointer|
|res_428_ap_vld   |  out|    1|      ap_vld|                                                                           res_428|       pointer|
|res_429          |  out|   21|      ap_vld|                                                                           res_429|       pointer|
|res_429_ap_vld   |  out|    1|      ap_vld|                                                                           res_429|       pointer|
|res_430          |  out|    1|      ap_vld|                                                                           res_430|       pointer|
|res_430_ap_vld   |  out|    1|      ap_vld|                                                                           res_430|       pointer|
|res_431          |  out|   21|      ap_vld|                                                                           res_431|       pointer|
|res_431_ap_vld   |  out|    1|      ap_vld|                                                                           res_431|       pointer|
|res_432          |  out|   21|      ap_vld|                                                                           res_432|       pointer|
|res_432_ap_vld   |  out|    1|      ap_vld|                                                                           res_432|       pointer|
|res_433          |  out|    1|      ap_vld|                                                                           res_433|       pointer|
|res_433_ap_vld   |  out|    1|      ap_vld|                                                                           res_433|       pointer|
|res_434          |  out|   21|      ap_vld|                                                                           res_434|       pointer|
|res_434_ap_vld   |  out|    1|      ap_vld|                                                                           res_434|       pointer|
|res_435          |  out|   20|      ap_vld|                                                                           res_435|       pointer|
|res_435_ap_vld   |  out|    1|      ap_vld|                                                                           res_435|       pointer|
|res_436          |  out|   21|      ap_vld|                                                                           res_436|       pointer|
|res_436_ap_vld   |  out|    1|      ap_vld|                                                                           res_436|       pointer|
|res_437          |  out|   20|      ap_vld|                                                                           res_437|       pointer|
|res_437_ap_vld   |  out|    1|      ap_vld|                                                                           res_437|       pointer|
|res_438          |  out|   20|      ap_vld|                                                                           res_438|       pointer|
|res_438_ap_vld   |  out|    1|      ap_vld|                                                                           res_438|       pointer|
|res_439          |  out|   20|      ap_vld|                                                                           res_439|       pointer|
|res_439_ap_vld   |  out|    1|      ap_vld|                                                                           res_439|       pointer|
|res_440          |  out|    1|      ap_vld|                                                                           res_440|       pointer|
|res_440_ap_vld   |  out|    1|      ap_vld|                                                                           res_440|       pointer|
|res_441          |  out|   20|      ap_vld|                                                                           res_441|       pointer|
|res_441_ap_vld   |  out|    1|      ap_vld|                                                                           res_441|       pointer|
|res_442          |  out|   21|      ap_vld|                                                                           res_442|       pointer|
|res_442_ap_vld   |  out|    1|      ap_vld|                                                                           res_442|       pointer|
|res_443          |  out|   20|      ap_vld|                                                                           res_443|       pointer|
|res_443_ap_vld   |  out|    1|      ap_vld|                                                                           res_443|       pointer|
|res_444          |  out|   20|      ap_vld|                                                                           res_444|       pointer|
|res_444_ap_vld   |  out|    1|      ap_vld|                                                                           res_444|       pointer|
|res_445          |  out|   21|      ap_vld|                                                                           res_445|       pointer|
|res_445_ap_vld   |  out|    1|      ap_vld|                                                                           res_445|       pointer|
|res_446          |  out|    1|      ap_vld|                                                                           res_446|       pointer|
|res_446_ap_vld   |  out|    1|      ap_vld|                                                                           res_446|       pointer|
|res_447          |  out|   21|      ap_vld|                                                                           res_447|       pointer|
|res_447_ap_vld   |  out|    1|      ap_vld|                                                                           res_447|       pointer|
|res_448          |  out|   20|      ap_vld|                                                                           res_448|       pointer|
|res_448_ap_vld   |  out|    1|      ap_vld|                                                                           res_448|       pointer|
|res_449          |  out|   20|      ap_vld|                                                                           res_449|       pointer|
|res_449_ap_vld   |  out|    1|      ap_vld|                                                                           res_449|       pointer|
|res_450          |  out|    1|      ap_vld|                                                                           res_450|       pointer|
|res_450_ap_vld   |  out|    1|      ap_vld|                                                                           res_450|       pointer|
|res_451          |  out|   20|      ap_vld|                                                                           res_451|       pointer|
|res_451_ap_vld   |  out|    1|      ap_vld|                                                                           res_451|       pointer|
|res_452          |  out|   20|      ap_vld|                                                                           res_452|       pointer|
|res_452_ap_vld   |  out|    1|      ap_vld|                                                                           res_452|       pointer|
|res_453          |  out|   21|      ap_vld|                                                                           res_453|       pointer|
|res_453_ap_vld   |  out|    1|      ap_vld|                                                                           res_453|       pointer|
|res_454          |  out|   21|      ap_vld|                                                                           res_454|       pointer|
|res_454_ap_vld   |  out|    1|      ap_vld|                                                                           res_454|       pointer|
|res_455          |  out|   20|      ap_vld|                                                                           res_455|       pointer|
|res_455_ap_vld   |  out|    1|      ap_vld|                                                                           res_455|       pointer|
|res_456          |  out|   20|      ap_vld|                                                                           res_456|       pointer|
|res_456_ap_vld   |  out|    1|      ap_vld|                                                                           res_456|       pointer|
|res_457          |  out|   21|      ap_vld|                                                                           res_457|       pointer|
|res_457_ap_vld   |  out|    1|      ap_vld|                                                                           res_457|       pointer|
|res_458          |  out|   21|      ap_vld|                                                                           res_458|       pointer|
|res_458_ap_vld   |  out|    1|      ap_vld|                                                                           res_458|       pointer|
|res_459          |  out|   20|      ap_vld|                                                                           res_459|       pointer|
|res_459_ap_vld   |  out|    1|      ap_vld|                                                                           res_459|       pointer|
|res_460          |  out|    1|      ap_vld|                                                                           res_460|       pointer|
|res_460_ap_vld   |  out|    1|      ap_vld|                                                                           res_460|       pointer|
|res_461          |  out|   21|      ap_vld|                                                                           res_461|       pointer|
|res_461_ap_vld   |  out|    1|      ap_vld|                                                                           res_461|       pointer|
|res_462          |  out|    1|      ap_vld|                                                                           res_462|       pointer|
|res_462_ap_vld   |  out|    1|      ap_vld|                                                                           res_462|       pointer|
|res_463          |  out|   21|      ap_vld|                                                                           res_463|       pointer|
|res_463_ap_vld   |  out|    1|      ap_vld|                                                                           res_463|       pointer|
|res_464          |  out|   21|      ap_vld|                                                                           res_464|       pointer|
|res_464_ap_vld   |  out|    1|      ap_vld|                                                                           res_464|       pointer|
|res_465          |  out|    1|      ap_vld|                                                                           res_465|       pointer|
|res_465_ap_vld   |  out|    1|      ap_vld|                                                                           res_465|       pointer|
|res_466          |  out|   21|      ap_vld|                                                                           res_466|       pointer|
|res_466_ap_vld   |  out|    1|      ap_vld|                                                                           res_466|       pointer|
|res_467          |  out|   20|      ap_vld|                                                                           res_467|       pointer|
|res_467_ap_vld   |  out|    1|      ap_vld|                                                                           res_467|       pointer|
|res_468          |  out|   21|      ap_vld|                                                                           res_468|       pointer|
|res_468_ap_vld   |  out|    1|      ap_vld|                                                                           res_468|       pointer|
|res_469          |  out|   20|      ap_vld|                                                                           res_469|       pointer|
|res_469_ap_vld   |  out|    1|      ap_vld|                                                                           res_469|       pointer|
|res_470          |  out|   20|      ap_vld|                                                                           res_470|       pointer|
|res_470_ap_vld   |  out|    1|      ap_vld|                                                                           res_470|       pointer|
|res_471          |  out|   20|      ap_vld|                                                                           res_471|       pointer|
|res_471_ap_vld   |  out|    1|      ap_vld|                                                                           res_471|       pointer|
|res_472          |  out|    1|      ap_vld|                                                                           res_472|       pointer|
|res_472_ap_vld   |  out|    1|      ap_vld|                                                                           res_472|       pointer|
|res_473          |  out|   20|      ap_vld|                                                                           res_473|       pointer|
|res_473_ap_vld   |  out|    1|      ap_vld|                                                                           res_473|       pointer|
|res_474          |  out|   21|      ap_vld|                                                                           res_474|       pointer|
|res_474_ap_vld   |  out|    1|      ap_vld|                                                                           res_474|       pointer|
|res_475          |  out|   20|      ap_vld|                                                                           res_475|       pointer|
|res_475_ap_vld   |  out|    1|      ap_vld|                                                                           res_475|       pointer|
|res_476          |  out|   20|      ap_vld|                                                                           res_476|       pointer|
|res_476_ap_vld   |  out|    1|      ap_vld|                                                                           res_476|       pointer|
|res_477          |  out|   21|      ap_vld|                                                                           res_477|       pointer|
|res_477_ap_vld   |  out|    1|      ap_vld|                                                                           res_477|       pointer|
|res_478          |  out|    1|      ap_vld|                                                                           res_478|       pointer|
|res_478_ap_vld   |  out|    1|      ap_vld|                                                                           res_478|       pointer|
|res_479          |  out|   21|      ap_vld|                                                                           res_479|       pointer|
|res_479_ap_vld   |  out|    1|      ap_vld|                                                                           res_479|       pointer|
|res_480          |  out|   20|      ap_vld|                                                                           res_480|       pointer|
|res_480_ap_vld   |  out|    1|      ap_vld|                                                                           res_480|       pointer|
|res_481          |  out|   20|      ap_vld|                                                                           res_481|       pointer|
|res_481_ap_vld   |  out|    1|      ap_vld|                                                                           res_481|       pointer|
|res_482          |  out|    1|      ap_vld|                                                                           res_482|       pointer|
|res_482_ap_vld   |  out|    1|      ap_vld|                                                                           res_482|       pointer|
|res_483          |  out|   20|      ap_vld|                                                                           res_483|       pointer|
|res_483_ap_vld   |  out|    1|      ap_vld|                                                                           res_483|       pointer|
|res_484          |  out|   20|      ap_vld|                                                                           res_484|       pointer|
|res_484_ap_vld   |  out|    1|      ap_vld|                                                                           res_484|       pointer|
|res_485          |  out|   21|      ap_vld|                                                                           res_485|       pointer|
|res_485_ap_vld   |  out|    1|      ap_vld|                                                                           res_485|       pointer|
|res_486          |  out|   21|      ap_vld|                                                                           res_486|       pointer|
|res_486_ap_vld   |  out|    1|      ap_vld|                                                                           res_486|       pointer|
|res_487          |  out|   20|      ap_vld|                                                                           res_487|       pointer|
|res_487_ap_vld   |  out|    1|      ap_vld|                                                                           res_487|       pointer|
|res_488          |  out|   20|      ap_vld|                                                                           res_488|       pointer|
|res_488_ap_vld   |  out|    1|      ap_vld|                                                                           res_488|       pointer|
|res_489          |  out|   21|      ap_vld|                                                                           res_489|       pointer|
|res_489_ap_vld   |  out|    1|      ap_vld|                                                                           res_489|       pointer|
|res_490          |  out|   21|      ap_vld|                                                                           res_490|       pointer|
|res_490_ap_vld   |  out|    1|      ap_vld|                                                                           res_490|       pointer|
|res_491          |  out|   20|      ap_vld|                                                                           res_491|       pointer|
|res_491_ap_vld   |  out|    1|      ap_vld|                                                                           res_491|       pointer|
|res_492          |  out|    1|      ap_vld|                                                                           res_492|       pointer|
|res_492_ap_vld   |  out|    1|      ap_vld|                                                                           res_492|       pointer|
|res_493          |  out|   21|      ap_vld|                                                                           res_493|       pointer|
|res_493_ap_vld   |  out|    1|      ap_vld|                                                                           res_493|       pointer|
|res_494          |  out|    1|      ap_vld|                                                                           res_494|       pointer|
|res_494_ap_vld   |  out|    1|      ap_vld|                                                                           res_494|       pointer|
|res_495          |  out|   21|      ap_vld|                                                                           res_495|       pointer|
|res_495_ap_vld   |  out|    1|      ap_vld|                                                                           res_495|       pointer|
|res_496          |  out|   21|      ap_vld|                                                                           res_496|       pointer|
|res_496_ap_vld   |  out|    1|      ap_vld|                                                                           res_496|       pointer|
|res_497          |  out|    1|      ap_vld|                                                                           res_497|       pointer|
|res_497_ap_vld   |  out|    1|      ap_vld|                                                                           res_497|       pointer|
|res_498          |  out|   21|      ap_vld|                                                                           res_498|       pointer|
|res_498_ap_vld   |  out|    1|      ap_vld|                                                                           res_498|       pointer|
|res_499          |  out|   20|      ap_vld|                                                                           res_499|       pointer|
|res_499_ap_vld   |  out|    1|      ap_vld|                                                                           res_499|       pointer|
|res_500          |  out|   21|      ap_vld|                                                                           res_500|       pointer|
|res_500_ap_vld   |  out|    1|      ap_vld|                                                                           res_500|       pointer|
|res_501          |  out|   20|      ap_vld|                                                                           res_501|       pointer|
|res_501_ap_vld   |  out|    1|      ap_vld|                                                                           res_501|       pointer|
|res_502          |  out|   20|      ap_vld|                                                                           res_502|       pointer|
|res_502_ap_vld   |  out|    1|      ap_vld|                                                                           res_502|       pointer|
|res_503          |  out|   20|      ap_vld|                                                                           res_503|       pointer|
|res_503_ap_vld   |  out|    1|      ap_vld|                                                                           res_503|       pointer|
|res_504          |  out|    1|      ap_vld|                                                                           res_504|       pointer|
|res_504_ap_vld   |  out|    1|      ap_vld|                                                                           res_504|       pointer|
|res_505          |  out|   20|      ap_vld|                                                                           res_505|       pointer|
|res_505_ap_vld   |  out|    1|      ap_vld|                                                                           res_505|       pointer|
|res_506          |  out|   21|      ap_vld|                                                                           res_506|       pointer|
|res_506_ap_vld   |  out|    1|      ap_vld|                                                                           res_506|       pointer|
|res_507          |  out|   20|      ap_vld|                                                                           res_507|       pointer|
|res_507_ap_vld   |  out|    1|      ap_vld|                                                                           res_507|       pointer|
|res_508          |  out|   20|      ap_vld|                                                                           res_508|       pointer|
|res_508_ap_vld   |  out|    1|      ap_vld|                                                                           res_508|       pointer|
|res_509          |  out|   21|      ap_vld|                                                                           res_509|       pointer|
|res_509_ap_vld   |  out|    1|      ap_vld|                                                                           res_509|       pointer|
|res_510          |  out|    1|      ap_vld|                                                                           res_510|       pointer|
|res_510_ap_vld   |  out|    1|      ap_vld|                                                                           res_510|       pointer|
|res_511          |  out|   21|      ap_vld|                                                                           res_511|       pointer|
|res_511_ap_vld   |  out|    1|      ap_vld|                                                                           res_511|       pointer|
+-----------------+-----+-----+------------+----------------------------------------------------------------------------------+--------------+

