

================================================================
== Vitis HLS Report for 'conv_1d_latency_cl_ap_fixed_ap_fixed_30_21_5_3_0_config28_s'
================================================================
* Date:           Tue Oct 29 14:09:42 2024

* Version:        2023.2 (Build 4023990 on Oct 11 2023)
* Project:        JetTaggerNN_prj
* Solution:       solution1 (Vivado IP Flow Target)
* Product family: virtexuplus
* Target device:  xcvu9p-flga2104-2L-e


================================================================
== Performance Estimates
================================================================
+ Timing: 
    * Summary: 
    +--------+---------+----------+------------+
    |  Clock |  Target | Estimated| Uncertainty|
    +--------+---------+----------+------------+
    |ap_clk  |  2.80 ns|  2.025 ns|     0.76 ns|
    +--------+---------+----------+------------+

+ Latency: 
    * Summary: 
    +---------+---------+-----------+-----------+-----+-----+------------------------------------------+
    |  Latency (cycles) |   Latency (absolute)  |  Interval |                 Pipeline                 |
    |   min   |   max   |    min    |    max    | min | max |                   Type                   |
    +---------+---------+-----------+-----------+-----+-----+------------------------------------------+
    |       19|       20|  53.200 ns|  56.000 ns|   16|   16|  loop rewind stp(delay=0 clock cycles(s))|
    +---------+---------+-----------+-----------+-----+-----+------------------------------------------+

    + Detail: 
        * Instance: 
        N/A

        * Loop: 
        +-----------------+---------+---------+----------+-----------+-----------+------+----------+
        |                 |  Latency (cycles) | Iteration|  Initiation Interval  | Trip |          |
        |    Loop Name    |   min   |   max   |  Latency |  achieved |   target  | Count| Pipelined|
        +-----------------+---------+---------+----------+-----------+-----------+------+----------+
        |- PartitionLoop  |       19|       19|         5|          1|          1|    16|       yes|
        +-----------------+---------+---------+----------+-----------+-----------+------+----------+



================================================================
== Utilization Estimates
================================================================
* Summary: 
+---------------------+---------+------+---------+---------+-----+
|         Name        | BRAM_18K|  DSP |    FF   |   LUT   | URAM|
+---------------------+---------+------+---------+---------+-----+
|DSP                  |        -|     -|        -|        -|    -|
|Expression           |        -|     -|        0|     8418|    -|
|FIFO                 |        -|     -|        -|        -|    -|
|Instance             |        -|   110|        0|      229|    -|
|Memory               |        -|     -|        -|        -|    -|
|Multiplexer          |        -|     -|        -|    10106|    -|
|Register             |        -|     -|     9389|       32|    -|
+---------------------+---------+------+---------+---------+-----+
|Total                |        0|   110|     9389|    18785|    0|
+---------------------+---------+------+---------+---------+-----+
|Available SLR        |     1440|  2280|   788160|   394080|  320|
+---------------------+---------+------+---------+---------+-----+
|Utilization SLR (%)  |        0|     4|        1|        4|    0|
+---------------------+---------+------+---------+---------+-----+
|Available            |     4320|  6840|  2364480|  1182240|  960|
+---------------------+---------+------+---------+---------+-----+
|Utilization (%)      |        0|     1|       ~0|        1|    0|
+---------------------+---------+------+---------+---------+-----+

+ Detail: 
    * Instance: 
    +--------------------------+---------------------+---------+----+---+----+-----+
    |         Instance         |        Module       | BRAM_18K| DSP| FF| LUT| URAM|
    +--------------------------+---------------------+---------+----+---+----+-----+
    |mul_15s_10ns_16_1_1_U187  |mul_15s_10ns_16_1_1  |        0|   1|  0|   2|    0|
    |mul_15s_10ns_16_1_1_U253  |mul_15s_10ns_16_1_1  |        0|   1|  0|   2|    0|
    |mul_15s_10ns_16_1_1_U262  |mul_15s_10ns_16_1_1  |        0|   1|  0|   2|    0|
    |mul_15s_6ns_16_1_1_U188   |mul_15s_6ns_16_1_1   |        0|   1|  0|   2|    0|
    |mul_15s_6ns_16_1_1_U208   |mul_15s_6ns_16_1_1   |        0|   1|  0|   2|    0|
    |mul_15s_6ns_16_1_1_U244   |mul_15s_6ns_16_1_1   |        0|   1|  0|   2|    0|
    |mul_15s_6s_16_1_1_U241    |mul_15s_6s_16_1_1    |        0|   1|  0|   2|    0|
    |mul_15s_6s_16_1_1_U251    |mul_15s_6s_16_1_1    |        0|   1|  0|   2|    0|
    |mul_15s_6s_16_1_1_U290    |mul_15s_6s_16_1_1    |        0|   1|  0|   2|    0|
    |mul_15s_7ns_16_1_1_U183   |mul_15s_7ns_16_1_1   |        0|   1|  0|   2|    0|
    |mul_15s_7ns_16_1_1_U185   |mul_15s_7ns_16_1_1   |        0|   1|  0|   2|    0|
    |mul_15s_7ns_16_1_1_U186   |mul_15s_7ns_16_1_1   |        0|   1|  0|   2|    0|
    |mul_15s_7ns_16_1_1_U191   |mul_15s_7ns_16_1_1   |        0|   1|  0|   2|    0|
    |mul_15s_7ns_16_1_1_U192   |mul_15s_7ns_16_1_1   |        0|   1|  0|   2|    0|
    |mul_15s_7ns_16_1_1_U193   |mul_15s_7ns_16_1_1   |        0|   1|  0|   2|    0|
    |mul_15s_7ns_16_1_1_U198   |mul_15s_7ns_16_1_1   |        0|   1|  0|   2|    0|
    |mul_15s_7ns_16_1_1_U201   |mul_15s_7ns_16_1_1   |        0|   1|  0|   2|    0|
    |mul_15s_7ns_16_1_1_U211   |mul_15s_7ns_16_1_1   |        0|   1|  0|   2|    0|
    |mul_15s_7ns_16_1_1_U217   |mul_15s_7ns_16_1_1   |        0|   1|  0|   2|    0|
    |mul_15s_7ns_16_1_1_U224   |mul_15s_7ns_16_1_1   |        0|   1|  0|   2|    0|
    |mul_15s_7ns_16_1_1_U232   |mul_15s_7ns_16_1_1   |        0|   1|  0|   2|    0|
    |mul_15s_7ns_16_1_1_U235   |mul_15s_7ns_16_1_1   |        0|   1|  0|   2|    0|
    |mul_15s_7ns_16_1_1_U237   |mul_15s_7ns_16_1_1   |        0|   1|  0|   2|    0|
    |mul_15s_7ns_16_1_1_U247   |mul_15s_7ns_16_1_1   |        0|   1|  0|   2|    0|
    |mul_15s_7ns_16_1_1_U259   |mul_15s_7ns_16_1_1   |        0|   1|  0|   2|    0|
    |mul_15s_7ns_16_1_1_U260   |mul_15s_7ns_16_1_1   |        0|   1|  0|   2|    0|
    |mul_15s_7ns_16_1_1_U269   |mul_15s_7ns_16_1_1   |        0|   1|  0|   2|    0|
    |mul_15s_7ns_16_1_1_U276   |mul_15s_7ns_16_1_1   |        0|   1|  0|   2|    0|
    |mul_15s_7ns_16_1_1_U286   |mul_15s_7ns_16_1_1   |        0|   1|  0|   2|    0|
    |mul_15s_7ns_16_1_1_U287   |mul_15s_7ns_16_1_1   |        0|   1|  0|   2|    0|
    |mul_15s_7ns_16_1_1_U289   |mul_15s_7ns_16_1_1   |        0|   1|  0|   2|    0|
    |mul_15s_7s_16_1_1_U184    |mul_15s_7s_16_1_1    |        0|   1|  0|   2|    0|
    |mul_15s_7s_16_1_1_U195    |mul_15s_7s_16_1_1    |        0|   1|  0|   2|    0|
    |mul_15s_7s_16_1_1_U199    |mul_15s_7s_16_1_1    |        0|   1|  0|   2|    0|
    |mul_15s_7s_16_1_1_U200    |mul_15s_7s_16_1_1    |        0|   1|  0|   2|    0|
    |mul_15s_7s_16_1_1_U202    |mul_15s_7s_16_1_1    |        0|   1|  0|   2|    0|
    |mul_15s_7s_16_1_1_U216    |mul_15s_7s_16_1_1    |        0|   1|  0|   2|    0|
    |mul_15s_7s_16_1_1_U219    |mul_15s_7s_16_1_1    |        0|   1|  0|   2|    0|
    |mul_15s_7s_16_1_1_U220    |mul_15s_7s_16_1_1    |        0|   1|  0|   2|    0|
    |mul_15s_7s_16_1_1_U223    |mul_15s_7s_16_1_1    |        0|   1|  0|   2|    0|
    |mul_15s_7s_16_1_1_U225    |mul_15s_7s_16_1_1    |        0|   1|  0|   2|    0|
    |mul_15s_7s_16_1_1_U230    |mul_15s_7s_16_1_1    |        0|   1|  0|   2|    0|
    |mul_15s_7s_16_1_1_U238    |mul_15s_7s_16_1_1    |        0|   1|  0|   2|    0|
    |mul_15s_7s_16_1_1_U243    |mul_15s_7s_16_1_1    |        0|   1|  0|   2|    0|
    |mul_15s_7s_16_1_1_U245    |mul_15s_7s_16_1_1    |        0|   1|  0|   2|    0|
    |mul_15s_7s_16_1_1_U248    |mul_15s_7s_16_1_1    |        0|   1|  0|   2|    0|
    |mul_15s_7s_16_1_1_U252    |mul_15s_7s_16_1_1    |        0|   1|  0|   2|    0|
    |mul_15s_7s_16_1_1_U266    |mul_15s_7s_16_1_1    |        0|   1|  0|   2|    0|
    |mul_15s_7s_16_1_1_U273    |mul_15s_7s_16_1_1    |        0|   1|  0|   2|    0|
    |mul_15s_7s_16_1_1_U277    |mul_15s_7s_16_1_1    |        0|   1|  0|   2|    0|
    |mul_15s_7s_16_1_1_U278    |mul_15s_7s_16_1_1    |        0|   1|  0|   2|    0|
    |mul_15s_7s_16_1_1_U282    |mul_15s_7s_16_1_1    |        0|   1|  0|   2|    0|
    |mul_15s_7s_16_1_1_U288    |mul_15s_7s_16_1_1    |        0|   1|  0|   2|    0|
    |mul_15s_7s_16_1_1_U291    |mul_15s_7s_16_1_1    |        0|   1|  0|   2|    0|
    |mul_15s_8ns_16_1_1_U190   |mul_15s_8ns_16_1_1   |        0|   1|  0|   2|    0|
    |mul_15s_8ns_16_1_1_U209   |mul_15s_8ns_16_1_1   |        0|   1|  0|   2|    0|
    |mul_15s_8ns_16_1_1_U212   |mul_15s_8ns_16_1_1   |        0|   1|  0|   2|    0|
    |mul_15s_8ns_16_1_1_U227   |mul_15s_8ns_16_1_1   |        0|   1|  0|   2|    0|
    |mul_15s_8ns_16_1_1_U228   |mul_15s_8ns_16_1_1   |        0|   1|  0|   2|    0|
    |mul_15s_8ns_16_1_1_U231   |mul_15s_8ns_16_1_1   |        0|   1|  0|   2|    0|
    |mul_15s_8ns_16_1_1_U234   |mul_15s_8ns_16_1_1   |        0|   1|  0|   2|    0|
    |mul_15s_8ns_16_1_1_U236   |mul_15s_8ns_16_1_1   |        0|   1|  0|   2|    0|
    |mul_15s_8ns_16_1_1_U249   |mul_15s_8ns_16_1_1   |        0|   1|  0|   2|    0|
    |mul_15s_8ns_16_1_1_U254   |mul_15s_8ns_16_1_1   |        0|   1|  0|   2|    0|
    |mul_15s_8ns_16_1_1_U257   |mul_15s_8ns_16_1_1   |        0|   1|  0|   2|    0|
    |mul_15s_8ns_16_1_1_U263   |mul_15s_8ns_16_1_1   |        0|   1|  0|   2|    0|
    |mul_15s_8ns_16_1_1_U270   |mul_15s_8ns_16_1_1   |        0|   1|  0|   2|    0|
    |mul_15s_8ns_16_1_1_U274   |mul_15s_8ns_16_1_1   |        0|   1|  0|   2|    0|
    |mul_15s_8ns_16_1_1_U275   |mul_15s_8ns_16_1_1   |        0|   1|  0|   2|    0|
    |mul_15s_8ns_16_1_1_U281   |mul_15s_8ns_16_1_1   |        0|   1|  0|   2|    0|
    |mul_15s_8ns_16_1_1_U283   |mul_15s_8ns_16_1_1   |        0|   1|  0|   2|    0|
    |mul_15s_8ns_16_1_1_U292   |mul_15s_8ns_16_1_1   |        0|   1|  0|   2|    0|
    |mul_15s_8s_16_1_1_U196    |mul_15s_8s_16_1_1    |        0|   1|  0|   2|    0|
    |mul_15s_8s_16_1_1_U197    |mul_15s_8s_16_1_1    |        0|   1|  0|   2|    0|
    |mul_15s_8s_16_1_1_U210    |mul_15s_8s_16_1_1    |        0|   1|  0|   2|    0|
    |mul_15s_8s_16_1_1_U213    |mul_15s_8s_16_1_1    |        0|   1|  0|   2|    0|
    |mul_15s_8s_16_1_1_U214    |mul_15s_8s_16_1_1    |        0|   1|  0|   2|    0|
    |mul_15s_8s_16_1_1_U218    |mul_15s_8s_16_1_1    |        0|   1|  0|   2|    0|
    |mul_15s_8s_16_1_1_U222    |mul_15s_8s_16_1_1    |        0|   1|  0|   2|    0|
    |mul_15s_8s_16_1_1_U226    |mul_15s_8s_16_1_1    |        0|   1|  0|   2|    0|
    |mul_15s_8s_16_1_1_U239    |mul_15s_8s_16_1_1    |        0|   1|  0|   2|    0|
    |mul_15s_8s_16_1_1_U240    |mul_15s_8s_16_1_1    |        0|   1|  0|   2|    0|
    |mul_15s_8s_16_1_1_U250    |mul_15s_8s_16_1_1    |        0|   1|  0|   2|    0|
    |mul_15s_8s_16_1_1_U255    |mul_15s_8s_16_1_1    |        0|   1|  0|   2|    0|
    |mul_15s_8s_16_1_1_U258    |mul_15s_8s_16_1_1    |        0|   1|  0|   2|    0|
    |mul_15s_8s_16_1_1_U265    |mul_15s_8s_16_1_1    |        0|   1|  0|   2|    0|
    |mul_15s_8s_16_1_1_U280    |mul_15s_8s_16_1_1    |        0|   1|  0|   2|    0|
    |mul_15s_8s_16_1_1_U285    |mul_15s_8s_16_1_1    |        0|   1|  0|   2|    0|
    |mul_15s_9ns_16_1_1_U203   |mul_15s_9ns_16_1_1   |        0|   1|  0|   2|    0|
    |mul_15s_9ns_16_1_1_U204   |mul_15s_9ns_16_1_1   |        0|   1|  0|   2|    0|
    |mul_15s_9ns_16_1_1_U215   |mul_15s_9ns_16_1_1   |        0|   1|  0|   2|    0|
    |mul_15s_9ns_16_1_1_U229   |mul_15s_9ns_16_1_1   |        0|   1|  0|   2|    0|
    |mul_15s_9ns_16_1_1_U246   |mul_15s_9ns_16_1_1   |        0|   1|  0|   2|    0|
    |mul_15s_9ns_16_1_1_U256   |mul_15s_9ns_16_1_1   |        0|   1|  0|   2|    0|
    |mul_15s_9ns_16_1_1_U264   |mul_15s_9ns_16_1_1   |        0|   1|  0|   2|    0|
    |mul_15s_9ns_16_1_1_U268   |mul_15s_9ns_16_1_1   |        0|   1|  0|   2|    0|
    |mul_15s_9ns_16_1_1_U271   |mul_15s_9ns_16_1_1   |        0|   1|  0|   2|    0|
    |mul_15s_9ns_16_1_1_U272   |mul_15s_9ns_16_1_1   |        0|   1|  0|   2|    0|
    |mul_15s_9s_16_1_1_U189    |mul_15s_9s_16_1_1    |        0|   1|  0|   2|    0|
    |mul_15s_9s_16_1_1_U194    |mul_15s_9s_16_1_1    |        0|   1|  0|   2|    0|
    |mul_15s_9s_16_1_1_U205    |mul_15s_9s_16_1_1    |        0|   1|  0|   2|    0|
    |mul_15s_9s_16_1_1_U207    |mul_15s_9s_16_1_1    |        0|   1|  0|   2|    0|
    |mul_15s_9s_16_1_1_U221    |mul_15s_9s_16_1_1    |        0|   1|  0|   2|    0|
    |mul_15s_9s_16_1_1_U233    |mul_15s_9s_16_1_1    |        0|   1|  0|   2|    0|
    |mul_15s_9s_16_1_1_U261    |mul_15s_9s_16_1_1    |        0|   1|  0|   2|    0|
    |mul_15s_9s_16_1_1_U267    |mul_15s_9s_16_1_1    |        0|   1|  0|   2|    0|
    |mul_15s_9s_16_1_1_U279    |mul_15s_9s_16_1_1    |        0|   1|  0|   2|    0|
    |mul_16s_6ns_16_1_1_U242   |mul_16s_6ns_16_1_1   |        0|   1|  0|   5|    0|
    |mul_16s_6s_16_1_1_U206    |mul_16s_6s_16_1_1    |        0|   1|  0|   5|    0|
    |mul_16s_9ns_16_1_1_U284   |mul_16s_9ns_16_1_1   |        0|   1|  0|   5|    0|
    +--------------------------+---------------------+---------+----+---+----+-----+
    |Total                     |                     |        0| 110|  0| 229|    0|
    +--------------------------+---------------------+---------+----+---+----+-----+

    * DSP: 
    N/A

    * Memory: 
    N/A

    * FIFO: 
    N/A

    * Expression: 
    +---------------------------+----------+----+---+----+------------+------------+
    |       Variable Name       | Operation| DSP| FF| LUT| Bitwidth P0| Bitwidth P1|
    +---------------------------+----------+----+---+----+------------+------------+
    |add_ln54_41_fu_164172_p2   |         +|   0|  0|  23|          16|          16|
    |add_ln54_42_fu_164688_p2   |         +|   0|  0|  23|          16|          16|
    |add_ln54_fu_163585_p2      |         +|   0|  0|  23|          16|          16|
    |add_ln73_508_fu_165900_p2  |         +|   0|  0|  16|          16|          16|
    |add_ln73_514_fu_165934_p2  |         +|   0|  0|  16|          16|          16|
    |add_ln73_520_fu_165906_p2  |         +|   0|  0|  23|          16|          16|
    |add_ln73_521_fu_165912_p2  |         +|   0|  0|  16|          16|          16|
    |add_ln73_522_fu_165918_p2  |         +|   0|  0|  16|          16|          16|
    |add_ln73_523_fu_165922_p2  |         +|   0|  0|  16|          16|           7|
    |add_ln73_524_fu_167867_p2  |         +|   0|  0|  16|          16|          16|
    |add_ln73_525_fu_165928_p2  |         +|   0|  0|  16|          16|          16|
    |add_ln73_526_fu_165940_p2  |         +|   0|  0|  16|          16|          16|
    |add_ln73_527_fu_165946_p2  |         +|   0|  0|  16|          16|          16|
    |add_ln73_528_fu_165952_p2  |         +|   0|  0|  16|          16|          16|
    |add_ln73_529_fu_165958_p2  |         +|   0|  0|  16|          16|          16|
    |add_ln73_530_fu_167863_p2  |         +|   0|  0|  16|          16|          16|
    |add_ln73_531_fu_165963_p2  |         +|   0|  0|  23|          16|          16|
    |add_ln73_532_fu_165967_p2  |         +|   0|  0|  16|          16|          16|
    |add_ln73_533_fu_164944_p2  |         +|   0|  0|  23|          16|          11|
    |add_ln73_534_fu_165973_p2  |         +|   0|  0|  16|          16|          16|
    |add_ln73_535_fu_165978_p2  |         +|   0|  0|  16|          16|          16|
    |add_ln73_536_fu_166035_p2  |         +|   0|  0|  16|          16|          16|
    |add_ln73_537_fu_165984_p2  |         +|   0|  0|  16|          16|          16|
    |add_ln73_538_fu_165990_p2  |         +|   0|  0|  16|          16|          16|
    |add_ln73_539_fu_167878_p2  |         +|   0|  0|  16|          16|          16|
    |add_ln73_540_fu_164988_p2  |         +|   0|  0|  23|          16|          16|
    |add_ln73_541_fu_168306_p2  |         +|   0|  0|  16|          16|          16|
    |add_ln73_542_fu_166047_p2  |         +|   0|  0|  16|          16|          11|
    |add_ln73_543_fu_165996_p2  |         +|   0|  0|  16|          16|          16|
    |add_ln73_544_fu_166001_p2  |         +|   0|  0|  16|          16|          16|
    |add_ln73_545_fu_166058_p2  |         +|   0|  0|  16|          16|          16|
    |add_ln73_546_fu_166007_p2  |         +|   0|  0|  16|          16|          16|
    |add_ln73_547_fu_166013_p2  |         +|   0|  0|  16|          16|          16|
    |add_ln73_548_fu_166079_p2  |         +|   0|  0|  16|          16|          16|
    |add_ln73_549_fu_166018_p2  |         +|   0|  0|  16|          16|          16|
    |add_ln73_550_fu_165018_p2  |         +|   0|  0|  16|          16|          16|
    |add_ln73_551_fu_164994_p2  |         +|   0|  0|  16|          16|          10|
    |add_ln73_552_fu_166024_p2  |         +|   0|  0|  16|          16|          16|
    |add_ln73_553_fu_166096_p2  |         +|   0|  0|  16|          16|          16|
    |add_ln73_554_fu_166029_p2  |         +|   0|  0|  16|          16|          16|
    |add_ln73_555_fu_167872_p2  |         +|   0|  0|  23|          16|          16|
    |add_ln73_556_fu_166041_p2  |         +|   0|  0|  16|          16|          11|
    |add_ln73_557_fu_168301_p2  |         +|   0|  0|  16|          16|          16|
    |add_ln73_558_fu_166053_p2  |         +|   0|  0|  16|          16|          16|
    |add_ln73_559_fu_165006_p2  |         +|   0|  0|  16|          16|          16|
    |add_ln73_560_fu_166068_p2  |         +|   0|  0|  16|          16|          16|
    |add_ln73_561_fu_166133_p2  |         +|   0|  0|  16|          16|          16|
    |add_ln73_562_fu_166073_p2  |         +|   0|  0|  16|          16|          16|
    |add_ln73_563_fu_165012_p2  |         +|   0|  0|  23|          16|           9|
    |add_ln73_564_fu_166085_p2  |         +|   0|  0|  16|          16|          16|
    |add_ln73_565_fu_166155_p2  |         +|   0|  0|  16|          16|          16|
    |add_ln73_566_fu_166090_p2  |         +|   0|  0|  23|          16|          16|
    |add_ln73_567_fu_165068_p2  |         +|   0|  0|  16|          16|          16|
    |add_ln73_568_fu_166102_p2  |         +|   0|  0|  23|          16|          16|
    |add_ln73_569_fu_166107_p2  |         +|   0|  0|  16|          16|          16|
    |add_ln73_570_fu_167892_p2  |         +|   0|  0|  16|          16|          16|
    |add_ln73_571_fu_166112_p2  |         +|   0|  0|  16|          16|          16|
    |add_ln73_572_fu_166116_p2  |         +|   0|  0|  16|          16|          11|
    |add_ln73_573_fu_166122_p2  |         +|   0|  0|  16|          16|          16|
    |add_ln73_574_fu_166127_p2  |         +|   0|  0|  16|          16|          16|
    |add_ln73_575_fu_166139_p2  |         +|   0|  0|  23|          16|          16|
    |add_ln73_576_fu_166144_p2  |         +|   0|  0|  16|          16|           8|
    |add_ln73_577_fu_166150_p2  |         +|   0|  0|  16|          16|          16|
    |add_ln73_578_fu_166217_p2  |         +|   0|  0|  16|          16|          16|
    |add_ln73_579_fu_166166_p2  |         +|   0|  0|  16|          16|          16|
    |add_ln73_580_fu_166223_p2  |         +|   0|  0|  16|          16|          16|
    |add_ln73_581_fu_167888_p2  |         +|   0|  0|  16|          16|          16|
    |add_ln73_582_fu_166172_p2  |         +|   0|  0|  16|          16|          16|
    |add_ln73_583_fu_166242_p2  |         +|   0|  0|  16|          16|          16|
    |add_ln73_584_fu_166262_p2  |         +|   0|  0|  16|          16|           8|
    |add_ln73_585_fu_166177_p2  |         +|   0|  0|  16|          16|          16|
    |add_ln73_586_fu_165092_p2  |         +|   0|  0|  16|          16|          16|
    |add_ln73_587_fu_166190_p2  |         +|   0|  0|  16|          16|          16|
    |add_ln73_588_fu_166195_p2  |         +|   0|  0|  16|          16|          16|
    |add_ln73_589_fu_166201_p2  |         +|   0|  0|  16|          16|          16|
    |add_ln73_590_fu_166206_p2  |         +|   0|  0|  16|          16|          16|
    |add_ln73_591_fu_165098_p2  |         +|   0|  0|  16|          16|           9|
    |add_ln73_592_fu_165104_p2  |         +|   0|  0|  16|          16|          16|
    |add_ln73_593_fu_166212_p2  |         +|   0|  0|  16|          16|          16|
    |add_ln73_594_fu_166327_p2  |         +|   0|  0|  16|          16|          16|
    |add_ln73_595_fu_166333_p2  |         +|   0|  0|  16|          16|           9|
    |add_ln73_596_fu_165110_p2  |         +|   0|  0|  16|          16|           9|
    |add_ln73_597_fu_166350_p2  |         +|   0|  0|  16|          16|          16|
    |add_ln73_598_fu_166232_p2  |         +|   0|  0|  16|          16|          16|
    |add_ln73_599_fu_166237_p2  |         +|   0|  0|  23|          16|          16|
    |add_ln73_600_fu_166274_p2  |         +|   0|  0|  16|          16|          16|
    |add_ln73_601_fu_166376_p2  |         +|   0|  0|  16|          16|          16|
    |add_ln73_602_fu_166279_p2  |         +|   0|  0|  16|          16|          16|
    |add_ln73_603_fu_166285_p2  |         +|   0|  0|  16|          16|          16|
    |add_ln73_604_fu_166289_p2  |         +|   0|  0|  16|          16|          16|
    |add_ln73_605_fu_166295_p2  |         +|   0|  0|  16|          16|          16|
    |add_ln73_606_fu_166301_p2  |         +|   0|  0|  16|          16|          16|
    |add_ln73_607_fu_166306_p2  |         +|   0|  0|  16|          16|          16|
    |add_ln73_608_fu_166311_p2  |         +|   0|  0|  16|          16|          16|
    |add_ln73_609_fu_166315_p2  |         +|   0|  0|  16|          16|          16|
    |add_ln73_610_fu_166321_p2  |         +|   0|  0|  16|          16|          16|
    |add_ln73_611_fu_166344_p2  |         +|   0|  0|  16|          16|          16|
    |add_ln73_612_fu_166428_p2  |         +|   0|  0|  16|          16|          16|
    |add_ln73_613_fu_165190_p2  |         +|   0|  0|  16|          16|          16|
    |add_ln73_614_fu_166361_p2  |         +|   0|  0|  16|          16|          16|
    |add_ln73_615_fu_166366_p2  |         +|   0|  0|  16|          16|          16|
    |add_ln73_616_fu_166371_p2  |         +|   0|  0|  16|          16|          16|
    |add_ln73_617_fu_166382_p2  |         +|   0|  0|  16|          16|          16|
    |add_ln73_618_fu_166386_p2  |         +|   0|  0|  16|          16|          16|
    |add_ln73_619_fu_166391_p2  |         +|   0|  0|  16|          16|          16|
    |add_ln73_620_fu_165228_p2  |         +|   0|  0|  16|          16|          16|
    |add_ln73_621_fu_166396_p2  |         +|   0|  0|  16|          16|          16|
    |add_ln73_622_fu_166401_p2  |         +|   0|  0|  16|          16|          16|
    |add_ln73_623_fu_165234_p2  |         +|   0|  0|  23|          16|          16|
    |add_ln73_624_fu_166407_p2  |         +|   0|  0|  16|          16|          16|
    |add_ln73_625_fu_166412_p2  |         +|   0|  0|  16|          16|          16|
    |add_ln73_626_fu_167901_p2  |         +|   0|  0|  16|          16|          16|
    |add_ln73_627_fu_165246_p2  |         +|   0|  0|  16|          16|           9|
    |add_ln73_628_fu_165240_p2  |         +|   0|  0|  16|          16|           7|
    |add_ln73_629_fu_166417_p2  |         +|   0|  0|  16|          16|          16|
    |add_ln73_630_fu_166422_p2  |         +|   0|  0|  16|          16|          16|
    |add_ln73_631_fu_166439_p2  |         +|   0|  0|  16|          16|          16|
    |add_ln73_632_fu_166518_p2  |         +|   0|  0|  16|          16|          16|
    |add_ln73_633_fu_166445_p2  |         +|   0|  0|  16|          16|          16|
    |add_ln73_634_fu_166451_p2  |         +|   0|  0|  16|          16|          16|
    |add_ln73_635_fu_166457_p2  |         +|   0|  0|  16|          16|          16|
    |add_ln73_636_fu_166463_p2  |         +|   0|  0|  16|          16|          16|
    |add_ln73_637_fu_167897_p2  |         +|   0|  0|  16|          16|          16|
    |add_ln73_638_fu_166469_p2  |         +|   0|  0|  23|          16|          16|
    |add_ln73_639_fu_166474_p2  |         +|   0|  0|  23|          16|          16|
    |add_ln73_640_fu_166480_p2  |         +|   0|  0|  16|          16|          16|
    |add_ln73_641_fu_166486_p2  |         +|   0|  0|  16|          16|          16|
    |add_ln73_642_fu_166491_p2  |         +|   0|  0|  16|          16|          16|
    |add_ln73_643_fu_166497_p2  |         +|   0|  0|  16|          16|          16|
    |add_ln73_644_fu_166503_p2  |         +|   0|  0|  16|          16|          16|
    |add_ln73_645_fu_167919_p2  |         +|   0|  0|  16|          16|          16|
    |add_ln73_646_fu_166508_p2  |         +|   0|  0|  16|          16|          16|
    |add_ln73_647_fu_166513_p2  |         +|   0|  0|  16|          16|          16|
    |add_ln73_648_fu_166589_p2  |         +|   0|  0|  16|          16|          16|
    |add_ln73_649_fu_166524_p2  |         +|   0|  0|  16|          16|          16|
    |add_ln73_650_fu_166528_p2  |         +|   0|  0|  23|          16|          16|
    |add_ln73_651_fu_166533_p2  |         +|   0|  0|  16|          16|          16|
    |add_ln73_652_fu_166539_p2  |         +|   0|  0|  16|          16|          16|
    |add_ln73_653_fu_166544_p2  |         +|   0|  0|  16|          16|          16|
    |add_ln73_654_fu_166549_p2  |         +|   0|  0|  16|          16|          16|
    |add_ln73_655_fu_166636_p2  |         +|   0|  0|  16|          16|          16|
    |add_ln73_656_fu_167906_p2  |         +|   0|  0|  16|          16|          16|
    |add_ln73_657_fu_166555_p2  |         +|   0|  0|  23|          16|          16|
    |add_ln73_658_fu_166559_p2  |         +|   0|  0|  16|          16|          16|
    |add_ln73_659_fu_167910_p2  |         +|   0|  0|  16|          16|          16|
    |add_ln73_660_fu_166565_p2  |         +|   0|  0|  16|          16|          16|
    |add_ln73_661_fu_166571_p2  |         +|   0|  0|  23|          16|           8|
    |add_ln73_662_fu_166577_p2  |         +|   0|  0|  16|          16|          16|
    |add_ln73_663_fu_167914_p2  |         +|   0|  0|  16|          16|          16|
    |add_ln73_664_fu_166692_p2  |         +|   0|  0|  16|          16|          16|
    |add_ln73_665_fu_166583_p2  |         +|   0|  0|  16|          16|          16|
    |add_ln73_666_fu_165290_p2  |         +|   0|  0|  23|          16|           9|
    |add_ln73_667_fu_166599_p2  |         +|   0|  0|  16|          16|          16|
    |add_ln73_668_fu_166605_p2  |         +|   0|  0|  16|          16|          16|
    |add_ln73_669_fu_166610_p2  |         +|   0|  0|  16|          16|          16|
    |add_ln73_670_fu_166616_p2  |         +|   0|  0|  16|          16|          16|
    |add_ln73_671_fu_166620_p2  |         +|   0|  0|  16|          16|          16|
    |add_ln73_672_fu_166624_p2  |         +|   0|  0|  16|          16|          16|
    |add_ln73_673_fu_166630_p2  |         +|   0|  0|  16|          16|          16|
    |add_ln73_674_fu_166642_p2  |         +|   0|  0|  16|          16|          16|
    |add_ln73_675_fu_166647_p2  |         +|   0|  0|  16|          16|          16|
    |add_ln73_676_fu_166652_p2  |         +|   0|  0|  16|          16|          16|
    |add_ln73_677_fu_167938_p2  |         +|   0|  0|  16|          16|          16|
    |add_ln73_678_fu_166657_p2  |         +|   0|  0|  16|          16|          16|
    |add_ln73_679_fu_166663_p2  |         +|   0|  0|  16|          16|          16|
    |add_ln73_680_fu_166669_p2  |         +|   0|  0|  16|          16|          16|
    |add_ln73_681_fu_166675_p2  |         +|   0|  0|  16|          16|          11|
    |add_ln73_682_fu_166681_p2  |         +|   0|  0|  16|          16|          16|
    |add_ln73_683_fu_166686_p2  |         +|   0|  0|  16|          16|          16|
    |add_ln73_684_fu_165328_p2  |         +|   0|  0|  16|          16|          16|
    |add_ln73_685_fu_166769_p2  |         +|   0|  0|  16|          16|          16|
    |add_ln73_686_fu_165334_p2  |         +|   0|  0|  16|          16|          16|
    |add_ln73_687_fu_166698_p2  |         +|   0|  0|  16|          16|          16|
    |add_ln73_688_fu_166703_p2  |         +|   0|  0|  16|          16|          16|
    |add_ln73_689_fu_167960_p2  |         +|   0|  0|  16|          16|          16|
    |add_ln73_690_fu_167925_p2  |         +|   0|  0|  16|          16|          16|
    |add_ln73_691_fu_166709_p2  |         +|   0|  0|  16|          16|          16|
    |add_ln73_692_fu_166715_p2  |         +|   0|  0|  16|          16|          16|
    |add_ln73_693_fu_167929_p2  |         +|   0|  0|  16|          16|          16|
    |add_ln73_694_fu_166720_p2  |         +|   0|  0|  16|          16|          16|
    |add_ln73_695_fu_166794_p2  |         +|   0|  0|  16|          16|          16|
    |add_ln73_696_fu_166725_p2  |         +|   0|  0|  23|          16|          11|
    |add_ln73_697_fu_166731_p2  |         +|   0|  0|  16|          16|          16|
    |add_ln73_698_fu_167933_p2  |         +|   0|  0|  16|          16|          16|
    |add_ln73_699_fu_165372_p2  |         +|   0|  0|  16|          16|          16|
    |add_ln73_700_fu_166737_p2  |         +|   0|  0|  23|          16|          16|
    |add_ln73_701_fu_166743_p2  |         +|   0|  0|  16|          16|          16|
    |add_ln73_702_fu_166748_p2  |         +|   0|  0|  16|          16|          16|
    |add_ln73_703_fu_166752_p2  |         +|   0|  0|  16|          16|          11|
    |add_ln73_704_fu_166758_p2  |         +|   0|  0|  16|          16|          16|
    |add_ln73_705_fu_166850_p2  |         +|   0|  0|  16|          16|          16|
    |add_ln73_706_fu_166763_p2  |         +|   0|  0|  16|          16|          16|
    |add_ln73_707_fu_167949_p2  |         +|   0|  0|  16|          16|          16|
    |add_ln73_708_fu_167954_p2  |         +|   0|  0|  16|          16|          16|
    |add_ln73_709_fu_166872_p2  |         +|   0|  0|  16|          16|          16|
    |add_ln73_710_fu_166775_p2  |         +|   0|  0|  16|          16|          16|
    |add_ln73_711_fu_166884_p2  |         +|   0|  0|  16|          16|          16|
    |add_ln73_712_fu_166779_p2  |         +|   0|  0|  16|          16|          16|
    |add_ln73_713_fu_166784_p2  |         +|   0|  0|  16|          16|          16|
    |add_ln73_714_fu_166788_p2  |         +|   0|  0|  16|          16|          16|
    |add_ln73_715_fu_167981_p2  |         +|   0|  0|  16|          16|          16|
    |add_ln73_716_fu_165398_p2  |         +|   0|  0|  16|          16|          16|
    |add_ln73_717_fu_165404_p2  |         +|   0|  0|  16|          16|          11|
    |add_ln73_718_fu_165410_p2  |         +|   0|  0|  16|          16|          16|
    |add_ln73_719_fu_166805_p2  |         +|   0|  0|  16|          16|          16|
    |add_ln73_720_fu_166918_p2  |         +|   0|  0|  16|          16|          16|
    |add_ln73_721_fu_166810_p2  |         +|   0|  0|  16|          16|          16|
    |add_ln73_722_fu_166815_p2  |         +|   0|  0|  16|          16|          16|
    |add_ln73_723_fu_166821_p2  |         +|   0|  0|  16|          16|          16|
    |add_ln73_724_fu_166827_p2  |         +|   0|  0|  16|          16|          16|
    |add_ln73_725_fu_166833_p2  |         +|   0|  0|  16|          16|          16|
    |add_ln73_726_fu_166953_p2  |         +|   0|  0|  16|          16|          16|
    |add_ln73_727_fu_166839_p2  |         +|   0|  0|  16|          16|          16|
    |add_ln73_728_fu_165416_p2  |         +|   0|  0|  16|          16|          16|
    |add_ln73_729_fu_166971_p2  |         +|   0|  0|  16|          16|          16|
    |add_ln73_730_fu_165422_p2  |         +|   0|  0|  16|          16|          13|
    |add_ln73_731_fu_166845_p2  |         +|   0|  0|  16|          16|          16|
    |add_ln73_732_fu_166856_p2  |         +|   0|  0|  16|          16|          16|
    |add_ln73_733_fu_166861_p2  |         +|   0|  0|  16|          16|          11|
    |add_ln73_734_fu_166866_p2  |         +|   0|  0|  16|          16|          16|
    |add_ln73_735_fu_167004_p2  |         +|   0|  0|  16|          16|          16|
    |add_ln73_736_fu_166878_p2  |         +|   0|  0|  16|          16|          16|
    |add_ln73_737_fu_167965_p2  |         +|   0|  0|  16|          16|          16|
    |add_ln73_738_fu_167970_p2  |         +|   0|  0|  16|          16|          16|
    |add_ln73_739_fu_167976_p2  |         +|   0|  0|  16|          16|          16|
    |add_ln73_740_fu_166895_p2  |         +|   0|  0|  16|          16|          16|
    |add_ln73_741_fu_166900_p2  |         +|   0|  0|  16|          16|          16|
    |add_ln73_742_fu_166906_p2  |         +|   0|  0|  16|          16|          10|
    |add_ln73_743_fu_166912_p2  |         +|   0|  0|  16|          16|          16|
    |add_ln73_744_fu_165448_p2  |         +|   0|  0|  16|          16|          16|
    |add_ln73_745_fu_166930_p2  |         +|   0|  0|  16|          16|          16|
    |add_ln73_746_fu_166935_p2  |         +|   0|  0|  16|          16|          16|
    |add_ln73_747_fu_166941_p2  |         +|   0|  0|  16|          16|          16|
    |add_ln73_748_fu_166947_p2  |         +|   0|  0|  16|          16|          16|
    |add_ln73_749_fu_167991_p2  |         +|   0|  0|  16|          16|          16|
    |add_ln73_750_fu_166966_p2  |         +|   0|  0|  16|          16|          16|
    |add_ln73_751_fu_165472_p2  |         +|   0|  0|  16|          16|          13|
    |add_ln73_752_fu_166981_p2  |         +|   0|  0|  16|          16|          16|
    |add_ln73_753_fu_167090_p2  |         +|   0|  0|  16|          16|          16|
    |add_ln73_754_fu_166987_p2  |         +|   0|  0|  16|          16|          16|
    |add_ln73_755_fu_166993_p2  |         +|   0|  0|  16|          16|          16|
    |add_ln73_756_fu_166998_p2  |         +|   0|  0|  16|          16|          16|
    |add_ln73_757_fu_165478_p2  |         +|   0|  0|  16|          16|          16|
    |add_ln73_758_fu_165484_p2  |         +|   0|  0|  16|          16|          16|
    |add_ln73_759_fu_165490_p2  |         +|   0|  0|  16|          16|          16|
    |add_ln73_760_fu_168016_p2  |         +|   0|  0|  16|          16|          16|
    |add_ln73_761_fu_165496_p2  |         +|   0|  0|  16|          16|          16|
    |add_ln73_762_fu_167124_p2  |         +|   0|  0|  16|          16|          16|
    |add_ln73_763_fu_167009_p2  |         +|   0|  0|  16|          16|          16|
    |add_ln73_764_fu_167015_p2  |         +|   0|  0|  16|          16|          16|
    |add_ln73_765_fu_167020_p2  |         +|   0|  0|  16|          16|          16|
    |add_ln73_766_fu_167026_p2  |         +|   0|  0|  16|          16|          16|
    |add_ln73_767_fu_167987_p2  |         +|   0|  0|  16|          16|          16|
    |add_ln73_768_fu_167032_p2  |         +|   0|  0|  16|          16|          16|
    |add_ln73_769_fu_167162_p2  |         +|   0|  0|  16|          16|          16|
    |add_ln73_770_fu_167038_p2  |         +|   0|  0|  23|          16|          16|
    |add_ln73_771_fu_167044_p2  |         +|   0|  0|  16|          16|          16|
    |add_ln73_772_fu_167050_p2  |         +|   0|  0|  16|          16|          16|
    |add_ln73_773_fu_167056_p2  |         +|   0|  0|  16|          16|           8|
    |add_ln73_774_fu_167062_p2  |         +|   0|  0|  16|          16|          16|
    |add_ln73_775_fu_167202_p2  |         +|   0|  0|  16|          16|          16|
    |add_ln73_776_fu_167068_p2  |         +|   0|  0|  16|          16|          16|
    |add_ln73_777_fu_167074_p2  |         +|   0|  0|  16|          16|          16|
    |add_ln73_778_fu_167079_p2  |         +|   0|  0|  16|          16|          11|
    |add_ln73_779_fu_167084_p2  |         +|   0|  0|  16|          16|          16|
    |add_ln73_780_fu_167996_p2  |         +|   0|  0|  16|          16|          16|
    |add_ln73_781_fu_167107_p2  |         +|   0|  0|  16|          16|          16|
    |add_ln73_782_fu_168001_p2  |         +|   0|  0|  16|          16|          16|
    |add_ln73_783_fu_168006_p2  |         +|   0|  0|  16|          16|          16|
    |add_ln73_784_fu_167113_p2  |         +|   0|  0|  16|          16|          16|
    |add_ln73_785_fu_168011_p2  |         +|   0|  0|  16|          16|          16|
    |add_ln73_786_fu_167119_p2  |         +|   0|  0|  16|          16|           9|
    |add_ln73_787_fu_168035_p2  |         +|   0|  0|  16|          16|          16|
    |add_ln73_788_fu_167134_p2  |         +|   0|  0|  16|          16|          16|
    |add_ln73_789_fu_167140_p2  |         +|   0|  0|  23|          16|          16|
    |add_ln73_790_fu_167145_p2  |         +|   0|  0|  16|          16|          16|
    |add_ln73_791_fu_167151_p2  |         +|   0|  0|  16|          16|          16|
    |add_ln73_792_fu_165508_p2  |         +|   0|  0|  16|          16|          16|
    |add_ln73_793_fu_167157_p2  |         +|   0|  0|  16|          16|          16|
    |add_ln73_794_fu_167180_p2  |         +|   0|  0|  16|          16|          16|
    |add_ln73_795_fu_167293_p2  |         +|   0|  0|  16|          16|          16|
    |add_ln73_796_fu_165514_p2  |         +|   0|  0|  23|          16|          16|
    |add_ln73_797_fu_167185_p2  |         +|   0|  0|  16|          16|          16|
    |add_ln73_798_fu_167190_p2  |         +|   0|  0|  16|          16|          16|
    |add_ln73_799_fu_167196_p2  |         +|   0|  0|  16|          16|           7|
    |add_ln73_800_fu_167214_p2  |         +|   0|  0|  16|          16|          16|
    |add_ln73_801_fu_167220_p2  |         +|   0|  0|  16|          16|          16|
    |add_ln73_802_fu_167226_p2  |         +|   0|  0|  16|          16|          16|
    |add_ln73_803_fu_167232_p2  |         +|   0|  0|  16|          16|          16|
    |add_ln73_804_fu_168022_p2  |         +|   0|  0|  16|          16|          16|
    |add_ln73_805_fu_167238_p2  |         +|   0|  0|  23|          16|          16|
    |add_ln73_806_fu_168026_p2  |         +|   0|  0|  16|          16|          16|
    |add_ln73_807_fu_167244_p2  |         +|   0|  0|  16|          16|          16|
    |add_ln73_808_fu_167249_p2  |         +|   0|  0|  23|          16|          11|
    |add_ln73_809_fu_167255_p2  |         +|   0|  0|  16|          16|          16|
    |add_ln73_810_fu_168030_p2  |         +|   0|  0|  16|          16|          16|
    |add_ln73_811_fu_167261_p2  |         +|   0|  0|  23|          16|          16|
    |add_ln73_812_fu_165520_p2  |         +|   0|  0|  16|          16|          16|
    |add_ln73_813_fu_167266_p2  |         +|   0|  0|  16|          16|          16|
    |add_ln73_814_fu_167271_p2  |         +|   0|  0|  16|          16|          16|
    |add_ln73_815_fu_167276_p2  |         +|   0|  0|  16|          16|           8|
    |add_ln73_816_fu_167282_p2  |         +|   0|  0|  16|          16|          16|
    |add_ln73_817_fu_167287_p2  |         +|   0|  0|  16|          16|          16|
    |add_ln73_fu_165894_p2      |         +|   0|  0|  16|          16|          10|
    |i_part_fu_163199_p2        |         +|   0|  0|  12|           4|           1|
    |tmp17_fu_164950_p2         |         +|   0|  0|  16|          14|          14|
    |tmp807_fu_164956_p2        |         +|   0|  0|  16|          14|          14|
    |tmp811_fu_165000_p2        |         +|   0|  0|  23|          16|          16|
    |tmp813_fu_165030_p2        |         +|   0|  0|  22|          15|          15|
    |tmp842_fu_165340_p2        |         +|   0|  0|  19|          12|          12|
    |tmp857_fu_165454_p2        |         +|   0|  0|  22|          15|          15|
    |tmp860_fu_165502_p2        |         +|   0|  0|  23|          16|          16|
    |tmp862377_fu_167168_p2     |         +|   0|  0|  20|          13|          13|
    |empty_126_fu_165378_p2     |         -|   0|  0|  16|          14|          14|
    |p_neg27_fu_165048_p2       |         -|   0|  0|  16|           1|          16|
    |sub_ln54_100_fu_163945_p2  |         -|   0|  0|  23|          16|          16|
    |sub_ln54_101_fu_163963_p2  |         -|   0|  0|  23|           1|          16|
    |sub_ln54_102_fu_165733_p2  |         -|   0|  0|  16|          16|          16|
    |sub_ln54_103_fu_165737_p2  |         -|   0|  0|  16|          16|          16|
    |sub_ln54_104_fu_165741_p2  |         -|   0|  0|  16|          16|          16|
    |sub_ln54_105_fu_163969_p2  |         -|   0|  0|  23|          16|          16|
    |sub_ln54_106_fu_163996_p2  |         -|   0|  0|  16|           1|          16|
    |sub_ln54_107_fu_164014_p2  |         -|   0|  0|  16|          16|          16|
    |sub_ln54_108_fu_164040_p2  |         -|   0|  0|  23|          16|          16|
    |sub_ln54_109_fu_164058_p2  |         -|   0|  0|  23|          16|          16|
    |sub_ln54_110_fu_165745_p2  |         -|   0|  0|  16|          16|          16|
    |sub_ln54_111_fu_164076_p2  |         -|   0|  0|  23|           1|          16|
    |sub_ln54_112_fu_164082_p2  |         -|   0|  0|  16|          16|          16|
    |sub_ln54_113_fu_167859_p2  |         -|   0|  0|  16|          16|          16|
    |sub_ln54_114_fu_165749_p2  |         -|   0|  0|  23|           1|          16|
    |sub_ln54_115_fu_165754_p2  |         -|   0|  0|  16|          16|          16|
    |sub_ln54_116_fu_164122_p2  |         -|   0|  0|  23|           1|          16|
    |sub_ln54_117_fu_164136_p2  |         -|   0|  0|  23|          16|          16|
    |sub_ln54_118_fu_164166_p2  |         -|   0|  0|  23|          16|          16|
    |sub_ln54_119_fu_165759_p2  |         -|   0|  0|  16|          16|          16|
    |sub_ln54_120_fu_164178_p2  |         -|   0|  0|  16|          16|          16|
    |sub_ln54_121_fu_164196_p2  |         -|   0|  0|  16|          16|          16|
    |sub_ln54_122_fu_165763_p2  |         -|   0|  0|  23|          16|          16|
    |sub_ln54_123_fu_164202_p2  |         -|   0|  0|  16|          16|          16|
    |sub_ln54_124_fu_164246_p2  |         -|   0|  0|  23|          16|          16|
    |sub_ln54_125_fu_164252_p2  |         -|   0|  0|  23|           1|          16|
    |sub_ln54_126_fu_164270_p2  |         -|   0|  0|  23|          16|          16|
    |sub_ln54_127_fu_165774_p2  |         -|   0|  0|  23|          16|          16|
    |sub_ln54_128_fu_165786_p2  |         -|   0|  0|  23|          16|          16|
    |sub_ln54_129_fu_165798_p2  |         -|   0|  0|  23|          16|          16|
    |sub_ln54_130_fu_164292_p2  |         -|   0|  0|  23|          16|          16|
    |sub_ln54_131_fu_165803_p2  |         -|   0|  0|  16|          16|          16|
    |sub_ln54_132_fu_165807_p2  |         -|   0|  0|  16|          16|          16|
    |sub_ln54_133_fu_165812_p2  |         -|   0|  0|  23|          16|          16|
    |sub_ln54_134_fu_164341_p2  |         -|   0|  0|  23|          16|          16|
    |sub_ln54_135_fu_164363_p2  |         -|   0|  0|  16|          16|          16|
    |sub_ln54_136_fu_164403_p2  |         -|   0|  0|  16|          16|          16|
    |sub_ln54_137_fu_164433_p2  |         -|   0|  0|  23|          16|          16|
    |sub_ln54_138_fu_164451_p2  |         -|   0|  0|  16|           1|          16|
    |sub_ln54_139_fu_164469_p2  |         -|   0|  0|  16|          16|          16|
    |sub_ln54_140_fu_165830_p2  |         -|   0|  0|  23|          16|          16|
    |sub_ln54_141_fu_165842_p2  |         -|   0|  0|  23|          16|          16|
    |sub_ln54_142_fu_164513_p2  |         -|   0|  0|  23|          16|          16|
    |sub_ln54_143_fu_165848_p2  |         -|   0|  0|  16|          16|          16|
    |sub_ln54_144_fu_165860_p2  |         -|   0|  0|  23|          16|          16|
    |sub_ln54_145_fu_165865_p2  |         -|   0|  0|  16|           1|          16|
    |sub_ln54_146_fu_165871_p2  |         -|   0|  0|  16|          16|          16|
    |sub_ln54_147_fu_164576_p2  |         -|   0|  0|  23|          16|          16|
    |sub_ln54_148_fu_165876_p2  |         -|   0|  0|  23|          16|          16|
    |sub_ln54_149_fu_164606_p2  |         -|   0|  0|  16|          16|          16|
    |sub_ln54_150_fu_164644_p2  |         -|   0|  0|  23|          16|          16|
    |sub_ln54_151_fu_164670_p2  |         -|   0|  0|  16|          16|          16|
    |sub_ln54_152_fu_164676_p2  |         -|   0|  0|  23|           1|          16|
    |sub_ln54_153_fu_164682_p2  |         -|   0|  0|  16|          16|          16|
    |sub_ln54_154_fu_165880_p2  |         -|   0|  0|  16|           1|          16|
    |sub_ln54_155_fu_165885_p2  |         -|   0|  0|  16|          16|          16|
    |sub_ln54_156_fu_164730_p2  |         -|   0|  0|  23|          16|          16|
    |sub_ln54_157_fu_164736_p2  |         -|   0|  0|  23|          16|          16|
    |sub_ln54_158_fu_164776_p2  |         -|   0|  0|  23|          16|          16|
    |sub_ln54_159_fu_164806_p2  |         -|   0|  0|  23|          16|          16|
    |sub_ln54_160_fu_164832_p2  |         -|   0|  0|  23|          16|          16|
    |sub_ln54_161_fu_164838_p2  |         -|   0|  0|  23|           1|          16|
    |sub_ln54_162_fu_164844_p2  |         -|   0|  0|  23|          16|          16|
    |sub_ln54_163_fu_164850_p2  |         -|   0|  0|  23|          16|          16|
    |sub_ln54_164_fu_164856_p2  |         -|   0|  0|  23|          16|          16|
    |sub_ln54_165_fu_165890_p2  |         -|   0|  0|  16|          16|          16|
    |sub_ln54_166_fu_164898_p2  |         -|   0|  0|  23|          16|          16|
    |sub_ln54_167_fu_164932_p2  |         -|   0|  0|  23|          16|          16|
    |sub_ln54_168_fu_164938_p2  |         -|   0|  0|  23|          16|          16|
    |sub_ln54_47_fu_163268_p2   |         -|   0|  0|  23|           1|          16|
    |sub_ln54_48_fu_165533_p2   |         -|   0|  0|  23|          16|          16|
    |sub_ln54_49_fu_165544_p2   |         -|   0|  0|  16|          16|          16|
    |sub_ln54_50_fu_165556_p2   |         -|   0|  0|  16|          16|          16|
    |sub_ln54_51_fu_165561_p2   |         -|   0|  0|  16|          16|          16|
    |sub_ln54_52_fu_163278_p2   |         -|   0|  0|  23|           1|          16|
    |sub_ln54_53_fu_163284_p2   |         -|   0|  0|  16|          16|          16|
    |sub_ln54_54_fu_165566_p2   |         -|   0|  0|  16|          16|          16|
    |sub_ln54_55_fu_163343_p2   |         -|   0|  0|  23|          16|          16|
    |sub_ln54_56_fu_163349_p2   |         -|   0|  0|  23|          16|          16|
    |sub_ln54_57_fu_163375_p2   |         -|   0|  0|  16|          16|          16|
    |sub_ln54_58_fu_163415_p2   |         -|   0|  0|  23|          16|          16|
    |sub_ln54_59_fu_163433_p2   |         -|   0|  0|  23|          16|          16|
    |sub_ln54_60_fu_163451_p2   |         -|   0|  0|  23|          16|          16|
    |sub_ln54_61_fu_163469_p2   |         -|   0|  0|  23|          16|          16|
    |sub_ln54_62_fu_163475_p2   |         -|   0|  0|  23|           1|          16|
    |sub_ln54_63_fu_163493_p2   |         -|   0|  0|  23|          16|          16|
    |sub_ln54_64_fu_165579_p2   |         -|   0|  0|  16|          16|          16|
    |sub_ln54_65_fu_163499_p2   |         -|   0|  0|  23|          16|          16|
    |sub_ln54_66_fu_163505_p2   |         -|   0|  0|  23|          16|          16|
    |sub_ln54_67_fu_163519_p2   |         -|   0|  0|  23|          16|          16|
    |sub_ln54_68_fu_165583_p2   |         -|   0|  0|  16|          16|          16|
    |sub_ln54_69_fu_163603_p2   |         -|   0|  0|  16|          16|          16|
    |sub_ln54_70_fu_163617_p2   |         -|   0|  0|  23|          16|          16|
    |sub_ln54_71_fu_165587_p2   |         -|   0|  0|  16|          16|          16|
    |sub_ln54_72_fu_165605_p2   |         -|   0|  0|  23|          16|          16|
    |sub_ln54_73_fu_165611_p2   |         -|   0|  0|  16|           1|          16|
    |sub_ln54_74_fu_165616_p2   |         -|   0|  0|  16|          16|          16|
    |sub_ln54_75_fu_165621_p2   |         -|   0|  0|  23|          16|          16|
    |sub_ln54_76_fu_165625_p2   |         -|   0|  0|  23|          16|          16|
    |sub_ln54_77_fu_165629_p2   |         -|   0|  0|  23|          16|          16|
    |sub_ln54_78_fu_165634_p2   |         -|   0|  0|  16|          16|          16|
    |sub_ln54_79_fu_163631_p2   |         -|   0|  0|  16|           1|          16|
    |sub_ln54_80_fu_163637_p2   |         -|   0|  0|  16|          16|          16|
    |sub_ln54_81_fu_165638_p2   |         -|   0|  0|  23|          16|          16|
    |sub_ln54_82_fu_165649_p2   |         -|   0|  0|  23|           1|          16|
    |sub_ln54_83_fu_165662_p2   |         -|   0|  0|  16|          16|          16|
    |sub_ln54_84_fu_165675_p2   |         -|   0|  0|  16|          16|          16|
    |sub_ln54_85_fu_165681_p2   |         -|   0|  0|  23|          16|          16|
    |sub_ln54_86_fu_165685_p2   |         -|   0|  0|  16|           1|          16|
    |sub_ln54_87_fu_165690_p2   |         -|   0|  0|  16|          16|          16|
    |sub_ln54_88_fu_163740_p2   |         -|   0|  0|  16|           1|          16|
    |sub_ln54_89_fu_163754_p2   |         -|   0|  0|  16|          16|          16|
    |sub_ln54_90_fu_163772_p2   |         -|   0|  0|  23|          16|          16|
    |sub_ln54_91_fu_163790_p2   |         -|   0|  0|  23|          16|          16|
    |sub_ln54_92_fu_165695_p2   |         -|   0|  0|  16|          16|          16|
    |sub_ln54_93_fu_163796_p2   |         -|   0|  0|  23|          16|          16|
    |sub_ln54_94_fu_165713_p2   |         -|   0|  0|  23|          16|          16|
    |sub_ln54_95_fu_165719_p2   |         -|   0|  0|  16|          16|          16|
    |sub_ln54_96_fu_165723_p2   |         -|   0|  0|  16|           1|          16|
    |sub_ln54_97_fu_165728_p2   |         -|   0|  0|  16|          16|          16|
    |sub_ln54_98_fu_163909_p2   |         -|   0|  0|  16|           1|          16|
    |sub_ln54_99_fu_163927_p2   |         -|   0|  0|  16|          16|          16|
    |sub_ln54_fu_163246_p2      |         -|   0|  0|  23|          16|          16|
    |sub_ln73_433_fu_166063_p2  |         -|   0|  0|  16|          16|          16|
    |sub_ln73_434_fu_165024_p2  |         -|   0|  0|  16|          16|          16|
    |sub_ln73_435_fu_166161_p2  |         -|   0|  0|  16|          16|          16|
    |sub_ln73_436_fu_166227_p2  |         -|   0|  0|  16|          16|          16|
    |sub_ln73_437_fu_166268_p2  |         -|   0|  0|  16|          16|          16|
    |sub_ln73_438_fu_166339_p2  |         -|   0|  0|  16|          16|          16|
    |sub_ln73_439_fu_166356_p2  |         -|   0|  0|  16|          16|          16|
    |sub_ln73_440_fu_166434_p2  |         -|   0|  0|  23|          10|          16|
    |sub_ln73_441_fu_165252_p2  |         -|   0|  0|  16|          16|          16|
    |sub_ln73_442_fu_166594_p2  |         -|   0|  0|  16|          16|          16|
    |sub_ln73_443_fu_167944_p2  |         -|   0|  0|  16|          16|          16|
    |sub_ln73_444_fu_166799_p2  |         -|   0|  0|  16|          16|          16|
    |sub_ln73_446_fu_166890_p2  |         -|   0|  0|  16|          16|          16|
    |sub_ln73_447_fu_166924_p2  |         -|   0|  0|  16|          16|          16|
    |sub_ln73_448_fu_166976_p2  |         -|   0|  0|  16|          16|          16|
    |sub_ln73_449_fu_167096_p2  |         -|   0|  0|  16|          16|          16|
    |sub_ln73_450_fu_167102_p2  |         -|   0|  0|  16|          16|          16|
    |sub_ln73_451_fu_167129_p2  |         -|   0|  0|  16|          16|          16|
    |sub_ln73_452_fu_167208_p2  |         -|   0|  0|  16|          16|          16|
    |sub_ln73_fu_167883_p2      |         -|   0|  0|  16|          16|          16|
    |tmp808_fu_164982_p2        |         -|   0|  0|  16|          16|          16|
    |tmp814_fu_165062_p2        |         -|   0|  0|  16|          16|          16|
    |tmp816_fu_165074_p2        |         -|   0|  0|  21|          14|          14|
    |tmp821_fu_165116_p2        |         -|   0|  0|  22|          15|          15|
    |tmp822_fu_165142_p2        |         -|   0|  0|  23|          16|          16|
    |tmp824_fu_165148_p2        |         -|   0|  0|  20|          13|          13|
    |tmp827_fu_165158_p2        |         -|   0|  0|  19|          12|          12|
    |tmp828_fu_165184_p2        |         -|   0|  0|  23|          16|          16|
    |tmp830_fu_165196_p2        |         -|   0|  0|  22|          15|          15|
    |tmp831_fu_165222_p2        |         -|   0|  0|  16|          16|          16|
    |tmp835_fu_165258_p2        |         -|   0|  0|  21|          14|          14|
    |tmp836_fu_165284_p2        |         -|   0|  0|  23|          16|          16|
    |tmp840_fu_165296_p2        |         -|   0|  0|  22|          15|          15|
    |tmp841_fu_165322_p2        |         -|   0|  0|  23|          16|          16|
    |tmp843_fu_165366_p2        |         -|   0|  0|  23|          16|          16|
    |tmp8476_fu_165384_p2       |         -|   0|  0|  16|          14|          14|
    |tmp850_fu_165428_p2        |         -|   0|  0|  23|          16|          16|
    |tmp8534_fu_165434_p2       |         -|   0|  0|  17|          10|          10|
    |ap_condition_2875          |       and|   0|  0|   2|           1|           1|
    |icmp_ln34_fu_163205_p2     |      icmp|   0|  0|  12|           4|           2|
    |ap_enable_pp0              |       xor|   0|  0|   2|           1|           2|
    +---------------------------+----------+----+---+----+------------+------------+
    |Total                      |          |   0|  0|8418|        7237|        7374|
    +---------------------------+----------+----+---+----+------------+------------+

    * Multiplexer: 
    +---------------------------------------------------+-----+-----------+-----+-----------+
    |                        Name                       | LUT | Input Size| Bits| Total Bits|
    +---------------------------------------------------+-----+-----------+-----+-----------+
    |ap_done_int                                        |    9|          2|    1|          2|
    |ap_loop_exit_ready_pp0_iter4_reg                   |    9|          2|    1|          2|
    |ap_phi_mux_data_0_val1220_phi_phi_fu_11303_p4      |   14|          3|   15|         45|
    |ap_phi_mux_data_100_val101310_phi_phi_fu_12473_p4  |   14|          3|   15|         45|
    |ap_phi_mux_data_101_val102311_phi_phi_fu_12486_p4  |   14|          3|   15|         45|
    |ap_phi_mux_data_102_val103312_phi_phi_fu_12499_p4  |   14|          3|   15|         45|
    |ap_phi_mux_data_103_val104313_phi_phi_fu_12512_p4  |   14|          3|   15|         45|
    |ap_phi_mux_data_104_val105314_phi_phi_fu_12525_p4  |   14|          3|   15|         45|
    |ap_phi_mux_data_105_val106315_phi_phi_fu_12538_p4  |   14|          3|   15|         45|
    |ap_phi_mux_data_106_val107316_phi_phi_fu_12551_p4  |   14|          3|   15|         45|
    |ap_phi_mux_data_107_val108317_phi_phi_fu_12564_p4  |   14|          3|   15|         45|
    |ap_phi_mux_data_108_val109318_phi_phi_fu_12577_p4  |   14|          3|   15|         45|
    |ap_phi_mux_data_109_val110319_phi_phi_fu_12590_p4  |   14|          3|   15|         45|
    |ap_phi_mux_data_10_val11229_phi_phi_fu_11420_p4    |   14|          3|   15|         45|
    |ap_phi_mux_data_111_val112320_phi_phi_fu_12603_p4  |   14|          3|   15|         45|
    |ap_phi_mux_data_112_val113321_phi_phi_fu_12616_p4  |   14|          3|   15|         45|
    |ap_phi_mux_data_113_val114322_phi_phi_fu_12629_p4  |   14|          3|   15|         45|
    |ap_phi_mux_data_114_val115323_phi_phi_fu_12642_p4  |   14|          3|   15|         45|
    |ap_phi_mux_data_115_val116324_phi_phi_fu_12655_p4  |   14|          3|   15|         45|
    |ap_phi_mux_data_116_val117325_phi_phi_fu_12668_p4  |   14|          3|   15|         45|
    |ap_phi_mux_data_117_val118326_phi_phi_fu_12681_p4  |   14|          3|   15|         45|
    |ap_phi_mux_data_118_val119327_phi_phi_fu_12694_p4  |   14|          3|   15|         45|
    |ap_phi_mux_data_119_val120328_phi_phi_fu_12707_p4  |   14|          3|   15|         45|
    |ap_phi_mux_data_11_val12230_phi_phi_fu_11433_p4    |   14|          3|   15|         45|
    |ap_phi_mux_data_121_val122329_phi_phi_fu_12720_p4  |   14|          3|   15|         45|
    |ap_phi_mux_data_122_val123330_phi_phi_fu_12733_p4  |   14|          3|   15|         45|
    |ap_phi_mux_data_123_val124331_phi_phi_fu_12746_p4  |   14|          3|   15|         45|
    |ap_phi_mux_data_124_val125332_phi_phi_fu_12759_p4  |   14|          3|   15|         45|
    |ap_phi_mux_data_125_val126333_phi_phi_fu_12772_p4  |   14|          3|   15|         45|
    |ap_phi_mux_data_126_val127334_phi_phi_fu_12785_p4  |   14|          3|   15|         45|
    |ap_phi_mux_data_127_val128335_phi_phi_fu_12798_p4  |   14|          3|   15|         45|
    |ap_phi_mux_data_128_val129336_phi_phi_fu_12811_p4  |   14|          3|   15|         45|
    |ap_phi_mux_data_129_val130337_phi_phi_fu_12824_p4  |   14|          3|   15|         45|
    |ap_phi_mux_data_12_val13231_phi_phi_fu_11446_p4    |   14|          3|   15|         45|
    |ap_phi_mux_data_130_val131338_phi_phi_fu_12837_p4  |   14|          3|   15|         45|
    |ap_phi_mux_data_132_val133339_phi_phi_fu_12850_p4  |   14|          3|   15|         45|
    |ap_phi_mux_data_133_val134340_phi_phi_fu_12863_p4  |   14|          3|   15|         45|
    |ap_phi_mux_data_134_val135341_phi_phi_fu_12876_p4  |   14|          3|   15|         45|
    |ap_phi_mux_data_135_val136342_phi_phi_fu_12889_p4  |   14|          3|   15|         45|
    |ap_phi_mux_data_136_val137343_phi_phi_fu_12902_p4  |   14|          3|   15|         45|
    |ap_phi_mux_data_137_val138344_phi_phi_fu_12915_p4  |   14|          3|   15|         45|
    |ap_phi_mux_data_138_val139345_phi_phi_fu_12928_p4  |   14|          3|   15|         45|
    |ap_phi_mux_data_139_val140346_phi_phi_fu_12941_p4  |   14|          3|   15|         45|
    |ap_phi_mux_data_13_val14232_phi_phi_fu_11459_p4    |   14|          3|   15|         45|
    |ap_phi_mux_data_140_val141347_phi_phi_fu_12954_p4  |   14|          3|   15|         45|
    |ap_phi_mux_data_142_val143348_phi_phi_fu_12967_p4  |   14|          3|   15|         45|
    |ap_phi_mux_data_143_val144349_phi_phi_fu_12980_p4  |   14|          3|   15|         45|
    |ap_phi_mux_data_144_val145350_phi_phi_fu_12993_p4  |   14|          3|   15|         45|
    |ap_phi_mux_data_145_val146351_phi_phi_fu_13006_p4  |   14|          3|   15|         45|
    |ap_phi_mux_data_146_val147352_phi_phi_fu_13019_p4  |   14|          3|   15|         45|
    |ap_phi_mux_data_147_val148353_phi_phi_fu_13032_p4  |   14|          3|   15|         45|
    |ap_phi_mux_data_148_val149354_phi_phi_fu_13045_p4  |   14|          3|   15|         45|
    |ap_phi_mux_data_149_val150355_phi_phi_fu_13058_p4  |   14|          3|   15|         45|
    |ap_phi_mux_data_14_val15233_phi_phi_fu_11472_p4    |   14|          3|   15|         45|
    |ap_phi_mux_data_150_val151356_phi_phi_fu_13071_p4  |   14|          3|   15|         45|
    |ap_phi_mux_data_151_val152357_phi_phi_fu_13084_p4  |   14|          3|   15|         45|
    |ap_phi_mux_data_153_val154358_phi_phi_fu_13097_p4  |   14|          3|   15|         45|
    |ap_phi_mux_data_154_val155359_phi_phi_fu_13110_p4  |   14|          3|   15|         45|
    |ap_phi_mux_data_155_val156360_phi_phi_fu_13123_p4  |   14|          3|   15|         45|
    |ap_phi_mux_data_156_val157361_phi_phi_fu_13136_p4  |   14|          3|   15|         45|
    |ap_phi_mux_data_157_val158362_phi_phi_fu_13149_p4  |   14|          3|   15|         45|
    |ap_phi_mux_data_158_val159363_phi_phi_fu_13162_p4  |   14|          3|   15|         45|
    |ap_phi_mux_data_159_val160364_phi_phi_fu_13175_p4  |   14|          3|   15|         45|
    |ap_phi_mux_data_160_val161365_phi_phi_fu_13188_p4  |   14|          3|   15|         45|
    |ap_phi_mux_data_161_val162366_phi_phi_fu_13201_p4  |   14|          3|   15|         45|
    |ap_phi_mux_data_163_val164367_phi_phi_fu_13214_p4  |   14|          3|   15|         45|
    |ap_phi_mux_data_164_val165368_phi_phi_fu_13227_p4  |   14|          3|   15|         45|
    |ap_phi_mux_data_165_val166369_phi_phi_fu_13240_p4  |   14|          3|   15|         45|
    |ap_phi_mux_data_166_val167370_phi_phi_fu_13253_p4  |   14|          3|   15|         45|
    |ap_phi_mux_data_167_val168371_phi_phi_fu_13266_p4  |   14|          3|   15|         45|
    |ap_phi_mux_data_168_val169372_phi_phi_fu_13279_p4  |   14|          3|   15|         45|
    |ap_phi_mux_data_169_val170373_phi_phi_fu_13292_p4  |   14|          3|   15|         45|
    |ap_phi_mux_data_16_val17234_phi_phi_fu_11485_p4    |   14|          3|   15|         45|
    |ap_phi_mux_data_170_val171374_phi_phi_fu_13305_p4  |   14|          3|   15|         45|
    |ap_phi_mux_data_171_val172375_phi_phi_fu_13318_p4  |   14|          3|   15|         45|
    |ap_phi_mux_data_172_val173376_phi_phi_fu_13331_p4  |   14|          3|   15|         45|
    |ap_phi_mux_data_174_val175377_phi_phi_fu_13344_p4  |   14|          3|   15|         45|
    |ap_phi_mux_data_175_val176378_phi_phi_fu_13357_p4  |   14|          3|   15|         45|
    |ap_phi_mux_data_176_val177379_phi_phi_fu_13370_p4  |   14|          3|   15|         45|
    |ap_phi_mux_data_177_val178380_phi_phi_fu_13383_p4  |   14|          3|   15|         45|
    |ap_phi_mux_data_178_val179381_phi_phi_fu_13396_p4  |   14|          3|   15|         45|
    |ap_phi_mux_data_179_val180382_phi_phi_fu_13409_p4  |   14|          3|   15|         45|
    |ap_phi_mux_data_17_val18235_phi_phi_fu_11498_p4    |   14|          3|   15|         45|
    |ap_phi_mux_data_180_val181383_phi_phi_fu_13422_p4  |   14|          3|   15|         45|
    |ap_phi_mux_data_181_val182384_phi_phi_fu_13435_p4  |   14|          3|   15|         45|
    |ap_phi_mux_data_182_val183385_phi_phi_fu_13448_p4  |   14|          3|   15|         45|
    |ap_phi_mux_data_184_val185386_phi_phi_fu_13461_p4  |   14|          3|   15|         45|
    |ap_phi_mux_data_185_val186387_phi_phi_fu_13474_p4  |   14|          3|   15|         45|
    |ap_phi_mux_data_186_val187388_phi_phi_fu_13487_p4  |   14|          3|   15|         45|
    |ap_phi_mux_data_187_val188389_phi_phi_fu_13500_p4  |   14|          3|   15|         45|
    |ap_phi_mux_data_188_val189390_phi_phi_fu_13513_p4  |   14|          3|   15|         45|
    |ap_phi_mux_data_189_val190391_phi_phi_fu_13526_p4  |   14|          3|   15|         45|
    |ap_phi_mux_data_18_val19236_phi_phi_fu_11511_p4    |   14|          3|   15|         45|
    |ap_phi_mux_data_190_val191392_phi_phi_fu_13539_p4  |   14|          3|   15|         45|
    |ap_phi_mux_data_191_val192393_phi_phi_fu_13552_p4  |   14|          3|   15|         45|
    |ap_phi_mux_data_192_val193394_phi_phi_fu_13565_p4  |   14|          3|   15|         45|
    |ap_phi_mux_data_193_val194395_phi_phi_fu_13578_p4  |   14|          3|   15|         45|
    |ap_phi_mux_data_195_val196396_phi_phi_fu_13591_p4  |   14|          3|   15|         45|
    |ap_phi_mux_data_196_val197397_phi_phi_fu_13604_p4  |   14|          3|   15|         45|
    |ap_phi_mux_data_197_val198398_phi_phi_fu_13617_p4  |   14|          3|   15|         45|
    |ap_phi_mux_data_198_val199399_phi_phi_fu_13630_p4  |   14|          3|   15|         45|
    |ap_phi_mux_data_199_val200400_phi_phi_fu_13643_p4  |   14|          3|   15|         45|
    |ap_phi_mux_data_19_val20237_phi_phi_fu_11524_p4    |   14|          3|   15|         45|
    |ap_phi_mux_data_1_val2221_phi_phi_fu_11316_p4      |   14|          3|   15|         45|
    |ap_phi_mux_data_200_val201401_phi_phi_fu_13656_p4  |   14|          3|   15|         45|
    |ap_phi_mux_data_201_val202402_phi_phi_fu_13669_p4  |   14|          3|   15|         45|
    |ap_phi_mux_data_202_val203403_phi_phi_fu_13682_p4  |   14|          3|   15|         45|
    |ap_phi_mux_data_203_val204404_phi_phi_fu_13695_p4  |   14|          3|   15|         45|
    |ap_phi_mux_data_205_val206405_phi_phi_fu_13708_p4  |   14|          3|   15|         45|
    |ap_phi_mux_data_206_val207406_phi_phi_fu_13721_p4  |   14|          3|   15|         45|
    |ap_phi_mux_data_207_val208407_phi_phi_fu_13734_p4  |   14|          3|   15|         45|
    |ap_phi_mux_data_208_val209408_phi_phi_fu_13747_p4  |   14|          3|   15|         45|
    |ap_phi_mux_data_209_val210409_phi_phi_fu_13760_p4  |   14|          3|   15|         45|
    |ap_phi_mux_data_20_val21238_phi_phi_fu_11537_p4    |   14|          3|   15|         45|
    |ap_phi_mux_data_210_val211410_phi_phi_fu_13773_p4  |   14|          3|   15|         45|
    |ap_phi_mux_data_211_val212411_phi_phi_fu_13786_p4  |   14|          3|   15|         45|
    |ap_phi_mux_data_212_val213412_phi_phi_fu_13799_p4  |   14|          3|   15|         45|
    |ap_phi_mux_data_213_val214413_phi_phi_fu_13812_p4  |   14|          3|   15|         45|
    |ap_phi_mux_data_214_val215414_phi_phi_fu_13825_p4  |   14|          3|   15|         45|
    |ap_phi_mux_data_216_val217415_phi_phi_fu_13838_p4  |   14|          3|   15|         45|
    |ap_phi_mux_data_217_val218416_phi_phi_fu_13851_p4  |   14|          3|   15|         45|
    |ap_phi_mux_data_218_val219417_phi_phi_fu_13864_p4  |   14|          3|   15|         45|
    |ap_phi_mux_data_219_val220418_phi_phi_fu_13877_p4  |   14|          3|   15|         45|
    |ap_phi_mux_data_21_val22239_phi_phi_fu_11550_p4    |   14|          3|   15|         45|
    |ap_phi_mux_data_220_val221419_phi_phi_fu_13890_p4  |   14|          3|   15|         45|
    |ap_phi_mux_data_221_val222420_phi_phi_fu_13903_p4  |   14|          3|   15|         45|
    |ap_phi_mux_data_222_val223421_phi_phi_fu_13916_p4  |   14|          3|   15|         45|
    |ap_phi_mux_data_223_val224422_phi_phi_fu_13929_p4  |   14|          3|   15|         45|
    |ap_phi_mux_data_224_val225423_phi_phi_fu_13942_p4  |   14|          3|   15|         45|
    |ap_phi_mux_data_226_val227424_phi_phi_fu_13955_p4  |   14|          3|   15|         45|
    |ap_phi_mux_data_227_val228425_phi_phi_fu_13968_p4  |   14|          3|   15|         45|
    |ap_phi_mux_data_228_val229426_phi_phi_fu_13981_p4  |   14|          3|   15|         45|
    |ap_phi_mux_data_229_val230427_phi_phi_fu_13994_p4  |   14|          3|   15|         45|
    |ap_phi_mux_data_22_val23240_phi_phi_fu_11563_p4    |   14|          3|   15|         45|
    |ap_phi_mux_data_230_val231428_phi_phi_fu_14007_p4  |   14|          3|   15|         45|
    |ap_phi_mux_data_231_val232429_phi_phi_fu_14020_p4  |   14|          3|   15|         45|
    |ap_phi_mux_data_232_val233430_phi_phi_fu_14033_p4  |   14|          3|   15|         45|
    |ap_phi_mux_data_233_val234431_phi_phi_fu_14046_p4  |   14|          3|   15|         45|
    |ap_phi_mux_data_234_val235432_phi_phi_fu_14059_p4  |   14|          3|   15|         45|
    |ap_phi_mux_data_235_val236433_phi_phi_fu_14072_p4  |   14|          3|   15|         45|
    |ap_phi_mux_data_237_val238434_phi_phi_fu_14085_p4  |   14|          3|   15|         45|
    |ap_phi_mux_data_238_val239435_phi_phi_fu_14098_p4  |   14|          3|   15|         45|
    |ap_phi_mux_data_239_val240436_phi_phi_fu_14111_p4  |   14|          3|   15|         45|
    |ap_phi_mux_data_23_val24241_phi_phi_fu_11576_p4    |   14|          3|   15|         45|
    |ap_phi_mux_data_240_val241437_phi_phi_fu_14124_p4  |   14|          3|   15|         45|
    |ap_phi_mux_data_241_val242438_phi_phi_fu_14137_p4  |   14|          3|   15|         45|
    |ap_phi_mux_data_242_val243439_phi_phi_fu_14150_p4  |   14|          3|   15|         45|
    |ap_phi_mux_data_243_val244440_phi_phi_fu_14163_p4  |   14|          3|   15|         45|
    |ap_phi_mux_data_244_val245441_phi_phi_fu_14176_p4  |   14|          3|   15|         45|
    |ap_phi_mux_data_245_val246442_phi_phi_fu_14189_p4  |   14|          3|   15|         45|
    |ap_phi_mux_data_247_val248443_phi_phi_fu_14202_p4  |   14|          3|   15|         45|
    |ap_phi_mux_data_248_val249444_phi_phi_fu_14215_p4  |   14|          3|   15|         45|
    |ap_phi_mux_data_249_val250445_phi_phi_fu_14228_p4  |   14|          3|   15|         45|
    |ap_phi_mux_data_24_val25242_phi_phi_fu_11589_p4    |   14|          3|   15|         45|
    |ap_phi_mux_data_250_val251446_phi_phi_fu_14241_p4  |   14|          3|   15|         45|
    |ap_phi_mux_data_251_val252447_phi_phi_fu_14254_p4  |   14|          3|   15|         45|
    |ap_phi_mux_data_252_val253448_phi_phi_fu_14267_p4  |   14|          3|   15|         45|
    |ap_phi_mux_data_253_val254449_phi_phi_fu_14280_p4  |   14|          3|   15|         45|
    |ap_phi_mux_data_254_val255450_phi_phi_fu_14293_p4  |   14|          3|   15|         45|
    |ap_phi_mux_data_255_val256451_phi_phi_fu_14306_p4  |   14|          3|   15|         45|
    |ap_phi_mux_data_256_val257452_phi_phi_fu_14319_p4  |   14|          3|   15|         45|
    |ap_phi_mux_data_258_val259453_phi_phi_fu_14332_p4  |   14|          3|   15|         45|
    |ap_phi_mux_data_259_val260454_phi_phi_fu_14345_p4  |   14|          3|   15|         45|
    |ap_phi_mux_data_25_val26243_phi_phi_fu_11602_p4    |   14|          3|   15|         45|
    |ap_phi_mux_data_260_val261455_phi_phi_fu_14358_p4  |   14|          3|   15|         45|
    |ap_phi_mux_data_261_val262456_phi_phi_fu_14371_p4  |   14|          3|   15|         45|
    |ap_phi_mux_data_262_val263457_phi_phi_fu_14384_p4  |   14|          3|   15|         45|
    |ap_phi_mux_data_263_val264458_phi_phi_fu_14397_p4  |   14|          3|   15|         45|
    |ap_phi_mux_data_264_val265459_phi_phi_fu_14410_p4  |   14|          3|   15|         45|
    |ap_phi_mux_data_265_val266460_phi_phi_fu_14423_p4  |   14|          3|   15|         45|
    |ap_phi_mux_data_266_val267461_phi_phi_fu_14436_p4  |   14|          3|   15|         45|
    |ap_phi_mux_data_268_val269462_phi_phi_fu_14449_p4  |   14|          3|   15|         45|
    |ap_phi_mux_data_269_val270463_phi_phi_fu_14462_p4  |   14|          3|   15|         45|
    |ap_phi_mux_data_270_val271464_phi_phi_fu_14475_p4  |   14|          3|   15|         45|
    |ap_phi_mux_data_271_val272465_phi_phi_fu_14488_p4  |   14|          3|   15|         45|
    |ap_phi_mux_data_272_val273466_phi_phi_fu_14501_p4  |   14|          3|   15|         45|
    |ap_phi_mux_data_273_val274467_phi_phi_fu_14514_p4  |   14|          3|   15|         45|
    |ap_phi_mux_data_274_val275468_phi_phi_fu_14527_p4  |   14|          3|   15|         45|
    |ap_phi_mux_data_275_val276469_phi_phi_fu_14540_p4  |   14|          3|   15|         45|
    |ap_phi_mux_data_276_val277470_phi_phi_fu_14553_p4  |   14|          3|   15|         45|
    |ap_phi_mux_data_277_val278471_phi_phi_fu_14566_p4  |   14|          3|   15|         45|
    |ap_phi_mux_data_279_val280472_phi_phi_fu_14579_p4  |   14|          3|   15|         45|
    |ap_phi_mux_data_27_val28244_phi_phi_fu_11615_p4    |   14|          3|   15|         45|
    |ap_phi_mux_data_280_val281473_phi_phi_fu_14592_p4  |   14|          3|   15|         45|
    |ap_phi_mux_data_281_val282474_phi_phi_fu_14605_p4  |   14|          3|   15|         45|
    |ap_phi_mux_data_282_val283475_phi_phi_fu_14618_p4  |   14|          3|   15|         45|
    |ap_phi_mux_data_283_val284476_phi_phi_fu_14631_p4  |   14|          3|   15|         45|
    |ap_phi_mux_data_284_val285477_phi_phi_fu_14644_p4  |   14|          3|   15|         45|
    |ap_phi_mux_data_285_val286478_phi_phi_fu_14657_p4  |   14|          3|   15|         45|
    |ap_phi_mux_data_286_val287479_phi_phi_fu_14670_p4  |   14|          3|   15|         45|
    |ap_phi_mux_data_287_val288480_phi_phi_fu_14683_p4  |   14|          3|   15|         45|
    |ap_phi_mux_data_289_val290481_phi_phi_fu_14696_p4  |   14|          3|   15|         45|
    |ap_phi_mux_data_28_val29245_phi_phi_fu_11628_p4    |   14|          3|   15|         45|
    |ap_phi_mux_data_290_val291482_phi_phi_fu_14709_p4  |   14|          3|   15|         45|
    |ap_phi_mux_data_291_val292483_phi_phi_fu_14722_p4  |   14|          3|   15|         45|
    |ap_phi_mux_data_292_val293484_phi_phi_fu_14735_p4  |   14|          3|   15|         45|
    |ap_phi_mux_data_293_val294485_phi_phi_fu_14748_p4  |   14|          3|   15|         45|
    |ap_phi_mux_data_294_val295486_phi_phi_fu_14761_p4  |   14|          3|   15|         45|
    |ap_phi_mux_data_295_val296487_phi_phi_fu_14774_p4  |   14|          3|   15|         45|
    |ap_phi_mux_data_296_val297488_phi_phi_fu_14787_p4  |   14|          3|   15|         45|
    |ap_phi_mux_data_297_val298489_phi_phi_fu_14800_p4  |   14|          3|   15|         45|
    |ap_phi_mux_data_298_val299490_phi_phi_fu_14813_p4  |   14|          3|   15|         45|
    |ap_phi_mux_data_29_val30246_phi_phi_fu_11641_p4    |   14|          3|   15|         45|
    |ap_phi_mux_data_2_val3222_phi_phi_fu_11329_p4      |   14|          3|   15|         45|
    |ap_phi_mux_data_300_val301491_phi_phi_fu_14826_p4  |   14|          3|   15|         45|
    |ap_phi_mux_data_301_val302492_phi_phi_fu_14839_p4  |   14|          3|   15|         45|
    |ap_phi_mux_data_302_val303493_phi_phi_fu_14852_p4  |   14|          3|   15|         45|
    |ap_phi_mux_data_303_val304494_phi_phi_fu_14865_p4  |   14|          3|   15|         45|
    |ap_phi_mux_data_304_val305495_phi_phi_fu_14878_p4  |   14|          3|   15|         45|
    |ap_phi_mux_data_305_val306496_phi_phi_fu_14891_p4  |   14|          3|   15|         45|
    |ap_phi_mux_data_306_val307497_phi_phi_fu_14904_p4  |   14|          3|   15|         45|
    |ap_phi_mux_data_307_val308498_phi_phi_fu_14917_p4  |   14|          3|   15|         45|
    |ap_phi_mux_data_308_val309499_phi_phi_fu_14930_p4  |   14|          3|   15|         45|
    |ap_phi_mux_data_30_val31247_phi_phi_fu_11654_p4    |   14|          3|   15|         45|
    |ap_phi_mux_data_310_val311500_phi_phi_fu_14943_p4  |   14|          3|   15|         45|
    |ap_phi_mux_data_311_val312501_phi_phi_fu_14956_p4  |   14|          3|   15|         45|
    |ap_phi_mux_data_312_val313502_phi_phi_fu_14969_p4  |   14|          3|   15|         45|
    |ap_phi_mux_data_313_val314503_phi_phi_fu_14982_p4  |   14|          3|   15|         45|
    |ap_phi_mux_data_314_val315504_phi_phi_fu_14995_p4  |   14|          3|   15|         45|
    |ap_phi_mux_data_315_val316505_phi_phi_fu_15008_p4  |   14|          3|   15|         45|
    |ap_phi_mux_data_316_val317506_phi_phi_fu_15021_p4  |   14|          3|   15|         45|
    |ap_phi_mux_data_317_val318507_phi_phi_fu_15034_p4  |   14|          3|   15|         45|
    |ap_phi_mux_data_318_val319508_phi_phi_fu_15047_p4  |   14|          3|   15|         45|
    |ap_phi_mux_data_319_val320509_phi_phi_fu_15060_p4  |   14|          3|   15|         45|
    |ap_phi_mux_data_31_val32248_phi_phi_fu_11667_p4    |   14|          3|   15|         45|
    |ap_phi_mux_data_321_val322510_phi_phi_fu_15073_p4  |   14|          3|   15|         45|
    |ap_phi_mux_data_322_val323511_phi_phi_fu_15086_p4  |   14|          3|   15|         45|
    |ap_phi_mux_data_323_val324512_phi_phi_fu_15099_p4  |   14|          3|   15|         45|
    |ap_phi_mux_data_324_val325513_phi_phi_fu_15112_p4  |   14|          3|   15|         45|
    |ap_phi_mux_data_325_val326514_phi_phi_fu_15125_p4  |   14|          3|   15|         45|
    |ap_phi_mux_data_326_val327515_phi_phi_fu_15138_p4  |   14|          3|   15|         45|
    |ap_phi_mux_data_327_val328516_phi_phi_fu_15151_p4  |   14|          3|   15|         45|
    |ap_phi_mux_data_328_val329517_phi_phi_fu_15164_p4  |   14|          3|   15|         45|
    |ap_phi_mux_data_329_val330518_phi_phi_fu_15177_p4  |   14|          3|   15|         45|
    |ap_phi_mux_data_32_val33249_phi_phi_fu_11680_p4    |   14|          3|   15|         45|
    |ap_phi_mux_data_331_val332519_phi_phi_fu_15190_p4  |   14|          3|   15|         45|
    |ap_phi_mux_data_332_val333520_phi_phi_fu_15203_p4  |   14|          3|   15|         45|
    |ap_phi_mux_data_333_val334521_phi_phi_fu_15216_p4  |   14|          3|   15|         45|
    |ap_phi_mux_data_334_val335522_phi_phi_fu_15229_p4  |   14|          3|   15|         45|
    |ap_phi_mux_data_335_val336523_phi_phi_fu_15242_p4  |   14|          3|   15|         45|
    |ap_phi_mux_data_33_val34250_phi_phi_fu_11693_p4    |   14|          3|   15|         45|
    |ap_phi_mux_data_34_val35251_phi_phi_fu_11706_p4    |   14|          3|   15|         45|
    |ap_phi_mux_data_35_val36252_phi_phi_fu_11719_p4    |   14|          3|   15|         45|
    |ap_phi_mux_data_37_val38253_phi_phi_fu_11732_p4    |   14|          3|   15|         45|
    |ap_phi_mux_data_38_val39254_phi_phi_fu_11745_p4    |   14|          3|   15|         45|
    |ap_phi_mux_data_39_val40255_phi_phi_fu_11758_p4    |   14|          3|   15|         45|
    |ap_phi_mux_data_3_val4223_phi_phi_fu_11342_p4      |   14|          3|   15|         45|
    |ap_phi_mux_data_40_val41256_phi_phi_fu_11771_p4    |   14|          3|   15|         45|
    |ap_phi_mux_data_41_val42257_phi_phi_fu_11784_p4    |   14|          3|   15|         45|
    |ap_phi_mux_data_42_val43258_phi_phi_fu_11797_p4    |   14|          3|   15|         45|
    |ap_phi_mux_data_43_val44259_phi_phi_fu_11810_p4    |   14|          3|   15|         45|
    |ap_phi_mux_data_44_val45260_phi_phi_fu_11823_p4    |   14|          3|   15|         45|
    |ap_phi_mux_data_45_val46261_phi_phi_fu_11836_p4    |   14|          3|   15|         45|
    |ap_phi_mux_data_46_val47262_phi_phi_fu_11849_p4    |   14|          3|   15|         45|
    |ap_phi_mux_data_48_val49263_phi_phi_fu_11862_p4    |   14|          3|   15|         45|
    |ap_phi_mux_data_49_val50264_phi_phi_fu_11875_p4    |   14|          3|   15|         45|
    |ap_phi_mux_data_4_val5224_phi_phi_fu_11355_p4      |   14|          3|   15|         45|
    |ap_phi_mux_data_50_val51265_phi_phi_fu_11888_p4    |   14|          3|   15|         45|
    |ap_phi_mux_data_51_val52266_phi_phi_fu_11901_p4    |   14|          3|   15|         45|
    |ap_phi_mux_data_52_val53267_phi_phi_fu_11914_p4    |   14|          3|   15|         45|
    |ap_phi_mux_data_53_val54268_phi_phi_fu_11927_p4    |   14|          3|   15|         45|
    |ap_phi_mux_data_54_val55269_phi_phi_fu_11940_p4    |   14|          3|   15|         45|
    |ap_phi_mux_data_55_val56270_phi_phi_fu_11953_p4    |   14|          3|   15|         45|
    |ap_phi_mux_data_56_val57271_phi_phi_fu_11966_p4    |   14|          3|   15|         45|
    |ap_phi_mux_data_58_val59272_phi_phi_fu_11979_p4    |   14|          3|   15|         45|
    |ap_phi_mux_data_59_val60273_phi_phi_fu_11992_p4    |   14|          3|   15|         45|
    |ap_phi_mux_data_60_val61274_phi_phi_fu_12005_p4    |   14|          3|   15|         45|
    |ap_phi_mux_data_61_val62275_phi_phi_fu_12018_p4    |   14|          3|   15|         45|
    |ap_phi_mux_data_62_val63276_phi_phi_fu_12031_p4    |   14|          3|   15|         45|
    |ap_phi_mux_data_63_val64277_phi_phi_fu_12044_p4    |   14|          3|   15|         45|
    |ap_phi_mux_data_64_val65278_phi_phi_fu_12057_p4    |   14|          3|   15|         45|
    |ap_phi_mux_data_65_val66279_phi_phi_fu_12070_p4    |   14|          3|   15|         45|
    |ap_phi_mux_data_66_val67280_phi_phi_fu_12083_p4    |   14|          3|   15|         45|
    |ap_phi_mux_data_67_val68281_phi_phi_fu_12096_p4    |   14|          3|   15|         45|
    |ap_phi_mux_data_69_val70282_phi_phi_fu_12109_p4    |   14|          3|   15|         45|
    |ap_phi_mux_data_6_val7225_phi_phi_fu_11368_p4      |   14|          3|   15|         45|
    |ap_phi_mux_data_70_val71283_phi_phi_fu_12122_p4    |   14|          3|   15|         45|
    |ap_phi_mux_data_71_val72284_phi_phi_fu_12135_p4    |   14|          3|   15|         45|
    |ap_phi_mux_data_72_val73285_phi_phi_fu_12148_p4    |   14|          3|   15|         45|
    |ap_phi_mux_data_73_val74286_phi_phi_fu_12161_p4    |   14|          3|   15|         45|
    |ap_phi_mux_data_74_val75287_phi_phi_fu_12174_p4    |   14|          3|   15|         45|
    |ap_phi_mux_data_75_val76288_phi_phi_fu_12187_p4    |   14|          3|   15|         45|
    |ap_phi_mux_data_76_val77289_phi_phi_fu_12200_p4    |   14|          3|   15|         45|
    |ap_phi_mux_data_77_val78290_phi_phi_fu_12213_p4    |   14|          3|   15|         45|
    |ap_phi_mux_data_79_val80291_phi_phi_fu_12226_p4    |   14|          3|   15|         45|
    |ap_phi_mux_data_7_val8226_phi_phi_fu_11381_p4      |   14|          3|   15|         45|
    |ap_phi_mux_data_80_val81292_phi_phi_fu_12239_p4    |   14|          3|   15|         45|
    |ap_phi_mux_data_81_val82293_phi_phi_fu_12252_p4    |   14|          3|   15|         45|
    |ap_phi_mux_data_82_val83294_phi_phi_fu_12265_p4    |   14|          3|   15|         45|
    |ap_phi_mux_data_83_val84295_phi_phi_fu_12278_p4    |   14|          3|   15|         45|
    |ap_phi_mux_data_84_val85296_phi_phi_fu_12291_p4    |   14|          3|   15|         45|
    |ap_phi_mux_data_85_val86297_phi_phi_fu_12304_p4    |   14|          3|   15|         45|
    |ap_phi_mux_data_86_val87298_phi_phi_fu_12317_p4    |   14|          3|   15|         45|
    |ap_phi_mux_data_87_val88299_phi_phi_fu_12330_p4    |   14|          3|   15|         45|
    |ap_phi_mux_data_88_val89300_phi_phi_fu_12343_p4    |   14|          3|   15|         45|
    |ap_phi_mux_data_8_val9227_phi_phi_fu_11394_p4      |   14|          3|   15|         45|
    |ap_phi_mux_data_90_val91301_phi_phi_fu_12356_p4    |   14|          3|   15|         45|
    |ap_phi_mux_data_91_val92302_phi_phi_fu_12369_p4    |   14|          3|   15|         45|
    |ap_phi_mux_data_92_val93303_phi_phi_fu_12382_p4    |   14|          3|   15|         45|
    |ap_phi_mux_data_93_val94304_phi_phi_fu_12395_p4    |   14|          3|   15|         45|
    |ap_phi_mux_data_94_val95305_phi_phi_fu_12408_p4    |   14|          3|   15|         45|
    |ap_phi_mux_data_95_val96306_phi_phi_fu_12421_p4    |   14|          3|   15|         45|
    |ap_phi_mux_data_96_val97307_phi_phi_fu_12434_p4    |   14|          3|   15|         45|
    |ap_phi_mux_data_97_val98308_phi_phi_fu_12447_p4    |   14|          3|   15|         45|
    |ap_phi_mux_data_98_val99309_phi_phi_fu_12460_p4    |   14|          3|   15|         45|
    |ap_phi_mux_data_9_val10228_phi_phi_fu_11407_p4     |   14|          3|   15|         45|
    |ap_phi_mux_do_init_phi_fu_7321_p6                  |   14|          3|    1|          3|
    |ap_phi_mux_phi_ln34_phi_fu_11288_p6                |   14|          3|    4|         12|
    |ap_phi_reg_pp0_iter1_data_buf_81_reg_16152         |   81|         17|   15|        255|
    |ap_phi_reg_pp0_iter1_data_buf_82_reg_16099         |   81|         17|   15|        255|
    |ap_phi_reg_pp0_iter1_data_buf_83_reg_16046         |   81|         17|   15|        255|
    |ap_phi_reg_pp0_iter1_data_buf_84_reg_15993         |   81|         17|   15|        255|
    |ap_phi_reg_pp0_iter1_data_buf_85_reg_15940         |   81|         17|   15|        255|
    |ap_phi_reg_pp0_iter1_data_buf_86_reg_15887         |   81|         17|   15|        255|
    |ap_phi_reg_pp0_iter1_data_buf_87_reg_15834         |   81|         17|   15|        255|
    |ap_phi_reg_pp0_iter1_data_buf_88_reg_15781         |   81|         17|   15|        255|
    |ap_phi_reg_pp0_iter1_data_buf_89_reg_15728         |   81|         17|   15|        255|
    |ap_phi_reg_pp0_iter1_data_buf_90_reg_15675         |   81|         17|   15|        255|
    |ap_phi_reg_pp0_iter1_data_buf_91_reg_15622         |   81|         17|   15|        255|
    |ap_phi_reg_pp0_iter1_data_buf_92_reg_15569         |   81|         17|   15|        255|
    |ap_phi_reg_pp0_iter1_data_buf_93_reg_15516         |   81|         17|   15|        255|
    |ap_phi_reg_pp0_iter1_data_buf_94_reg_15463         |   81|         17|   15|        255|
    |ap_phi_reg_pp0_iter1_data_buf_95_reg_15410         |   81|         17|   15|        255|
    |ap_phi_reg_pp0_iter1_data_buf_96_reg_15357         |   81|         17|   15|        255|
    |ap_phi_reg_pp0_iter1_data_buf_97_reg_15304         |   81|         17|   15|        255|
    |ap_phi_reg_pp0_iter1_data_buf_98_reg_15251         |   81|         17|   15|        255|
    |ap_phi_reg_pp0_iter1_data_buf_reg_16205            |   81|         17|   15|        255|
    |data_0_val1220_phi_reg_11299                       |   14|          3|   15|         45|
    |data_100_val101310_phi_reg_12469                   |   14|          3|   15|         45|
    |data_101_val102311_phi_reg_12482                   |   14|          3|   15|         45|
    |data_102_val103312_phi_reg_12495                   |   14|          3|   15|         45|
    |data_103_val104313_phi_reg_12508                   |   14|          3|   15|         45|
    |data_104_val105314_phi_reg_12521                   |   14|          3|   15|         45|
    |data_105_val106315_phi_reg_12534                   |   14|          3|   15|         45|
    |data_106_val107316_phi_reg_12547                   |   14|          3|   15|         45|
    |data_107_val108317_phi_reg_12560                   |   14|          3|   15|         45|
    |data_108_val109318_phi_reg_12573                   |   14|          3|   15|         45|
    |data_109_val110319_phi_reg_12586                   |   14|          3|   15|         45|
    |data_10_val11229_phi_reg_11416                     |   14|          3|   15|         45|
    |data_111_val112320_phi_reg_12599                   |   14|          3|   15|         45|
    |data_112_val113321_phi_reg_12612                   |   14|          3|   15|         45|
    |data_113_val114322_phi_reg_12625                   |   14|          3|   15|         45|
    |data_114_val115323_phi_reg_12638                   |   14|          3|   15|         45|
    |data_115_val116324_phi_reg_12651                   |   14|          3|   15|         45|
    |data_116_val117325_phi_reg_12664                   |   14|          3|   15|         45|
    |data_117_val118326_phi_reg_12677                   |   14|          3|   15|         45|
    |data_118_val119327_phi_reg_12690                   |   14|          3|   15|         45|
    |data_119_val120328_phi_reg_12703                   |   14|          3|   15|         45|
    |data_11_val12230_phi_reg_11429                     |   14|          3|   15|         45|
    |data_121_val122329_phi_reg_12716                   |   14|          3|   15|         45|
    |data_122_val123330_phi_reg_12729                   |   14|          3|   15|         45|
    |data_123_val124331_phi_reg_12742                   |   14|          3|   15|         45|
    |data_124_val125332_phi_reg_12755                   |   14|          3|   15|         45|
    |data_125_val126333_phi_reg_12768                   |   14|          3|   15|         45|
    |data_126_val127334_phi_reg_12781                   |   14|          3|   15|         45|
    |data_127_val128335_phi_reg_12794                   |   14|          3|   15|         45|
    |data_128_val129336_phi_reg_12807                   |   14|          3|   15|         45|
    |data_129_val130337_phi_reg_12820                   |   14|          3|   15|         45|
    |data_12_val13231_phi_reg_11442                     |   14|          3|   15|         45|
    |data_130_val131338_phi_reg_12833                   |   14|          3|   15|         45|
    |data_132_val133339_phi_reg_12846                   |   14|          3|   15|         45|
    |data_133_val134340_phi_reg_12859                   |   14|          3|   15|         45|
    |data_134_val135341_phi_reg_12872                   |   14|          3|   15|         45|
    |data_135_val136342_phi_reg_12885                   |   14|          3|   15|         45|
    |data_136_val137343_phi_reg_12898                   |   14|          3|   15|         45|
    |data_137_val138344_phi_reg_12911                   |   14|          3|   15|         45|
    |data_138_val139345_phi_reg_12924                   |   14|          3|   15|         45|
    |data_139_val140346_phi_reg_12937                   |   14|          3|   15|         45|
    |data_13_val14232_phi_reg_11455                     |   14|          3|   15|         45|
    |data_140_val141347_phi_reg_12950                   |   14|          3|   15|         45|
    |data_142_val143348_phi_reg_12963                   |   14|          3|   15|         45|
    |data_143_val144349_phi_reg_12976                   |   14|          3|   15|         45|
    |data_144_val145350_phi_reg_12989                   |   14|          3|   15|         45|
    |data_145_val146351_phi_reg_13002                   |   14|          3|   15|         45|
    |data_146_val147352_phi_reg_13015                   |   14|          3|   15|         45|
    |data_147_val148353_phi_reg_13028                   |   14|          3|   15|         45|
    |data_148_val149354_phi_reg_13041                   |   14|          3|   15|         45|
    |data_149_val150355_phi_reg_13054                   |   14|          3|   15|         45|
    |data_14_val15233_phi_reg_11468                     |   14|          3|   15|         45|
    |data_150_val151356_phi_reg_13067                   |   14|          3|   15|         45|
    |data_151_val152357_phi_reg_13080                   |   14|          3|   15|         45|
    |data_153_val154358_phi_reg_13093                   |   14|          3|   15|         45|
    |data_154_val155359_phi_reg_13106                   |   14|          3|   15|         45|
    |data_155_val156360_phi_reg_13119                   |   14|          3|   15|         45|
    |data_156_val157361_phi_reg_13132                   |   14|          3|   15|         45|
    |data_157_val158362_phi_reg_13145                   |   14|          3|   15|         45|
    |data_158_val159363_phi_reg_13158                   |   14|          3|   15|         45|
    |data_159_val160364_phi_reg_13171                   |   14|          3|   15|         45|
    |data_160_val161365_phi_reg_13184                   |   14|          3|   15|         45|
    |data_161_val162366_phi_reg_13197                   |   14|          3|   15|         45|
    |data_163_val164367_phi_reg_13210                   |   14|          3|   15|         45|
    |data_164_val165368_phi_reg_13223                   |   14|          3|   15|         45|
    |data_165_val166369_phi_reg_13236                   |   14|          3|   15|         45|
    |data_166_val167370_phi_reg_13249                   |   14|          3|   15|         45|
    |data_167_val168371_phi_reg_13262                   |   14|          3|   15|         45|
    |data_168_val169372_phi_reg_13275                   |   14|          3|   15|         45|
    |data_169_val170373_phi_reg_13288                   |   14|          3|   15|         45|
    |data_16_val17234_phi_reg_11481                     |   14|          3|   15|         45|
    |data_170_val171374_phi_reg_13301                   |   14|          3|   15|         45|
    |data_171_val172375_phi_reg_13314                   |   14|          3|   15|         45|
    |data_172_val173376_phi_reg_13327                   |   14|          3|   15|         45|
    |data_174_val175377_phi_reg_13340                   |   14|          3|   15|         45|
    |data_175_val176378_phi_reg_13353                   |   14|          3|   15|         45|
    |data_176_val177379_phi_reg_13366                   |   14|          3|   15|         45|
    |data_177_val178380_phi_reg_13379                   |   14|          3|   15|         45|
    |data_178_val179381_phi_reg_13392                   |   14|          3|   15|         45|
    |data_179_val180382_phi_reg_13405                   |   14|          3|   15|         45|
    |data_17_val18235_phi_reg_11494                     |   14|          3|   15|         45|
    |data_180_val181383_phi_reg_13418                   |   14|          3|   15|         45|
    |data_181_val182384_phi_reg_13431                   |   14|          3|   15|         45|
    |data_182_val183385_phi_reg_13444                   |   14|          3|   15|         45|
    |data_184_val185386_phi_reg_13457                   |   14|          3|   15|         45|
    |data_185_val186387_phi_reg_13470                   |   14|          3|   15|         45|
    |data_186_val187388_phi_reg_13483                   |   14|          3|   15|         45|
    |data_187_val188389_phi_reg_13496                   |   14|          3|   15|         45|
    |data_188_val189390_phi_reg_13509                   |   14|          3|   15|         45|
    |data_189_val190391_phi_reg_13522                   |   14|          3|   15|         45|
    |data_18_val19236_phi_reg_11507                     |   14|          3|   15|         45|
    |data_190_val191392_phi_reg_13535                   |   14|          3|   15|         45|
    |data_191_val192393_phi_reg_13548                   |   14|          3|   15|         45|
    |data_192_val193394_phi_reg_13561                   |   14|          3|   15|         45|
    |data_193_val194395_phi_reg_13574                   |   14|          3|   15|         45|
    |data_195_val196396_phi_reg_13587                   |   14|          3|   15|         45|
    |data_196_val197397_phi_reg_13600                   |   14|          3|   15|         45|
    |data_197_val198398_phi_reg_13613                   |   14|          3|   15|         45|
    |data_198_val199399_phi_reg_13626                   |   14|          3|   15|         45|
    |data_199_val200400_phi_reg_13639                   |   14|          3|   15|         45|
    |data_19_val20237_phi_reg_11520                     |   14|          3|   15|         45|
    |data_1_val2221_phi_reg_11312                       |   14|          3|   15|         45|
    |data_200_val201401_phi_reg_13652                   |   14|          3|   15|         45|
    |data_201_val202402_phi_reg_13665                   |   14|          3|   15|         45|
    |data_202_val203403_phi_reg_13678                   |   14|          3|   15|         45|
    |data_203_val204404_phi_reg_13691                   |   14|          3|   15|         45|
    |data_205_val206405_phi_reg_13704                   |   14|          3|   15|         45|
    |data_206_val207406_phi_reg_13717                   |   14|          3|   15|         45|
    |data_207_val208407_phi_reg_13730                   |   14|          3|   15|         45|
    |data_208_val209408_phi_reg_13743                   |   14|          3|   15|         45|
    |data_209_val210409_phi_reg_13756                   |   14|          3|   15|         45|
    |data_20_val21238_phi_reg_11533                     |   14|          3|   15|         45|
    |data_210_val211410_phi_reg_13769                   |   14|          3|   15|         45|
    |data_211_val212411_phi_reg_13782                   |   14|          3|   15|         45|
    |data_212_val213412_phi_reg_13795                   |   14|          3|   15|         45|
    |data_213_val214413_phi_reg_13808                   |   14|          3|   15|         45|
    |data_214_val215414_phi_reg_13821                   |   14|          3|   15|         45|
    |data_216_val217415_phi_reg_13834                   |   14|          3|   15|         45|
    |data_217_val218416_phi_reg_13847                   |   14|          3|   15|         45|
    |data_218_val219417_phi_reg_13860                   |   14|          3|   15|         45|
    |data_219_val220418_phi_reg_13873                   |   14|          3|   15|         45|
    |data_21_val22239_phi_reg_11546                     |   14|          3|   15|         45|
    |data_220_val221419_phi_reg_13886                   |   14|          3|   15|         45|
    |data_221_val222420_phi_reg_13899                   |   14|          3|   15|         45|
    |data_222_val223421_phi_reg_13912                   |   14|          3|   15|         45|
    |data_223_val224422_phi_reg_13925                   |   14|          3|   15|         45|
    |data_224_val225423_phi_reg_13938                   |   14|          3|   15|         45|
    |data_226_val227424_phi_reg_13951                   |   14|          3|   15|         45|
    |data_227_val228425_phi_reg_13964                   |   14|          3|   15|         45|
    |data_228_val229426_phi_reg_13977                   |   14|          3|   15|         45|
    |data_229_val230427_phi_reg_13990                   |   14|          3|   15|         45|
    |data_22_val23240_phi_reg_11559                     |   14|          3|   15|         45|
    |data_230_val231428_phi_reg_14003                   |   14|          3|   15|         45|
    |data_231_val232429_phi_reg_14016                   |   14|          3|   15|         45|
    |data_232_val233430_phi_reg_14029                   |   14|          3|   15|         45|
    |data_233_val234431_phi_reg_14042                   |   14|          3|   15|         45|
    |data_234_val235432_phi_reg_14055                   |   14|          3|   15|         45|
    |data_235_val236433_phi_reg_14068                   |   14|          3|   15|         45|
    |data_237_val238434_phi_reg_14081                   |   14|          3|   15|         45|
    |data_238_val239435_phi_reg_14094                   |   14|          3|   15|         45|
    |data_239_val240436_phi_reg_14107                   |   14|          3|   15|         45|
    |data_23_val24241_phi_reg_11572                     |   14|          3|   15|         45|
    |data_240_val241437_phi_reg_14120                   |   14|          3|   15|         45|
    |data_241_val242438_phi_reg_14133                   |   14|          3|   15|         45|
    |data_242_val243439_phi_reg_14146                   |   14|          3|   15|         45|
    |data_243_val244440_phi_reg_14159                   |   14|          3|   15|         45|
    |data_244_val245441_phi_reg_14172                   |   14|          3|   15|         45|
    |data_245_val246442_phi_reg_14185                   |   14|          3|   15|         45|
    |data_247_val248443_phi_reg_14198                   |   14|          3|   15|         45|
    |data_248_val249444_phi_reg_14211                   |   14|          3|   15|         45|
    |data_249_val250445_phi_reg_14224                   |   14|          3|   15|         45|
    |data_24_val25242_phi_reg_11585                     |   14|          3|   15|         45|
    |data_250_val251446_phi_reg_14237                   |   14|          3|   15|         45|
    |data_251_val252447_phi_reg_14250                   |   14|          3|   15|         45|
    |data_252_val253448_phi_reg_14263                   |   14|          3|   15|         45|
    |data_253_val254449_phi_reg_14276                   |   14|          3|   15|         45|
    |data_254_val255450_phi_reg_14289                   |   14|          3|   15|         45|
    |data_255_val256451_phi_reg_14302                   |   14|          3|   15|         45|
    |data_256_val257452_phi_reg_14315                   |   14|          3|   15|         45|
    |data_258_val259453_phi_reg_14328                   |   14|          3|   15|         45|
    |data_259_val260454_phi_reg_14341                   |   14|          3|   15|         45|
    |data_25_val26243_phi_reg_11598                     |   14|          3|   15|         45|
    |data_260_val261455_phi_reg_14354                   |   14|          3|   15|         45|
    |data_261_val262456_phi_reg_14367                   |   14|          3|   15|         45|
    |data_262_val263457_phi_reg_14380                   |   14|          3|   15|         45|
    |data_263_val264458_phi_reg_14393                   |   14|          3|   15|         45|
    |data_264_val265459_phi_reg_14406                   |   14|          3|   15|         45|
    |data_265_val266460_phi_reg_14419                   |   14|          3|   15|         45|
    |data_266_val267461_phi_reg_14432                   |   14|          3|   15|         45|
    |data_268_val269462_phi_reg_14445                   |   14|          3|   15|         45|
    |data_269_val270463_phi_reg_14458                   |   14|          3|   15|         45|
    |data_270_val271464_phi_reg_14471                   |   14|          3|   15|         45|
    |data_271_val272465_phi_reg_14484                   |   14|          3|   15|         45|
    |data_272_val273466_phi_reg_14497                   |   14|          3|   15|         45|
    |data_273_val274467_phi_reg_14510                   |   14|          3|   15|         45|
    |data_274_val275468_phi_reg_14523                   |   14|          3|   15|         45|
    |data_275_val276469_phi_reg_14536                   |   14|          3|   15|         45|
    |data_276_val277470_phi_reg_14549                   |   14|          3|   15|         45|
    |data_277_val278471_phi_reg_14562                   |   14|          3|   15|         45|
    |data_279_val280472_phi_reg_14575                   |   14|          3|   15|         45|
    |data_27_val28244_phi_reg_11611                     |   14|          3|   15|         45|
    |data_280_val281473_phi_reg_14588                   |   14|          3|   15|         45|
    |data_281_val282474_phi_reg_14601                   |   14|          3|   15|         45|
    |data_282_val283475_phi_reg_14614                   |   14|          3|   15|         45|
    |data_283_val284476_phi_reg_14627                   |   14|          3|   15|         45|
    |data_284_val285477_phi_reg_14640                   |   14|          3|   15|         45|
    |data_285_val286478_phi_reg_14653                   |   14|          3|   15|         45|
    |data_286_val287479_phi_reg_14666                   |   14|          3|   15|         45|
    |data_287_val288480_phi_reg_14679                   |   14|          3|   15|         45|
    |data_289_val290481_phi_reg_14692                   |   14|          3|   15|         45|
    |data_28_val29245_phi_reg_11624                     |   14|          3|   15|         45|
    |data_290_val291482_phi_reg_14705                   |   14|          3|   15|         45|
    |data_291_val292483_phi_reg_14718                   |   14|          3|   15|         45|
    |data_292_val293484_phi_reg_14731                   |   14|          3|   15|         45|
    |data_293_val294485_phi_reg_14744                   |   14|          3|   15|         45|
    |data_294_val295486_phi_reg_14757                   |   14|          3|   15|         45|
    |data_295_val296487_phi_reg_14770                   |   14|          3|   15|         45|
    |data_296_val297488_phi_reg_14783                   |   14|          3|   15|         45|
    |data_297_val298489_phi_reg_14796                   |   14|          3|   15|         45|
    |data_298_val299490_phi_reg_14809                   |   14|          3|   15|         45|
    |data_29_val30246_phi_reg_11637                     |   14|          3|   15|         45|
    |data_2_val3222_phi_reg_11325                       |   14|          3|   15|         45|
    |data_300_val301491_phi_reg_14822                   |   14|          3|   15|         45|
    |data_301_val302492_phi_reg_14835                   |   14|          3|   15|         45|
    |data_302_val303493_phi_reg_14848                   |   14|          3|   15|         45|
    |data_303_val304494_phi_reg_14861                   |   14|          3|   15|         45|
    |data_304_val305495_phi_reg_14874                   |   14|          3|   15|         45|
    |data_305_val306496_phi_reg_14887                   |   14|          3|   15|         45|
    |data_306_val307497_phi_reg_14900                   |   14|          3|   15|         45|
    |data_307_val308498_phi_reg_14913                   |   14|          3|   15|         45|
    |data_308_val309499_phi_reg_14926                   |   14|          3|   15|         45|
    |data_30_val31247_phi_reg_11650                     |   14|          3|   15|         45|
    |data_310_val311500_phi_reg_14939                   |   14|          3|   15|         45|
    |data_311_val312501_phi_reg_14952                   |   14|          3|   15|         45|
    |data_312_val313502_phi_reg_14965                   |   14|          3|   15|         45|
    |data_313_val314503_phi_reg_14978                   |   14|          3|   15|         45|
    |data_314_val315504_phi_reg_14991                   |   14|          3|   15|         45|
    |data_315_val316505_phi_reg_15004                   |   14|          3|   15|         45|
    |data_316_val317506_phi_reg_15017                   |   14|          3|   15|         45|
    |data_317_val318507_phi_reg_15030                   |   14|          3|   15|         45|
    |data_318_val319508_phi_reg_15043                   |   14|          3|   15|         45|
    |data_319_val320509_phi_reg_15056                   |   14|          3|   15|         45|
    |data_31_val32248_phi_reg_11663                     |   14|          3|   15|         45|
    |data_321_val322510_phi_reg_15069                   |   14|          3|   15|         45|
    |data_322_val323511_phi_reg_15082                   |   14|          3|   15|         45|
    |data_323_val324512_phi_reg_15095                   |   14|          3|   15|         45|
    |data_324_val325513_phi_reg_15108                   |   14|          3|   15|         45|
    |data_325_val326514_phi_reg_15121                   |   14|          3|   15|         45|
    |data_326_val327515_phi_reg_15134                   |   14|          3|   15|         45|
    |data_327_val328516_phi_reg_15147                   |   14|          3|   15|         45|
    |data_328_val329517_phi_reg_15160                   |   14|          3|   15|         45|
    |data_329_val330518_phi_reg_15173                   |   14|          3|   15|         45|
    |data_32_val33249_phi_reg_11676                     |   14|          3|   15|         45|
    |data_331_val332519_phi_reg_15186                   |   14|          3|   15|         45|
    |data_332_val333520_phi_reg_15199                   |   14|          3|   15|         45|
    |data_333_val334521_phi_reg_15212                   |   14|          3|   15|         45|
    |data_334_val335522_phi_reg_15225                   |   14|          3|   15|         45|
    |data_335_val336523_phi_reg_15238                   |   14|          3|   15|         45|
    |data_33_val34250_phi_reg_11689                     |   14|          3|   15|         45|
    |data_34_val35251_phi_reg_11702                     |   14|          3|   15|         45|
    |data_35_val36252_phi_reg_11715                     |   14|          3|   15|         45|
    |data_37_val38253_phi_reg_11728                     |   14|          3|   15|         45|
    |data_38_val39254_phi_reg_11741                     |   14|          3|   15|         45|
    |data_39_val40255_phi_reg_11754                     |   14|          3|   15|         45|
    |data_3_val4223_phi_reg_11338                       |   14|          3|   15|         45|
    |data_40_val41256_phi_reg_11767                     |   14|          3|   15|         45|
    |data_41_val42257_phi_reg_11780                     |   14|          3|   15|         45|
    |data_42_val43258_phi_reg_11793                     |   14|          3|   15|         45|
    |data_43_val44259_phi_reg_11806                     |   14|          3|   15|         45|
    |data_44_val45260_phi_reg_11819                     |   14|          3|   15|         45|
    |data_45_val46261_phi_reg_11832                     |   14|          3|   15|         45|
    |data_46_val47262_phi_reg_11845                     |   14|          3|   15|         45|
    |data_48_val49263_phi_reg_11858                     |   14|          3|   15|         45|
    |data_49_val50264_phi_reg_11871                     |   14|          3|   15|         45|
    |data_4_val5224_phi_reg_11351                       |   14|          3|   15|         45|
    |data_50_val51265_phi_reg_11884                     |   14|          3|   15|         45|
    |data_51_val52266_phi_reg_11897                     |   14|          3|   15|         45|
    |data_52_val53267_phi_reg_11910                     |   14|          3|   15|         45|
    |data_53_val54268_phi_reg_11923                     |   14|          3|   15|         45|
    |data_54_val55269_phi_reg_11936                     |   14|          3|   15|         45|
    |data_55_val56270_phi_reg_11949                     |   14|          3|   15|         45|
    |data_56_val57271_phi_reg_11962                     |   14|          3|   15|         45|
    |data_58_val59272_phi_reg_11975                     |   14|          3|   15|         45|
    |data_59_val60273_phi_reg_11988                     |   14|          3|   15|         45|
    |data_60_val61274_phi_reg_12001                     |   14|          3|   15|         45|
    |data_61_val62275_phi_reg_12014                     |   14|          3|   15|         45|
    |data_62_val63276_phi_reg_12027                     |   14|          3|   15|         45|
    |data_63_val64277_phi_reg_12040                     |   14|          3|   15|         45|
    |data_64_val65278_phi_reg_12053                     |   14|          3|   15|         45|
    |data_65_val66279_phi_reg_12066                     |   14|          3|   15|         45|
    |data_66_val67280_phi_reg_12079                     |   14|          3|   15|         45|
    |data_67_val68281_phi_reg_12092                     |   14|          3|   15|         45|
    |data_69_val70282_phi_reg_12105                     |   14|          3|   15|         45|
    |data_6_val7225_phi_reg_11364                       |   14|          3|   15|         45|
    |data_70_val71283_phi_reg_12118                     |   14|          3|   15|         45|
    |data_71_val72284_phi_reg_12131                     |   14|          3|   15|         45|
    |data_72_val73285_phi_reg_12144                     |   14|          3|   15|         45|
    |data_73_val74286_phi_reg_12157                     |   14|          3|   15|         45|
    |data_74_val75287_phi_reg_12170                     |   14|          3|   15|         45|
    |data_75_val76288_phi_reg_12183                     |   14|          3|   15|         45|
    |data_76_val77289_phi_reg_12196                     |   14|          3|   15|         45|
    |data_77_val78290_phi_reg_12209                     |   14|          3|   15|         45|
    |data_79_val80291_phi_reg_12222                     |   14|          3|   15|         45|
    |data_7_val8226_phi_reg_11377                       |   14|          3|   15|         45|
    |data_80_val81292_phi_reg_12235                     |   14|          3|   15|         45|
    |data_81_val82293_phi_reg_12248                     |   14|          3|   15|         45|
    |data_82_val83294_phi_reg_12261                     |   14|          3|   15|         45|
    |data_83_val84295_phi_reg_12274                     |   14|          3|   15|         45|
    |data_84_val85296_phi_reg_12287                     |   14|          3|   15|         45|
    |data_85_val86297_phi_reg_12300                     |   14|          3|   15|         45|
    |data_86_val87298_phi_reg_12313                     |   14|          3|   15|         45|
    |data_87_val88299_phi_reg_12326                     |   14|          3|   15|         45|
    |data_88_val89300_phi_reg_12339                     |   14|          3|   15|         45|
    |data_8_val9227_phi_reg_11390                       |   14|          3|   15|         45|
    |data_90_val91301_phi_reg_12352                     |   14|          3|   15|         45|
    |data_91_val92302_phi_reg_12365                     |   14|          3|   15|         45|
    |data_92_val93303_phi_reg_12378                     |   14|          3|   15|         45|
    |data_93_val94304_phi_reg_12391                     |   14|          3|   15|         45|
    |data_94_val95305_phi_reg_12404                     |   14|          3|   15|         45|
    |data_95_val96306_phi_reg_12417                     |   14|          3|   15|         45|
    |data_96_val97307_phi_reg_12430                     |   14|          3|   15|         45|
    |data_97_val98308_phi_reg_12443                     |   14|          3|   15|         45|
    |data_98_val99309_phi_reg_12456                     |   14|          3|   15|         45|
    |data_9_val10228_phi_reg_11403                      |   14|          3|   15|         45|
    |phi_ln34_reg_11285                                 |    9|          2|    4|          8|
    +---------------------------------------------------+-----+-----------+-----+-----------+
    |Total                                              |10106|       2159| 9416|      32232|
    +---------------------------------------------------+-----+-----------+-----+-----------+

    * Register: 
    +--------------------------------------------+----+----+-----+-----------+
    |                    Name                    | FF | LUT| Bits| Const Bits|
    +--------------------------------------------+----+----+-----+-----------+
    |add_ln54_41_reg_168740                      |  14|   0|   16|          2|
    |add_ln54_42_reg_168899                      |  15|   0|   16|          1|
    |add_ln54_reg_168481                         |  14|   0|   16|          2|
    |add_ln73_527_reg_169185                     |  16|   0|   16|          0|
    |add_ln73_529_reg_169190                     |  16|   0|   16|          0|
    |add_ln73_533_reg_168975                     |  11|   0|   16|          5|
    |add_ln73_534_reg_169195                     |  16|   0|   16|          0|
    |add_ln73_540_reg_168980                     |  14|   0|   16|          2|
    |add_ln73_551_reg_168985                     |  14|   0|   16|          2|
    |add_ln73_556_reg_169200                     |  15|   0|   16|          1|
    |add_ln73_559_reg_168995                     |  15|   0|   16|          1|
    |add_ln73_567_reg_169010                     |  14|   0|   16|          2|
    |add_ln73_579_reg_169210                     |  16|   0|   16|          0|
    |add_ln73_585_reg_169215                     |  16|   0|   16|          0|
    |add_ln73_586_reg_169020                     |  15|   0|   16|          1|
    |add_ln73_592_reg_169025                     |  10|   0|   16|          6|
    |add_ln73_596_reg_169030                     |  15|   0|   16|          1|
    |add_ln73_613_reg_169055                     |  15|   0|   16|          1|
    |add_ln73_620_reg_169060                     |  15|   0|   16|          1|
    |add_ln73_623_reg_169065                     |  15|   0|   16|          1|
    |add_ln73_628_reg_169070                     |  14|   0|   16|          2|
    |add_ln73_633_reg_169220                     |  16|   0|   16|          0|
    |add_ln73_636_reg_169225                     |  16|   0|   16|          0|
    |add_ln73_643_reg_169230                     |  16|   0|   16|          0|
    |add_ln73_651_reg_169235                     |  16|   0|   16|          0|
    |add_ln73_654_reg_169240                     |  16|   0|   16|          0|
    |add_ln73_657_reg_169245                     |  14|   0|   16|          2|
    |add_ln73_658_reg_169250                     |  16|   0|   16|          0|
    |add_ln73_662_reg_169255                     |  16|   0|   16|          0|
    |add_ln73_666_reg_169085                     |  10|   0|   16|          6|
    |add_ln73_685_reg_169280                     |  16|   0|   16|          0|
    |add_ln73_686_reg_169095                     |  15|   0|   16|          1|
    |add_ln73_686_reg_169095_pp0_iter2_reg       |  15|   0|   16|          1|
    |add_ln73_688_reg_169260                     |  16|   0|   16|          0|
    |add_ln73_691_reg_169265                     |  16|   0|   16|          0|
    |add_ln73_692_reg_169270                     |  13|   0|   16|          3|
    |add_ln73_697_reg_169275                     |  16|   0|   16|          0|
    |add_ln73_699_reg_169105                     |  13|   0|   16|          3|
    |add_ln73_712_reg_169285                     |  15|   0|   16|          1|
    |add_ln73_718_reg_169110                     |  14|   0|   16|          2|
    |add_ln73_730_reg_169115                     |  15|   0|   16|          1|
    |add_ln73_744_reg_169125                     |  12|   0|   16|          4|
    |add_ln73_751_reg_169135                     |  13|   0|   16|          3|
    |add_ln73_761_reg_169140                     |  15|   0|   16|          1|
    |add_ln73_764_reg_169295                     |  16|   0|   16|          0|
    |add_ln73_766_reg_169300                     |  16|   0|   16|          0|
    |add_ln73_776_reg_169305                     |  16|   0|   16|          0|
    |add_ln73_781_reg_169315                     |  16|   0|   16|          0|
    |add_ln73_784_reg_169320                     |  16|   0|   16|          0|
    |add_ln73_792_reg_169150                     |  15|   0|   16|          1|
    |add_ln73_796_reg_169155                     |  15|   0|   16|          1|
    |add_ln73_801_reg_169325                     |  16|   0|   16|          0|
    |add_ln73_803_reg_169330                     |  16|   0|   16|          0|
    |add_ln73_805_reg_169335                     |  16|   0|   16|          0|
    |add_ln73_809_reg_169340                     |  16|   0|   16|          0|
    |add_ln73_812_reg_169160                     |  14|   0|   16|          2|
    |ap_CS_fsm                                   |   1|   0|    1|          0|
    |ap_done_reg                                 |   1|   0|    1|          0|
    |ap_enable_reg_pp0_iter1                     |   1|   0|    1|          0|
    |ap_enable_reg_pp0_iter2                     |   1|   0|    1|          0|
    |ap_enable_reg_pp0_iter3                     |   1|   0|    1|          0|
    |ap_enable_reg_pp0_iter4                     |   1|   0|    1|          0|
    |ap_loop_exit_ready_pp0_iter1_reg            |   1|   0|    1|          0|
    |ap_loop_exit_ready_pp0_iter2_reg            |   1|   0|    1|          0|
    |ap_loop_exit_ready_pp0_iter3_reg            |   1|   0|    1|          0|
    |ap_loop_exit_ready_pp0_iter4_reg            |   1|   0|    1|          0|
    |ap_phi_reg_pp0_iter1_data_buf_81_reg_16152  |  15|   0|   15|          0|
    |ap_phi_reg_pp0_iter1_data_buf_82_reg_16099  |  15|   0|   15|          0|
    |ap_phi_reg_pp0_iter1_data_buf_83_reg_16046  |  15|   0|   15|          0|
    |ap_phi_reg_pp0_iter1_data_buf_84_reg_15993  |  15|   0|   15|          0|
    |ap_phi_reg_pp0_iter1_data_buf_85_reg_15940  |  15|   0|   15|          0|
    |ap_phi_reg_pp0_iter1_data_buf_86_reg_15887  |  15|   0|   15|          0|
    |ap_phi_reg_pp0_iter1_data_buf_87_reg_15834  |  15|   0|   15|          0|
    |ap_phi_reg_pp0_iter1_data_buf_88_reg_15781  |  15|   0|   15|          0|
    |ap_phi_reg_pp0_iter1_data_buf_89_reg_15728  |  15|   0|   15|          0|
    |ap_phi_reg_pp0_iter1_data_buf_90_reg_15675  |  15|   0|   15|          0|
    |ap_phi_reg_pp0_iter1_data_buf_91_reg_15622  |  15|   0|   15|          0|
    |ap_phi_reg_pp0_iter1_data_buf_92_reg_15569  |  15|   0|   15|          0|
    |ap_phi_reg_pp0_iter1_data_buf_93_reg_15516  |  15|   0|   15|          0|
    |ap_phi_reg_pp0_iter1_data_buf_94_reg_15463  |  15|   0|   15|          0|
    |ap_phi_reg_pp0_iter1_data_buf_95_reg_15410  |  15|   0|   15|          0|
    |ap_phi_reg_pp0_iter1_data_buf_96_reg_15357  |  15|   0|   15|          0|
    |ap_phi_reg_pp0_iter1_data_buf_97_reg_15304  |  15|   0|   15|          0|
    |ap_phi_reg_pp0_iter1_data_buf_98_reg_15251  |  15|   0|   15|          0|
    |ap_phi_reg_pp0_iter1_data_buf_reg_16205     |  15|   0|   15|          0|
    |data_0_val1220_phi_reg_11299                |  15|   0|   15|          0|
    |data_100_val101310_phi_reg_12469            |  15|   0|   15|          0|
    |data_101_val102311_phi_reg_12482            |  15|   0|   15|          0|
    |data_102_val103312_phi_reg_12495            |  15|   0|   15|          0|
    |data_103_val104313_phi_reg_12508            |  15|   0|   15|          0|
    |data_104_val105314_phi_reg_12521            |  15|   0|   15|          0|
    |data_105_val106315_phi_reg_12534            |  15|   0|   15|          0|
    |data_106_val107316_phi_reg_12547            |  15|   0|   15|          0|
    |data_107_val108317_phi_reg_12560            |  15|   0|   15|          0|
    |data_108_val109318_phi_reg_12573            |  15|   0|   15|          0|
    |data_109_val110319_phi_reg_12586            |  15|   0|   15|          0|
    |data_10_val11229_phi_reg_11416              |  15|   0|   15|          0|
    |data_111_val112320_phi_reg_12599            |  15|   0|   15|          0|
    |data_112_val113321_phi_reg_12612            |  15|   0|   15|          0|
    |data_113_val114322_phi_reg_12625            |  15|   0|   15|          0|
    |data_114_val115323_phi_reg_12638            |  15|   0|   15|          0|
    |data_115_val116324_phi_reg_12651            |  15|   0|   15|          0|
    |data_116_val117325_phi_reg_12664            |  15|   0|   15|          0|
    |data_117_val118326_phi_reg_12677            |  15|   0|   15|          0|
    |data_118_val119327_phi_reg_12690            |  15|   0|   15|          0|
    |data_119_val120328_phi_reg_12703            |  15|   0|   15|          0|
    |data_11_val12230_phi_reg_11429              |  15|   0|   15|          0|
    |data_121_val122329_phi_reg_12716            |  15|   0|   15|          0|
    |data_122_val123330_phi_reg_12729            |  15|   0|   15|          0|
    |data_123_val124331_phi_reg_12742            |  15|   0|   15|          0|
    |data_124_val125332_phi_reg_12755            |  15|   0|   15|          0|
    |data_125_val126333_phi_reg_12768            |  15|   0|   15|          0|
    |data_126_val127334_phi_reg_12781            |  15|   0|   15|          0|
    |data_127_val128335_phi_reg_12794            |  15|   0|   15|          0|
    |data_128_val129336_phi_reg_12807            |  15|   0|   15|          0|
    |data_129_val130337_phi_reg_12820            |  15|   0|   15|          0|
    |data_12_val13231_phi_reg_11442              |  15|   0|   15|          0|
    |data_130_val131338_phi_reg_12833            |  15|   0|   15|          0|
    |data_132_val133339_phi_reg_12846            |  15|   0|   15|          0|
    |data_133_val134340_phi_reg_12859            |  15|   0|   15|          0|
    |data_134_val135341_phi_reg_12872            |  15|   0|   15|          0|
    |data_135_val136342_phi_reg_12885            |  15|   0|   15|          0|
    |data_136_val137343_phi_reg_12898            |  15|   0|   15|          0|
    |data_137_val138344_phi_reg_12911            |  15|   0|   15|          0|
    |data_138_val139345_phi_reg_12924            |  15|   0|   15|          0|
    |data_139_val140346_phi_reg_12937            |  15|   0|   15|          0|
    |data_13_val14232_phi_reg_11455              |  15|   0|   15|          0|
    |data_140_val141347_phi_reg_12950            |  15|   0|   15|          0|
    |data_142_val143348_phi_reg_12963            |  15|   0|   15|          0|
    |data_143_val144349_phi_reg_12976            |  15|   0|   15|          0|
    |data_144_val145350_phi_reg_12989            |  15|   0|   15|          0|
    |data_145_val146351_phi_reg_13002            |  15|   0|   15|          0|
    |data_146_val147352_phi_reg_13015            |  15|   0|   15|          0|
    |data_147_val148353_phi_reg_13028            |  15|   0|   15|          0|
    |data_148_val149354_phi_reg_13041            |  15|   0|   15|          0|
    |data_149_val150355_phi_reg_13054            |  15|   0|   15|          0|
    |data_14_val15233_phi_reg_11468              |  15|   0|   15|          0|
    |data_150_val151356_phi_reg_13067            |  15|   0|   15|          0|
    |data_151_val152357_phi_reg_13080            |  15|   0|   15|          0|
    |data_153_val154358_phi_reg_13093            |  15|   0|   15|          0|
    |data_154_val155359_phi_reg_13106            |  15|   0|   15|          0|
    |data_155_val156360_phi_reg_13119            |  15|   0|   15|          0|
    |data_156_val157361_phi_reg_13132            |  15|   0|   15|          0|
    |data_157_val158362_phi_reg_13145            |  15|   0|   15|          0|
    |data_158_val159363_phi_reg_13158            |  15|   0|   15|          0|
    |data_159_val160364_phi_reg_13171            |  15|   0|   15|          0|
    |data_160_val161365_phi_reg_13184            |  15|   0|   15|          0|
    |data_161_val162366_phi_reg_13197            |  15|   0|   15|          0|
    |data_163_val164367_phi_reg_13210            |  15|   0|   15|          0|
    |data_164_val165368_phi_reg_13223            |  15|   0|   15|          0|
    |data_165_val166369_phi_reg_13236            |  15|   0|   15|          0|
    |data_166_val167370_phi_reg_13249            |  15|   0|   15|          0|
    |data_167_val168371_phi_reg_13262            |  15|   0|   15|          0|
    |data_168_val169372_phi_reg_13275            |  15|   0|   15|          0|
    |data_169_val170373_phi_reg_13288            |  15|   0|   15|          0|
    |data_16_val17234_phi_reg_11481              |  15|   0|   15|          0|
    |data_170_val171374_phi_reg_13301            |  15|   0|   15|          0|
    |data_171_val172375_phi_reg_13314            |  15|   0|   15|          0|
    |data_172_val173376_phi_reg_13327            |  15|   0|   15|          0|
    |data_174_val175377_phi_reg_13340            |  15|   0|   15|          0|
    |data_175_val176378_phi_reg_13353            |  15|   0|   15|          0|
    |data_176_val177379_phi_reg_13366            |  15|   0|   15|          0|
    |data_177_val178380_phi_reg_13379            |  15|   0|   15|          0|
    |data_178_val179381_phi_reg_13392            |  15|   0|   15|          0|
    |data_179_val180382_phi_reg_13405            |  15|   0|   15|          0|
    |data_17_val18235_phi_reg_11494              |  15|   0|   15|          0|
    |data_180_val181383_phi_reg_13418            |  15|   0|   15|          0|
    |data_181_val182384_phi_reg_13431            |  15|   0|   15|          0|
    |data_182_val183385_phi_reg_13444            |  15|   0|   15|          0|
    |data_184_val185386_phi_reg_13457            |  15|   0|   15|          0|
    |data_185_val186387_phi_reg_13470            |  15|   0|   15|          0|
    |data_186_val187388_phi_reg_13483            |  15|   0|   15|          0|
    |data_187_val188389_phi_reg_13496            |  15|   0|   15|          0|
    |data_188_val189390_phi_reg_13509            |  15|   0|   15|          0|
    |data_189_val190391_phi_reg_13522            |  15|   0|   15|          0|
    |data_18_val19236_phi_reg_11507              |  15|   0|   15|          0|
    |data_190_val191392_phi_reg_13535            |  15|   0|   15|          0|
    |data_191_val192393_phi_reg_13548            |  15|   0|   15|          0|
    |data_192_val193394_phi_reg_13561            |  15|   0|   15|          0|
    |data_193_val194395_phi_reg_13574            |  15|   0|   15|          0|
    |data_195_val196396_phi_reg_13587            |  15|   0|   15|          0|
    |data_196_val197397_phi_reg_13600            |  15|   0|   15|          0|
    |data_197_val198398_phi_reg_13613            |  15|   0|   15|          0|
    |data_198_val199399_phi_reg_13626            |  15|   0|   15|          0|
    |data_199_val200400_phi_reg_13639            |  15|   0|   15|          0|
    |data_19_val20237_phi_reg_11520              |  15|   0|   15|          0|
    |data_1_val2221_phi_reg_11312                |  15|   0|   15|          0|
    |data_200_val201401_phi_reg_13652            |  15|   0|   15|          0|
    |data_201_val202402_phi_reg_13665            |  15|   0|   15|          0|
    |data_202_val203403_phi_reg_13678            |  15|   0|   15|          0|
    |data_203_val204404_phi_reg_13691            |  15|   0|   15|          0|
    |data_205_val206405_phi_reg_13704            |  15|   0|   15|          0|
    |data_206_val207406_phi_reg_13717            |  15|   0|   15|          0|
    |data_207_val208407_phi_reg_13730            |  15|   0|   15|          0|
    |data_208_val209408_phi_reg_13743            |  15|   0|   15|          0|
    |data_209_val210409_phi_reg_13756            |  15|   0|   15|          0|
    |data_20_val21238_phi_reg_11533              |  15|   0|   15|          0|
    |data_210_val211410_phi_reg_13769            |  15|   0|   15|          0|
    |data_211_val212411_phi_reg_13782            |  15|   0|   15|          0|
    |data_212_val213412_phi_reg_13795            |  15|   0|   15|          0|
    |data_213_val214413_phi_reg_13808            |  15|   0|   15|          0|
    |data_214_val215414_phi_reg_13821            |  15|   0|   15|          0|
    |data_216_val217415_phi_reg_13834            |  15|   0|   15|          0|
    |data_217_val218416_phi_reg_13847            |  15|   0|   15|          0|
    |data_218_val219417_phi_reg_13860            |  15|   0|   15|          0|
    |data_219_val220418_phi_reg_13873            |  15|   0|   15|          0|
    |data_21_val22239_phi_reg_11546              |  15|   0|   15|          0|
    |data_220_val221419_phi_reg_13886            |  15|   0|   15|          0|
    |data_221_val222420_phi_reg_13899            |  15|   0|   15|          0|
    |data_222_val223421_phi_reg_13912            |  15|   0|   15|          0|
    |data_223_val224422_phi_reg_13925            |  15|   0|   15|          0|
    |data_224_val225423_phi_reg_13938            |  15|   0|   15|          0|
    |data_226_val227424_phi_reg_13951            |  15|   0|   15|          0|
    |data_227_val228425_phi_reg_13964            |  15|   0|   15|          0|
    |data_228_val229426_phi_reg_13977            |  15|   0|   15|          0|
    |data_229_val230427_phi_reg_13990            |  15|   0|   15|          0|
    |data_22_val23240_phi_reg_11559              |  15|   0|   15|          0|
    |data_230_val231428_phi_reg_14003            |  15|   0|   15|          0|
    |data_231_val232429_phi_reg_14016            |  15|   0|   15|          0|
    |data_232_val233430_phi_reg_14029            |  15|   0|   15|          0|
    |data_233_val234431_phi_reg_14042            |  15|   0|   15|          0|
    |data_234_val235432_phi_reg_14055            |  15|   0|   15|          0|
    |data_235_val236433_phi_reg_14068            |  15|   0|   15|          0|
    |data_237_val238434_phi_reg_14081            |  15|   0|   15|          0|
    |data_238_val239435_phi_reg_14094            |  15|   0|   15|          0|
    |data_239_val240436_phi_reg_14107            |  15|   0|   15|          0|
    |data_23_val24241_phi_reg_11572              |  15|   0|   15|          0|
    |data_240_val241437_phi_reg_14120            |  15|   0|   15|          0|
    |data_241_val242438_phi_reg_14133            |  15|   0|   15|          0|
    |data_242_val243439_phi_reg_14146            |  15|   0|   15|          0|
    |data_243_val244440_phi_reg_14159            |  15|   0|   15|          0|
    |data_244_val245441_phi_reg_14172            |  15|   0|   15|          0|
    |data_245_val246442_phi_reg_14185            |  15|   0|   15|          0|
    |data_247_val248443_phi_reg_14198            |  15|   0|   15|          0|
    |data_248_val249444_phi_reg_14211            |  15|   0|   15|          0|
    |data_249_val250445_phi_reg_14224            |  15|   0|   15|          0|
    |data_24_val25242_phi_reg_11585              |  15|   0|   15|          0|
    |data_250_val251446_phi_reg_14237            |  15|   0|   15|          0|
    |data_251_val252447_phi_reg_14250            |  15|   0|   15|          0|
    |data_252_val253448_phi_reg_14263            |  15|   0|   15|          0|
    |data_253_val254449_phi_reg_14276            |  15|   0|   15|          0|
    |data_254_val255450_phi_reg_14289            |  15|   0|   15|          0|
    |data_255_val256451_phi_reg_14302            |  15|   0|   15|          0|
    |data_256_val257452_phi_reg_14315            |  15|   0|   15|          0|
    |data_258_val259453_phi_reg_14328            |  15|   0|   15|          0|
    |data_259_val260454_phi_reg_14341            |  15|   0|   15|          0|
    |data_25_val26243_phi_reg_11598              |  15|   0|   15|          0|
    |data_260_val261455_phi_reg_14354            |  15|   0|   15|          0|
    |data_261_val262456_phi_reg_14367            |  15|   0|   15|          0|
    |data_262_val263457_phi_reg_14380            |  15|   0|   15|          0|
    |data_263_val264458_phi_reg_14393            |  15|   0|   15|          0|
    |data_264_val265459_phi_reg_14406            |  15|   0|   15|          0|
    |data_265_val266460_phi_reg_14419            |  15|   0|   15|          0|
    |data_266_val267461_phi_reg_14432            |  15|   0|   15|          0|
    |data_268_val269462_phi_reg_14445            |  15|   0|   15|          0|
    |data_269_val270463_phi_reg_14458            |  15|   0|   15|          0|
    |data_270_val271464_phi_reg_14471            |  15|   0|   15|          0|
    |data_271_val272465_phi_reg_14484            |  15|   0|   15|          0|
    |data_272_val273466_phi_reg_14497            |  15|   0|   15|          0|
    |data_273_val274467_phi_reg_14510            |  15|   0|   15|          0|
    |data_274_val275468_phi_reg_14523            |  15|   0|   15|          0|
    |data_275_val276469_phi_reg_14536            |  15|   0|   15|          0|
    |data_276_val277470_phi_reg_14549            |  15|   0|   15|          0|
    |data_277_val278471_phi_reg_14562            |  15|   0|   15|          0|
    |data_279_val280472_phi_reg_14575            |  15|   0|   15|          0|
    |data_27_val28244_phi_reg_11611              |  15|   0|   15|          0|
    |data_280_val281473_phi_reg_14588            |  15|   0|   15|          0|
    |data_281_val282474_phi_reg_14601            |  15|   0|   15|          0|
    |data_282_val283475_phi_reg_14614            |  15|   0|   15|          0|
    |data_283_val284476_phi_reg_14627            |  15|   0|   15|          0|
    |data_284_val285477_phi_reg_14640            |  15|   0|   15|          0|
    |data_285_val286478_phi_reg_14653            |  15|   0|   15|          0|
    |data_286_val287479_phi_reg_14666            |  15|   0|   15|          0|
    |data_287_val288480_phi_reg_14679            |  15|   0|   15|          0|
    |data_289_val290481_phi_reg_14692            |  15|   0|   15|          0|
    |data_28_val29245_phi_reg_11624              |  15|   0|   15|          0|
    |data_290_val291482_phi_reg_14705            |  15|   0|   15|          0|
    |data_291_val292483_phi_reg_14718            |  15|   0|   15|          0|
    |data_292_val293484_phi_reg_14731            |  15|   0|   15|          0|
    |data_293_val294485_phi_reg_14744            |  15|   0|   15|          0|
    |data_294_val295486_phi_reg_14757            |  15|   0|   15|          0|
    |data_295_val296487_phi_reg_14770            |  15|   0|   15|          0|
    |data_296_val297488_phi_reg_14783            |  15|   0|   15|          0|
    |data_297_val298489_phi_reg_14796            |  15|   0|   15|          0|
    |data_298_val299490_phi_reg_14809            |  15|   0|   15|          0|
    |data_29_val30246_phi_reg_11637              |  15|   0|   15|          0|
    |data_2_val3222_phi_reg_11325                |  15|   0|   15|          0|
    |data_300_val301491_phi_reg_14822            |  15|   0|   15|          0|
    |data_301_val302492_phi_reg_14835            |  15|   0|   15|          0|
    |data_302_val303493_phi_reg_14848            |  15|   0|   15|          0|
    |data_303_val304494_phi_reg_14861            |  15|   0|   15|          0|
    |data_304_val305495_phi_reg_14874            |  15|   0|   15|          0|
    |data_305_val306496_phi_reg_14887            |  15|   0|   15|          0|
    |data_306_val307497_phi_reg_14900            |  15|   0|   15|          0|
    |data_307_val308498_phi_reg_14913            |  15|   0|   15|          0|
    |data_308_val309499_phi_reg_14926            |  15|   0|   15|          0|
    |data_30_val31247_phi_reg_11650              |  15|   0|   15|          0|
    |data_310_val311500_phi_reg_14939            |  15|   0|   15|          0|
    |data_311_val312501_phi_reg_14952            |  15|   0|   15|          0|
    |data_312_val313502_phi_reg_14965            |  15|   0|   15|          0|
    |data_313_val314503_phi_reg_14978            |  15|   0|   15|          0|
    |data_314_val315504_phi_reg_14991            |  15|   0|   15|          0|
    |data_315_val316505_phi_reg_15004            |  15|   0|   15|          0|
    |data_316_val317506_phi_reg_15017            |  15|   0|   15|          0|
    |data_317_val318507_phi_reg_15030            |  15|   0|   15|          0|
    |data_318_val319508_phi_reg_15043            |  15|   0|   15|          0|
    |data_319_val320509_phi_reg_15056            |  15|   0|   15|          0|
    |data_31_val32248_phi_reg_11663              |  15|   0|   15|          0|
    |data_321_val322510_phi_reg_15069            |  15|   0|   15|          0|
    |data_322_val323511_phi_reg_15082            |  15|   0|   15|          0|
    |data_323_val324512_phi_reg_15095            |  15|   0|   15|          0|
    |data_324_val325513_phi_reg_15108            |  15|   0|   15|          0|
    |data_325_val326514_phi_reg_15121            |  15|   0|   15|          0|
    |data_326_val327515_phi_reg_15134            |  15|   0|   15|          0|
    |data_327_val328516_phi_reg_15147            |  15|   0|   15|          0|
    |data_328_val329517_phi_reg_15160            |  15|   0|   15|          0|
    |data_329_val330518_phi_reg_15173            |  15|   0|   15|          0|
    |data_32_val33249_phi_reg_11676              |  15|   0|   15|          0|
    |data_331_val332519_phi_reg_15186            |  15|   0|   15|          0|
    |data_332_val333520_phi_reg_15199            |  15|   0|   15|          0|
    |data_333_val334521_phi_reg_15212            |  15|   0|   15|          0|
    |data_334_val335522_phi_reg_15225            |  15|   0|   15|          0|
    |data_335_val336523_phi_reg_15238            |  15|   0|   15|          0|
    |data_33_val34250_phi_reg_11689              |  15|   0|   15|          0|
    |data_34_val35251_phi_reg_11702              |  15|   0|   15|          0|
    |data_35_val36252_phi_reg_11715              |  15|   0|   15|          0|
    |data_37_val38253_phi_reg_11728              |  15|   0|   15|          0|
    |data_38_val39254_phi_reg_11741              |  15|   0|   15|          0|
    |data_39_val40255_phi_reg_11754              |  15|   0|   15|          0|
    |data_3_val4223_phi_reg_11338                |  15|   0|   15|          0|
    |data_40_val41256_phi_reg_11767              |  15|   0|   15|          0|
    |data_41_val42257_phi_reg_11780              |  15|   0|   15|          0|
    |data_42_val43258_phi_reg_11793              |  15|   0|   15|          0|
    |data_43_val44259_phi_reg_11806              |  15|   0|   15|          0|
    |data_44_val45260_phi_reg_11819              |  15|   0|   15|          0|
    |data_45_val46261_phi_reg_11832              |  15|   0|   15|          0|
    |data_46_val47262_phi_reg_11845              |  15|   0|   15|          0|
    |data_48_val49263_phi_reg_11858              |  15|   0|   15|          0|
    |data_49_val50264_phi_reg_11871              |  15|   0|   15|          0|
    |data_4_val5224_phi_reg_11351                |  15|   0|   15|          0|
    |data_50_val51265_phi_reg_11884              |  15|   0|   15|          0|
    |data_51_val52266_phi_reg_11897              |  15|   0|   15|          0|
    |data_52_val53267_phi_reg_11910              |  15|   0|   15|          0|
    |data_53_val54268_phi_reg_11923              |  15|   0|   15|          0|
    |data_54_val55269_phi_reg_11936              |  15|   0|   15|          0|
    |data_55_val56270_phi_reg_11949              |  15|   0|   15|          0|
    |data_56_val57271_phi_reg_11962              |  15|   0|   15|          0|
    |data_58_val59272_phi_reg_11975              |  15|   0|   15|          0|
    |data_59_val60273_phi_reg_11988              |  15|   0|   15|          0|
    |data_60_val61274_phi_reg_12001              |  15|   0|   15|          0|
    |data_61_val62275_phi_reg_12014              |  15|   0|   15|          0|
    |data_62_val63276_phi_reg_12027              |  15|   0|   15|          0|
    |data_63_val64277_phi_reg_12040              |  15|   0|   15|          0|
    |data_64_val65278_phi_reg_12053              |  15|   0|   15|          0|
    |data_65_val66279_phi_reg_12066              |  15|   0|   15|          0|
    |data_66_val67280_phi_reg_12079              |  15|   0|   15|          0|
    |data_67_val68281_phi_reg_12092              |  15|   0|   15|          0|
    |data_69_val70282_phi_reg_12105              |  15|   0|   15|          0|
    |data_6_val7225_phi_reg_11364                |  15|   0|   15|          0|
    |data_70_val71283_phi_reg_12118              |  15|   0|   15|          0|
    |data_71_val72284_phi_reg_12131              |  15|   0|   15|          0|
    |data_72_val73285_phi_reg_12144              |  15|   0|   15|          0|
    |data_73_val74286_phi_reg_12157              |  15|   0|   15|          0|
    |data_74_val75287_phi_reg_12170              |  15|   0|   15|          0|
    |data_75_val76288_phi_reg_12183              |  15|   0|   15|          0|
    |data_76_val77289_phi_reg_12196              |  15|   0|   15|          0|
    |data_77_val78290_phi_reg_12209              |  15|   0|   15|          0|
    |data_79_val80291_phi_reg_12222              |  15|   0|   15|          0|
    |data_7_val8226_phi_reg_11377                |  15|   0|   15|          0|
    |data_80_val81292_phi_reg_12235              |  15|   0|   15|          0|
    |data_81_val82293_phi_reg_12248              |  15|   0|   15|          0|
    |data_82_val83294_phi_reg_12261              |  15|   0|   15|          0|
    |data_83_val84295_phi_reg_12274              |  15|   0|   15|          0|
    |data_84_val85296_phi_reg_12287              |  15|   0|   15|          0|
    |data_85_val86297_phi_reg_12300              |  15|   0|   15|          0|
    |data_86_val87298_phi_reg_12313              |  15|   0|   15|          0|
    |data_87_val88299_phi_reg_12326              |  15|   0|   15|          0|
    |data_88_val89300_phi_reg_12339              |  15|   0|   15|          0|
    |data_8_val9227_phi_reg_11390                |  15|   0|   15|          0|
    |data_90_val91301_phi_reg_12352              |  15|   0|   15|          0|
    |data_91_val92302_phi_reg_12365              |  15|   0|   15|          0|
    |data_92_val93303_phi_reg_12378              |  15|   0|   15|          0|
    |data_93_val94304_phi_reg_12391              |  15|   0|   15|          0|
    |data_94_val95305_phi_reg_12404              |  15|   0|   15|          0|
    |data_95_val96306_phi_reg_12417              |  15|   0|   15|          0|
    |data_96_val97307_phi_reg_12430              |  15|   0|   15|          0|
    |data_97_val98308_phi_reg_12443              |  15|   0|   15|          0|
    |data_98_val99309_phi_reg_12456              |  15|   0|   15|          0|
    |data_9_val10228_phi_reg_11403               |  15|   0|   15|          0|
    |do_init_reg_7318                            |   1|   0|    1|          0|
    |empty_120_reg_169045                        |  10|   0|   10|          0|
    |i_part_reg_168339                           |   4|   0|    4|          0|
    |icmp_ln34_reg_168344                        |   1|   0|    1|          0|
    |mul_ln54_107_reg_158138                     |  16|   0|   16|          0|
    |mul_ln54_108_reg_158142                     |  16|   0|   16|          0|
    |mul_ln54_109_reg_158146                     |  16|   0|   16|          0|
    |mul_ln54_110_reg_163194                     |  16|   0|   16|          0|
    |mul_ln54_111_reg_158150                     |  16|   0|   16|          0|
    |mul_ln54_112_reg_158154                     |  16|   0|   16|          0|
    |mul_ln54_113_reg_158158                     |  16|   0|   16|          0|
    |mul_ln54_114_reg_158162                     |  16|   0|   16|          0|
    |mul_ln54_115_reg_158166                     |  16|   0|   16|          0|
    |mul_ln54_116_reg_158170                     |  16|   0|   16|          0|
    |mul_ln54_117_reg_158174                     |  16|   0|   16|          0|
    |mul_ln54_118_reg_158178                     |  16|   0|   16|          0|
    |mul_ln54_119_reg_158182                     |  16|   0|   16|          0|
    |mul_ln54_120_reg_158186                     |  16|   0|   16|          0|
    |mul_ln54_121_reg_158190                     |  16|   0|   16|          0|
    |mul_ln54_122_reg_158194                     |  16|   0|   16|          0|
    |mul_ln54_123_reg_158198                     |  16|   0|   16|          0|
    |mul_ln54_124_reg_162266                     |  16|   0|   16|          0|
    |mul_ln54_125_reg_158202                     |  16|   0|   16|          0|
    |mul_ln54_126_reg_158206                     |  16|   0|   16|          0|
    |mul_ln54_127_reg_158210                     |  16|   0|   16|          0|
    |mul_ln54_128_reg_158214                     |  16|   0|   16|          0|
    |mul_ln54_129_reg_158218                     |  16|   0|   16|          0|
    |mul_ln54_130_reg_158222                     |  16|   0|   16|          0|
    |mul_ln54_131_reg_158226                     |  16|   0|   16|          0|
    |mul_ln54_132_reg_158230                     |  16|   0|   16|          0|
    |mul_ln54_133_reg_158234                     |  16|   0|   16|          0|
    |mul_ln54_134_reg_158238                     |  16|   0|   16|          0|
    |mul_ln54_135_reg_158242                     |  16|   0|   16|          0|
    |mul_ln54_136_reg_158246                     |  16|   0|   16|          0|
    |mul_ln54_137_reg_158250                     |  16|   0|   16|          0|
    |mul_ln54_138_reg_158254                     |  16|   0|   16|          0|
    |mul_ln54_139_reg_158258                     |  16|   0|   16|          0|
    |mul_ln54_140_reg_158262                     |  16|   0|   16|          0|
    |mul_ln54_141_reg_158266                     |  16|   0|   16|          0|
    |mul_ln54_141_reg_158266_pp0_iter2_reg       |  16|   0|   16|          0|
    |mul_ln54_142_reg_158270                     |  16|   0|   16|          0|
    |mul_ln54_143_reg_158274                     |  16|   0|   16|          0|
    |mul_ln54_144_reg_158278                     |  16|   0|   16|          0|
    |mul_ln54_145_reg_158282                     |  16|   0|   16|          0|
    |mul_ln54_146_reg_158286                     |  16|   0|   16|          0|
    |mul_ln54_147_reg_158290                     |  16|   0|   16|          0|
    |mul_ln54_148_reg_158294                     |  16|   0|   16|          0|
    |mul_ln54_149_reg_158298                     |  16|   0|   16|          0|
    |mul_ln54_150_reg_158302                     |  16|   0|   16|          0|
    |mul_ln54_151_reg_158306                     |  16|   0|   16|          0|
    |mul_ln54_152_reg_158310                     |  16|   0|   16|          0|
    |mul_ln54_153_reg_158314                     |  16|   0|   16|          0|
    |mul_ln54_154_reg_158318                     |  16|   0|   16|          0|
    |mul_ln54_155_reg_158322                     |  16|   0|   16|          0|
    |mul_ln54_156_reg_158326                     |  16|   0|   16|          0|
    |mul_ln54_157_reg_158330                     |  16|   0|   16|          0|
    |mul_ln54_158_reg_158334                     |  16|   0|   16|          0|
    |mul_ln54_159_reg_158338                     |  16|   0|   16|          0|
    |mul_ln54_160_reg_158342                     |  16|   0|   16|          0|
    |mul_ln54_161_reg_158346                     |  16|   0|   16|          0|
    |mul_ln54_162_reg_158350                     |  16|   0|   16|          0|
    |mul_ln54_163_reg_158354                     |  16|   0|   16|          0|
    |mul_ln54_164_reg_158358                     |  16|   0|   16|          0|
    |mul_ln54_165_reg_158362                     |  16|   0|   16|          0|
    |mul_ln54_166_reg_158366                     |  16|   0|   16|          0|
    |mul_ln54_167_reg_158370                     |  16|   0|   16|          0|
    |mul_ln54_168_reg_158374                     |  16|   0|   16|          0|
    |mul_ln54_169_reg_158378                     |  16|   0|   16|          0|
    |mul_ln54_170_reg_158382                     |  16|   0|   16|          0|
    |mul_ln54_171_reg_158386                     |  16|   0|   16|          0|
    |mul_ln54_172_reg_158390                     |  16|   0|   16|          0|
    |mul_ln54_173_reg_158394                     |  16|   0|   16|          0|
    |mul_ln54_174_reg_158398                     |  16|   0|   16|          0|
    |mul_ln54_175_reg_158402                     |  16|   0|   16|          0|
    |mul_ln54_176_reg_158406                     |  16|   0|   16|          0|
    |mul_ln54_177_reg_158410                     |  16|   0|   16|          0|
    |mul_ln54_178_reg_158414                     |  16|   0|   16|          0|
    |mul_ln54_179_reg_158418                     |  16|   0|   16|          0|
    |mul_ln54_180_reg_158422                     |  16|   0|   16|          0|
    |mul_ln54_181_reg_158426                     |  16|   0|   16|          0|
    |mul_ln54_182_reg_158430                     |  16|   0|   16|          0|
    |mul_ln54_183_reg_158434                     |  16|   0|   16|          0|
    |mul_ln54_184_reg_158438                     |  16|   0|   16|          0|
    |mul_ln54_185_reg_158442                     |  16|   0|   16|          0|
    |mul_ln54_186_reg_158446                     |  16|   0|   16|          0|
    |mul_ln54_187_reg_158450                     |  16|   0|   16|          0|
    |mul_ln54_188_reg_158454                     |  16|   0|   16|          0|
    |mul_ln54_189_reg_158458                     |  16|   0|   16|          0|
    |mul_ln54_190_reg_158462                     |  16|   0|   16|          0|
    |mul_ln54_191_reg_158466                     |  16|   0|   16|          0|
    |mul_ln54_192_reg_158470                     |  16|   0|   16|          0|
    |mul_ln54_193_reg_158474                     |  16|   0|   16|          0|
    |mul_ln54_193_reg_158474_pp0_iter2_reg       |  16|   0|   16|          0|
    |mul_ln54_194_reg_158478                     |  16|   0|   16|          0|
    |mul_ln54_195_reg_158482                     |  16|   0|   16|          0|
    |mul_ln54_196_reg_158486                     |  16|   0|   16|          0|
    |mul_ln54_197_reg_158490                     |  16|   0|   16|          0|
    |mul_ln54_198_reg_158494                     |  16|   0|   16|          0|
    |mul_ln54_199_reg_158498                     |  16|   0|   16|          0|
    |mul_ln54_200_reg_158502                     |  16|   0|   16|          0|
    |mul_ln54_201_reg_158506                     |  16|   0|   16|          0|
    |mul_ln54_202_reg_158510                     |  16|   0|   16|          0|
    |mul_ln54_203_reg_158514                     |  16|   0|   16|          0|
    |mul_ln54_204_reg_158518                     |  16|   0|   16|          0|
    |mul_ln54_205_reg_158522                     |  16|   0|   16|          0|
    |mul_ln54_206_reg_158526                     |  16|   0|   16|          0|
    |mul_ln54_207_reg_158530                     |  16|   0|   16|          0|
    |mul_ln54_208_reg_158534                     |  16|   0|   16|          0|
    |mul_ln54_209_reg_158538                     |  16|   0|   16|          0|
    |mul_ln54_210_reg_158542                     |  16|   0|   16|          0|
    |mul_ln54_211_reg_158546                     |  16|   0|   16|          0|
    |mul_ln54_reg_158134                         |  16|   0|   16|          0|
    |phi_ln34_reg_11285                          |   4|   0|    4|          0|
    |sext_ln54_128_reg_168408                    |  16|   0|   16|          0|
    |sext_ln54_reg_168348                        |  16|   0|   16|          0|
    |sext_ln54_reg_168348_pp0_iter2_reg          |  16|   0|   16|          0|
    |shl_ln54_101_reg_168551                     |  14|   0|   16|          2|
    |shl_ln54_101_reg_168551_pp0_iter2_reg       |  14|   0|   16|          2|
    |shl_ln54_102_reg_168556                     |  11|   0|   16|          5|
    |shl_ln54_106_reg_168584                     |  11|   0|   16|          5|
    |shl_ln54_110_reg_168605                     |  14|   0|   16|          2|
    |shl_ln54_111_reg_168610                     |  15|   0|   16|          1|
    |shl_ln54_112_reg_168615                     |  10|   0|   16|          6|
    |shl_ln54_113_reg_168621                     |  15|   0|   16|          1|
    |shl_ln54_114_reg_168627                     |  12|   0|   16|          4|
    |shl_ln54_115_reg_168632                     |  11|   0|   16|          5|
    |shl_ln54_115_reg_168632_pp0_iter2_reg       |  11|   0|   16|          5|
    |shl_ln54_116_reg_168638                     |  14|   0|   16|          2|
    |shl_ln54_117_reg_168644                     |  13|   0|   16|          3|
    |shl_ln54_120_reg_168666                     |  13|   0|   16|          3|
    |shl_ln54_121_reg_168677                     |  11|   0|   16|          5|
    |shl_ln54_122_reg_168683                     |  15|   0|   16|          1|
    |shl_ln54_123_reg_168693                     |  14|   0|   16|          2|
    |shl_ln54_123_reg_168693_pp0_iter2_reg       |  14|   0|   16|          2|
    |shl_ln54_124_reg_168706                     |  12|   0|   16|          4|
    |shl_ln54_124_reg_168706_pp0_iter2_reg       |  12|   0|   16|          4|
    |shl_ln54_125_reg_168712                     |  14|   0|   16|          2|
    |shl_ln54_127_reg_168718                     |  15|   0|   16|          1|
    |shl_ln54_129_reg_168728                     |  12|   0|   16|          4|
    |shl_ln54_131_reg_168751                     |  11|   0|   16|          5|
    |shl_ln54_132_reg_168759                     |  13|   0|   16|          3|
    |shl_ln54_133_reg_168771                     |  14|   0|   16|          2|
    |shl_ln54_137_reg_168792                     |  15|   0|   16|          1|
    |shl_ln54_145_reg_168820                     |  12|   0|   16|          4|
    |shl_ln54_150_reg_168840                     |  15|   0|   16|          1|
    |shl_ln54_152_reg_168852                     |  10|   0|   16|          6|
    |shl_ln54_155_reg_168876                     |  11|   0|   16|          5|
    |shl_ln54_159_reg_168888                     |  12|   0|   16|          4|
    |shl_ln54_162_reg_168894                     |  13|   0|   16|          3|
    |shl_ln54_163_reg_168905                     |  14|   0|   16|          2|
    |shl_ln54_164_reg_168911                     |  10|   0|   16|          6|
    |shl_ln54_166_reg_168921                     |  12|   0|   16|          4|
    |shl_ln54_169_reg_168927                     |  11|   0|   16|          5|
    |shl_ln54_170_reg_168933                     |  13|   0|   16|          3|
    |shl_ln54_171_reg_168939                     |  15|   0|   16|          1|
    |shl_ln54_172_reg_168954                     |  11|   0|   16|          5|
    |shl_ln54_174_reg_168959                     |  14|   0|   16|          2|
    |shl_ln54_68_reg_168363                      |  15|   0|   16|          1|
    |shl_ln54_74_reg_168397                      |  15|   0|   16|          1|
    |shl_ln54_82_reg_168425                      |  10|   0|   16|          6|
    |shl_ln54_84_reg_168440                      |  13|   0|   16|          3|
    |shl_ln54_86_reg_168460                      |  10|   0|   16|          6|
    |shl_ln54_87_reg_168467                      |  13|   0|   16|          3|
    |shl_ln54_88_reg_168475                      |  12|   0|   16|          4|
    |shl_ln54_91_reg_168488                      |  15|   0|   16|          1|
    |shl_ln54_94_reg_168518                      |  13|   0|   16|          3|
    |shl_ln54_95_reg_168524                      |  15|   0|   16|          1|
    |shl_ln54_99_reg_168540                      |  13|   0|   16|          3|
    |shl_ln54_s_reg_168358                       |  12|   0|   16|          4|
    |shl_ln_reg_168868                           |  13|   0|   16|          3|
    |sub_ln54_100_reg_168651                     |  13|   0|   16|          3|
    |sub_ln54_101_reg_168656                     |   9|   0|   16|          7|
    |sub_ln54_105_reg_168661                     |  12|   0|   16|          4|
    |sub_ln54_107_reg_168672                     |  13|   0|   16|          3|
    |sub_ln54_108_reg_168688                     |  15|   0|   16|          1|
    |sub_ln54_109_reg_168699                     |  14|   0|   16|          2|
    |sub_ln54_117_reg_168723                     |  15|   0|   16|          1|
    |sub_ln54_118_reg_168735                     |  12|   0|   16|          4|
    |sub_ln54_122_reg_169180                     |  14|   0|   16|          2|
    |sub_ln54_124_reg_168765                     |  13|   0|   16|          3|
    |sub_ln54_126_reg_168777                     |  14|   0|   16|          2|
    |sub_ln54_130_reg_168799                     |  15|   0|   16|          1|
    |sub_ln54_134_reg_168810                     |  11|   0|   16|          5|
    |sub_ln54_137_reg_168825                     |  15|   0|   16|          1|
    |sub_ln54_139_reg_168830                     |  14|   0|   16|          2|
    |sub_ln54_142_reg_168858                     |  15|   0|   16|          1|
    |sub_ln54_147_reg_168883                     |  14|   0|   16|          2|
    |sub_ln54_156_reg_168916                     |  10|   0|   16|          6|
    |sub_ln54_162_reg_168944                     |  14|   0|   16|          2|
    |sub_ln54_163_reg_168949                     |  15|   0|   16|          1|
    |sub_ln54_167_reg_168964                     |  15|   0|   16|          1|
    |sub_ln54_168_reg_168970                     |  14|   0|   16|          2|
    |sub_ln54_47_reg_168380                      |  10|   0|   16|          6|
    |sub_ln54_56_reg_168403                      |  15|   0|   16|          1|
    |sub_ln54_58_reg_168413                      |  11|   0|   16|          5|
    |sub_ln54_59_reg_168419                      |  14|   0|   16|          2|
    |sub_ln54_60_reg_168430                      |  14|   0|   16|          2|
    |sub_ln54_61_reg_168435                      |  12|   0|   16|          4|
    |sub_ln54_63_reg_168445                      |  13|   0|   16|          3|
    |sub_ln54_65_reg_168450                      |  14|   0|   16|          2|
    |sub_ln54_66_reg_168455                      |  12|   0|   16|          4|
    |sub_ln54_72_reg_169165                      |  11|   0|   16|          5|
    |sub_ln54_74_reg_169170                      |  15|   0|   16|          1|
    |sub_ln54_75_reg_169175                      |  15|   0|   16|          1|
    |sub_ln54_75_reg_169175_pp0_iter3_reg        |  15|   0|   16|          1|
    |sub_ln54_80_reg_168508                      |  12|   0|   16|          4|
    |sub_ln54_89_reg_168562                      |  15|   0|   16|          1|
    |sub_ln54_90_reg_168568                      |  11|   0|   16|          5|
    |sub_ln54_91_reg_168573                      |  14|   0|   16|          2|
    |sub_ln54_93_reg_168579                      |  14|   0|   16|          2|
    |sub_ln54_reg_168369                         |  15|   0|   16|          1|
    |sub_ln73_434_reg_169000                     |  15|   0|   16|          1|
    |sub_ln73_435_reg_169205                     |  16|   0|   16|          0|
    |sub_ln73_441_reg_169075                     |  13|   0|   16|          3|
    |sub_ln73_446_reg_169290                     |  16|   0|   16|          0|
    |sub_ln73_450_reg_169310                     |  16|   0|   16|          0|
    |sub_ln73_reg_169345                         |  16|   0|   16|          0|
    |tmp810_reg_158550                           |  16|   0|   16|          0|
    |tmp811_reg_168990                           |  16|   0|   16|          0|
    |tmp812_reg_162270                           |  16|   0|   16|          0|
    |tmp814_reg_169005                           |  15|   0|   16|          1|
    |tmp816_reg_169015                           |  14|   0|   14|          0|
    |tmp822_reg_169035                           |  15|   0|   16|          1|
    |tmp824_reg_169040                           |  13|   0|   13|          0|
    |tmp828_reg_169050                           |  12|   0|   16|          4|
    |tmp836_reg_169080                           |  14|   0|   16|          2|
    |tmp841_reg_169090                           |  15|   0|   16|          1|
    |tmp843_reg_169100                           |  12|   0|   16|          4|
    |tmp850_reg_169120                           |  16|   0|   16|          0|
    |tmp851_reg_162274                           |  16|   0|   16|          0|
    |tmp857_reg_169130                           |  15|   0|   15|          0|
    |tmp860_reg_169145                           |  16|   0|   16|          0|
    |tmp861_reg_162278                           |  16|   0|   16|          0|
    |trunc_ln54_20_reg_168498                    |   9|   0|    9|          0|
    |trunc_ln54_21_reg_168503                    |  11|   0|   11|          0|
    |trunc_ln54_22_reg_168513                    |  14|   0|   14|          0|
    |trunc_ln54_24_reg_168530                    |  11|   0|   11|          0|
    |trunc_ln54_25_reg_168535                    |  12|   0|   12|          0|
    |trunc_ln54_27_reg_168546                    |  12|   0|   12|          0|
    |trunc_ln54_27_reg_168546_pp0_iter2_reg      |  12|   0|   12|          0|
    |trunc_ln54_2_reg_168375                     |  11|   0|   11|          0|
    |trunc_ln54_33_reg_168590                    |  12|   0|   12|          0|
    |trunc_ln54_35_reg_168595                    |  13|   0|   13|          0|
    |trunc_ln54_35_reg_168595_pp0_iter2_reg      |  13|   0|   13|          0|
    |trunc_ln54_36_reg_168600                    |   8|   0|    8|          0|
    |trunc_ln54_4_reg_168386                     |  13|   0|   13|          0|
    |trunc_ln54_56_reg_168782                    |  10|   0|   10|          0|
    |trunc_ln54_57_reg_168787                    |   9|   0|    9|          0|
    |trunc_ln54_5_reg_168392                     |  13|   0|   13|          0|
    |trunc_ln54_62_reg_168815                    |  11|   0|   11|          0|
    |trunc_ln54_66_reg_168835                    |  12|   0|   12|          0|
    |trunc_ln54_67_reg_168847                    |  14|   0|   14|          0|
    |trunc_ln54_69_reg_168863                    |  13|   0|   13|          0|
    |trunc_ln54_reg_168353                       |  14|   0|   14|          0|
    |trunc_ln70_1_reg_168746                     |  12|   0|   12|          0|
    |trunc_ln70_3_reg_168805                     |  13|   0|   13|          0|
    |phi_ln34_reg_11285                          |  64|  32|    4|          0|
    +--------------------------------------------+----+----+-----+-----------+
    |Total                                       |9389|  32| 9689|        360|
    +--------------------------------------------+----+----+-----+-----------+



================================================================
== Interface
================================================================
* Summary: 
+-----------------+-----+-----+------------+-------------------------------------------------------------+--------------+
|    RTL Ports    | Dir | Bits|  Protocol  |                        Source Object                        |    C Type    |
+-----------------+-----+-----+------------+-------------------------------------------------------------+--------------+
|ap_clk           |   in|    1|  ap_ctrl_hs|  conv_1d_latency_cl<ap_fixed,ap_fixed<30,21,5,3,0>,config28>|  return value|
|ap_rst           |   in|    1|  ap_ctrl_hs|  conv_1d_latency_cl<ap_fixed,ap_fixed<30,21,5,3,0>,config28>|  return value|
|ap_start         |   in|    1|  ap_ctrl_hs|  conv_1d_latency_cl<ap_fixed,ap_fixed<30,21,5,3,0>,config28>|  return value|
|ap_done          |  out|    1|  ap_ctrl_hs|  conv_1d_latency_cl<ap_fixed,ap_fixed<30,21,5,3,0>,config28>|  return value|
|ap_idle          |  out|    1|  ap_ctrl_hs|  conv_1d_latency_cl<ap_fixed,ap_fixed<30,21,5,3,0>,config28>|  return value|
|ap_ready         |  out|    1|  ap_ctrl_hs|  conv_1d_latency_cl<ap_fixed,ap_fixed<30,21,5,3,0>,config28>|  return value|
|data_0_val1      |   in|   15|     ap_none|                                                  data_0_val1|        scalar|
|data_1_val2      |   in|   15|     ap_none|                                                  data_1_val2|        scalar|
|data_2_val3      |   in|   15|     ap_none|                                                  data_2_val3|        scalar|
|data_3_val4      |   in|   15|     ap_none|                                                  data_3_val4|        scalar|
|data_4_val5      |   in|   15|     ap_none|                                                  data_4_val5|        scalar|
|data_6_val7      |   in|   15|     ap_none|                                                  data_6_val7|        scalar|
|data_7_val8      |   in|   15|     ap_none|                                                  data_7_val8|        scalar|
|data_8_val9      |   in|   15|     ap_none|                                                  data_8_val9|        scalar|
|data_9_val10     |   in|   15|     ap_none|                                                 data_9_val10|        scalar|
|data_10_val11    |   in|   15|     ap_none|                                                data_10_val11|        scalar|
|data_11_val12    |   in|   15|     ap_none|                                                data_11_val12|        scalar|
|data_12_val13    |   in|   15|     ap_none|                                                data_12_val13|        scalar|
|data_13_val14    |   in|   15|     ap_none|                                                data_13_val14|        scalar|
|data_14_val15    |   in|   15|     ap_none|                                                data_14_val15|        scalar|
|data_16_val17    |   in|   15|     ap_none|                                                data_16_val17|        scalar|
|data_17_val18    |   in|   15|     ap_none|                                                data_17_val18|        scalar|
|data_18_val19    |   in|   15|     ap_none|                                                data_18_val19|        scalar|
|data_19_val20    |   in|   15|     ap_none|                                                data_19_val20|        scalar|
|data_20_val21    |   in|   15|     ap_none|                                                data_20_val21|        scalar|
|data_21_val22    |   in|   15|     ap_none|                                                data_21_val22|        scalar|
|data_22_val23    |   in|   15|     ap_none|                                                data_22_val23|        scalar|
|data_23_val24    |   in|   15|     ap_none|                                                data_23_val24|        scalar|
|data_24_val25    |   in|   15|     ap_none|                                                data_24_val25|        scalar|
|data_25_val26    |   in|   15|     ap_none|                                                data_25_val26|        scalar|
|data_27_val28    |   in|   15|     ap_none|                                                data_27_val28|        scalar|
|data_28_val29    |   in|   15|     ap_none|                                                data_28_val29|        scalar|
|data_29_val30    |   in|   15|     ap_none|                                                data_29_val30|        scalar|
|data_30_val31    |   in|   15|     ap_none|                                                data_30_val31|        scalar|
|data_31_val32    |   in|   15|     ap_none|                                                data_31_val32|        scalar|
|data_32_val33    |   in|   15|     ap_none|                                                data_32_val33|        scalar|
|data_33_val34    |   in|   15|     ap_none|                                                data_33_val34|        scalar|
|data_34_val35    |   in|   15|     ap_none|                                                data_34_val35|        scalar|
|data_35_val36    |   in|   15|     ap_none|                                                data_35_val36|        scalar|
|data_37_val38    |   in|   15|     ap_none|                                                data_37_val38|        scalar|
|data_38_val39    |   in|   15|     ap_none|                                                data_38_val39|        scalar|
|data_39_val40    |   in|   15|     ap_none|                                                data_39_val40|        scalar|
|data_40_val41    |   in|   15|     ap_none|                                                data_40_val41|        scalar|
|data_41_val42    |   in|   15|     ap_none|                                                data_41_val42|        scalar|
|data_42_val43    |   in|   15|     ap_none|                                                data_42_val43|        scalar|
|data_43_val44    |   in|   15|     ap_none|                                                data_43_val44|        scalar|
|data_44_val45    |   in|   15|     ap_none|                                                data_44_val45|        scalar|
|data_45_val46    |   in|   15|     ap_none|                                                data_45_val46|        scalar|
|data_46_val47    |   in|   15|     ap_none|                                                data_46_val47|        scalar|
|data_48_val49    |   in|   15|     ap_none|                                                data_48_val49|        scalar|
|data_49_val50    |   in|   15|     ap_none|                                                data_49_val50|        scalar|
|data_50_val51    |   in|   15|     ap_none|                                                data_50_val51|        scalar|
|data_51_val52    |   in|   15|     ap_none|                                                data_51_val52|        scalar|
|data_52_val53    |   in|   15|     ap_none|                                                data_52_val53|        scalar|
|data_53_val54    |   in|   15|     ap_none|                                                data_53_val54|        scalar|
|data_54_val55    |   in|   15|     ap_none|                                                data_54_val55|        scalar|
|data_55_val56    |   in|   15|     ap_none|                                                data_55_val56|        scalar|
|data_56_val57    |   in|   15|     ap_none|                                                data_56_val57|        scalar|
|data_58_val59    |   in|   15|     ap_none|                                                data_58_val59|        scalar|
|data_59_val60    |   in|   15|     ap_none|                                                data_59_val60|        scalar|
|data_60_val61    |   in|   15|     ap_none|                                                data_60_val61|        scalar|
|data_61_val62    |   in|   15|     ap_none|                                                data_61_val62|        scalar|
|data_62_val63    |   in|   15|     ap_none|                                                data_62_val63|        scalar|
|data_63_val64    |   in|   15|     ap_none|                                                data_63_val64|        scalar|
|data_64_val65    |   in|   15|     ap_none|                                                data_64_val65|        scalar|
|data_65_val66    |   in|   15|     ap_none|                                                data_65_val66|        scalar|
|data_66_val67    |   in|   15|     ap_none|                                                data_66_val67|        scalar|
|data_67_val68    |   in|   15|     ap_none|                                                data_67_val68|        scalar|
|data_69_val70    |   in|   15|     ap_none|                                                data_69_val70|        scalar|
|data_70_val71    |   in|   15|     ap_none|                                                data_70_val71|        scalar|
|data_71_val72    |   in|   15|     ap_none|                                                data_71_val72|        scalar|
|data_72_val73    |   in|   15|     ap_none|                                                data_72_val73|        scalar|
|data_73_val74    |   in|   15|     ap_none|                                                data_73_val74|        scalar|
|data_74_val75    |   in|   15|     ap_none|                                                data_74_val75|        scalar|
|data_75_val76    |   in|   15|     ap_none|                                                data_75_val76|        scalar|
|data_76_val77    |   in|   15|     ap_none|                                                data_76_val77|        scalar|
|data_77_val78    |   in|   15|     ap_none|                                                data_77_val78|        scalar|
|data_79_val80    |   in|   15|     ap_none|                                                data_79_val80|        scalar|
|data_80_val81    |   in|   15|     ap_none|                                                data_80_val81|        scalar|
|data_81_val82    |   in|   15|     ap_none|                                                data_81_val82|        scalar|
|data_82_val83    |   in|   15|     ap_none|                                                data_82_val83|        scalar|
|data_83_val84    |   in|   15|     ap_none|                                                data_83_val84|        scalar|
|data_84_val85    |   in|   15|     ap_none|                                                data_84_val85|        scalar|
|data_85_val86    |   in|   15|     ap_none|                                                data_85_val86|        scalar|
|data_86_val87    |   in|   15|     ap_none|                                                data_86_val87|        scalar|
|data_87_val88    |   in|   15|     ap_none|                                                data_87_val88|        scalar|
|data_88_val89    |   in|   15|     ap_none|                                                data_88_val89|        scalar|
|data_90_val91    |   in|   15|     ap_none|                                                data_90_val91|        scalar|
|data_91_val92    |   in|   15|     ap_none|                                                data_91_val92|        scalar|
|data_92_val93    |   in|   15|     ap_none|                                                data_92_val93|        scalar|
|data_93_val94    |   in|   15|     ap_none|                                                data_93_val94|        scalar|
|data_94_val95    |   in|   15|     ap_none|                                                data_94_val95|        scalar|
|data_95_val96    |   in|   15|     ap_none|                                                data_95_val96|        scalar|
|data_96_val97    |   in|   15|     ap_none|                                                data_96_val97|        scalar|
|data_97_val98    |   in|   15|     ap_none|                                                data_97_val98|        scalar|
|data_98_val99    |   in|   15|     ap_none|                                                data_98_val99|        scalar|
|data_100_val101  |   in|   15|     ap_none|                                              data_100_val101|        scalar|
|data_101_val102  |   in|   15|     ap_none|                                              data_101_val102|        scalar|
|data_102_val103  |   in|   15|     ap_none|                                              data_102_val103|        scalar|
|data_103_val104  |   in|   15|     ap_none|                                              data_103_val104|        scalar|
|data_104_val105  |   in|   15|     ap_none|                                              data_104_val105|        scalar|
|data_105_val106  |   in|   15|     ap_none|                                              data_105_val106|        scalar|
|data_106_val107  |   in|   15|     ap_none|                                              data_106_val107|        scalar|
|data_107_val108  |   in|   15|     ap_none|                                              data_107_val108|        scalar|
|data_108_val109  |   in|   15|     ap_none|                                              data_108_val109|        scalar|
|data_109_val110  |   in|   15|     ap_none|                                              data_109_val110|        scalar|
|data_111_val112  |   in|   15|     ap_none|                                              data_111_val112|        scalar|
|data_112_val113  |   in|   15|     ap_none|                                              data_112_val113|        scalar|
|data_113_val114  |   in|   15|     ap_none|                                              data_113_val114|        scalar|
|data_114_val115  |   in|   15|     ap_none|                                              data_114_val115|        scalar|
|data_115_val116  |   in|   15|     ap_none|                                              data_115_val116|        scalar|
|data_116_val117  |   in|   15|     ap_none|                                              data_116_val117|        scalar|
|data_117_val118  |   in|   15|     ap_none|                                              data_117_val118|        scalar|
|data_118_val119  |   in|   15|     ap_none|                                              data_118_val119|        scalar|
|data_119_val120  |   in|   15|     ap_none|                                              data_119_val120|        scalar|
|data_121_val122  |   in|   15|     ap_none|                                              data_121_val122|        scalar|
|data_122_val123  |   in|   15|     ap_none|                                              data_122_val123|        scalar|
|data_123_val124  |   in|   15|     ap_none|                                              data_123_val124|        scalar|
|data_124_val125  |   in|   15|     ap_none|                                              data_124_val125|        scalar|
|data_125_val126  |   in|   15|     ap_none|                                              data_125_val126|        scalar|
|data_126_val127  |   in|   15|     ap_none|                                              data_126_val127|        scalar|
|data_127_val128  |   in|   15|     ap_none|                                              data_127_val128|        scalar|
|data_128_val129  |   in|   15|     ap_none|                                              data_128_val129|        scalar|
|data_129_val130  |   in|   15|     ap_none|                                              data_129_val130|        scalar|
|data_130_val131  |   in|   15|     ap_none|                                              data_130_val131|        scalar|
|data_132_val133  |   in|   15|     ap_none|                                              data_132_val133|        scalar|
|data_133_val134  |   in|   15|     ap_none|                                              data_133_val134|        scalar|
|data_134_val135  |   in|   15|     ap_none|                                              data_134_val135|        scalar|
|data_135_val136  |   in|   15|     ap_none|                                              data_135_val136|        scalar|
|data_136_val137  |   in|   15|     ap_none|                                              data_136_val137|        scalar|
|data_137_val138  |   in|   15|     ap_none|                                              data_137_val138|        scalar|
|data_138_val139  |   in|   15|     ap_none|                                              data_138_val139|        scalar|
|data_139_val140  |   in|   15|     ap_none|                                              data_139_val140|        scalar|
|data_140_val141  |   in|   15|     ap_none|                                              data_140_val141|        scalar|
|data_142_val143  |   in|   15|     ap_none|                                              data_142_val143|        scalar|
|data_143_val144  |   in|   15|     ap_none|                                              data_143_val144|        scalar|
|data_144_val145  |   in|   15|     ap_none|                                              data_144_val145|        scalar|
|data_145_val146  |   in|   15|     ap_none|                                              data_145_val146|        scalar|
|data_146_val147  |   in|   15|     ap_none|                                              data_146_val147|        scalar|
|data_147_val148  |   in|   15|     ap_none|                                              data_147_val148|        scalar|
|data_148_val149  |   in|   15|     ap_none|                                              data_148_val149|        scalar|
|data_149_val150  |   in|   15|     ap_none|                                              data_149_val150|        scalar|
|data_150_val151  |   in|   15|     ap_none|                                              data_150_val151|        scalar|
|data_151_val152  |   in|   15|     ap_none|                                              data_151_val152|        scalar|
|data_153_val154  |   in|   15|     ap_none|                                              data_153_val154|        scalar|
|data_154_val155  |   in|   15|     ap_none|                                              data_154_val155|        scalar|
|data_155_val156  |   in|   15|     ap_none|                                              data_155_val156|        scalar|
|data_156_val157  |   in|   15|     ap_none|                                              data_156_val157|        scalar|
|data_157_val158  |   in|   15|     ap_none|                                              data_157_val158|        scalar|
|data_158_val159  |   in|   15|     ap_none|                                              data_158_val159|        scalar|
|data_159_val160  |   in|   15|     ap_none|                                              data_159_val160|        scalar|
|data_160_val161  |   in|   15|     ap_none|                                              data_160_val161|        scalar|
|data_161_val162  |   in|   15|     ap_none|                                              data_161_val162|        scalar|
|data_163_val164  |   in|   15|     ap_none|                                              data_163_val164|        scalar|
|data_164_val165  |   in|   15|     ap_none|                                              data_164_val165|        scalar|
|data_165_val166  |   in|   15|     ap_none|                                              data_165_val166|        scalar|
|data_166_val167  |   in|   15|     ap_none|                                              data_166_val167|        scalar|
|data_167_val168  |   in|   15|     ap_none|                                              data_167_val168|        scalar|
|data_168_val169  |   in|   15|     ap_none|                                              data_168_val169|        scalar|
|data_169_val170  |   in|   15|     ap_none|                                              data_169_val170|        scalar|
|data_170_val171  |   in|   15|     ap_none|                                              data_170_val171|        scalar|
|data_171_val172  |   in|   15|     ap_none|                                              data_171_val172|        scalar|
|data_172_val173  |   in|   15|     ap_none|                                              data_172_val173|        scalar|
|data_174_val175  |   in|   15|     ap_none|                                              data_174_val175|        scalar|
|data_175_val176  |   in|   15|     ap_none|                                              data_175_val176|        scalar|
|data_176_val177  |   in|   15|     ap_none|                                              data_176_val177|        scalar|
|data_177_val178  |   in|   15|     ap_none|                                              data_177_val178|        scalar|
|data_178_val179  |   in|   15|     ap_none|                                              data_178_val179|        scalar|
|data_179_val180  |   in|   15|     ap_none|                                              data_179_val180|        scalar|
|data_180_val181  |   in|   15|     ap_none|                                              data_180_val181|        scalar|
|data_181_val182  |   in|   15|     ap_none|                                              data_181_val182|        scalar|
|data_182_val183  |   in|   15|     ap_none|                                              data_182_val183|        scalar|
|data_184_val185  |   in|   15|     ap_none|                                              data_184_val185|        scalar|
|data_185_val186  |   in|   15|     ap_none|                                              data_185_val186|        scalar|
|data_186_val187  |   in|   15|     ap_none|                                              data_186_val187|        scalar|
|data_187_val188  |   in|   15|     ap_none|                                              data_187_val188|        scalar|
|data_188_val189  |   in|   15|     ap_none|                                              data_188_val189|        scalar|
|data_189_val190  |   in|   15|     ap_none|                                              data_189_val190|        scalar|
|data_190_val191  |   in|   15|     ap_none|                                              data_190_val191|        scalar|
|data_191_val192  |   in|   15|     ap_none|                                              data_191_val192|        scalar|
|data_192_val193  |   in|   15|     ap_none|                                              data_192_val193|        scalar|
|data_193_val194  |   in|   15|     ap_none|                                              data_193_val194|        scalar|
|data_195_val196  |   in|   15|     ap_none|                                              data_195_val196|        scalar|
|data_196_val197  |   in|   15|     ap_none|                                              data_196_val197|        scalar|
|data_197_val198  |   in|   15|     ap_none|                                              data_197_val198|        scalar|
|data_198_val199  |   in|   15|     ap_none|                                              data_198_val199|        scalar|
|data_199_val200  |   in|   15|     ap_none|                                              data_199_val200|        scalar|
|data_200_val201  |   in|   15|     ap_none|                                              data_200_val201|        scalar|
|data_201_val202  |   in|   15|     ap_none|                                              data_201_val202|        scalar|
|data_202_val203  |   in|   15|     ap_none|                                              data_202_val203|        scalar|
|data_203_val204  |   in|   15|     ap_none|                                              data_203_val204|        scalar|
|data_205_val206  |   in|   15|     ap_none|                                              data_205_val206|        scalar|
|data_206_val207  |   in|   15|     ap_none|                                              data_206_val207|        scalar|
|data_207_val208  |   in|   15|     ap_none|                                              data_207_val208|        scalar|
|data_208_val209  |   in|   15|     ap_none|                                              data_208_val209|        scalar|
|data_209_val210  |   in|   15|     ap_none|                                              data_209_val210|        scalar|
|data_210_val211  |   in|   15|     ap_none|                                              data_210_val211|        scalar|
|data_211_val212  |   in|   15|     ap_none|                                              data_211_val212|        scalar|
|data_212_val213  |   in|   15|     ap_none|                                              data_212_val213|        scalar|
|data_213_val214  |   in|   15|     ap_none|                                              data_213_val214|        scalar|
|data_214_val215  |   in|   15|     ap_none|                                              data_214_val215|        scalar|
|data_216_val217  |   in|   15|     ap_none|                                              data_216_val217|        scalar|
|data_217_val218  |   in|   15|     ap_none|                                              data_217_val218|        scalar|
|data_218_val219  |   in|   15|     ap_none|                                              data_218_val219|        scalar|
|data_219_val220  |   in|   15|     ap_none|                                              data_219_val220|        scalar|
|data_220_val221  |   in|   15|     ap_none|                                              data_220_val221|        scalar|
|data_221_val222  |   in|   15|     ap_none|                                              data_221_val222|        scalar|
|data_222_val223  |   in|   15|     ap_none|                                              data_222_val223|        scalar|
|data_223_val224  |   in|   15|     ap_none|                                              data_223_val224|        scalar|
|data_224_val225  |   in|   15|     ap_none|                                              data_224_val225|        scalar|
|data_226_val227  |   in|   15|     ap_none|                                              data_226_val227|        scalar|
|data_227_val228  |   in|   15|     ap_none|                                              data_227_val228|        scalar|
|data_228_val229  |   in|   15|     ap_none|                                              data_228_val229|        scalar|
|data_229_val230  |   in|   15|     ap_none|                                              data_229_val230|        scalar|
|data_230_val231  |   in|   15|     ap_none|                                              data_230_val231|        scalar|
|data_231_val232  |   in|   15|     ap_none|                                              data_231_val232|        scalar|
|data_232_val233  |   in|   15|     ap_none|                                              data_232_val233|        scalar|
|data_233_val234  |   in|   15|     ap_none|                                              data_233_val234|        scalar|
|data_234_val235  |   in|   15|     ap_none|                                              data_234_val235|        scalar|
|data_235_val236  |   in|   15|     ap_none|                                              data_235_val236|        scalar|
|data_237_val238  |   in|   15|     ap_none|                                              data_237_val238|        scalar|
|data_238_val239  |   in|   15|     ap_none|                                              data_238_val239|        scalar|
|data_239_val240  |   in|   15|     ap_none|                                              data_239_val240|        scalar|
|data_240_val241  |   in|   15|     ap_none|                                              data_240_val241|        scalar|
|data_241_val242  |   in|   15|     ap_none|                                              data_241_val242|        scalar|
|data_242_val243  |   in|   15|     ap_none|                                              data_242_val243|        scalar|
|data_243_val244  |   in|   15|     ap_none|                                              data_243_val244|        scalar|
|data_244_val245  |   in|   15|     ap_none|                                              data_244_val245|        scalar|
|data_245_val246  |   in|   15|     ap_none|                                              data_245_val246|        scalar|
|data_247_val248  |   in|   15|     ap_none|                                              data_247_val248|        scalar|
|data_248_val249  |   in|   15|     ap_none|                                              data_248_val249|        scalar|
|data_249_val250  |   in|   15|     ap_none|                                              data_249_val250|        scalar|
|data_250_val251  |   in|   15|     ap_none|                                              data_250_val251|        scalar|
|data_251_val252  |   in|   15|     ap_none|                                              data_251_val252|        scalar|
|data_252_val253  |   in|   15|     ap_none|                                              data_252_val253|        scalar|
|data_253_val254  |   in|   15|     ap_none|                                              data_253_val254|        scalar|
|data_254_val255  |   in|   15|     ap_none|                                              data_254_val255|        scalar|
|data_255_val256  |   in|   15|     ap_none|                                              data_255_val256|        scalar|
|data_256_val257  |   in|   15|     ap_none|                                              data_256_val257|        scalar|
|data_258_val259  |   in|   15|     ap_none|                                              data_258_val259|        scalar|
|data_259_val260  |   in|   15|     ap_none|                                              data_259_val260|        scalar|
|data_260_val261  |   in|   15|     ap_none|                                              data_260_val261|        scalar|
|data_261_val262  |   in|   15|     ap_none|                                              data_261_val262|        scalar|
|data_262_val263  |   in|   15|     ap_none|                                              data_262_val263|        scalar|
|data_263_val264  |   in|   15|     ap_none|                                              data_263_val264|        scalar|
|data_264_val265  |   in|   15|     ap_none|                                              data_264_val265|        scalar|
|data_265_val266  |   in|   15|     ap_none|                                              data_265_val266|        scalar|
|data_266_val267  |   in|   15|     ap_none|                                              data_266_val267|        scalar|
|data_268_val269  |   in|   15|     ap_none|                                              data_268_val269|        scalar|
|data_269_val270  |   in|   15|     ap_none|                                              data_269_val270|        scalar|
|data_270_val271  |   in|   15|     ap_none|                                              data_270_val271|        scalar|
|data_271_val272  |   in|   15|     ap_none|                                              data_271_val272|        scalar|
|data_272_val273  |   in|   15|     ap_none|                                              data_272_val273|        scalar|
|data_273_val274  |   in|   15|     ap_none|                                              data_273_val274|        scalar|
|data_274_val275  |   in|   15|     ap_none|                                              data_274_val275|        scalar|
|data_275_val276  |   in|   15|     ap_none|                                              data_275_val276|        scalar|
|data_276_val277  |   in|   15|     ap_none|                                              data_276_val277|        scalar|
|data_277_val278  |   in|   15|     ap_none|                                              data_277_val278|        scalar|
|data_279_val280  |   in|   15|     ap_none|                                              data_279_val280|        scalar|
|data_280_val281  |   in|   15|     ap_none|                                              data_280_val281|        scalar|
|data_281_val282  |   in|   15|     ap_none|                                              data_281_val282|        scalar|
|data_282_val283  |   in|   15|     ap_none|                                              data_282_val283|        scalar|
|data_283_val284  |   in|   15|     ap_none|                                              data_283_val284|        scalar|
|data_284_val285  |   in|   15|     ap_none|                                              data_284_val285|        scalar|
|data_285_val286  |   in|   15|     ap_none|                                              data_285_val286|        scalar|
|data_286_val287  |   in|   15|     ap_none|                                              data_286_val287|        scalar|
|data_287_val288  |   in|   15|     ap_none|                                              data_287_val288|        scalar|
|data_289_val290  |   in|   15|     ap_none|                                              data_289_val290|        scalar|
|data_290_val291  |   in|   15|     ap_none|                                              data_290_val291|        scalar|
|data_291_val292  |   in|   15|     ap_none|                                              data_291_val292|        scalar|
|data_292_val293  |   in|   15|     ap_none|                                              data_292_val293|        scalar|
|data_293_val294  |   in|   15|     ap_none|                                              data_293_val294|        scalar|
|data_294_val295  |   in|   15|     ap_none|                                              data_294_val295|        scalar|
|data_295_val296  |   in|   15|     ap_none|                                              data_295_val296|        scalar|
|data_296_val297  |   in|   15|     ap_none|                                              data_296_val297|        scalar|
|data_297_val298  |   in|   15|     ap_none|                                              data_297_val298|        scalar|
|data_298_val299  |   in|   15|     ap_none|                                              data_298_val299|        scalar|
|data_300_val301  |   in|   15|     ap_none|                                              data_300_val301|        scalar|
|data_301_val302  |   in|   15|     ap_none|                                              data_301_val302|        scalar|
|data_302_val303  |   in|   15|     ap_none|                                              data_302_val303|        scalar|
|data_303_val304  |   in|   15|     ap_none|                                              data_303_val304|        scalar|
|data_304_val305  |   in|   15|     ap_none|                                              data_304_val305|        scalar|
|data_305_val306  |   in|   15|     ap_none|                                              data_305_val306|        scalar|
|data_306_val307  |   in|   15|     ap_none|                                              data_306_val307|        scalar|
|data_307_val308  |   in|   15|     ap_none|                                              data_307_val308|        scalar|
|data_308_val309  |   in|   15|     ap_none|                                              data_308_val309|        scalar|
|data_310_val311  |   in|   15|     ap_none|                                              data_310_val311|        scalar|
|data_311_val312  |   in|   15|     ap_none|                                              data_311_val312|        scalar|
|data_312_val313  |   in|   15|     ap_none|                                              data_312_val313|        scalar|
|data_313_val314  |   in|   15|     ap_none|                                              data_313_val314|        scalar|
|data_314_val315  |   in|   15|     ap_none|                                              data_314_val315|        scalar|
|data_315_val316  |   in|   15|     ap_none|                                              data_315_val316|        scalar|
|data_316_val317  |   in|   15|     ap_none|                                              data_316_val317|        scalar|
|data_317_val318  |   in|   15|     ap_none|                                              data_317_val318|        scalar|
|data_318_val319  |   in|   15|     ap_none|                                              data_318_val319|        scalar|
|data_319_val320  |   in|   15|     ap_none|                                              data_319_val320|        scalar|
|data_321_val322  |   in|   15|     ap_none|                                              data_321_val322|        scalar|
|data_322_val323  |   in|   15|     ap_none|                                              data_322_val323|        scalar|
|data_323_val324  |   in|   15|     ap_none|                                              data_323_val324|        scalar|
|data_324_val325  |   in|   15|     ap_none|                                              data_324_val325|        scalar|
|data_325_val326  |   in|   15|     ap_none|                                              data_325_val326|        scalar|
|data_326_val327  |   in|   15|     ap_none|                                              data_326_val327|        scalar|
|data_327_val328  |   in|   15|     ap_none|                                              data_327_val328|        scalar|
|data_328_val329  |   in|   15|     ap_none|                                              data_328_val329|        scalar|
|data_329_val330  |   in|   15|     ap_none|                                              data_329_val330|        scalar|
|data_331_val332  |   in|   15|     ap_none|                                              data_331_val332|        scalar|
|data_332_val333  |   in|   15|     ap_none|                                              data_332_val333|        scalar|
|data_333_val334  |   in|   15|     ap_none|                                              data_333_val334|        scalar|
|data_334_val335  |   in|   15|     ap_none|                                              data_334_val335|        scalar|
|data_335_val336  |   in|   15|     ap_none|                                              data_335_val336|        scalar|
|res_0            |  out|   15|      ap_vld|                                                        res_0|       pointer|
|res_0_ap_vld     |  out|    1|      ap_vld|                                                        res_0|       pointer|
|res_1            |  out|   15|      ap_vld|                                                        res_1|       pointer|
|res_1_ap_vld     |  out|    1|      ap_vld|                                                        res_1|       pointer|
|res_2            |  out|   15|      ap_vld|                                                        res_2|       pointer|
|res_2_ap_vld     |  out|    1|      ap_vld|                                                        res_2|       pointer|
|res_3            |  out|   15|      ap_vld|                                                        res_3|       pointer|
|res_3_ap_vld     |  out|    1|      ap_vld|                                                        res_3|       pointer|
|res_4            |  out|   15|      ap_vld|                                                        res_4|       pointer|
|res_4_ap_vld     |  out|    1|      ap_vld|                                                        res_4|       pointer|
|res_5            |  out|   15|      ap_vld|                                                        res_5|       pointer|
|res_5_ap_vld     |  out|    1|      ap_vld|                                                        res_5|       pointer|
|res_6            |  out|   15|      ap_vld|                                                        res_6|       pointer|
|res_6_ap_vld     |  out|    1|      ap_vld|                                                        res_6|       pointer|
|res_7            |  out|   15|      ap_vld|                                                        res_7|       pointer|
|res_7_ap_vld     |  out|    1|      ap_vld|                                                        res_7|       pointer|
|res_8            |  out|   15|      ap_vld|                                                        res_8|       pointer|
|res_8_ap_vld     |  out|    1|      ap_vld|                                                        res_8|       pointer|
|res_9            |  out|   15|      ap_vld|                                                        res_9|       pointer|
|res_9_ap_vld     |  out|    1|      ap_vld|                                                        res_9|       pointer|
|res_10           |  out|   15|      ap_vld|                                                       res_10|       pointer|
|res_10_ap_vld    |  out|    1|      ap_vld|                                                       res_10|       pointer|
|res_11           |  out|   15|      ap_vld|                                                       res_11|       pointer|
|res_11_ap_vld    |  out|    1|      ap_vld|                                                       res_11|       pointer|
|res_12           |  out|   15|      ap_vld|                                                       res_12|       pointer|
|res_12_ap_vld    |  out|    1|      ap_vld|                                                       res_12|       pointer|
|res_13           |  out|   15|      ap_vld|                                                       res_13|       pointer|
|res_13_ap_vld    |  out|    1|      ap_vld|                                                       res_13|       pointer|
|res_14           |  out|   15|      ap_vld|                                                       res_14|       pointer|
|res_14_ap_vld    |  out|    1|      ap_vld|                                                       res_14|       pointer|
|res_15           |  out|   15|      ap_vld|                                                       res_15|       pointer|
|res_15_ap_vld    |  out|    1|      ap_vld|                                                       res_15|       pointer|
|res_16           |  out|   15|      ap_vld|                                                       res_16|       pointer|
|res_16_ap_vld    |  out|    1|      ap_vld|                                                       res_16|       pointer|
|res_17           |  out|   15|      ap_vld|                                                       res_17|       pointer|
|res_17_ap_vld    |  out|    1|      ap_vld|                                                       res_17|       pointer|
|res_18           |  out|   15|      ap_vld|                                                       res_18|       pointer|
|res_18_ap_vld    |  out|    1|      ap_vld|                                                       res_18|       pointer|
|res_19           |  out|   15|      ap_vld|                                                       res_19|       pointer|
|res_19_ap_vld    |  out|    1|      ap_vld|                                                       res_19|       pointer|
|res_20           |  out|   15|      ap_vld|                                                       res_20|       pointer|
|res_20_ap_vld    |  out|    1|      ap_vld|                                                       res_20|       pointer|
|res_21           |  out|   15|      ap_vld|                                                       res_21|       pointer|
|res_21_ap_vld    |  out|    1|      ap_vld|                                                       res_21|       pointer|
|res_22           |  out|   15|      ap_vld|                                                       res_22|       pointer|
|res_22_ap_vld    |  out|    1|      ap_vld|                                                       res_22|       pointer|
|res_23           |  out|   15|      ap_vld|                                                       res_23|       pointer|
|res_23_ap_vld    |  out|    1|      ap_vld|                                                       res_23|       pointer|
|res_24           |  out|   15|      ap_vld|                                                       res_24|       pointer|
|res_24_ap_vld    |  out|    1|      ap_vld|                                                       res_24|       pointer|
|res_25           |  out|   15|      ap_vld|                                                       res_25|       pointer|
|res_25_ap_vld    |  out|    1|      ap_vld|                                                       res_25|       pointer|
|res_26           |  out|   15|      ap_vld|                                                       res_26|       pointer|
|res_26_ap_vld    |  out|    1|      ap_vld|                                                       res_26|       pointer|
|res_27           |  out|   15|      ap_vld|                                                       res_27|       pointer|
|res_27_ap_vld    |  out|    1|      ap_vld|                                                       res_27|       pointer|
|res_28           |  out|   15|      ap_vld|                                                       res_28|       pointer|
|res_28_ap_vld    |  out|    1|      ap_vld|                                                       res_28|       pointer|
|res_29           |  out|   15|      ap_vld|                                                       res_29|       pointer|
|res_29_ap_vld    |  out|    1|      ap_vld|                                                       res_29|       pointer|
|res_30           |  out|   15|      ap_vld|                                                       res_30|       pointer|
|res_30_ap_vld    |  out|    1|      ap_vld|                                                       res_30|       pointer|
|res_31           |  out|   15|      ap_vld|                                                       res_31|       pointer|
|res_31_ap_vld    |  out|    1|      ap_vld|                                                       res_31|       pointer|
|res_32           |  out|   15|      ap_vld|                                                       res_32|       pointer|
|res_32_ap_vld    |  out|    1|      ap_vld|                                                       res_32|       pointer|
|res_33           |  out|   15|      ap_vld|                                                       res_33|       pointer|
|res_33_ap_vld    |  out|    1|      ap_vld|                                                       res_33|       pointer|
|res_34           |  out|   15|      ap_vld|                                                       res_34|       pointer|
|res_34_ap_vld    |  out|    1|      ap_vld|                                                       res_34|       pointer|
|res_35           |  out|   15|      ap_vld|                                                       res_35|       pointer|
|res_35_ap_vld    |  out|    1|      ap_vld|                                                       res_35|       pointer|
|res_36           |  out|   15|      ap_vld|                                                       res_36|       pointer|
|res_36_ap_vld    |  out|    1|      ap_vld|                                                       res_36|       pointer|
|res_37           |  out|   15|      ap_vld|                                                       res_37|       pointer|
|res_37_ap_vld    |  out|    1|      ap_vld|                                                       res_37|       pointer|
|res_38           |  out|   15|      ap_vld|                                                       res_38|       pointer|
|res_38_ap_vld    |  out|    1|      ap_vld|                                                       res_38|       pointer|
|res_39           |  out|   15|      ap_vld|                                                       res_39|       pointer|
|res_39_ap_vld    |  out|    1|      ap_vld|                                                       res_39|       pointer|
|res_40           |  out|   15|      ap_vld|                                                       res_40|       pointer|
|res_40_ap_vld    |  out|    1|      ap_vld|                                                       res_40|       pointer|
|res_41           |  out|   15|      ap_vld|                                                       res_41|       pointer|
|res_41_ap_vld    |  out|    1|      ap_vld|                                                       res_41|       pointer|
|res_42           |  out|   15|      ap_vld|                                                       res_42|       pointer|
|res_42_ap_vld    |  out|    1|      ap_vld|                                                       res_42|       pointer|
|res_43           |  out|   15|      ap_vld|                                                       res_43|       pointer|
|res_43_ap_vld    |  out|    1|      ap_vld|                                                       res_43|       pointer|
|res_44           |  out|   15|      ap_vld|                                                       res_44|       pointer|
|res_44_ap_vld    |  out|    1|      ap_vld|                                                       res_44|       pointer|
|res_45           |  out|   15|      ap_vld|                                                       res_45|       pointer|
|res_45_ap_vld    |  out|    1|      ap_vld|                                                       res_45|       pointer|
|res_46           |  out|   15|      ap_vld|                                                       res_46|       pointer|
|res_46_ap_vld    |  out|    1|      ap_vld|                                                       res_46|       pointer|
|res_47           |  out|   15|      ap_vld|                                                       res_47|       pointer|
|res_47_ap_vld    |  out|    1|      ap_vld|                                                       res_47|       pointer|
|res_48           |  out|   15|      ap_vld|                                                       res_48|       pointer|
|res_48_ap_vld    |  out|    1|      ap_vld|                                                       res_48|       pointer|
|res_49           |  out|   15|      ap_vld|                                                       res_49|       pointer|
|res_49_ap_vld    |  out|    1|      ap_vld|                                                       res_49|       pointer|
|res_50           |  out|   15|      ap_vld|                                                       res_50|       pointer|
|res_50_ap_vld    |  out|    1|      ap_vld|                                                       res_50|       pointer|
|res_51           |  out|   15|      ap_vld|                                                       res_51|       pointer|
|res_51_ap_vld    |  out|    1|      ap_vld|                                                       res_51|       pointer|
|res_52           |  out|   15|      ap_vld|                                                       res_52|       pointer|
|res_52_ap_vld    |  out|    1|      ap_vld|                                                       res_52|       pointer|
|res_53           |  out|   15|      ap_vld|                                                       res_53|       pointer|
|res_53_ap_vld    |  out|    1|      ap_vld|                                                       res_53|       pointer|
|res_54           |  out|   15|      ap_vld|                                                       res_54|       pointer|
|res_54_ap_vld    |  out|    1|      ap_vld|                                                       res_54|       pointer|
|res_55           |  out|   15|      ap_vld|                                                       res_55|       pointer|
|res_55_ap_vld    |  out|    1|      ap_vld|                                                       res_55|       pointer|
|res_56           |  out|   15|      ap_vld|                                                       res_56|       pointer|
|res_56_ap_vld    |  out|    1|      ap_vld|                                                       res_56|       pointer|
|res_57           |  out|   15|      ap_vld|                                                       res_57|       pointer|
|res_57_ap_vld    |  out|    1|      ap_vld|                                                       res_57|       pointer|
|res_58           |  out|   15|      ap_vld|                                                       res_58|       pointer|
|res_58_ap_vld    |  out|    1|      ap_vld|                                                       res_58|       pointer|
|res_59           |  out|   15|      ap_vld|                                                       res_59|       pointer|
|res_59_ap_vld    |  out|    1|      ap_vld|                                                       res_59|       pointer|
|res_60           |  out|   15|      ap_vld|                                                       res_60|       pointer|
|res_60_ap_vld    |  out|    1|      ap_vld|                                                       res_60|       pointer|
|res_61           |  out|   15|      ap_vld|                                                       res_61|       pointer|
|res_61_ap_vld    |  out|    1|      ap_vld|                                                       res_61|       pointer|
|res_62           |  out|   15|      ap_vld|                                                       res_62|       pointer|
|res_62_ap_vld    |  out|    1|      ap_vld|                                                       res_62|       pointer|
|res_63           |  out|   15|      ap_vld|                                                       res_63|       pointer|
|res_63_ap_vld    |  out|    1|      ap_vld|                                                       res_63|       pointer|
|res_64           |  out|   15|      ap_vld|                                                       res_64|       pointer|
|res_64_ap_vld    |  out|    1|      ap_vld|                                                       res_64|       pointer|
|res_65           |  out|   15|      ap_vld|                                                       res_65|       pointer|
|res_65_ap_vld    |  out|    1|      ap_vld|                                                       res_65|       pointer|
|res_66           |  out|   15|      ap_vld|                                                       res_66|       pointer|
|res_66_ap_vld    |  out|    1|      ap_vld|                                                       res_66|       pointer|
|res_67           |  out|   15|      ap_vld|                                                       res_67|       pointer|
|res_67_ap_vld    |  out|    1|      ap_vld|                                                       res_67|       pointer|
|res_68           |  out|   15|      ap_vld|                                                       res_68|       pointer|
|res_68_ap_vld    |  out|    1|      ap_vld|                                                       res_68|       pointer|
|res_69           |  out|   15|      ap_vld|                                                       res_69|       pointer|
|res_69_ap_vld    |  out|    1|      ap_vld|                                                       res_69|       pointer|
|res_70           |  out|   15|      ap_vld|                                                       res_70|       pointer|
|res_70_ap_vld    |  out|    1|      ap_vld|                                                       res_70|       pointer|
|res_71           |  out|   15|      ap_vld|                                                       res_71|       pointer|
|res_71_ap_vld    |  out|    1|      ap_vld|                                                       res_71|       pointer|
|res_72           |  out|   15|      ap_vld|                                                       res_72|       pointer|
|res_72_ap_vld    |  out|    1|      ap_vld|                                                       res_72|       pointer|
|res_73           |  out|   15|      ap_vld|                                                       res_73|       pointer|
|res_73_ap_vld    |  out|    1|      ap_vld|                                                       res_73|       pointer|
|res_74           |  out|   15|      ap_vld|                                                       res_74|       pointer|
|res_74_ap_vld    |  out|    1|      ap_vld|                                                       res_74|       pointer|
|res_75           |  out|   15|      ap_vld|                                                       res_75|       pointer|
|res_75_ap_vld    |  out|    1|      ap_vld|                                                       res_75|       pointer|
|res_76           |  out|   15|      ap_vld|                                                       res_76|       pointer|
|res_76_ap_vld    |  out|    1|      ap_vld|                                                       res_76|       pointer|
|res_77           |  out|   15|      ap_vld|                                                       res_77|       pointer|
|res_77_ap_vld    |  out|    1|      ap_vld|                                                       res_77|       pointer|
|res_78           |  out|   15|      ap_vld|                                                       res_78|       pointer|
|res_78_ap_vld    |  out|    1|      ap_vld|                                                       res_78|       pointer|
|res_79           |  out|   15|      ap_vld|                                                       res_79|       pointer|
|res_79_ap_vld    |  out|    1|      ap_vld|                                                       res_79|       pointer|
|res_80           |  out|   15|      ap_vld|                                                       res_80|       pointer|
|res_80_ap_vld    |  out|    1|      ap_vld|                                                       res_80|       pointer|
|res_81           |  out|   15|      ap_vld|                                                       res_81|       pointer|
|res_81_ap_vld    |  out|    1|      ap_vld|                                                       res_81|       pointer|
|res_82           |  out|   15|      ap_vld|                                                       res_82|       pointer|
|res_82_ap_vld    |  out|    1|      ap_vld|                                                       res_82|       pointer|
|res_83           |  out|   15|      ap_vld|                                                       res_83|       pointer|
|res_83_ap_vld    |  out|    1|      ap_vld|                                                       res_83|       pointer|
|res_84           |  out|   15|      ap_vld|                                                       res_84|       pointer|
|res_84_ap_vld    |  out|    1|      ap_vld|                                                       res_84|       pointer|
|res_85           |  out|   15|      ap_vld|                                                       res_85|       pointer|
|res_85_ap_vld    |  out|    1|      ap_vld|                                                       res_85|       pointer|
|res_86           |  out|   15|      ap_vld|                                                       res_86|       pointer|
|res_86_ap_vld    |  out|    1|      ap_vld|                                                       res_86|       pointer|
|res_87           |  out|   15|      ap_vld|                                                       res_87|       pointer|
|res_87_ap_vld    |  out|    1|      ap_vld|                                                       res_87|       pointer|
|res_88           |  out|   15|      ap_vld|                                                       res_88|       pointer|
|res_88_ap_vld    |  out|    1|      ap_vld|                                                       res_88|       pointer|
|res_89           |  out|   15|      ap_vld|                                                       res_89|       pointer|
|res_89_ap_vld    |  out|    1|      ap_vld|                                                       res_89|       pointer|
|res_90           |  out|   15|      ap_vld|                                                       res_90|       pointer|
|res_90_ap_vld    |  out|    1|      ap_vld|                                                       res_90|       pointer|
|res_91           |  out|   15|      ap_vld|                                                       res_91|       pointer|
|res_91_ap_vld    |  out|    1|      ap_vld|                                                       res_91|       pointer|
|res_92           |  out|   15|      ap_vld|                                                       res_92|       pointer|
|res_92_ap_vld    |  out|    1|      ap_vld|                                                       res_92|       pointer|
|res_93           |  out|   15|      ap_vld|                                                       res_93|       pointer|
|res_93_ap_vld    |  out|    1|      ap_vld|                                                       res_93|       pointer|
|res_94           |  out|   15|      ap_vld|                                                       res_94|       pointer|
|res_94_ap_vld    |  out|    1|      ap_vld|                                                       res_94|       pointer|
|res_95           |  out|   15|      ap_vld|                                                       res_95|       pointer|
|res_95_ap_vld    |  out|    1|      ap_vld|                                                       res_95|       pointer|
|res_96           |  out|   15|      ap_vld|                                                       res_96|       pointer|
|res_96_ap_vld    |  out|    1|      ap_vld|                                                       res_96|       pointer|
|res_97           |  out|   15|      ap_vld|                                                       res_97|       pointer|
|res_97_ap_vld    |  out|    1|      ap_vld|                                                       res_97|       pointer|
|res_98           |  out|   15|      ap_vld|                                                       res_98|       pointer|
|res_98_ap_vld    |  out|    1|      ap_vld|                                                       res_98|       pointer|
|res_99           |  out|   15|      ap_vld|                                                       res_99|       pointer|
|res_99_ap_vld    |  out|    1|      ap_vld|                                                       res_99|       pointer|
|res_100          |  out|   15|      ap_vld|                                                      res_100|       pointer|
|res_100_ap_vld   |  out|    1|      ap_vld|                                                      res_100|       pointer|
|res_101          |  out|   15|      ap_vld|                                                      res_101|       pointer|
|res_101_ap_vld   |  out|    1|      ap_vld|                                                      res_101|       pointer|
|res_102          |  out|   15|      ap_vld|                                                      res_102|       pointer|
|res_102_ap_vld   |  out|    1|      ap_vld|                                                      res_102|       pointer|
|res_103          |  out|   15|      ap_vld|                                                      res_103|       pointer|
|res_103_ap_vld   |  out|    1|      ap_vld|                                                      res_103|       pointer|
|res_104          |  out|   15|      ap_vld|                                                      res_104|       pointer|
|res_104_ap_vld   |  out|    1|      ap_vld|                                                      res_104|       pointer|
|res_105          |  out|   15|      ap_vld|                                                      res_105|       pointer|
|res_105_ap_vld   |  out|    1|      ap_vld|                                                      res_105|       pointer|
|res_106          |  out|   15|      ap_vld|                                                      res_106|       pointer|
|res_106_ap_vld   |  out|    1|      ap_vld|                                                      res_106|       pointer|
|res_107          |  out|   15|      ap_vld|                                                      res_107|       pointer|
|res_107_ap_vld   |  out|    1|      ap_vld|                                                      res_107|       pointer|
|res_108          |  out|   15|      ap_vld|                                                      res_108|       pointer|
|res_108_ap_vld   |  out|    1|      ap_vld|                                                      res_108|       pointer|
|res_109          |  out|   15|      ap_vld|                                                      res_109|       pointer|
|res_109_ap_vld   |  out|    1|      ap_vld|                                                      res_109|       pointer|
|res_110          |  out|   15|      ap_vld|                                                      res_110|       pointer|
|res_110_ap_vld   |  out|    1|      ap_vld|                                                      res_110|       pointer|
|res_111          |  out|   15|      ap_vld|                                                      res_111|       pointer|
|res_111_ap_vld   |  out|    1|      ap_vld|                                                      res_111|       pointer|
|res_112          |  out|   15|      ap_vld|                                                      res_112|       pointer|
|res_112_ap_vld   |  out|    1|      ap_vld|                                                      res_112|       pointer|
|res_113          |  out|   15|      ap_vld|                                                      res_113|       pointer|
|res_113_ap_vld   |  out|    1|      ap_vld|                                                      res_113|       pointer|
|res_114          |  out|   15|      ap_vld|                                                      res_114|       pointer|
|res_114_ap_vld   |  out|    1|      ap_vld|                                                      res_114|       pointer|
|res_115          |  out|   15|      ap_vld|                                                      res_115|       pointer|
|res_115_ap_vld   |  out|    1|      ap_vld|                                                      res_115|       pointer|
|res_116          |  out|   15|      ap_vld|                                                      res_116|       pointer|
|res_116_ap_vld   |  out|    1|      ap_vld|                                                      res_116|       pointer|
|res_117          |  out|   15|      ap_vld|                                                      res_117|       pointer|
|res_117_ap_vld   |  out|    1|      ap_vld|                                                      res_117|       pointer|
|res_118          |  out|   15|      ap_vld|                                                      res_118|       pointer|
|res_118_ap_vld   |  out|    1|      ap_vld|                                                      res_118|       pointer|
|res_119          |  out|   15|      ap_vld|                                                      res_119|       pointer|
|res_119_ap_vld   |  out|    1|      ap_vld|                                                      res_119|       pointer|
|res_120          |  out|   15|      ap_vld|                                                      res_120|       pointer|
|res_120_ap_vld   |  out|    1|      ap_vld|                                                      res_120|       pointer|
|res_121          |  out|   15|      ap_vld|                                                      res_121|       pointer|
|res_121_ap_vld   |  out|    1|      ap_vld|                                                      res_121|       pointer|
|res_122          |  out|   15|      ap_vld|                                                      res_122|       pointer|
|res_122_ap_vld   |  out|    1|      ap_vld|                                                      res_122|       pointer|
|res_123          |  out|   15|      ap_vld|                                                      res_123|       pointer|
|res_123_ap_vld   |  out|    1|      ap_vld|                                                      res_123|       pointer|
|res_124          |  out|   15|      ap_vld|                                                      res_124|       pointer|
|res_124_ap_vld   |  out|    1|      ap_vld|                                                      res_124|       pointer|
|res_125          |  out|   15|      ap_vld|                                                      res_125|       pointer|
|res_125_ap_vld   |  out|    1|      ap_vld|                                                      res_125|       pointer|
|res_126          |  out|   15|      ap_vld|                                                      res_126|       pointer|
|res_126_ap_vld   |  out|    1|      ap_vld|                                                      res_126|       pointer|
|res_127          |  out|   15|      ap_vld|                                                      res_127|       pointer|
|res_127_ap_vld   |  out|    1|      ap_vld|                                                      res_127|       pointer|
|res_128          |  out|   15|      ap_vld|                                                      res_128|       pointer|
|res_128_ap_vld   |  out|    1|      ap_vld|                                                      res_128|       pointer|
|res_129          |  out|   15|      ap_vld|                                                      res_129|       pointer|
|res_129_ap_vld   |  out|    1|      ap_vld|                                                      res_129|       pointer|
|res_130          |  out|   15|      ap_vld|                                                      res_130|       pointer|
|res_130_ap_vld   |  out|    1|      ap_vld|                                                      res_130|       pointer|
|res_131          |  out|   15|      ap_vld|                                                      res_131|       pointer|
|res_131_ap_vld   |  out|    1|      ap_vld|                                                      res_131|       pointer|
|res_132          |  out|   15|      ap_vld|                                                      res_132|       pointer|
|res_132_ap_vld   |  out|    1|      ap_vld|                                                      res_132|       pointer|
|res_133          |  out|   15|      ap_vld|                                                      res_133|       pointer|
|res_133_ap_vld   |  out|    1|      ap_vld|                                                      res_133|       pointer|
|res_134          |  out|   15|      ap_vld|                                                      res_134|       pointer|
|res_134_ap_vld   |  out|    1|      ap_vld|                                                      res_134|       pointer|
|res_135          |  out|   15|      ap_vld|                                                      res_135|       pointer|
|res_135_ap_vld   |  out|    1|      ap_vld|                                                      res_135|       pointer|
|res_136          |  out|   15|      ap_vld|                                                      res_136|       pointer|
|res_136_ap_vld   |  out|    1|      ap_vld|                                                      res_136|       pointer|
|res_137          |  out|   15|      ap_vld|                                                      res_137|       pointer|
|res_137_ap_vld   |  out|    1|      ap_vld|                                                      res_137|       pointer|
|res_138          |  out|   15|      ap_vld|                                                      res_138|       pointer|
|res_138_ap_vld   |  out|    1|      ap_vld|                                                      res_138|       pointer|
|res_139          |  out|   15|      ap_vld|                                                      res_139|       pointer|
|res_139_ap_vld   |  out|    1|      ap_vld|                                                      res_139|       pointer|
|res_140          |  out|   15|      ap_vld|                                                      res_140|       pointer|
|res_140_ap_vld   |  out|    1|      ap_vld|                                                      res_140|       pointer|
|res_141          |  out|   15|      ap_vld|                                                      res_141|       pointer|
|res_141_ap_vld   |  out|    1|      ap_vld|                                                      res_141|       pointer|
|res_142          |  out|   15|      ap_vld|                                                      res_142|       pointer|
|res_142_ap_vld   |  out|    1|      ap_vld|                                                      res_142|       pointer|
|res_143          |  out|   15|      ap_vld|                                                      res_143|       pointer|
|res_143_ap_vld   |  out|    1|      ap_vld|                                                      res_143|       pointer|
|res_144          |  out|   15|      ap_vld|                                                      res_144|       pointer|
|res_144_ap_vld   |  out|    1|      ap_vld|                                                      res_144|       pointer|
|res_145          |  out|   15|      ap_vld|                                                      res_145|       pointer|
|res_145_ap_vld   |  out|    1|      ap_vld|                                                      res_145|       pointer|
|res_146          |  out|   15|      ap_vld|                                                      res_146|       pointer|
|res_146_ap_vld   |  out|    1|      ap_vld|                                                      res_146|       pointer|
|res_147          |  out|   15|      ap_vld|                                                      res_147|       pointer|
|res_147_ap_vld   |  out|    1|      ap_vld|                                                      res_147|       pointer|
|res_148          |  out|   15|      ap_vld|                                                      res_148|       pointer|
|res_148_ap_vld   |  out|    1|      ap_vld|                                                      res_148|       pointer|
|res_149          |  out|   15|      ap_vld|                                                      res_149|       pointer|
|res_149_ap_vld   |  out|    1|      ap_vld|                                                      res_149|       pointer|
|res_150          |  out|   15|      ap_vld|                                                      res_150|       pointer|
|res_150_ap_vld   |  out|    1|      ap_vld|                                                      res_150|       pointer|
|res_151          |  out|   15|      ap_vld|                                                      res_151|       pointer|
|res_151_ap_vld   |  out|    1|      ap_vld|                                                      res_151|       pointer|
|res_152          |  out|   15|      ap_vld|                                                      res_152|       pointer|
|res_152_ap_vld   |  out|    1|      ap_vld|                                                      res_152|       pointer|
|res_153          |  out|   15|      ap_vld|                                                      res_153|       pointer|
|res_153_ap_vld   |  out|    1|      ap_vld|                                                      res_153|       pointer|
|res_154          |  out|   15|      ap_vld|                                                      res_154|       pointer|
|res_154_ap_vld   |  out|    1|      ap_vld|                                                      res_154|       pointer|
|res_155          |  out|   15|      ap_vld|                                                      res_155|       pointer|
|res_155_ap_vld   |  out|    1|      ap_vld|                                                      res_155|       pointer|
|res_156          |  out|   15|      ap_vld|                                                      res_156|       pointer|
|res_156_ap_vld   |  out|    1|      ap_vld|                                                      res_156|       pointer|
|res_157          |  out|   15|      ap_vld|                                                      res_157|       pointer|
|res_157_ap_vld   |  out|    1|      ap_vld|                                                      res_157|       pointer|
|res_158          |  out|   15|      ap_vld|                                                      res_158|       pointer|
|res_158_ap_vld   |  out|    1|      ap_vld|                                                      res_158|       pointer|
|res_159          |  out|   15|      ap_vld|                                                      res_159|       pointer|
|res_159_ap_vld   |  out|    1|      ap_vld|                                                      res_159|       pointer|
|res_160          |  out|   15|      ap_vld|                                                      res_160|       pointer|
|res_160_ap_vld   |  out|    1|      ap_vld|                                                      res_160|       pointer|
|res_161          |  out|   15|      ap_vld|                                                      res_161|       pointer|
|res_161_ap_vld   |  out|    1|      ap_vld|                                                      res_161|       pointer|
|res_162          |  out|   15|      ap_vld|                                                      res_162|       pointer|
|res_162_ap_vld   |  out|    1|      ap_vld|                                                      res_162|       pointer|
|res_163          |  out|   15|      ap_vld|                                                      res_163|       pointer|
|res_163_ap_vld   |  out|    1|      ap_vld|                                                      res_163|       pointer|
|res_164          |  out|   15|      ap_vld|                                                      res_164|       pointer|
|res_164_ap_vld   |  out|    1|      ap_vld|                                                      res_164|       pointer|
|res_165          |  out|   15|      ap_vld|                                                      res_165|       pointer|
|res_165_ap_vld   |  out|    1|      ap_vld|                                                      res_165|       pointer|
|res_166          |  out|   15|      ap_vld|                                                      res_166|       pointer|
|res_166_ap_vld   |  out|    1|      ap_vld|                                                      res_166|       pointer|
|res_167          |  out|   15|      ap_vld|                                                      res_167|       pointer|
|res_167_ap_vld   |  out|    1|      ap_vld|                                                      res_167|       pointer|
|res_168          |  out|   15|      ap_vld|                                                      res_168|       pointer|
|res_168_ap_vld   |  out|    1|      ap_vld|                                                      res_168|       pointer|
|res_169          |  out|   15|      ap_vld|                                                      res_169|       pointer|
|res_169_ap_vld   |  out|    1|      ap_vld|                                                      res_169|       pointer|
|res_170          |  out|   15|      ap_vld|                                                      res_170|       pointer|
|res_170_ap_vld   |  out|    1|      ap_vld|                                                      res_170|       pointer|
|res_171          |  out|   15|      ap_vld|                                                      res_171|       pointer|
|res_171_ap_vld   |  out|    1|      ap_vld|                                                      res_171|       pointer|
|res_172          |  out|   15|      ap_vld|                                                      res_172|       pointer|
|res_172_ap_vld   |  out|    1|      ap_vld|                                                      res_172|       pointer|
|res_173          |  out|   15|      ap_vld|                                                      res_173|       pointer|
|res_173_ap_vld   |  out|    1|      ap_vld|                                                      res_173|       pointer|
|res_174          |  out|   15|      ap_vld|                                                      res_174|       pointer|
|res_174_ap_vld   |  out|    1|      ap_vld|                                                      res_174|       pointer|
|res_175          |  out|   15|      ap_vld|                                                      res_175|       pointer|
|res_175_ap_vld   |  out|    1|      ap_vld|                                                      res_175|       pointer|
|res_176          |  out|   15|      ap_vld|                                                      res_176|       pointer|
|res_176_ap_vld   |  out|    1|      ap_vld|                                                      res_176|       pointer|
|res_177          |  out|   15|      ap_vld|                                                      res_177|       pointer|
|res_177_ap_vld   |  out|    1|      ap_vld|                                                      res_177|       pointer|
|res_178          |  out|   15|      ap_vld|                                                      res_178|       pointer|
|res_178_ap_vld   |  out|    1|      ap_vld|                                                      res_178|       pointer|
|res_179          |  out|   15|      ap_vld|                                                      res_179|       pointer|
|res_179_ap_vld   |  out|    1|      ap_vld|                                                      res_179|       pointer|
|res_180          |  out|   15|      ap_vld|                                                      res_180|       pointer|
|res_180_ap_vld   |  out|    1|      ap_vld|                                                      res_180|       pointer|
|res_181          |  out|   15|      ap_vld|                                                      res_181|       pointer|
|res_181_ap_vld   |  out|    1|      ap_vld|                                                      res_181|       pointer|
|res_182          |  out|   15|      ap_vld|                                                      res_182|       pointer|
|res_182_ap_vld   |  out|    1|      ap_vld|                                                      res_182|       pointer|
|res_183          |  out|   15|      ap_vld|                                                      res_183|       pointer|
|res_183_ap_vld   |  out|    1|      ap_vld|                                                      res_183|       pointer|
|res_184          |  out|   15|      ap_vld|                                                      res_184|       pointer|
|res_184_ap_vld   |  out|    1|      ap_vld|                                                      res_184|       pointer|
|res_185          |  out|   15|      ap_vld|                                                      res_185|       pointer|
|res_185_ap_vld   |  out|    1|      ap_vld|                                                      res_185|       pointer|
|res_186          |  out|   15|      ap_vld|                                                      res_186|       pointer|
|res_186_ap_vld   |  out|    1|      ap_vld|                                                      res_186|       pointer|
|res_187          |  out|   15|      ap_vld|                                                      res_187|       pointer|
|res_187_ap_vld   |  out|    1|      ap_vld|                                                      res_187|       pointer|
|res_188          |  out|   15|      ap_vld|                                                      res_188|       pointer|
|res_188_ap_vld   |  out|    1|      ap_vld|                                                      res_188|       pointer|
|res_189          |  out|   15|      ap_vld|                                                      res_189|       pointer|
|res_189_ap_vld   |  out|    1|      ap_vld|                                                      res_189|       pointer|
|res_190          |  out|   15|      ap_vld|                                                      res_190|       pointer|
|res_190_ap_vld   |  out|    1|      ap_vld|                                                      res_190|       pointer|
|res_191          |  out|   15|      ap_vld|                                                      res_191|       pointer|
|res_191_ap_vld   |  out|    1|      ap_vld|                                                      res_191|       pointer|
|res_192          |  out|   15|      ap_vld|                                                      res_192|       pointer|
|res_192_ap_vld   |  out|    1|      ap_vld|                                                      res_192|       pointer|
|res_193          |  out|   15|      ap_vld|                                                      res_193|       pointer|
|res_193_ap_vld   |  out|    1|      ap_vld|                                                      res_193|       pointer|
|res_194          |  out|   15|      ap_vld|                                                      res_194|       pointer|
|res_194_ap_vld   |  out|    1|      ap_vld|                                                      res_194|       pointer|
|res_195          |  out|   15|      ap_vld|                                                      res_195|       pointer|
|res_195_ap_vld   |  out|    1|      ap_vld|                                                      res_195|       pointer|
|res_196          |  out|   15|      ap_vld|                                                      res_196|       pointer|
|res_196_ap_vld   |  out|    1|      ap_vld|                                                      res_196|       pointer|
|res_197          |  out|   15|      ap_vld|                                                      res_197|       pointer|
|res_197_ap_vld   |  out|    1|      ap_vld|                                                      res_197|       pointer|
|res_198          |  out|   15|      ap_vld|                                                      res_198|       pointer|
|res_198_ap_vld   |  out|    1|      ap_vld|                                                      res_198|       pointer|
|res_199          |  out|   15|      ap_vld|                                                      res_199|       pointer|
|res_199_ap_vld   |  out|    1|      ap_vld|                                                      res_199|       pointer|
|res_200          |  out|   15|      ap_vld|                                                      res_200|       pointer|
|res_200_ap_vld   |  out|    1|      ap_vld|                                                      res_200|       pointer|
|res_201          |  out|   15|      ap_vld|                                                      res_201|       pointer|
|res_201_ap_vld   |  out|    1|      ap_vld|                                                      res_201|       pointer|
|res_202          |  out|   15|      ap_vld|                                                      res_202|       pointer|
|res_202_ap_vld   |  out|    1|      ap_vld|                                                      res_202|       pointer|
|res_203          |  out|   15|      ap_vld|                                                      res_203|       pointer|
|res_203_ap_vld   |  out|    1|      ap_vld|                                                      res_203|       pointer|
|res_204          |  out|   15|      ap_vld|                                                      res_204|       pointer|
|res_204_ap_vld   |  out|    1|      ap_vld|                                                      res_204|       pointer|
|res_205          |  out|   15|      ap_vld|                                                      res_205|       pointer|
|res_205_ap_vld   |  out|    1|      ap_vld|                                                      res_205|       pointer|
|res_206          |  out|   15|      ap_vld|                                                      res_206|       pointer|
|res_206_ap_vld   |  out|    1|      ap_vld|                                                      res_206|       pointer|
|res_207          |  out|   15|      ap_vld|                                                      res_207|       pointer|
|res_207_ap_vld   |  out|    1|      ap_vld|                                                      res_207|       pointer|
|res_208          |  out|   15|      ap_vld|                                                      res_208|       pointer|
|res_208_ap_vld   |  out|    1|      ap_vld|                                                      res_208|       pointer|
|res_209          |  out|   15|      ap_vld|                                                      res_209|       pointer|
|res_209_ap_vld   |  out|    1|      ap_vld|                                                      res_209|       pointer|
|res_210          |  out|   15|      ap_vld|                                                      res_210|       pointer|
|res_210_ap_vld   |  out|    1|      ap_vld|                                                      res_210|       pointer|
|res_211          |  out|   15|      ap_vld|                                                      res_211|       pointer|
|res_211_ap_vld   |  out|    1|      ap_vld|                                                      res_211|       pointer|
|res_212          |  out|   15|      ap_vld|                                                      res_212|       pointer|
|res_212_ap_vld   |  out|    1|      ap_vld|                                                      res_212|       pointer|
|res_213          |  out|   15|      ap_vld|                                                      res_213|       pointer|
|res_213_ap_vld   |  out|    1|      ap_vld|                                                      res_213|       pointer|
|res_214          |  out|   15|      ap_vld|                                                      res_214|       pointer|
|res_214_ap_vld   |  out|    1|      ap_vld|                                                      res_214|       pointer|
|res_215          |  out|   15|      ap_vld|                                                      res_215|       pointer|
|res_215_ap_vld   |  out|    1|      ap_vld|                                                      res_215|       pointer|
|res_216          |  out|   15|      ap_vld|                                                      res_216|       pointer|
|res_216_ap_vld   |  out|    1|      ap_vld|                                                      res_216|       pointer|
|res_217          |  out|   15|      ap_vld|                                                      res_217|       pointer|
|res_217_ap_vld   |  out|    1|      ap_vld|                                                      res_217|       pointer|
|res_218          |  out|   15|      ap_vld|                                                      res_218|       pointer|
|res_218_ap_vld   |  out|    1|      ap_vld|                                                      res_218|       pointer|
|res_219          |  out|   15|      ap_vld|                                                      res_219|       pointer|
|res_219_ap_vld   |  out|    1|      ap_vld|                                                      res_219|       pointer|
|res_220          |  out|   15|      ap_vld|                                                      res_220|       pointer|
|res_220_ap_vld   |  out|    1|      ap_vld|                                                      res_220|       pointer|
|res_221          |  out|   15|      ap_vld|                                                      res_221|       pointer|
|res_221_ap_vld   |  out|    1|      ap_vld|                                                      res_221|       pointer|
|res_222          |  out|   15|      ap_vld|                                                      res_222|       pointer|
|res_222_ap_vld   |  out|    1|      ap_vld|                                                      res_222|       pointer|
|res_223          |  out|   15|      ap_vld|                                                      res_223|       pointer|
|res_223_ap_vld   |  out|    1|      ap_vld|                                                      res_223|       pointer|
|res_224          |  out|   15|      ap_vld|                                                      res_224|       pointer|
|res_224_ap_vld   |  out|    1|      ap_vld|                                                      res_224|       pointer|
|res_225          |  out|   15|      ap_vld|                                                      res_225|       pointer|
|res_225_ap_vld   |  out|    1|      ap_vld|                                                      res_225|       pointer|
|res_226          |  out|   15|      ap_vld|                                                      res_226|       pointer|
|res_226_ap_vld   |  out|    1|      ap_vld|                                                      res_226|       pointer|
|res_227          |  out|   15|      ap_vld|                                                      res_227|       pointer|
|res_227_ap_vld   |  out|    1|      ap_vld|                                                      res_227|       pointer|
|res_228          |  out|   15|      ap_vld|                                                      res_228|       pointer|
|res_228_ap_vld   |  out|    1|      ap_vld|                                                      res_228|       pointer|
|res_229          |  out|   15|      ap_vld|                                                      res_229|       pointer|
|res_229_ap_vld   |  out|    1|      ap_vld|                                                      res_229|       pointer|
|res_230          |  out|   15|      ap_vld|                                                      res_230|       pointer|
|res_230_ap_vld   |  out|    1|      ap_vld|                                                      res_230|       pointer|
|res_231          |  out|   15|      ap_vld|                                                      res_231|       pointer|
|res_231_ap_vld   |  out|    1|      ap_vld|                                                      res_231|       pointer|
|res_232          |  out|   15|      ap_vld|                                                      res_232|       pointer|
|res_232_ap_vld   |  out|    1|      ap_vld|                                                      res_232|       pointer|
|res_233          |  out|   15|      ap_vld|                                                      res_233|       pointer|
|res_233_ap_vld   |  out|    1|      ap_vld|                                                      res_233|       pointer|
|res_234          |  out|   15|      ap_vld|                                                      res_234|       pointer|
|res_234_ap_vld   |  out|    1|      ap_vld|                                                      res_234|       pointer|
|res_235          |  out|   15|      ap_vld|                                                      res_235|       pointer|
|res_235_ap_vld   |  out|    1|      ap_vld|                                                      res_235|       pointer|
|res_236          |  out|   15|      ap_vld|                                                      res_236|       pointer|
|res_236_ap_vld   |  out|    1|      ap_vld|                                                      res_236|       pointer|
|res_237          |  out|   15|      ap_vld|                                                      res_237|       pointer|
|res_237_ap_vld   |  out|    1|      ap_vld|                                                      res_237|       pointer|
|res_238          |  out|   15|      ap_vld|                                                      res_238|       pointer|
|res_238_ap_vld   |  out|    1|      ap_vld|                                                      res_238|       pointer|
|res_239          |  out|   15|      ap_vld|                                                      res_239|       pointer|
|res_239_ap_vld   |  out|    1|      ap_vld|                                                      res_239|       pointer|
|res_240          |  out|   15|      ap_vld|                                                      res_240|       pointer|
|res_240_ap_vld   |  out|    1|      ap_vld|                                                      res_240|       pointer|
|res_241          |  out|   15|      ap_vld|                                                      res_241|       pointer|
|res_241_ap_vld   |  out|    1|      ap_vld|                                                      res_241|       pointer|
|res_242          |  out|   15|      ap_vld|                                                      res_242|       pointer|
|res_242_ap_vld   |  out|    1|      ap_vld|                                                      res_242|       pointer|
|res_243          |  out|   15|      ap_vld|                                                      res_243|       pointer|
|res_243_ap_vld   |  out|    1|      ap_vld|                                                      res_243|       pointer|
|res_244          |  out|   15|      ap_vld|                                                      res_244|       pointer|
|res_244_ap_vld   |  out|    1|      ap_vld|                                                      res_244|       pointer|
|res_245          |  out|   15|      ap_vld|                                                      res_245|       pointer|
|res_245_ap_vld   |  out|    1|      ap_vld|                                                      res_245|       pointer|
|res_246          |  out|   15|      ap_vld|                                                      res_246|       pointer|
|res_246_ap_vld   |  out|    1|      ap_vld|                                                      res_246|       pointer|
|res_247          |  out|   15|      ap_vld|                                                      res_247|       pointer|
|res_247_ap_vld   |  out|    1|      ap_vld|                                                      res_247|       pointer|
|res_248          |  out|   15|      ap_vld|                                                      res_248|       pointer|
|res_248_ap_vld   |  out|    1|      ap_vld|                                                      res_248|       pointer|
|res_249          |  out|   15|      ap_vld|                                                      res_249|       pointer|
|res_249_ap_vld   |  out|    1|      ap_vld|                                                      res_249|       pointer|
|res_250          |  out|   15|      ap_vld|                                                      res_250|       pointer|
|res_250_ap_vld   |  out|    1|      ap_vld|                                                      res_250|       pointer|
|res_251          |  out|   15|      ap_vld|                                                      res_251|       pointer|
|res_251_ap_vld   |  out|    1|      ap_vld|                                                      res_251|       pointer|
|res_252          |  out|   15|      ap_vld|                                                      res_252|       pointer|
|res_252_ap_vld   |  out|    1|      ap_vld|                                                      res_252|       pointer|
|res_253          |  out|   15|      ap_vld|                                                      res_253|       pointer|
|res_253_ap_vld   |  out|    1|      ap_vld|                                                      res_253|       pointer|
|res_254          |  out|   15|      ap_vld|                                                      res_254|       pointer|
|res_254_ap_vld   |  out|    1|      ap_vld|                                                      res_254|       pointer|
|res_255          |  out|   15|      ap_vld|                                                      res_255|       pointer|
|res_255_ap_vld   |  out|    1|      ap_vld|                                                      res_255|       pointer|
|res_256          |  out|   15|      ap_vld|                                                      res_256|       pointer|
|res_256_ap_vld   |  out|    1|      ap_vld|                                                      res_256|       pointer|
|res_257          |  out|   15|      ap_vld|                                                      res_257|       pointer|
|res_257_ap_vld   |  out|    1|      ap_vld|                                                      res_257|       pointer|
|res_258          |  out|   15|      ap_vld|                                                      res_258|       pointer|
|res_258_ap_vld   |  out|    1|      ap_vld|                                                      res_258|       pointer|
|res_259          |  out|   15|      ap_vld|                                                      res_259|       pointer|
|res_259_ap_vld   |  out|    1|      ap_vld|                                                      res_259|       pointer|
|res_260          |  out|   15|      ap_vld|                                                      res_260|       pointer|
|res_260_ap_vld   |  out|    1|      ap_vld|                                                      res_260|       pointer|
|res_261          |  out|   15|      ap_vld|                                                      res_261|       pointer|
|res_261_ap_vld   |  out|    1|      ap_vld|                                                      res_261|       pointer|
|res_262          |  out|   15|      ap_vld|                                                      res_262|       pointer|
|res_262_ap_vld   |  out|    1|      ap_vld|                                                      res_262|       pointer|
|res_263          |  out|   15|      ap_vld|                                                      res_263|       pointer|
|res_263_ap_vld   |  out|    1|      ap_vld|                                                      res_263|       pointer|
|res_264          |  out|   15|      ap_vld|                                                      res_264|       pointer|
|res_264_ap_vld   |  out|    1|      ap_vld|                                                      res_264|       pointer|
|res_265          |  out|   15|      ap_vld|                                                      res_265|       pointer|
|res_265_ap_vld   |  out|    1|      ap_vld|                                                      res_265|       pointer|
|res_266          |  out|   15|      ap_vld|                                                      res_266|       pointer|
|res_266_ap_vld   |  out|    1|      ap_vld|                                                      res_266|       pointer|
|res_267          |  out|   15|      ap_vld|                                                      res_267|       pointer|
|res_267_ap_vld   |  out|    1|      ap_vld|                                                      res_267|       pointer|
|res_268          |  out|   15|      ap_vld|                                                      res_268|       pointer|
|res_268_ap_vld   |  out|    1|      ap_vld|                                                      res_268|       pointer|
|res_269          |  out|   15|      ap_vld|                                                      res_269|       pointer|
|res_269_ap_vld   |  out|    1|      ap_vld|                                                      res_269|       pointer|
|res_270          |  out|   15|      ap_vld|                                                      res_270|       pointer|
|res_270_ap_vld   |  out|    1|      ap_vld|                                                      res_270|       pointer|
|res_271          |  out|   15|      ap_vld|                                                      res_271|       pointer|
|res_271_ap_vld   |  out|    1|      ap_vld|                                                      res_271|       pointer|
|res_272          |  out|   15|      ap_vld|                                                      res_272|       pointer|
|res_272_ap_vld   |  out|    1|      ap_vld|                                                      res_272|       pointer|
|res_273          |  out|   15|      ap_vld|                                                      res_273|       pointer|
|res_273_ap_vld   |  out|    1|      ap_vld|                                                      res_273|       pointer|
|res_274          |  out|   15|      ap_vld|                                                      res_274|       pointer|
|res_274_ap_vld   |  out|    1|      ap_vld|                                                      res_274|       pointer|
|res_275          |  out|   15|      ap_vld|                                                      res_275|       pointer|
|res_275_ap_vld   |  out|    1|      ap_vld|                                                      res_275|       pointer|
|res_276          |  out|   15|      ap_vld|                                                      res_276|       pointer|
|res_276_ap_vld   |  out|    1|      ap_vld|                                                      res_276|       pointer|
|res_277          |  out|   15|      ap_vld|                                                      res_277|       pointer|
|res_277_ap_vld   |  out|    1|      ap_vld|                                                      res_277|       pointer|
|res_278          |  out|   15|      ap_vld|                                                      res_278|       pointer|
|res_278_ap_vld   |  out|    1|      ap_vld|                                                      res_278|       pointer|
|res_279          |  out|   15|      ap_vld|                                                      res_279|       pointer|
|res_279_ap_vld   |  out|    1|      ap_vld|                                                      res_279|       pointer|
|res_280          |  out|   15|      ap_vld|                                                      res_280|       pointer|
|res_280_ap_vld   |  out|    1|      ap_vld|                                                      res_280|       pointer|
|res_281          |  out|   15|      ap_vld|                                                      res_281|       pointer|
|res_281_ap_vld   |  out|    1|      ap_vld|                                                      res_281|       pointer|
|res_282          |  out|   15|      ap_vld|                                                      res_282|       pointer|
|res_282_ap_vld   |  out|    1|      ap_vld|                                                      res_282|       pointer|
|res_283          |  out|   15|      ap_vld|                                                      res_283|       pointer|
|res_283_ap_vld   |  out|    1|      ap_vld|                                                      res_283|       pointer|
|res_284          |  out|   15|      ap_vld|                                                      res_284|       pointer|
|res_284_ap_vld   |  out|    1|      ap_vld|                                                      res_284|       pointer|
|res_285          |  out|   15|      ap_vld|                                                      res_285|       pointer|
|res_285_ap_vld   |  out|    1|      ap_vld|                                                      res_285|       pointer|
|res_286          |  out|   15|      ap_vld|                                                      res_286|       pointer|
|res_286_ap_vld   |  out|    1|      ap_vld|                                                      res_286|       pointer|
|res_287          |  out|   15|      ap_vld|                                                      res_287|       pointer|
|res_287_ap_vld   |  out|    1|      ap_vld|                                                      res_287|       pointer|
|res_288          |  out|   15|      ap_vld|                                                      res_288|       pointer|
|res_288_ap_vld   |  out|    1|      ap_vld|                                                      res_288|       pointer|
|res_289          |  out|   15|      ap_vld|                                                      res_289|       pointer|
|res_289_ap_vld   |  out|    1|      ap_vld|                                                      res_289|       pointer|
|res_290          |  out|   15|      ap_vld|                                                      res_290|       pointer|
|res_290_ap_vld   |  out|    1|      ap_vld|                                                      res_290|       pointer|
|res_291          |  out|   15|      ap_vld|                                                      res_291|       pointer|
|res_291_ap_vld   |  out|    1|      ap_vld|                                                      res_291|       pointer|
|res_292          |  out|   15|      ap_vld|                                                      res_292|       pointer|
|res_292_ap_vld   |  out|    1|      ap_vld|                                                      res_292|       pointer|
|res_293          |  out|   15|      ap_vld|                                                      res_293|       pointer|
|res_293_ap_vld   |  out|    1|      ap_vld|                                                      res_293|       pointer|
|res_294          |  out|   15|      ap_vld|                                                      res_294|       pointer|
|res_294_ap_vld   |  out|    1|      ap_vld|                                                      res_294|       pointer|
|res_295          |  out|   15|      ap_vld|                                                      res_295|       pointer|
|res_295_ap_vld   |  out|    1|      ap_vld|                                                      res_295|       pointer|
|res_296          |  out|   15|      ap_vld|                                                      res_296|       pointer|
|res_296_ap_vld   |  out|    1|      ap_vld|                                                      res_296|       pointer|
|res_297          |  out|   15|      ap_vld|                                                      res_297|       pointer|
|res_297_ap_vld   |  out|    1|      ap_vld|                                                      res_297|       pointer|
|res_298          |  out|   15|      ap_vld|                                                      res_298|       pointer|
|res_298_ap_vld   |  out|    1|      ap_vld|                                                      res_298|       pointer|
|res_299          |  out|   15|      ap_vld|                                                      res_299|       pointer|
|res_299_ap_vld   |  out|    1|      ap_vld|                                                      res_299|       pointer|
|res_300          |  out|   15|      ap_vld|                                                      res_300|       pointer|
|res_300_ap_vld   |  out|    1|      ap_vld|                                                      res_300|       pointer|
|res_301          |  out|   15|      ap_vld|                                                      res_301|       pointer|
|res_301_ap_vld   |  out|    1|      ap_vld|                                                      res_301|       pointer|
|res_302          |  out|   15|      ap_vld|                                                      res_302|       pointer|
|res_302_ap_vld   |  out|    1|      ap_vld|                                                      res_302|       pointer|
|res_303          |  out|   15|      ap_vld|                                                      res_303|       pointer|
|res_303_ap_vld   |  out|    1|      ap_vld|                                                      res_303|       pointer|
|res_304          |  out|   15|      ap_vld|                                                      res_304|       pointer|
|res_304_ap_vld   |  out|    1|      ap_vld|                                                      res_304|       pointer|
|res_305          |  out|   15|      ap_vld|                                                      res_305|       pointer|
|res_305_ap_vld   |  out|    1|      ap_vld|                                                      res_305|       pointer|
|res_306          |  out|   15|      ap_vld|                                                      res_306|       pointer|
|res_306_ap_vld   |  out|    1|      ap_vld|                                                      res_306|       pointer|
|res_307          |  out|   15|      ap_vld|                                                      res_307|       pointer|
|res_307_ap_vld   |  out|    1|      ap_vld|                                                      res_307|       pointer|
|res_308          |  out|   15|      ap_vld|                                                      res_308|       pointer|
|res_308_ap_vld   |  out|    1|      ap_vld|                                                      res_308|       pointer|
|res_309          |  out|   15|      ap_vld|                                                      res_309|       pointer|
|res_309_ap_vld   |  out|    1|      ap_vld|                                                      res_309|       pointer|
|res_310          |  out|   15|      ap_vld|                                                      res_310|       pointer|
|res_310_ap_vld   |  out|    1|      ap_vld|                                                      res_310|       pointer|
|res_311          |  out|   15|      ap_vld|                                                      res_311|       pointer|
|res_311_ap_vld   |  out|    1|      ap_vld|                                                      res_311|       pointer|
|res_312          |  out|   15|      ap_vld|                                                      res_312|       pointer|
|res_312_ap_vld   |  out|    1|      ap_vld|                                                      res_312|       pointer|
|res_313          |  out|   15|      ap_vld|                                                      res_313|       pointer|
|res_313_ap_vld   |  out|    1|      ap_vld|                                                      res_313|       pointer|
|res_314          |  out|   15|      ap_vld|                                                      res_314|       pointer|
|res_314_ap_vld   |  out|    1|      ap_vld|                                                      res_314|       pointer|
|res_315          |  out|   15|      ap_vld|                                                      res_315|       pointer|
|res_315_ap_vld   |  out|    1|      ap_vld|                                                      res_315|       pointer|
|res_316          |  out|   15|      ap_vld|                                                      res_316|       pointer|
|res_316_ap_vld   |  out|    1|      ap_vld|                                                      res_316|       pointer|
|res_317          |  out|   15|      ap_vld|                                                      res_317|       pointer|
|res_317_ap_vld   |  out|    1|      ap_vld|                                                      res_317|       pointer|
|res_318          |  out|   15|      ap_vld|                                                      res_318|       pointer|
|res_318_ap_vld   |  out|    1|      ap_vld|                                                      res_318|       pointer|
|res_319          |  out|   15|      ap_vld|                                                      res_319|       pointer|
|res_319_ap_vld   |  out|    1|      ap_vld|                                                      res_319|       pointer|
|res_320          |  out|   15|      ap_vld|                                                      res_320|       pointer|
|res_320_ap_vld   |  out|    1|      ap_vld|                                                      res_320|       pointer|
|res_321          |  out|   15|      ap_vld|                                                      res_321|       pointer|
|res_321_ap_vld   |  out|    1|      ap_vld|                                                      res_321|       pointer|
|res_322          |  out|   15|      ap_vld|                                                      res_322|       pointer|
|res_322_ap_vld   |  out|    1|      ap_vld|                                                      res_322|       pointer|
|res_323          |  out|   15|      ap_vld|                                                      res_323|       pointer|
|res_323_ap_vld   |  out|    1|      ap_vld|                                                      res_323|       pointer|
|res_324          |  out|   15|      ap_vld|                                                      res_324|       pointer|
|res_324_ap_vld   |  out|    1|      ap_vld|                                                      res_324|       pointer|
|res_325          |  out|   15|      ap_vld|                                                      res_325|       pointer|
|res_325_ap_vld   |  out|    1|      ap_vld|                                                      res_325|       pointer|
|res_326          |  out|   15|      ap_vld|                                                      res_326|       pointer|
|res_326_ap_vld   |  out|    1|      ap_vld|                                                      res_326|       pointer|
|res_327          |  out|   15|      ap_vld|                                                      res_327|       pointer|
|res_327_ap_vld   |  out|    1|      ap_vld|                                                      res_327|       pointer|
|res_328          |  out|   15|      ap_vld|                                                      res_328|       pointer|
|res_328_ap_vld   |  out|    1|      ap_vld|                                                      res_328|       pointer|
|res_329          |  out|   15|      ap_vld|                                                      res_329|       pointer|
|res_329_ap_vld   |  out|    1|      ap_vld|                                                      res_329|       pointer|
|res_330          |  out|   15|      ap_vld|                                                      res_330|       pointer|
|res_330_ap_vld   |  out|    1|      ap_vld|                                                      res_330|       pointer|
|res_331          |  out|   15|      ap_vld|                                                      res_331|       pointer|
|res_331_ap_vld   |  out|    1|      ap_vld|                                                      res_331|       pointer|
|res_332          |  out|   15|      ap_vld|                                                      res_332|       pointer|
|res_332_ap_vld   |  out|    1|      ap_vld|                                                      res_332|       pointer|
|res_333          |  out|   15|      ap_vld|                                                      res_333|       pointer|
|res_333_ap_vld   |  out|    1|      ap_vld|                                                      res_333|       pointer|
|res_334          |  out|   15|      ap_vld|                                                      res_334|       pointer|
|res_334_ap_vld   |  out|    1|      ap_vld|                                                      res_334|       pointer|
|res_335          |  out|   15|      ap_vld|                                                      res_335|       pointer|
|res_335_ap_vld   |  out|    1|      ap_vld|                                                      res_335|       pointer|
|res_336          |  out|   15|      ap_vld|                                                      res_336|       pointer|
|res_336_ap_vld   |  out|    1|      ap_vld|                                                      res_336|       pointer|
|res_337          |  out|   15|      ap_vld|                                                      res_337|       pointer|
|res_337_ap_vld   |  out|    1|      ap_vld|                                                      res_337|       pointer|
|res_338          |  out|   15|      ap_vld|                                                      res_338|       pointer|
|res_338_ap_vld   |  out|    1|      ap_vld|                                                      res_338|       pointer|
|res_339          |  out|   15|      ap_vld|                                                      res_339|       pointer|
|res_339_ap_vld   |  out|    1|      ap_vld|                                                      res_339|       pointer|
|res_340          |  out|   15|      ap_vld|                                                      res_340|       pointer|
|res_340_ap_vld   |  out|    1|      ap_vld|                                                      res_340|       pointer|
|res_341          |  out|   15|      ap_vld|                                                      res_341|       pointer|
|res_341_ap_vld   |  out|    1|      ap_vld|                                                      res_341|       pointer|
|res_342          |  out|   15|      ap_vld|                                                      res_342|       pointer|
|res_342_ap_vld   |  out|    1|      ap_vld|                                                      res_342|       pointer|
|res_343          |  out|   15|      ap_vld|                                                      res_343|       pointer|
|res_343_ap_vld   |  out|    1|      ap_vld|                                                      res_343|       pointer|
|res_344          |  out|   15|      ap_vld|                                                      res_344|       pointer|
|res_344_ap_vld   |  out|    1|      ap_vld|                                                      res_344|       pointer|
|res_345          |  out|   15|      ap_vld|                                                      res_345|       pointer|
|res_345_ap_vld   |  out|    1|      ap_vld|                                                      res_345|       pointer|
|res_346          |  out|   15|      ap_vld|                                                      res_346|       pointer|
|res_346_ap_vld   |  out|    1|      ap_vld|                                                      res_346|       pointer|
|res_347          |  out|   15|      ap_vld|                                                      res_347|       pointer|
|res_347_ap_vld   |  out|    1|      ap_vld|                                                      res_347|       pointer|
|res_348          |  out|   15|      ap_vld|                                                      res_348|       pointer|
|res_348_ap_vld   |  out|    1|      ap_vld|                                                      res_348|       pointer|
|res_349          |  out|   15|      ap_vld|                                                      res_349|       pointer|
|res_349_ap_vld   |  out|    1|      ap_vld|                                                      res_349|       pointer|
|res_350          |  out|   15|      ap_vld|                                                      res_350|       pointer|
|res_350_ap_vld   |  out|    1|      ap_vld|                                                      res_350|       pointer|
|res_351          |  out|   15|      ap_vld|                                                      res_351|       pointer|
|res_351_ap_vld   |  out|    1|      ap_vld|                                                      res_351|       pointer|
|res_352          |  out|   15|      ap_vld|                                                      res_352|       pointer|
|res_352_ap_vld   |  out|    1|      ap_vld|                                                      res_352|       pointer|
|res_353          |  out|   15|      ap_vld|                                                      res_353|       pointer|
|res_353_ap_vld   |  out|    1|      ap_vld|                                                      res_353|       pointer|
|res_354          |  out|   15|      ap_vld|                                                      res_354|       pointer|
|res_354_ap_vld   |  out|    1|      ap_vld|                                                      res_354|       pointer|
|res_355          |  out|   15|      ap_vld|                                                      res_355|       pointer|
|res_355_ap_vld   |  out|    1|      ap_vld|                                                      res_355|       pointer|
|res_356          |  out|   15|      ap_vld|                                                      res_356|       pointer|
|res_356_ap_vld   |  out|    1|      ap_vld|                                                      res_356|       pointer|
|res_357          |  out|   15|      ap_vld|                                                      res_357|       pointer|
|res_357_ap_vld   |  out|    1|      ap_vld|                                                      res_357|       pointer|
|res_358          |  out|   15|      ap_vld|                                                      res_358|       pointer|
|res_358_ap_vld   |  out|    1|      ap_vld|                                                      res_358|       pointer|
|res_359          |  out|   15|      ap_vld|                                                      res_359|       pointer|
|res_359_ap_vld   |  out|    1|      ap_vld|                                                      res_359|       pointer|
|res_360          |  out|   15|      ap_vld|                                                      res_360|       pointer|
|res_360_ap_vld   |  out|    1|      ap_vld|                                                      res_360|       pointer|
|res_361          |  out|   15|      ap_vld|                                                      res_361|       pointer|
|res_361_ap_vld   |  out|    1|      ap_vld|                                                      res_361|       pointer|
|res_362          |  out|   15|      ap_vld|                                                      res_362|       pointer|
|res_362_ap_vld   |  out|    1|      ap_vld|                                                      res_362|       pointer|
|res_363          |  out|   15|      ap_vld|                                                      res_363|       pointer|
|res_363_ap_vld   |  out|    1|      ap_vld|                                                      res_363|       pointer|
|res_364          |  out|   15|      ap_vld|                                                      res_364|       pointer|
|res_364_ap_vld   |  out|    1|      ap_vld|                                                      res_364|       pointer|
|res_365          |  out|   15|      ap_vld|                                                      res_365|       pointer|
|res_365_ap_vld   |  out|    1|      ap_vld|                                                      res_365|       pointer|
|res_366          |  out|   15|      ap_vld|                                                      res_366|       pointer|
|res_366_ap_vld   |  out|    1|      ap_vld|                                                      res_366|       pointer|
|res_367          |  out|   15|      ap_vld|                                                      res_367|       pointer|
|res_367_ap_vld   |  out|    1|      ap_vld|                                                      res_367|       pointer|
|res_368          |  out|   15|      ap_vld|                                                      res_368|       pointer|
|res_368_ap_vld   |  out|    1|      ap_vld|                                                      res_368|       pointer|
|res_369          |  out|   15|      ap_vld|                                                      res_369|       pointer|
|res_369_ap_vld   |  out|    1|      ap_vld|                                                      res_369|       pointer|
|res_370          |  out|   15|      ap_vld|                                                      res_370|       pointer|
|res_370_ap_vld   |  out|    1|      ap_vld|                                                      res_370|       pointer|
|res_371          |  out|   15|      ap_vld|                                                      res_371|       pointer|
|res_371_ap_vld   |  out|    1|      ap_vld|                                                      res_371|       pointer|
|res_372          |  out|   15|      ap_vld|                                                      res_372|       pointer|
|res_372_ap_vld   |  out|    1|      ap_vld|                                                      res_372|       pointer|
|res_373          |  out|   15|      ap_vld|                                                      res_373|       pointer|
|res_373_ap_vld   |  out|    1|      ap_vld|                                                      res_373|       pointer|
|res_374          |  out|   15|      ap_vld|                                                      res_374|       pointer|
|res_374_ap_vld   |  out|    1|      ap_vld|                                                      res_374|       pointer|
|res_375          |  out|   15|      ap_vld|                                                      res_375|       pointer|
|res_375_ap_vld   |  out|    1|      ap_vld|                                                      res_375|       pointer|
|res_376          |  out|   15|      ap_vld|                                                      res_376|       pointer|
|res_376_ap_vld   |  out|    1|      ap_vld|                                                      res_376|       pointer|
|res_377          |  out|   15|      ap_vld|                                                      res_377|       pointer|
|res_377_ap_vld   |  out|    1|      ap_vld|                                                      res_377|       pointer|
|res_378          |  out|   15|      ap_vld|                                                      res_378|       pointer|
|res_378_ap_vld   |  out|    1|      ap_vld|                                                      res_378|       pointer|
|res_379          |  out|   15|      ap_vld|                                                      res_379|       pointer|
|res_379_ap_vld   |  out|    1|      ap_vld|                                                      res_379|       pointer|
|res_380          |  out|   15|      ap_vld|                                                      res_380|       pointer|
|res_380_ap_vld   |  out|    1|      ap_vld|                                                      res_380|       pointer|
|res_381          |  out|   15|      ap_vld|                                                      res_381|       pointer|
|res_381_ap_vld   |  out|    1|      ap_vld|                                                      res_381|       pointer|
|res_382          |  out|   15|      ap_vld|                                                      res_382|       pointer|
|res_382_ap_vld   |  out|    1|      ap_vld|                                                      res_382|       pointer|
|res_383          |  out|   15|      ap_vld|                                                      res_383|       pointer|
|res_383_ap_vld   |  out|    1|      ap_vld|                                                      res_383|       pointer|
|res_384          |  out|   15|      ap_vld|                                                      res_384|       pointer|
|res_384_ap_vld   |  out|    1|      ap_vld|                                                      res_384|       pointer|
|res_385          |  out|   15|      ap_vld|                                                      res_385|       pointer|
|res_385_ap_vld   |  out|    1|      ap_vld|                                                      res_385|       pointer|
|res_386          |  out|   15|      ap_vld|                                                      res_386|       pointer|
|res_386_ap_vld   |  out|    1|      ap_vld|                                                      res_386|       pointer|
|res_387          |  out|   15|      ap_vld|                                                      res_387|       pointer|
|res_387_ap_vld   |  out|    1|      ap_vld|                                                      res_387|       pointer|
|res_388          |  out|   15|      ap_vld|                                                      res_388|       pointer|
|res_388_ap_vld   |  out|    1|      ap_vld|                                                      res_388|       pointer|
|res_389          |  out|   15|      ap_vld|                                                      res_389|       pointer|
|res_389_ap_vld   |  out|    1|      ap_vld|                                                      res_389|       pointer|
|res_390          |  out|   15|      ap_vld|                                                      res_390|       pointer|
|res_390_ap_vld   |  out|    1|      ap_vld|                                                      res_390|       pointer|
|res_391          |  out|   15|      ap_vld|                                                      res_391|       pointer|
|res_391_ap_vld   |  out|    1|      ap_vld|                                                      res_391|       pointer|
|res_392          |  out|   15|      ap_vld|                                                      res_392|       pointer|
|res_392_ap_vld   |  out|    1|      ap_vld|                                                      res_392|       pointer|
|res_393          |  out|   15|      ap_vld|                                                      res_393|       pointer|
|res_393_ap_vld   |  out|    1|      ap_vld|                                                      res_393|       pointer|
|res_394          |  out|   15|      ap_vld|                                                      res_394|       pointer|
|res_394_ap_vld   |  out|    1|      ap_vld|                                                      res_394|       pointer|
|res_395          |  out|   15|      ap_vld|                                                      res_395|       pointer|
|res_395_ap_vld   |  out|    1|      ap_vld|                                                      res_395|       pointer|
|res_396          |  out|   15|      ap_vld|                                                      res_396|       pointer|
|res_396_ap_vld   |  out|    1|      ap_vld|                                                      res_396|       pointer|
|res_397          |  out|   15|      ap_vld|                                                      res_397|       pointer|
|res_397_ap_vld   |  out|    1|      ap_vld|                                                      res_397|       pointer|
|res_398          |  out|   15|      ap_vld|                                                      res_398|       pointer|
|res_398_ap_vld   |  out|    1|      ap_vld|                                                      res_398|       pointer|
|res_399          |  out|   15|      ap_vld|                                                      res_399|       pointer|
|res_399_ap_vld   |  out|    1|      ap_vld|                                                      res_399|       pointer|
|res_400          |  out|   15|      ap_vld|                                                      res_400|       pointer|
|res_400_ap_vld   |  out|    1|      ap_vld|                                                      res_400|       pointer|
|res_401          |  out|   15|      ap_vld|                                                      res_401|       pointer|
|res_401_ap_vld   |  out|    1|      ap_vld|                                                      res_401|       pointer|
|res_402          |  out|   15|      ap_vld|                                                      res_402|       pointer|
|res_402_ap_vld   |  out|    1|      ap_vld|                                                      res_402|       pointer|
|res_403          |  out|   15|      ap_vld|                                                      res_403|       pointer|
|res_403_ap_vld   |  out|    1|      ap_vld|                                                      res_403|       pointer|
|res_404          |  out|   15|      ap_vld|                                                      res_404|       pointer|
|res_404_ap_vld   |  out|    1|      ap_vld|                                                      res_404|       pointer|
|res_405          |  out|   15|      ap_vld|                                                      res_405|       pointer|
|res_405_ap_vld   |  out|    1|      ap_vld|                                                      res_405|       pointer|
|res_406          |  out|   15|      ap_vld|                                                      res_406|       pointer|
|res_406_ap_vld   |  out|    1|      ap_vld|                                                      res_406|       pointer|
|res_407          |  out|   15|      ap_vld|                                                      res_407|       pointer|
|res_407_ap_vld   |  out|    1|      ap_vld|                                                      res_407|       pointer|
|res_408          |  out|   15|      ap_vld|                                                      res_408|       pointer|
|res_408_ap_vld   |  out|    1|      ap_vld|                                                      res_408|       pointer|
|res_409          |  out|   15|      ap_vld|                                                      res_409|       pointer|
|res_409_ap_vld   |  out|    1|      ap_vld|                                                      res_409|       pointer|
|res_410          |  out|   15|      ap_vld|                                                      res_410|       pointer|
|res_410_ap_vld   |  out|    1|      ap_vld|                                                      res_410|       pointer|
|res_411          |  out|   15|      ap_vld|                                                      res_411|       pointer|
|res_411_ap_vld   |  out|    1|      ap_vld|                                                      res_411|       pointer|
|res_412          |  out|   15|      ap_vld|                                                      res_412|       pointer|
|res_412_ap_vld   |  out|    1|      ap_vld|                                                      res_412|       pointer|
|res_413          |  out|   15|      ap_vld|                                                      res_413|       pointer|
|res_413_ap_vld   |  out|    1|      ap_vld|                                                      res_413|       pointer|
|res_414          |  out|   15|      ap_vld|                                                      res_414|       pointer|
|res_414_ap_vld   |  out|    1|      ap_vld|                                                      res_414|       pointer|
|res_415          |  out|   15|      ap_vld|                                                      res_415|       pointer|
|res_415_ap_vld   |  out|    1|      ap_vld|                                                      res_415|       pointer|
|res_416          |  out|   15|      ap_vld|                                                      res_416|       pointer|
|res_416_ap_vld   |  out|    1|      ap_vld|                                                      res_416|       pointer|
|res_417          |  out|   15|      ap_vld|                                                      res_417|       pointer|
|res_417_ap_vld   |  out|    1|      ap_vld|                                                      res_417|       pointer|
|res_418          |  out|   15|      ap_vld|                                                      res_418|       pointer|
|res_418_ap_vld   |  out|    1|      ap_vld|                                                      res_418|       pointer|
|res_419          |  out|   15|      ap_vld|                                                      res_419|       pointer|
|res_419_ap_vld   |  out|    1|      ap_vld|                                                      res_419|       pointer|
|res_420          |  out|   15|      ap_vld|                                                      res_420|       pointer|
|res_420_ap_vld   |  out|    1|      ap_vld|                                                      res_420|       pointer|
|res_421          |  out|   15|      ap_vld|                                                      res_421|       pointer|
|res_421_ap_vld   |  out|    1|      ap_vld|                                                      res_421|       pointer|
|res_422          |  out|   15|      ap_vld|                                                      res_422|       pointer|
|res_422_ap_vld   |  out|    1|      ap_vld|                                                      res_422|       pointer|
|res_423          |  out|   15|      ap_vld|                                                      res_423|       pointer|
|res_423_ap_vld   |  out|    1|      ap_vld|                                                      res_423|       pointer|
|res_424          |  out|   15|      ap_vld|                                                      res_424|       pointer|
|res_424_ap_vld   |  out|    1|      ap_vld|                                                      res_424|       pointer|
|res_425          |  out|   15|      ap_vld|                                                      res_425|       pointer|
|res_425_ap_vld   |  out|    1|      ap_vld|                                                      res_425|       pointer|
|res_426          |  out|   15|      ap_vld|                                                      res_426|       pointer|
|res_426_ap_vld   |  out|    1|      ap_vld|                                                      res_426|       pointer|
|res_427          |  out|   15|      ap_vld|                                                      res_427|       pointer|
|res_427_ap_vld   |  out|    1|      ap_vld|                                                      res_427|       pointer|
|res_428          |  out|   15|      ap_vld|                                                      res_428|       pointer|
|res_428_ap_vld   |  out|    1|      ap_vld|                                                      res_428|       pointer|
|res_429          |  out|   15|      ap_vld|                                                      res_429|       pointer|
|res_429_ap_vld   |  out|    1|      ap_vld|                                                      res_429|       pointer|
|res_430          |  out|   15|      ap_vld|                                                      res_430|       pointer|
|res_430_ap_vld   |  out|    1|      ap_vld|                                                      res_430|       pointer|
|res_431          |  out|   15|      ap_vld|                                                      res_431|       pointer|
|res_431_ap_vld   |  out|    1|      ap_vld|                                                      res_431|       pointer|
|res_432          |  out|   15|      ap_vld|                                                      res_432|       pointer|
|res_432_ap_vld   |  out|    1|      ap_vld|                                                      res_432|       pointer|
|res_433          |  out|   15|      ap_vld|                                                      res_433|       pointer|
|res_433_ap_vld   |  out|    1|      ap_vld|                                                      res_433|       pointer|
|res_434          |  out|   15|      ap_vld|                                                      res_434|       pointer|
|res_434_ap_vld   |  out|    1|      ap_vld|                                                      res_434|       pointer|
|res_435          |  out|   15|      ap_vld|                                                      res_435|       pointer|
|res_435_ap_vld   |  out|    1|      ap_vld|                                                      res_435|       pointer|
|res_436          |  out|   15|      ap_vld|                                                      res_436|       pointer|
|res_436_ap_vld   |  out|    1|      ap_vld|                                                      res_436|       pointer|
|res_437          |  out|   15|      ap_vld|                                                      res_437|       pointer|
|res_437_ap_vld   |  out|    1|      ap_vld|                                                      res_437|       pointer|
|res_438          |  out|   15|      ap_vld|                                                      res_438|       pointer|
|res_438_ap_vld   |  out|    1|      ap_vld|                                                      res_438|       pointer|
|res_439          |  out|   15|      ap_vld|                                                      res_439|       pointer|
|res_439_ap_vld   |  out|    1|      ap_vld|                                                      res_439|       pointer|
|res_440          |  out|   15|      ap_vld|                                                      res_440|       pointer|
|res_440_ap_vld   |  out|    1|      ap_vld|                                                      res_440|       pointer|
|res_441          |  out|   15|      ap_vld|                                                      res_441|       pointer|
|res_441_ap_vld   |  out|    1|      ap_vld|                                                      res_441|       pointer|
|res_442          |  out|   15|      ap_vld|                                                      res_442|       pointer|
|res_442_ap_vld   |  out|    1|      ap_vld|                                                      res_442|       pointer|
|res_443          |  out|   15|      ap_vld|                                                      res_443|       pointer|
|res_443_ap_vld   |  out|    1|      ap_vld|                                                      res_443|       pointer|
|res_444          |  out|   15|      ap_vld|                                                      res_444|       pointer|
|res_444_ap_vld   |  out|    1|      ap_vld|                                                      res_444|       pointer|
|res_445          |  out|   15|      ap_vld|                                                      res_445|       pointer|
|res_445_ap_vld   |  out|    1|      ap_vld|                                                      res_445|       pointer|
|res_446          |  out|   15|      ap_vld|                                                      res_446|       pointer|
|res_446_ap_vld   |  out|    1|      ap_vld|                                                      res_446|       pointer|
|res_447          |  out|   15|      ap_vld|                                                      res_447|       pointer|
|res_447_ap_vld   |  out|    1|      ap_vld|                                                      res_447|       pointer|
|res_448          |  out|   15|      ap_vld|                                                      res_448|       pointer|
|res_448_ap_vld   |  out|    1|      ap_vld|                                                      res_448|       pointer|
|res_449          |  out|   15|      ap_vld|                                                      res_449|       pointer|
|res_449_ap_vld   |  out|    1|      ap_vld|                                                      res_449|       pointer|
|res_450          |  out|   15|      ap_vld|                                                      res_450|       pointer|
|res_450_ap_vld   |  out|    1|      ap_vld|                                                      res_450|       pointer|
|res_451          |  out|   15|      ap_vld|                                                      res_451|       pointer|
|res_451_ap_vld   |  out|    1|      ap_vld|                                                      res_451|       pointer|
|res_452          |  out|   15|      ap_vld|                                                      res_452|       pointer|
|res_452_ap_vld   |  out|    1|      ap_vld|                                                      res_452|       pointer|
|res_453          |  out|   15|      ap_vld|                                                      res_453|       pointer|
|res_453_ap_vld   |  out|    1|      ap_vld|                                                      res_453|       pointer|
|res_454          |  out|   15|      ap_vld|                                                      res_454|       pointer|
|res_454_ap_vld   |  out|    1|      ap_vld|                                                      res_454|       pointer|
|res_455          |  out|   15|      ap_vld|                                                      res_455|       pointer|
|res_455_ap_vld   |  out|    1|      ap_vld|                                                      res_455|       pointer|
|res_456          |  out|   15|      ap_vld|                                                      res_456|       pointer|
|res_456_ap_vld   |  out|    1|      ap_vld|                                                      res_456|       pointer|
|res_457          |  out|   15|      ap_vld|                                                      res_457|       pointer|
|res_457_ap_vld   |  out|    1|      ap_vld|                                                      res_457|       pointer|
|res_458          |  out|   15|      ap_vld|                                                      res_458|       pointer|
|res_458_ap_vld   |  out|    1|      ap_vld|                                                      res_458|       pointer|
|res_459          |  out|   15|      ap_vld|                                                      res_459|       pointer|
|res_459_ap_vld   |  out|    1|      ap_vld|                                                      res_459|       pointer|
|res_460          |  out|   15|      ap_vld|                                                      res_460|       pointer|
|res_460_ap_vld   |  out|    1|      ap_vld|                                                      res_460|       pointer|
|res_461          |  out|   15|      ap_vld|                                                      res_461|       pointer|
|res_461_ap_vld   |  out|    1|      ap_vld|                                                      res_461|       pointer|
|res_462          |  out|   15|      ap_vld|                                                      res_462|       pointer|
|res_462_ap_vld   |  out|    1|      ap_vld|                                                      res_462|       pointer|
|res_463          |  out|   15|      ap_vld|                                                      res_463|       pointer|
|res_463_ap_vld   |  out|    1|      ap_vld|                                                      res_463|       pointer|
|res_464          |  out|   15|      ap_vld|                                                      res_464|       pointer|
|res_464_ap_vld   |  out|    1|      ap_vld|                                                      res_464|       pointer|
|res_465          |  out|   15|      ap_vld|                                                      res_465|       pointer|
|res_465_ap_vld   |  out|    1|      ap_vld|                                                      res_465|       pointer|
|res_466          |  out|   15|      ap_vld|                                                      res_466|       pointer|
|res_466_ap_vld   |  out|    1|      ap_vld|                                                      res_466|       pointer|
|res_467          |  out|   15|      ap_vld|                                                      res_467|       pointer|
|res_467_ap_vld   |  out|    1|      ap_vld|                                                      res_467|       pointer|
|res_468          |  out|   15|      ap_vld|                                                      res_468|       pointer|
|res_468_ap_vld   |  out|    1|      ap_vld|                                                      res_468|       pointer|
|res_469          |  out|   15|      ap_vld|                                                      res_469|       pointer|
|res_469_ap_vld   |  out|    1|      ap_vld|                                                      res_469|       pointer|
|res_470          |  out|   15|      ap_vld|                                                      res_470|       pointer|
|res_470_ap_vld   |  out|    1|      ap_vld|                                                      res_470|       pointer|
|res_471          |  out|   15|      ap_vld|                                                      res_471|       pointer|
|res_471_ap_vld   |  out|    1|      ap_vld|                                                      res_471|       pointer|
|res_472          |  out|   15|      ap_vld|                                                      res_472|       pointer|
|res_472_ap_vld   |  out|    1|      ap_vld|                                                      res_472|       pointer|
|res_473          |  out|   15|      ap_vld|                                                      res_473|       pointer|
|res_473_ap_vld   |  out|    1|      ap_vld|                                                      res_473|       pointer|
|res_474          |  out|   15|      ap_vld|                                                      res_474|       pointer|
|res_474_ap_vld   |  out|    1|      ap_vld|                                                      res_474|       pointer|
|res_475          |  out|   15|      ap_vld|                                                      res_475|       pointer|
|res_475_ap_vld   |  out|    1|      ap_vld|                                                      res_475|       pointer|
|res_476          |  out|   15|      ap_vld|                                                      res_476|       pointer|
|res_476_ap_vld   |  out|    1|      ap_vld|                                                      res_476|       pointer|
|res_477          |  out|   15|      ap_vld|                                                      res_477|       pointer|
|res_477_ap_vld   |  out|    1|      ap_vld|                                                      res_477|       pointer|
|res_478          |  out|   15|      ap_vld|                                                      res_478|       pointer|
|res_478_ap_vld   |  out|    1|      ap_vld|                                                      res_478|       pointer|
|res_479          |  out|   15|      ap_vld|                                                      res_479|       pointer|
|res_479_ap_vld   |  out|    1|      ap_vld|                                                      res_479|       pointer|
|res_480          |  out|   15|      ap_vld|                                                      res_480|       pointer|
|res_480_ap_vld   |  out|    1|      ap_vld|                                                      res_480|       pointer|
|res_481          |  out|   15|      ap_vld|                                                      res_481|       pointer|
|res_481_ap_vld   |  out|    1|      ap_vld|                                                      res_481|       pointer|
|res_482          |  out|   15|      ap_vld|                                                      res_482|       pointer|
|res_482_ap_vld   |  out|    1|      ap_vld|                                                      res_482|       pointer|
|res_483          |  out|   15|      ap_vld|                                                      res_483|       pointer|
|res_483_ap_vld   |  out|    1|      ap_vld|                                                      res_483|       pointer|
|res_484          |  out|   15|      ap_vld|                                                      res_484|       pointer|
|res_484_ap_vld   |  out|    1|      ap_vld|                                                      res_484|       pointer|
|res_485          |  out|   15|      ap_vld|                                                      res_485|       pointer|
|res_485_ap_vld   |  out|    1|      ap_vld|                                                      res_485|       pointer|
|res_486          |  out|   15|      ap_vld|                                                      res_486|       pointer|
|res_486_ap_vld   |  out|    1|      ap_vld|                                                      res_486|       pointer|
|res_487          |  out|   15|      ap_vld|                                                      res_487|       pointer|
|res_487_ap_vld   |  out|    1|      ap_vld|                                                      res_487|       pointer|
|res_488          |  out|   15|      ap_vld|                                                      res_488|       pointer|
|res_488_ap_vld   |  out|    1|      ap_vld|                                                      res_488|       pointer|
|res_489          |  out|   15|      ap_vld|                                                      res_489|       pointer|
|res_489_ap_vld   |  out|    1|      ap_vld|                                                      res_489|       pointer|
|res_490          |  out|   15|      ap_vld|                                                      res_490|       pointer|
|res_490_ap_vld   |  out|    1|      ap_vld|                                                      res_490|       pointer|
|res_491          |  out|   15|      ap_vld|                                                      res_491|       pointer|
|res_491_ap_vld   |  out|    1|      ap_vld|                                                      res_491|       pointer|
|res_492          |  out|   15|      ap_vld|                                                      res_492|       pointer|
|res_492_ap_vld   |  out|    1|      ap_vld|                                                      res_492|       pointer|
|res_493          |  out|   15|      ap_vld|                                                      res_493|       pointer|
|res_493_ap_vld   |  out|    1|      ap_vld|                                                      res_493|       pointer|
|res_494          |  out|   15|      ap_vld|                                                      res_494|       pointer|
|res_494_ap_vld   |  out|    1|      ap_vld|                                                      res_494|       pointer|
|res_495          |  out|   15|      ap_vld|                                                      res_495|       pointer|
|res_495_ap_vld   |  out|    1|      ap_vld|                                                      res_495|       pointer|
|res_496          |  out|   15|      ap_vld|                                                      res_496|       pointer|
|res_496_ap_vld   |  out|    1|      ap_vld|                                                      res_496|       pointer|
|res_497          |  out|   15|      ap_vld|                                                      res_497|       pointer|
|res_497_ap_vld   |  out|    1|      ap_vld|                                                      res_497|       pointer|
|res_498          |  out|   15|      ap_vld|                                                      res_498|       pointer|
|res_498_ap_vld   |  out|    1|      ap_vld|                                                      res_498|       pointer|
|res_499          |  out|   15|      ap_vld|                                                      res_499|       pointer|
|res_499_ap_vld   |  out|    1|      ap_vld|                                                      res_499|       pointer|
|res_500          |  out|   15|      ap_vld|                                                      res_500|       pointer|
|res_500_ap_vld   |  out|    1|      ap_vld|                                                      res_500|       pointer|
|res_501          |  out|   15|      ap_vld|                                                      res_501|       pointer|
|res_501_ap_vld   |  out|    1|      ap_vld|                                                      res_501|       pointer|
|res_502          |  out|   15|      ap_vld|                                                      res_502|       pointer|
|res_502_ap_vld   |  out|    1|      ap_vld|                                                      res_502|       pointer|
|res_503          |  out|   15|      ap_vld|                                                      res_503|       pointer|
|res_503_ap_vld   |  out|    1|      ap_vld|                                                      res_503|       pointer|
|res_504          |  out|   15|      ap_vld|                                                      res_504|       pointer|
|res_504_ap_vld   |  out|    1|      ap_vld|                                                      res_504|       pointer|
|res_505          |  out|   15|      ap_vld|                                                      res_505|       pointer|
|res_505_ap_vld   |  out|    1|      ap_vld|                                                      res_505|       pointer|
|res_506          |  out|   15|      ap_vld|                                                      res_506|       pointer|
|res_506_ap_vld   |  out|    1|      ap_vld|                                                      res_506|       pointer|
|res_507          |  out|   15|      ap_vld|                                                      res_507|       pointer|
|res_507_ap_vld   |  out|    1|      ap_vld|                                                      res_507|       pointer|
|res_508          |  out|   15|      ap_vld|                                                      res_508|       pointer|
|res_508_ap_vld   |  out|    1|      ap_vld|                                                      res_508|       pointer|
|res_509          |  out|   15|      ap_vld|                                                      res_509|       pointer|
|res_509_ap_vld   |  out|    1|      ap_vld|                                                      res_509|       pointer|
|res_510          |  out|   15|      ap_vld|                                                      res_510|       pointer|
|res_510_ap_vld   |  out|    1|      ap_vld|                                                      res_510|       pointer|
|res_511          |  out|   15|      ap_vld|                                                      res_511|       pointer|
|res_511_ap_vld   |  out|    1|      ap_vld|                                                      res_511|       pointer|
+-----------------+-----+-----+------------+-------------------------------------------------------------+--------------+

