

================================================================
== Vitis HLS Report for 'dense_latency_ap_fixed_16_6_5_3_0_ap_fixed_31_15_5_3_0_config11_s'
================================================================
* Date:           Tue Oct 29 14:12:28 2024

* Version:        2023.2 (Build 4023990 on Oct 11 2023)
* Project:        JetTaggerNN_prj
* Solution:       solution1 (Vivado IP Flow Target)
* Product family: virtexuplus
* Target device:  xcvu9p-flga2104-2L-e


================================================================
== Performance Estimates
================================================================
+ Timing: 
    * Summary: 
    +--------+---------+----------+------------+
    |  Clock |  Target | Estimated| Uncertainty|
    +--------+---------+----------+------------+
    |ap_clk  |  2.80 ns|  1.807 ns|     0.76 ns|
    +--------+---------+----------+------------+

+ Latency: 
    * Summary: 
    +---------+---------+-----------+-----------+-----+-----+---------+
    |  Latency (cycles) |   Latency (absolute)  |  Interval | Pipeline|
    |   min   |   max   |    min    |    max    | min | max |   Type  |
    +---------+---------+-----------+-----------+-----+-----+---------+
    |        4|        4|  11.200 ns|  11.200 ns|    1|    1|      yes|
    +---------+---------+-----------+-----------+-----+-----+---------+

    + Detail: 
        * Instance: 
        N/A

        * Loop: 
        N/A



================================================================
== Utilization Estimates
================================================================
* Summary: 
+---------------------+---------+------+---------+---------+-----+
|         Name        | BRAM_18K|  DSP |    FF   |   LUT   | URAM|
+---------------------+---------+------+---------+---------+-----+
|DSP                  |        -|     -|        -|        -|    -|
|Expression           |        -|     -|        0|    10243|    -|
|FIFO                 |        -|     -|        -|        -|    -|
|Instance             |        -|     0|        0|    11036|    -|
|Memory               |        -|     -|        -|        -|    -|
|Multiplexer          |        -|     -|        -|      140|    -|
|Register             |        -|     -|     5460|        -|    -|
+---------------------+---------+------+---------+---------+-----+
|Total                |        0|     0|     5460|    21419|    0|
+---------------------+---------+------+---------+---------+-----+
|Available SLR        |     1440|  2280|   788160|   394080|  320|
+---------------------+---------+------+---------+---------+-----+
|Utilization SLR (%)  |        0|     0|       ~0|        5|    0|
+---------------------+---------+------+---------+---------+-----+
|Available            |     4320|  6840|  2364480|  1182240|  960|
+---------------------+---------+------+---------+---------+-----+
|Utilization (%)      |        0|     0|       ~0|        1|    0|
+---------------------+---------+------+---------+---------+-----+

+ Detail: 
    * Instance: 
    +---------------------------+---------------------+---------+----+---+-----+-----+
    |          Instance         |        Module       | BRAM_18K| DSP| FF| LUT | URAM|
    +---------------------------+---------------------+---------+----+---+-----+-----+
    |mul_10ns_5ns_14_1_1_U4979  |mul_10ns_5ns_14_1_1  |        0|   0|  0|   62|    0|
    |mul_10ns_5ns_14_1_1_U5010  |mul_10ns_5ns_14_1_1  |        0|   0|  0|   62|    0|
    |mul_10ns_5ns_14_1_1_U5011  |mul_10ns_5ns_14_1_1  |        0|   0|  0|   62|    0|
    |mul_10ns_5ns_14_1_1_U5012  |mul_10ns_5ns_14_1_1  |        0|   0|  0|   62|    0|
    |mul_10ns_5ns_14_1_1_U5018  |mul_10ns_5ns_14_1_1  |        0|   0|  0|   62|    0|
    |mul_10ns_5ns_14_1_1_U5019  |mul_10ns_5ns_14_1_1  |        0|   0|  0|   62|    0|
    |mul_10ns_5ns_14_1_1_U5022  |mul_10ns_5ns_14_1_1  |        0|   0|  0|   62|    0|
    |mul_10ns_5ns_14_1_1_U5037  |mul_10ns_5ns_14_1_1  |        0|   0|  0|   62|    0|
    |mul_10ns_5ns_14_1_1_U5060  |mul_10ns_5ns_14_1_1  |        0|   0|  0|   62|    0|
    |mul_10ns_5ns_14_1_1_U5064  |mul_10ns_5ns_14_1_1  |        0|   0|  0|   62|    0|
    |mul_10ns_5s_15_1_1_U5036   |mul_10ns_5s_15_1_1   |        0|   0|  0|   62|    0|
    |mul_10ns_5s_15_1_1_U5062   |mul_10ns_5s_15_1_1   |        0|   0|  0|   62|    0|
    |mul_10ns_5s_15_1_1_U5084   |mul_10ns_5s_15_1_1   |        0|   0|  0|   62|    0|
    |mul_10ns_5s_15_1_1_U5136   |mul_10ns_5s_15_1_1   |        0|   0|  0|   62|    0|
    |mul_10ns_6ns_15_1_1_U4978  |mul_10ns_6ns_15_1_1  |        0|   0|  0|   62|    0|
    |mul_10ns_6ns_15_1_1_U4980  |mul_10ns_6ns_15_1_1  |        0|   0|  0|   62|    0|
    |mul_10ns_6ns_15_1_1_U4997  |mul_10ns_6ns_15_1_1  |        0|   0|  0|   62|    0|
    |mul_10ns_6ns_15_1_1_U5004  |mul_10ns_6ns_15_1_1  |        0|   0|  0|   62|    0|
    |mul_10ns_6ns_15_1_1_U5016  |mul_10ns_6ns_15_1_1  |        0|   0|  0|   62|    0|
    |mul_10ns_6ns_15_1_1_U5027  |mul_10ns_6ns_15_1_1  |        0|   0|  0|   62|    0|
    |mul_10ns_6ns_15_1_1_U5042  |mul_10ns_6ns_15_1_1  |        0|   0|  0|   62|    0|
    |mul_10ns_6ns_15_1_1_U5056  |mul_10ns_6ns_15_1_1  |        0|   0|  0|   62|    0|
    |mul_10ns_6ns_15_1_1_U5088  |mul_10ns_6ns_15_1_1  |        0|   0|  0|   62|    0|
    |mul_10ns_6ns_15_1_1_U5091  |mul_10ns_6ns_15_1_1  |        0|   0|  0|   62|    0|
    |mul_10ns_6ns_15_1_1_U5097  |mul_10ns_6ns_15_1_1  |        0|   0|  0|   62|    0|
    |mul_10ns_6ns_15_1_1_U5100  |mul_10ns_6ns_15_1_1  |        0|   0|  0|   62|    0|
    |mul_10ns_6ns_15_1_1_U5101  |mul_10ns_6ns_15_1_1  |        0|   0|  0|   62|    0|
    |mul_10ns_6ns_15_1_1_U5107  |mul_10ns_6ns_15_1_1  |        0|   0|  0|   62|    0|
    |mul_10ns_6ns_15_1_1_U5113  |mul_10ns_6ns_15_1_1  |        0|   0|  0|   62|    0|
    |mul_10ns_6ns_15_1_1_U5126  |mul_10ns_6ns_15_1_1  |        0|   0|  0|   62|    0|
    |mul_10ns_6ns_15_1_1_U5133  |mul_10ns_6ns_15_1_1  |        0|   0|  0|   62|    0|
    |mul_10ns_6ns_15_1_1_U5144  |mul_10ns_6ns_15_1_1  |        0|   0|  0|   62|    0|
    |mul_10ns_6ns_15_1_1_U5147  |mul_10ns_6ns_15_1_1  |        0|   0|  0|   62|    0|
    |mul_10ns_6ns_15_1_1_U5149  |mul_10ns_6ns_15_1_1  |        0|   0|  0|   62|    0|
    |mul_10ns_6s_16_1_1_U4981   |mul_10ns_6s_16_1_1   |        0|   0|  0|   62|    0|
    |mul_10ns_6s_16_1_1_U4991   |mul_10ns_6s_16_1_1   |        0|   0|  0|   62|    0|
    |mul_10ns_6s_16_1_1_U4999   |mul_10ns_6s_16_1_1   |        0|   0|  0|   62|    0|
    |mul_10ns_6s_16_1_1_U5002   |mul_10ns_6s_16_1_1   |        0|   0|  0|   62|    0|
    |mul_10ns_6s_16_1_1_U5013   |mul_10ns_6s_16_1_1   |        0|   0|  0|   62|    0|
    |mul_10ns_6s_16_1_1_U5015   |mul_10ns_6s_16_1_1   |        0|   0|  0|   62|    0|
    |mul_10ns_6s_16_1_1_U5033   |mul_10ns_6s_16_1_1   |        0|   0|  0|   62|    0|
    |mul_10ns_6s_16_1_1_U5034   |mul_10ns_6s_16_1_1   |        0|   0|  0|   62|    0|
    |mul_10ns_6s_16_1_1_U5040   |mul_10ns_6s_16_1_1   |        0|   0|  0|   62|    0|
    |mul_10ns_6s_16_1_1_U5057   |mul_10ns_6s_16_1_1   |        0|   0|  0|   62|    0|
    |mul_10ns_6s_16_1_1_U5076   |mul_10ns_6s_16_1_1   |        0|   0|  0|   62|    0|
    |mul_10ns_6s_16_1_1_U5089   |mul_10ns_6s_16_1_1   |        0|   0|  0|   62|    0|
    |mul_10ns_6s_16_1_1_U5093   |mul_10ns_6s_16_1_1   |        0|   0|  0|   62|    0|
    |mul_10ns_6s_16_1_1_U5098   |mul_10ns_6s_16_1_1   |        0|   0|  0|   62|    0|
    |mul_10ns_6s_16_1_1_U5099   |mul_10ns_6s_16_1_1   |        0|   0|  0|   62|    0|
    |mul_10ns_6s_16_1_1_U5104   |mul_10ns_6s_16_1_1   |        0|   0|  0|   62|    0|
    |mul_10ns_6s_16_1_1_U5106   |mul_10ns_6s_16_1_1   |        0|   0|  0|   62|    0|
    |mul_10ns_6s_16_1_1_U5110   |mul_10ns_6s_16_1_1   |        0|   0|  0|   62|    0|
    |mul_10ns_6s_16_1_1_U5118   |mul_10ns_6s_16_1_1   |        0|   0|  0|   62|    0|
    |mul_10ns_6s_16_1_1_U5125   |mul_10ns_6s_16_1_1   |        0|   0|  0|   62|    0|
    |mul_10ns_6s_16_1_1_U5137   |mul_10ns_6s_16_1_1   |        0|   0|  0|   62|    0|
    |mul_10ns_7ns_16_1_1_U4983  |mul_10ns_7ns_16_1_1  |        0|   0|  0|   62|    0|
    |mul_10ns_7ns_16_1_1_U4988  |mul_10ns_7ns_16_1_1  |        0|   0|  0|   62|    0|
    |mul_10ns_7ns_16_1_1_U4989  |mul_10ns_7ns_16_1_1  |        0|   0|  0|   62|    0|
    |mul_10ns_7ns_16_1_1_U4990  |mul_10ns_7ns_16_1_1  |        0|   0|  0|   62|    0|
    |mul_10ns_7ns_16_1_1_U4992  |mul_10ns_7ns_16_1_1  |        0|   0|  0|   62|    0|
    |mul_10ns_7ns_16_1_1_U5007  |mul_10ns_7ns_16_1_1  |        0|   0|  0|   62|    0|
    |mul_10ns_7ns_16_1_1_U5035  |mul_10ns_7ns_16_1_1  |        0|   0|  0|   62|    0|
    |mul_10ns_7ns_16_1_1_U5045  |mul_10ns_7ns_16_1_1  |        0|   0|  0|   62|    0|
    |mul_10ns_7ns_16_1_1_U5047  |mul_10ns_7ns_16_1_1  |        0|   0|  0|   62|    0|
    |mul_10ns_7ns_16_1_1_U5052  |mul_10ns_7ns_16_1_1  |        0|   0|  0|   62|    0|
    |mul_10ns_7ns_16_1_1_U5053  |mul_10ns_7ns_16_1_1  |        0|   0|  0|   62|    0|
    |mul_10ns_7ns_16_1_1_U5054  |mul_10ns_7ns_16_1_1  |        0|   0|  0|   62|    0|
    |mul_10ns_7ns_16_1_1_U5067  |mul_10ns_7ns_16_1_1  |        0|   0|  0|   62|    0|
    |mul_10ns_7ns_16_1_1_U5069  |mul_10ns_7ns_16_1_1  |        0|   0|  0|   62|    0|
    |mul_10ns_7ns_16_1_1_U5070  |mul_10ns_7ns_16_1_1  |        0|   0|  0|   62|    0|
    |mul_10ns_7ns_16_1_1_U5077  |mul_10ns_7ns_16_1_1  |        0|   0|  0|   62|    0|
    |mul_10ns_7ns_16_1_1_U5078  |mul_10ns_7ns_16_1_1  |        0|   0|  0|   62|    0|
    |mul_10ns_7ns_16_1_1_U5085  |mul_10ns_7ns_16_1_1  |        0|   0|  0|   62|    0|
    |mul_10ns_7ns_16_1_1_U5096  |mul_10ns_7ns_16_1_1  |        0|   0|  0|   62|    0|
    |mul_10ns_7ns_16_1_1_U5102  |mul_10ns_7ns_16_1_1  |        0|   0|  0|   62|    0|
    |mul_10ns_7ns_16_1_1_U5109  |mul_10ns_7ns_16_1_1  |        0|   0|  0|   62|    0|
    |mul_10ns_7ns_16_1_1_U5114  |mul_10ns_7ns_16_1_1  |        0|   0|  0|   62|    0|
    |mul_10ns_7ns_16_1_1_U5122  |mul_10ns_7ns_16_1_1  |        0|   0|  0|   62|    0|
    |mul_10ns_7ns_16_1_1_U5123  |mul_10ns_7ns_16_1_1  |        0|   0|  0|   62|    0|
    |mul_10ns_7ns_16_1_1_U5128  |mul_10ns_7ns_16_1_1  |        0|   0|  0|   62|    0|
    |mul_10ns_7ns_16_1_1_U5129  |mul_10ns_7ns_16_1_1  |        0|   0|  0|   62|    0|
    |mul_10ns_7ns_16_1_1_U5130  |mul_10ns_7ns_16_1_1  |        0|   0|  0|   62|    0|
    |mul_10ns_7ns_16_1_1_U5135  |mul_10ns_7ns_16_1_1  |        0|   0|  0|   62|    0|
    |mul_10ns_7ns_16_1_1_U5140  |mul_10ns_7ns_16_1_1  |        0|   0|  0|   62|    0|
    |mul_10ns_7ns_16_1_1_U5141  |mul_10ns_7ns_16_1_1  |        0|   0|  0|   62|    0|
    |mul_10ns_7ns_16_1_1_U5148  |mul_10ns_7ns_16_1_1  |        0|   0|  0|   62|    0|
    |mul_10ns_7ns_16_1_1_U5151  |mul_10ns_7ns_16_1_1  |        0|   0|  0|   62|    0|
    |mul_10ns_7s_17_1_1_U4976   |mul_10ns_7s_17_1_1   |        0|   0|  0|   62|    0|
    |mul_10ns_7s_17_1_1_U4982   |mul_10ns_7s_17_1_1   |        0|   0|  0|   62|    0|
    |mul_10ns_7s_17_1_1_U4984   |mul_10ns_7s_17_1_1   |        0|   0|  0|   62|    0|
    |mul_10ns_7s_17_1_1_U4993   |mul_10ns_7s_17_1_1   |        0|   0|  0|   62|    0|
    |mul_10ns_7s_17_1_1_U4995   |mul_10ns_7s_17_1_1   |        0|   0|  0|   62|    0|
    |mul_10ns_7s_17_1_1_U4998   |mul_10ns_7s_17_1_1   |        0|   0|  0|   62|    0|
    |mul_10ns_7s_17_1_1_U5017   |mul_10ns_7s_17_1_1   |        0|   0|  0|   62|    0|
    |mul_10ns_7s_17_1_1_U5026   |mul_10ns_7s_17_1_1   |        0|   0|  0|   62|    0|
    |mul_10ns_7s_17_1_1_U5028   |mul_10ns_7s_17_1_1   |        0|   0|  0|   62|    0|
    |mul_10ns_7s_17_1_1_U5032   |mul_10ns_7s_17_1_1   |        0|   0|  0|   62|    0|
    |mul_10ns_7s_17_1_1_U5038   |mul_10ns_7s_17_1_1   |        0|   0|  0|   62|    0|
    |mul_10ns_7s_17_1_1_U5039   |mul_10ns_7s_17_1_1   |        0|   0|  0|   62|    0|
    |mul_10ns_7s_17_1_1_U5041   |mul_10ns_7s_17_1_1   |        0|   0|  0|   62|    0|
    |mul_10ns_7s_17_1_1_U5044   |mul_10ns_7s_17_1_1   |        0|   0|  0|   62|    0|
    |mul_10ns_7s_17_1_1_U5049   |mul_10ns_7s_17_1_1   |        0|   0|  0|   62|    0|
    |mul_10ns_7s_17_1_1_U5050   |mul_10ns_7s_17_1_1   |        0|   0|  0|   62|    0|
    |mul_10ns_7s_17_1_1_U5055   |mul_10ns_7s_17_1_1   |        0|   0|  0|   62|    0|
    |mul_10ns_7s_17_1_1_U5063   |mul_10ns_7s_17_1_1   |        0|   0|  0|   62|    0|
    |mul_10ns_7s_17_1_1_U5066   |mul_10ns_7s_17_1_1   |        0|   0|  0|   62|    0|
    |mul_10ns_7s_17_1_1_U5071   |mul_10ns_7s_17_1_1   |        0|   0|  0|   62|    0|
    |mul_10ns_7s_17_1_1_U5075   |mul_10ns_7s_17_1_1   |        0|   0|  0|   62|    0|
    |mul_10ns_7s_17_1_1_U5079   |mul_10ns_7s_17_1_1   |        0|   0|  0|   62|    0|
    |mul_10ns_7s_17_1_1_U5080   |mul_10ns_7s_17_1_1   |        0|   0|  0|   62|    0|
    |mul_10ns_7s_17_1_1_U5087   |mul_10ns_7s_17_1_1   |        0|   0|  0|   62|    0|
    |mul_10ns_7s_17_1_1_U5090   |mul_10ns_7s_17_1_1   |        0|   0|  0|   62|    0|
    |mul_10ns_7s_17_1_1_U5105   |mul_10ns_7s_17_1_1   |        0|   0|  0|   62|    0|
    |mul_10ns_7s_17_1_1_U5111   |mul_10ns_7s_17_1_1   |        0|   0|  0|   62|    0|
    |mul_10ns_7s_17_1_1_U5115   |mul_10ns_7s_17_1_1   |        0|   0|  0|   62|    0|
    |mul_10ns_7s_17_1_1_U5116   |mul_10ns_7s_17_1_1   |        0|   0|  0|   62|    0|
    |mul_10ns_7s_17_1_1_U5121   |mul_10ns_7s_17_1_1   |        0|   0|  0|   62|    0|
    |mul_10ns_7s_17_1_1_U5134   |mul_10ns_7s_17_1_1   |        0|   0|  0|   62|    0|
    |mul_10ns_7s_17_1_1_U5142   |mul_10ns_7s_17_1_1   |        0|   0|  0|   62|    0|
    |mul_10ns_7s_17_1_1_U5152   |mul_10ns_7s_17_1_1   |        0|   0|  0|   62|    0|
    |mul_10ns_7s_17_1_1_U5153   |mul_10ns_7s_17_1_1   |        0|   0|  0|   62|    0|
    |mul_10ns_8ns_17_1_1_U4985  |mul_10ns_8ns_17_1_1  |        0|   0|  0|   62|    0|
    |mul_10ns_8ns_17_1_1_U4986  |mul_10ns_8ns_17_1_1  |        0|   0|  0|   62|    0|
    |mul_10ns_8ns_17_1_1_U4996  |mul_10ns_8ns_17_1_1  |        0|   0|  0|   62|    0|
    |mul_10ns_8ns_17_1_1_U5000  |mul_10ns_8ns_17_1_1  |        0|   0|  0|   62|    0|
    |mul_10ns_8ns_17_1_1_U5008  |mul_10ns_8ns_17_1_1  |        0|   0|  0|   62|    0|
    |mul_10ns_8ns_17_1_1_U5009  |mul_10ns_8ns_17_1_1  |        0|   0|  0|   62|    0|
    |mul_10ns_8ns_17_1_1_U5025  |mul_10ns_8ns_17_1_1  |        0|   0|  0|   62|    0|
    |mul_10ns_8ns_17_1_1_U5051  |mul_10ns_8ns_17_1_1  |        0|   0|  0|   62|    0|
    |mul_10ns_8ns_17_1_1_U5058  |mul_10ns_8ns_17_1_1  |        0|   0|  0|   62|    0|
    |mul_10ns_8ns_17_1_1_U5059  |mul_10ns_8ns_17_1_1  |        0|   0|  0|   62|    0|
    |mul_10ns_8ns_17_1_1_U5061  |mul_10ns_8ns_17_1_1  |        0|   0|  0|   62|    0|
    |mul_10ns_8ns_17_1_1_U5072  |mul_10ns_8ns_17_1_1  |        0|   0|  0|   62|    0|
    |mul_10ns_8ns_17_1_1_U5073  |mul_10ns_8ns_17_1_1  |        0|   0|  0|   62|    0|
    |mul_10ns_8ns_17_1_1_U5081  |mul_10ns_8ns_17_1_1  |        0|   0|  0|   62|    0|
    |mul_10ns_8ns_17_1_1_U5095  |mul_10ns_8ns_17_1_1  |        0|   0|  0|   62|    0|
    |mul_10ns_8ns_17_1_1_U5103  |mul_10ns_8ns_17_1_1  |        0|   0|  0|   62|    0|
    |mul_10ns_8ns_17_1_1_U5127  |mul_10ns_8ns_17_1_1  |        0|   0|  0|   62|    0|
    |mul_10ns_8ns_17_1_1_U5138  |mul_10ns_8ns_17_1_1  |        0|   0|  0|   62|    0|
    |mul_10ns_8ns_17_1_1_U5145  |mul_10ns_8ns_17_1_1  |        0|   0|  0|   62|    0|
    |mul_10ns_8s_18_1_1_U4977   |mul_10ns_8s_18_1_1   |        0|   0|  0|   62|    0|
    |mul_10ns_8s_18_1_1_U4987   |mul_10ns_8s_18_1_1   |        0|   0|  0|   62|    0|
    |mul_10ns_8s_18_1_1_U5001   |mul_10ns_8s_18_1_1   |        0|   0|  0|   62|    0|
    |mul_10ns_8s_18_1_1_U5005   |mul_10ns_8s_18_1_1   |        0|   0|  0|   62|    0|
    |mul_10ns_8s_18_1_1_U5014   |mul_10ns_8s_18_1_1   |        0|   0|  0|   62|    0|
    |mul_10ns_8s_18_1_1_U5023   |mul_10ns_8s_18_1_1   |        0|   0|  0|   62|    0|
    |mul_10ns_8s_18_1_1_U5024   |mul_10ns_8s_18_1_1   |        0|   0|  0|   62|    0|
    |mul_10ns_8s_18_1_1_U5043   |mul_10ns_8s_18_1_1   |        0|   0|  0|   62|    0|
    |mul_10ns_8s_18_1_1_U5048   |mul_10ns_8s_18_1_1   |        0|   0|  0|   62|    0|
    |mul_10ns_8s_18_1_1_U5065   |mul_10ns_8s_18_1_1   |        0|   0|  0|   62|    0|
    |mul_10ns_8s_18_1_1_U5074   |mul_10ns_8s_18_1_1   |        0|   0|  0|   62|    0|
    |mul_10ns_8s_18_1_1_U5083   |mul_10ns_8s_18_1_1   |        0|   0|  0|   62|    0|
    |mul_10ns_8s_18_1_1_U5094   |mul_10ns_8s_18_1_1   |        0|   0|  0|   62|    0|
    |mul_10ns_8s_18_1_1_U5117   |mul_10ns_8s_18_1_1   |        0|   0|  0|   62|    0|
    |mul_10ns_8s_18_1_1_U5119   |mul_10ns_8s_18_1_1   |        0|   0|  0|   62|    0|
    |mul_10ns_8s_18_1_1_U5120   |mul_10ns_8s_18_1_1   |        0|   0|  0|   62|    0|
    |mul_10ns_8s_18_1_1_U5131   |mul_10ns_8s_18_1_1   |        0|   0|  0|   62|    0|
    |mul_10ns_8s_18_1_1_U5139   |mul_10ns_8s_18_1_1   |        0|   0|  0|   62|    0|
    |mul_10ns_8s_18_1_1_U5146   |mul_10ns_8s_18_1_1   |        0|   0|  0|   62|    0|
    |mul_10ns_8s_18_1_1_U5150   |mul_10ns_8s_18_1_1   |        0|   0|  0|   62|    0|
    |mul_10ns_9ns_18_1_1_U4994  |mul_10ns_9ns_18_1_1  |        0|   0|  0|   62|    0|
    |mul_10ns_9ns_18_1_1_U5003  |mul_10ns_9ns_18_1_1  |        0|   0|  0|   62|    0|
    |mul_10ns_9ns_18_1_1_U5020  |mul_10ns_9ns_18_1_1  |        0|   0|  0|   62|    0|
    |mul_10ns_9ns_18_1_1_U5030  |mul_10ns_9ns_18_1_1  |        0|   0|  0|   62|    0|
    |mul_10ns_9ns_18_1_1_U5031  |mul_10ns_9ns_18_1_1  |        0|   0|  0|   62|    0|
    |mul_10ns_9ns_18_1_1_U5046  |mul_10ns_9ns_18_1_1  |        0|   0|  0|   62|    0|
    |mul_10ns_9ns_18_1_1_U5068  |mul_10ns_9ns_18_1_1  |        0|   0|  0|   62|    0|
    |mul_10ns_9ns_18_1_1_U5082  |mul_10ns_9ns_18_1_1  |        0|   0|  0|   62|    0|
    |mul_10ns_9ns_18_1_1_U5086  |mul_10ns_9ns_18_1_1  |        0|   0|  0|   62|    0|
    |mul_10ns_9ns_18_1_1_U5112  |mul_10ns_9ns_18_1_1  |        0|   0|  0|   62|    0|
    |mul_10ns_9ns_18_1_1_U5124  |mul_10ns_9ns_18_1_1  |        0|   0|  0|   62|    0|
    |mul_10ns_9ns_18_1_1_U5132  |mul_10ns_9ns_18_1_1  |        0|   0|  0|   62|    0|
    |mul_10ns_9ns_18_1_1_U5143  |mul_10ns_9ns_18_1_1  |        0|   0|  0|   62|    0|
    |mul_10ns_9s_19_1_1_U5006   |mul_10ns_9s_19_1_1   |        0|   0|  0|   62|    0|
    |mul_10ns_9s_19_1_1_U5021   |mul_10ns_9s_19_1_1   |        0|   0|  0|   62|    0|
    |mul_10ns_9s_19_1_1_U5029   |mul_10ns_9s_19_1_1   |        0|   0|  0|   62|    0|
    |mul_10ns_9s_19_1_1_U5092   |mul_10ns_9s_19_1_1   |        0|   0|  0|   62|    0|
    |mul_10ns_9s_19_1_1_U5108   |mul_10ns_9s_19_1_1   |        0|   0|  0|   62|    0|
    +---------------------------+---------------------+---------+----+---+-----+-----+
    |Total                      |                     |        0|   0|  0|11036|    0|
    +---------------------------+---------------------+---------+----+---+-----+-----+

    * DSP: 
    N/A

    * Memory: 
    N/A

    * FIFO: 
    N/A

    * Expression: 
    +----------------------------------+----------+----+---+-----+------------+------------+
    |           Variable Name          | Operation| DSP| FF| LUT | Bitwidth P0| Bitwidth P1|
    +----------------------------------+----------+----+---+-----+------------+------------+
    |add_ln42_36_fu_257103_p2          |         +|   0|  0|   20|          13|          13|
    |add_ln42_37_fu_257909_p2          |         +|   0|  0|   23|          16|          16|
    |add_ln42_38_fu_258308_p2          |         +|   0|  0|   22|          15|          15|
    |add_ln42_39_fu_258668_p2          |         +|   0|  0|   22|          15|          15|
    |add_ln42_40_fu_258703_p2          |         +|   0|  0|   20|          13|          13|
    |add_ln42_41_fu_259074_p2          |         +|   0|  0|   23|          16|          16|
    |add_ln42_42_fu_259251_p2          |         +|   0|  0|   24|          17|          17|
    |add_ln42_43_fu_259343_p2          |         +|   0|  0|   23|          16|          16|
    |add_ln42_44_fu_259409_p2          |         +|   0|  0|   22|          15|          15|
    |add_ln42_45_fu_259681_p2          |         +|   0|  0|   22|          15|          15|
    |add_ln42_46_fu_259719_p2          |         +|   0|  0|   23|          16|          16|
    |add_ln42_47_fu_264376_p2          |         +|   0|  0|   23|          16|          16|
    |add_ln42_48_fu_260441_p2          |         +|   0|  0|   21|          14|          14|
    |add_ln42_49_fu_260576_p2          |         +|   0|  0|   21|          14|          14|
    |add_ln42_50_fu_260762_p2          |         +|   0|  0|   23|          16|          16|
    |add_ln42_51_fu_260911_p2          |         +|   0|  0|   24|          17|          17|
    |add_ln42_52_fu_261100_p2          |         +|   0|  0|   21|          14|          14|
    |add_ln42_53_fu_261430_p2          |         +|   0|  0|   21|          14|          14|
    |add_ln42_54_fu_261686_p2          |         +|   0|  0|   24|          17|          17|
    |add_ln42_55_fu_262126_p2          |         +|   0|  0|   20|          13|          13|
    |add_ln42_56_fu_264750_p2          |         +|   0|  0|   22|          15|          15|
    |add_ln42_57_fu_262457_p2          |         +|   0|  0|   22|          15|          15|
    |add_ln42_58_fu_262653_p2          |         +|   0|  0|   21|          14|          14|
    |add_ln42_59_fu_262700_p2          |         +|   0|  0|   20|          13|          13|
    |add_ln42_60_fu_262761_p2          |         +|   0|  0|   24|          17|          17|
    |add_ln42_61_fu_263059_p2          |         +|   0|  0|   24|          17|          17|
    |add_ln42_62_fu_263132_p2          |         +|   0|  0|   24|          17|          17|
    |add_ln42_63_fu_263275_p2          |         +|   0|  0|   22|          15|          15|
    |add_ln42_64_fu_263312_p2          |         +|   0|  0|   21|          14|          14|
    |add_ln42_65_fu_264921_p2          |         +|   0|  0|   25|          18|          18|
    |add_ln42_fu_257610_p2             |         +|   0|  0|   23|          16|          16|
    |add_ln58_629_fu_264963_p2         |         +|   0|  0|   19|          12|           8|
    |add_ln58_630_fu_263677_p2         |         +|   0|  0|   17|          10|           5|
    |add_ln58_631_fu_263683_p2         |         +|   0|  0|   16|           9|           9|
    |add_ln58_632_fu_264989_p2         |         +|   0|  0|   19|          12|           6|
    |add_ln58_633_fu_264998_p2         |         +|   0|  0|   20|          13|          13|
    |add_ln58_634_fu_263693_p2         |         +|   0|  0|   18|          10|          10|
    |add_ln58_635_fu_265004_p2         |         +|   0|  0|   20|          13|          13|
    |add_ln58_636_fu_263699_p2         |         +|   0|  0|   18|          10|          10|
    |add_ln58_637_fu_265013_p2         |         +|   0|  0|   17|          10|          10|
    |add_ln58_638_fu_265022_p2         |         +|   0|  0|   18|          11|          11|
    |add_ln58_639_fu_265027_p2         |         +|   0|  0|   16|           9|           9|
    |add_ln58_640_fu_265037_p2         |         +|   0|  0|   17|          10|          10|
    |add_ln58_641_fu_266770_p2         |         +|   0|  0|   19|          12|          12|
    |add_ln58_642_fu_265043_p2         |         +|   0|  0|   21|          14|          14|
    |add_ln58_643_fu_266779_p2         |         +|   0|  0|   16|          15|          15|
    |add_ln58_644_fu_265049_p2         |         +|   0|  0|   20|          13|          13|
    |add_ln58_645_fu_265059_p2         |         +|   0|  0|   20|          13|          13|
    |add_ln58_646_fu_265069_p2         |         +|   0|  0|   21|          14|          14|
    |add_ln58_647_fu_266788_p2         |         +|   0|  0|   16|          15|          15|
    |add_ln58_648_fu_267614_p2         |         +|   0|  0|   16|          16|          16|
    |add_ln58_649_fu_265075_p2         |         +|   0|  0|   19|          12|          12|
    |add_ln58_650_fu_266797_p2         |         +|   0|  0|   17|          13|          13|
    |add_ln58_651_fu_265081_p2         |         +|   0|  0|   18|          11|          11|
    |add_ln58_652_fu_263705_p2         |         +|   0|  0|   17|          10|          10|
    |add_ln58_653_fu_265094_p2         |         +|   0|  0|   19|          12|          12|
    |add_ln58_654_fu_266806_p2         |         +|   0|  0|   17|          13|          13|
    |add_ln58_655_fu_265100_p2         |         +|   0|  0|   15|           8|           7|
    |add_ln58_656_fu_265110_p2         |         +|   0|  0|   18|          10|          10|
    |add_ln58_657_fu_263711_p2         |         +|   0|  0|   15|           8|           8|
    |add_ln58_658_fu_257469_p2         |         +|   0|  0|   13|           6|           6|
    |add_ln58_659_fu_265122_p2         |         +|   0|  0|   16|           9|           9|
    |add_ln58_660_fu_265132_p2         |         +|   0|  0|   18|          10|          10|
    |add_ln58_661_fu_266819_p2         |         +|   0|  0|   21|          14|          14|
    |add_ln58_662_fu_267623_p2         |         +|   0|  0|   16|          16|          16|
    |add_ln58_663_fu_265138_p2         |         +|   0|  0|   18|          11|          11|
    |add_ln58_664_fu_265148_p2         |         +|   0|  0|   19|          12|          12|
    |add_ln58_665_fu_265153_p2         |         +|   0|  0|   17|          10|          10|
    |add_ln58_666_fu_265163_p2         |         +|   0|  0|   19|          12|          12|
    |add_ln58_667_fu_266831_p2         |         +|   0|  0|   20|          13|          13|
    |add_ln58_668_fu_265168_p2         |         +|   0|  0|   16|           9|           9|
    |add_ln58_669_fu_265178_p2         |         +|   0|  0|   17|          10|          10|
    |add_ln58_670_fu_265184_p2         |         +|   0|  0|   20|          13|          13|
    |add_ln58_671_fu_265190_p2         |         +|   0|  0|   20|          13|          13|
    |add_ln58_672_fu_266850_p2         |         +|   0|  0|   16|          14|          14|
    |add_ln58_673_fu_266856_p2         |         +|   0|  0|   16|          14|          14|
    |add_ln58_674_fu_266866_p2         |         +|   0|  0|   22|          15|          15|
    |add_ln58_675_fu_265196_p2         |         +|   0|  0|   20|          13|          13|
    |add_ln58_676_fu_265206_p2         |         +|   0|  0|   21|          14|          14|
    |add_ln58_677_fu_265212_p2         |         +|   0|  0|   19|          12|          12|
    |add_ln58_678_fu_263717_p2         |         +|   0|  0|   19|          12|          12|
    |add_ln58_679_fu_265225_p2         |         +|   0|  0|   20|          13|          13|
    |add_ln58_680_fu_266878_p2         |         +|   0|  0|   16|          15|          15|
    |add_ln58_681_fu_263723_p2         |         +|   0|  0|   17|          10|           9|
    |add_ln58_682_fu_265234_p2         |         +|   0|  0|   18|          11|          11|
    |add_ln58_683_fu_265244_p2         |         +|   0|  0|   18|          10|          10|
    |add_ln58_684_fu_263729_p2         |         +|   0|  0|   15|           8|           8|
    |add_ln58_685_fu_265253_p2         |         +|   0|  0|   18|          10|          10|
    |add_ln58_686_fu_265263_p2         |         +|   0|  0|   20|          13|          13|
    |add_ln58_687_fu_266887_p2         |         +|   0|  0|   16|          15|          15|
    |add_ln58_688_fu_267635_p2         |         +|   0|  0|   23|          16|          16|
    |add_ln58_689_fu_265269_p2         |         +|   0|  0|   18|          11|          11|
    |add_ln58_690_fu_265279_p2         |         +|   0|  0|   19|          12|          12|
    |add_ln58_691_fu_265285_p2         |         +|   0|  0|   17|          12|          12|
    |add_ln58_692_fu_265290_p2         |         +|   0|  0|   17|          12|          12|
    |add_ln58_693_fu_266899_p2         |         +|   0|  0|   20|          13|          13|
    |add_ln58_694_fu_265296_p2         |         +|   0|  0|   17|          10|          10|
    |add_ln58_695_fu_265306_p2         |         +|   0|  0|   19|          12|          12|
    |add_ln58_696_fu_265312_p2         |         +|   0|  0|   20|          13|          13|
    |add_ln58_697_fu_266915_p2         |         +|   0|  0|   16|          14|          14|
    |add_ln58_698_fu_266921_p2         |         +|   0|  0|   16|          14|          14|
    |add_ln58_699_fu_266931_p2         |         +|   0|  0|   22|          15|          15|
    |add_ln58_700_fu_265318_p2         |         +|   0|  0|   19|          12|          12|
    |add_ln58_701_fu_265328_p2         |         +|   0|  0|   20|          13|          13|
    |add_ln58_702_fu_265334_p2         |         +|   0|  0|   18|          11|          11|
    |add_ln58_703_fu_265344_p2         |         +|   0|  0|   19|          12|          12|
    |add_ln58_704_fu_266943_p2         |         +|   0|  0|   16|          14|          14|
    |add_ln58_705_fu_263735_p2         |         +|   0|  0|   17|          11|          11|
    |add_ln58_706_fu_263741_p2         |         +|   0|  0|   17|          11|          11|
    |add_ln58_707_fu_263747_p2         |         +|   0|  0|   16|           9|           8|
    |add_ln58_708_fu_265356_p2         |         +|   0|  0|   18|          10|          10|
    |add_ln58_709_fu_265362_p2         |         +|   0|  0|   18|          10|          10|
    |add_ln58_710_fu_265372_p2         |         +|   0|  0|   19|          12|          12|
    |add_ln58_711_fu_266952_p2         |         +|   0|  0|   16|          14|          14|
    |add_ln58_712_fu_267647_p2         |         +|   0|  0|   23|          16|          16|
    |add_ln58_713_fu_265378_p2         |         +|   0|  0|   18|          11|          11|
    |add_ln58_714_fu_265388_p2         |         +|   0|  0|   17|          12|          12|
    |add_ln58_715_fu_263753_p2         |         +|   0|  0|   17|          10|          10|
    |add_ln58_716_fu_265397_p2         |         +|   0|  0|   18|          11|          11|
    |add_ln58_717_fu_265407_p2         |         +|   0|  0|   17|          12|          12|
    |add_ln58_718_fu_265413_p2         |         +|   0|  0|   18|          10|          10|
    |add_ln58_719_fu_265419_p2         |         +|   0|  0|   18|          10|          10|
    |add_ln58_720_fu_265425_p2         |         +|   0|  0|   20|          13|          13|
    |add_ln58_721_fu_265431_p2         |         +|   0|  0|   20|          13|          13|
    |add_ln58_722_fu_266970_p2         |         +|   0|  0|   16|          14|          14|
    |add_ln58_723_fu_266976_p2         |         +|   0|  0|   16|          14|          14|
    |add_ln58_724_fu_266986_p2         |         +|   0|  0|   22|          15|          15|
    |add_ln58_725_fu_265437_p2         |         +|   0|  0|   19|          12|          12|
    |add_ln58_726_fu_265447_p2         |         +|   0|  0|   20|          13|          13|
    |add_ln58_727_fu_265453_p2         |         +|   0|  0|   18|          11|          11|
    |add_ln58_728_fu_266998_p2         |         +|   0|  0|   19|          12|          12|
    |add_ln58_729_fu_267008_p2         |         +|   0|  0|   21|          14|          14|
    |add_ln58_730_fu_265459_p2         |         +|   0|  0|   18|          11|          11|
    |add_ln58_731_fu_265469_p2         |         +|   0|  0|   19|          12|          12|
    |add_ln58_732_fu_265475_p2         |         +|   0|  0|   17|          11|          11|
    |add_ln58_733_fu_257475_p2         |         +|   0|  0|   14|           7|           7|
    |add_ln58_734_fu_265484_p2         |         +|   0|  0|   17|          11|          11|
    |add_ln58_735_fu_267020_p2         |         +|   0|  0|   20|          13|          13|
    |add_ln58_736_fu_267662_p2         |         +|   0|  0|   22|          15|          15|
    |add_ln58_737_fu_267672_p2         |         +|   0|  0|   23|          16|          16|
    |add_ln58_738_fu_265490_p2         |         +|   0|  0|   19|          12|          12|
    |add_ln58_739_fu_265499_p2         |         +|   0|  0|   20|          13|          13|
    |add_ln58_740_fu_267029_p2         |         +|   0|  0|   17|          13|          13|
    |add_ln58_741_fu_267034_p2         |         +|   0|  0|   17|          13|          13|
    |add_ln58_742_fu_267044_p2         |         +|   0|  0|   21|          14|          14|
    |add_ln58_743_fu_263759_p2         |         +|   0|  0|   15|           8|           8|
    |add_ln58_744_fu_265508_p2         |         +|   0|  0|   16|           9|           9|
    |add_ln58_745_fu_265518_p2         |         +|   0|  0|   19|          12|          12|
    |add_ln58_746_fu_265528_p2         |         +|   0|  0|   17|          13|          13|
    |add_ln58_747_fu_265534_p2         |         +|   0|  0|   17|          13|          13|
    |add_ln58_748_fu_267684_p2         |         +|   0|  0|   22|          15|          15|
    |add_ln58_749_fu_265540_p2         |         +|   0|  0|   18|          11|          11|
    |add_ln58_750_fu_265550_p2         |         +|   0|  0|   19|          12|          12|
    |add_ln58_751_fu_265556_p2         |         +|   0|  0|   18|          11|          11|
    |add_ln58_752_fu_265566_p2         |         +|   0|  0|   19|          12|          12|
    |add_ln58_753_fu_267056_p2         |         +|   0|  0|   17|          13|          13|
    |add_ln58_754_fu_263765_p2         |         +|   0|  0|   15|           8|           8|
    |add_ln58_755_fu_265575_p2         |         +|   0|  0|   17|          10|          10|
    |add_ln58_756_fu_263771_p2         |         +|   0|  0|   18|           9|           9|
    |add_ln58_757_fu_263777_p2         |         +|   0|  0|   18|           9|           9|
    |add_ln58_758_fu_265588_p2         |         +|   0|  0|   18|          11|          11|
    |add_ln58_759_fu_267065_p2         |         +|   0|  0|   17|          13|          13|
    |add_ln58_760_fu_267697_p2         |         +|   0|  0|   23|          16|          16|
    |add_ln58_761_fu_265594_p2         |         +|   0|  0|   18|          11|          11|
    |add_ln58_762_fu_265603_p2         |         +|   0|  0|   19|          12|          12|
    |add_ln58_763_fu_265609_p2         |         +|   0|  0|   18|          11|          11|
    |add_ln58_764_fu_265618_p2         |         +|   0|  0|   19|          12|          12|
    |add_ln58_765_fu_267077_p2         |         +|   0|  0|   20|          13|          13|
    |add_ln58_766_fu_265624_p2         |         +|   0|  0|   19|          12|          12|
    |add_ln58_767_fu_267090_p2         |         +|   0|  0|   17|          13|          13|
    |add_ln58_768_fu_265629_p2         |         +|   0|  0|   18|          11|          11|
    |add_ln58_769_fu_265638_p2         |         +|   0|  0|   16|           9|           9|
    |add_ln58_770_fu_265647_p2         |         +|   0|  0|   19|          12|          12|
    |add_ln58_771_fu_267099_p2         |         +|   0|  0|   17|          13|          13|
    |add_ln58_772_fu_267109_p2         |         +|   0|  0|   21|          14|          14|
    |add_ln58_773_fu_263783_p2         |         +|   0|  0|   20|          13|          13|
    |add_ln58_774_fu_267118_p2         |         +|   0|  0|   16|          14|          14|
    |add_ln58_775_fu_265653_p2         |         +|   0|  0|   18|          11|          11|
    |add_ln58_776_fu_265663_p2         |         +|   0|  0|   19|          12|          12|
    |add_ln58_777_fu_267127_p2         |         +|   0|  0|   16|          14|          14|
    |add_ln58_778_fu_265669_p2         |         +|   0|  0|   18|          11|          11|
    |add_ln58_779_fu_265679_p2         |         +|   0|  0|   17|          12|          12|
    |add_ln58_780_fu_263789_p2         |         +|   0|  0|   18|          10|           8|
    |add_ln58_781_fu_257481_p2         |         +|   0|  0|   13|           6|           6|
    |add_ln58_782_fu_263798_p2         |         +|   0|  0|   18|          10|          10|
    |add_ln58_783_fu_265688_p2         |         +|   0|  0|   17|          12|          12|
    |add_ln58_784_fu_267140_p2         |         +|   0|  0|   22|          15|          15|
    |add_ln58_785_fu_267709_p2         |         +|   0|  0|   23|          16|          16|
    |add_ln58_786_fu_265694_p2         |         +|   0|  0|   18|          11|          11|
    |add_ln58_787_fu_267149_p2         |         +|   0|  0|   17|          12|          12|
    |add_ln58_788_fu_265700_p2         |         +|   0|  0|   17|          10|          10|
    |add_ln58_789_fu_265710_p2         |         +|   0|  0|   18|          11|          11|
    |add_ln58_790_fu_267158_p2         |         +|   0|  0|   17|          12|          12|
    |add_ln58_791_fu_267168_p2         |         +|   0|  0|   17|          13|          13|
    |add_ln58_792_fu_267173_p2         |         +|   0|  0|   17|          13|          13|
    |add_ln58_793_fu_265715_p2         |         +|   0|  0|   19|          12|          12|
    |add_ln58_794_fu_265725_p2         |         +|   0|  0|   20|          13|          13|
    |add_ln58_795_fu_267186_p2         |         +|   0|  0|   16|          15|          15|
    |add_ln58_796_fu_267192_p2         |         +|   0|  0|   16|          15|          15|
    |add_ln58_797_fu_265731_p2         |         +|   0|  0|   18|          11|          11|
    |add_ln58_798_fu_265741_p2         |         +|   0|  0|   19|          12|          12|
    |add_ln58_799_fu_265747_p2         |         +|   0|  0|   18|          11|          11|
    |add_ln58_800_fu_265757_p2         |         +|   0|  0|   19|          12|          12|
    |add_ln58_801_fu_267204_p2         |         +|   0|  0|   20|          13|          13|
    |add_ln58_802_fu_265763_p2         |         +|   0|  0|   18|          11|          11|
    |add_ln58_803_fu_267217_p2         |         +|   0|  0|   17|          12|          12|
    |add_ln58_804_fu_265769_p2         |         +|   0|  0|   17|          10|          10|
    |add_ln58_805_fu_265779_p2         |         +|   0|  0|   16|           9|           9|
    |add_ln58_806_fu_265789_p2         |         +|   0|  0|   18|          11|          11|
    |add_ln58_807_fu_267226_p2         |         +|   0|  0|   17|          12|          12|
    |add_ln58_808_fu_267236_p2         |         +|   0|  0|   21|          14|          14|
    |add_ln58_809_fu_267721_p2         |         +|   0|  0|   23|          16|          16|
    |add_ln58_810_fu_265795_p2         |         +|   0|  0|   17|          12|          12|
    |add_ln58_811_fu_265801_p2         |         +|   0|  0|   17|          12|          12|
    |add_ln58_812_fu_265811_p2         |         +|   0|  0|   17|          12|          12|
    |add_ln58_813_fu_265817_p2         |         +|   0|  0|   17|          12|          12|
    |add_ln58_814_fu_265827_p2         |         +|   0|  0|   20|          13|          13|
    |add_ln58_815_fu_265833_p2         |         +|   0|  0|   20|          13|          13|
    |add_ln58_816_fu_265843_p2         |         +|   0|  0|   21|          14|          14|
    |add_ln58_817_fu_265849_p2         |         +|   0|  0|   20|          13|          13|
    |add_ln58_818_fu_263804_p2         |         +|   0|  0|   19|          12|          12|
    |add_ln58_819_fu_265862_p2         |         +|   0|  0|   21|          14|          14|
    |add_ln58_820_fu_267251_p2         |         +|   0|  0|   22|          15|          15|
    |add_ln58_821_fu_267261_p2         |         +|   0|  0|   16|          16|          16|
    |add_ln58_822_fu_265868_p2         |         +|   0|  0|   19|          12|          12|
    |add_ln58_823_fu_265878_p2         |         +|   0|  0|   20|          13|          13|
    |add_ln58_824_fu_265884_p2         |         +|   0|  0|   19|          12|          12|
    |add_ln58_825_fu_265894_p2         |         +|   0|  0|   20|          13|          13|
    |add_ln58_826_fu_267273_p2         |         +|   0|  0|   16|          14|          14|
    |add_ln58_827_fu_263810_p2         |         +|   0|  0|   18|          11|          11|
    |add_ln58_828_fu_265903_p2         |         +|   0|  0|   19|          12|          12|
    |add_ln58_829_fu_265913_p2         |         +|   0|  0|   17|          11|          11|
    |add_ln58_830_fu_263816_p2         |         +|   0|  0|   16|           9|           9|
    |add_ln58_831_fu_265922_p2         |         +|   0|  0|   17|          11|          11|
    |add_ln58_832_fu_265932_p2         |         +|   0|  0|   20|          13|          13|
    |add_ln58_833_fu_267282_p2         |         +|   0|  0|   16|          14|          14|
    |add_ln58_834_fu_267292_p2         |         +|   0|  0|   16|          16|          16|
    |add_ln58_835_fu_265938_p2         |         +|   0|  0|   19|          12|          12|
    |add_ln58_836_fu_265947_p2         |         +|   0|  0|   17|          13|          13|
    |add_ln58_837_fu_265953_p2         |         +|   0|  0|   17|          11|          11|
    |add_ln58_838_fu_265959_p2         |         +|   0|  0|   17|          11|          11|
    |add_ln58_839_fu_265969_p2         |         +|   0|  0|   17|          13|          13|
    |add_ln58_840_fu_265975_p2         |         +|   0|  0|   18|          11|          11|
    |add_ln58_841_fu_265984_p2         |         +|   0|  0|   19|          12|          12|
    |add_ln58_842_fu_265990_p2         |         +|   0|  0|   17|          10|          10|
    |add_ln58_843_fu_266000_p2         |         +|   0|  0|   16|          14|          14|
    |add_ln58_844_fu_266006_p2         |         +|   0|  0|   16|          14|          14|
    |add_ln58_845_fu_267307_p2         |         +|   0|  0|   16|          15|          15|
    |add_ln58_846_fu_267313_p2         |         +|   0|  0|   16|          15|          15|
    |add_ln58_847_fu_266012_p2         |         +|   0|  0|   18|          11|          11|
    |add_ln58_848_fu_266022_p2         |         +|   0|  0|   19|          12|          12|
    |add_ln58_849_fu_266028_p2         |         +|   0|  0|   18|          11|          11|
    |add_ln58_850_fu_266038_p2         |         +|   0|  0|   19|          12|          12|
    |add_ln58_851_fu_267329_p2         |         +|   0|  0|   17|          13|          13|
    |add_ln58_852_fu_263822_p2         |         +|   0|  0|   16|           9|           9|
    |add_ln58_853_fu_266047_p2         |         +|   0|  0|   17|          10|          10|
    |add_ln58_854_fu_263828_p2         |         +|   0|  0|   18|          10|          10|
    |add_ln58_855_fu_263834_p2         |         +|   0|  0|   14|           7|           7|
    |add_ln58_856_fu_263844_p2         |         +|   0|  0|   18|          10|          10|
    |add_ln58_857_fu_266060_p2         |         +|   0|  0|   18|          11|          11|
    |add_ln58_858_fu_267338_p2         |         +|   0|  0|   17|          13|          13|
    |add_ln58_859_fu_267348_p2         |         +|   0|  0|   23|          16|          16|
    |add_ln58_860_fu_266066_p2         |         +|   0|  0|   18|          11|          11|
    |add_ln58_861_fu_266075_p2         |         +|   0|  0|   19|          12|          12|
    |add_ln58_862_fu_266081_p2         |         +|   0|  0|   18|          11|          11|
    |add_ln58_863_fu_266090_p2         |         +|   0|  0|   19|          12|          12|
    |add_ln58_864_fu_267360_p2         |         +|   0|  0|   20|          13|          13|
    |add_ln58_865_fu_266096_p2         |         +|   0|  0|   16|           9|           9|
    |add_ln58_866_fu_266105_p2         |         +|   0|  0|   18|          11|          11|
    |add_ln58_867_fu_266111_p2         |         +|   0|  0|   21|          14|          14|
    |add_ln58_868_fu_266121_p2         |         +|   0|  0|   20|          13|          13|
    |add_ln58_869_fu_266131_p2         |         +|   0|  0|   22|          15|          15|
    |add_ln58_870_fu_267373_p2         |         +|   0|  0|   16|          15|          15|
    |add_ln58_871_fu_267378_p2         |         +|   0|  0|   16|          15|          15|
    |add_ln58_872_fu_266137_p2         |         +|   0|  0|   19|          12|          12|
    |add_ln58_873_fu_266147_p2         |         +|   0|  0|   20|          13|          13|
    |add_ln58_874_fu_266153_p2         |         +|   0|  0|   19|          12|          12|
    |add_ln58_875_fu_266163_p2         |         +|   0|  0|   19|          12|          12|
    |add_ln58_876_fu_266173_p2         |         +|   0|  0|   20|          13|          13|
    |add_ln58_877_fu_267390_p2         |         +|   0|  0|   21|          14|          14|
    |add_ln58_878_fu_263850_p2         |         +|   0|  0|   18|          11|          11|
    |add_ln58_879_fu_266182_p2         |         +|   0|  0|   17|          12|          12|
    |add_ln58_880_fu_263856_p2         |         +|   0|  0|   16|           9|           9|
    |add_ln58_881_fu_263862_p2         |         +|   0|  0|   16|           9|           6|
    |add_ln58_882_fu_266194_p2         |         +|   0|  0|   17|          10|          10|
    |add_ln58_883_fu_266204_p2         |         +|   0|  0|   17|          12|          12|
    |add_ln58_884_fu_267403_p2         |         +|   0|  0|   22|          15|          15|
    |add_ln58_885_fu_267733_p2         |         +|   0|  0|   23|          16|          16|
    |add_ln58_886_fu_266210_p2         |         +|   0|  0|   20|          13|          13|
    |add_ln58_887_fu_267409_p2         |         +|   0|  0|   17|          13|          13|
    |add_ln58_888_fu_266216_p2         |         +|   0|  0|   16|           9|           9|
    |add_ln58_889_fu_266226_p2         |         +|   0|  0|   17|          10|          10|
    |add_ln58_890_fu_267417_p2         |         +|   0|  0|   17|          13|          13|
    |add_ln58_891_fu_266232_p2         |         +|   0|  0|   19|          12|          12|
    |add_ln58_892_fu_266242_p2         |         +|   0|  0|   21|          14|          14|
    |add_ln58_893_fu_266248_p2         |         +|   0|  0|   19|          12|          12|
    |add_ln58_894_fu_266258_p2         |         +|   0|  0|   18|          11|          11|
    |add_ln58_895_fu_266268_p2         |         +|   0|  0|   20|          13|          13|
    |add_ln58_896_fu_267433_p2         |         +|   0|  0|   16|          15|          15|
    |add_ln58_897_fu_267439_p2         |         +|   0|  0|   16|          15|          15|
    |add_ln58_898_fu_263868_p2         |         +|   0|  0|   16|           9|           9|
    |add_ln58_899_fu_266277_p2         |         +|   0|  0|   18|          11|          11|
    |add_ln58_900_fu_263874_p2         |         +|   0|  0|   17|          10|          10|
    |add_ln58_901_fu_263880_p2         |         +|   0|  0|   16|           9|           9|
    |add_ln58_902_fu_266293_p2         |         +|   0|  0|   18|          11|          11|
    |add_ln58_903_fu_266303_p2         |         +|   0|  0|   19|          12|          12|
    |add_ln58_904_fu_263886_p2         |         +|   0|  0|   18|           9|           9|
    |add_ln58_905_fu_263892_p2         |         +|   0|  0|   18|           9|           9|
    |add_ln58_906_fu_263898_p2         |         +|   0|  0|   15|           8|           8|
    |add_ln58_907_fu_263904_p2         |         +|   0|  0|   15|           8|           8|
    |add_ln58_908_fu_266318_p2         |         +|   0|  0|   16|           9|           9|
    |add_ln58_909_fu_266328_p2         |         +|   0|  0|   17|          10|          10|
    |add_ln58_910_fu_267451_p2         |         +|   0|  0|   20|          13|          13|
    |add_ln58_911_fu_267745_p2         |         +|   0|  0|   23|          16|          16|
    |add_ln58_912_fu_266334_p2         |         +|   0|  0|   17|          12|          12|
    |add_ln58_913_fu_266339_p2         |         +|   0|  0|   17|          12|          12|
    |add_ln58_914_fu_266345_p2         |         +|   0|  0|   16|           9|           9|
    |add_ln58_915_fu_266354_p2         |         +|   0|  0|   17|          10|          10|
    |add_ln58_916_fu_267463_p2         |         +|   0|  0|   20|          13|          13|
    |add_ln58_917_fu_266360_p2         |         +|   0|  0|   20|          13|          13|
    |add_ln58_918_fu_266370_p2         |         +|   0|  0|   21|          14|          14|
    |add_ln58_919_fu_266376_p2         |         +|   0|  0|   19|          12|          12|
    |add_ln58_920_fu_266386_p2         |         +|   0|  0|   20|          13|          13|
    |add_ln58_921_fu_267479_p2         |         +|   0|  0|   16|          15|          15|
    |add_ln58_922_fu_267485_p2         |         +|   0|  0|   16|          15|          15|
    |add_ln58_923_fu_266392_p2         |         +|   0|  0|   19|          12|          12|
    |add_ln58_924_fu_266402_p2         |         +|   0|  0|   20|          13|          13|
    |add_ln58_925_fu_266408_p2         |         +|   0|  0|   18|          11|          11|
    |add_ln58_926_fu_266418_p2         |         +|   0|  0|   19|          12|          12|
    |add_ln58_927_fu_267497_p2         |         +|   0|  0|   16|          14|          14|
    |add_ln58_928_fu_263910_p2         |         +|   0|  0|   17|          10|          10|
    |add_ln58_929_fu_266427_p2         |         +|   0|  0|   17|          11|          11|
    |add_ln58_930_fu_257487_p2         |         +|   0|  0|   14|           7|           7|
    |add_ln58_931_fu_263919_p2         |         +|   0|  0|   15|           8|           8|
    |add_ln58_932_fu_266436_p2         |         +|   0|  0|   17|          11|          11|
    |add_ln58_933_fu_267506_p2         |         +|   0|  0|   16|          14|          14|
    |add_ln58_934_fu_267757_p2         |         +|   0|  0|   23|          16|          16|
    |add_ln58_935_fu_266442_p2         |         +|   0|  0|   17|          12|          12|
    |add_ln58_936_fu_266448_p2         |         +|   0|  0|   17|          12|          12|
    |add_ln58_937_fu_266458_p2         |         +|   0|  0|   17|          12|          12|
    |add_ln58_938_fu_266464_p2         |         +|   0|  0|   17|          12|          12|
    |add_ln58_939_fu_266474_p2         |         +|   0|  0|   20|          13|          13|
    |add_ln58_940_fu_266480_p2         |         +|   0|  0|   17|          13|          13|
    |add_ln58_941_fu_266486_p2         |         +|   0|  0|   17|          13|          13|
    |add_ln58_942_fu_266492_p2         |         +|   0|  0|   19|          12|          12|
    |add_ln58_943_fu_266502_p2         |         +|   0|  0|   19|          12|          12|
    |add_ln58_944_fu_266512_p2         |         +|   0|  0|   20|          13|          13|
    |add_ln58_945_fu_267521_p2         |         +|   0|  0|   21|          14|          14|
    |add_ln58_946_fu_267531_p2         |         +|   0|  0|   22|          15|          15|
    |add_ln58_947_fu_263925_p2         |         +|   0|  0|   19|          12|          12|
    |add_ln58_948_fu_266521_p2         |         +|   0|  0|   17|          13|          13|
    |add_ln58_949_fu_263931_p2         |         +|   0|  0|   18|          11|          11|
    |add_ln58_950_fu_266530_p2         |         +|   0|  0|   19|          12|          12|
    |add_ln58_951_fu_266540_p2         |         +|   0|  0|   17|          13|          13|
    |add_ln58_952_fu_266546_p2         |         +|   0|  0|   18|          11|          11|
    |add_ln58_953_fu_266556_p2         |         +|   0|  0|   19|          12|          12|
    |add_ln58_954_fu_266562_p2         |         +|   0|  0|   18|          11|          11|
    |add_ln58_955_fu_263937_p2         |         +|   0|  0|   18|          11|          11|
    |add_ln58_956_fu_266575_p2         |         +|   0|  0|   19|          12|          12|
    |add_ln58_957_fu_267546_p2         |         +|   0|  0|   20|          13|          13|
    |add_ln58_958_fu_267556_p2         |         +|   0|  0|   21|          14|          14|
    |add_ln58_959_fu_267769_p2         |         +|   0|  0|   23|          16|          16|
    |add_ln58_960_fu_266581_p2         |         +|   0|  0|   17|          13|          13|
    |add_ln58_961_fu_266587_p2         |         +|   0|  0|   17|          13|          13|
    |add_ln58_962_fu_266597_p2         |         +|   0|  0|   17|          11|          11|
    |add_ln58_963_fu_266603_p2         |         +|   0|  0|   17|          11|          11|
    |add_ln58_964_fu_266613_p2         |         +|   0|  0|   21|          14|          14|
    |add_ln58_965_fu_266619_p2         |         +|   0|  0|   16|           9|           9|
    |add_ln58_966_fu_266628_p2         |         +|   0|  0|   17|          10|          10|
    |add_ln58_967_fu_266633_p2         |         +|   0|  0|   19|          12|          12|
    |add_ln58_968_fu_266643_p2         |         +|   0|  0|   19|          12|          12|
    |add_ln58_969_fu_266653_p2         |         +|   0|  0|   20|          13|          13|
    |add_ln58_970_fu_267571_p2         |         +|   0|  0|   21|          14|          14|
    |add_ln58_971_fu_267581_p2         |         +|   0|  0|   22|          15|          15|
    |add_ln58_972_fu_266659_p2         |         +|   0|  0|   18|          11|          11|
    |add_ln58_973_fu_266669_p2         |         +|   0|  0|   19|          12|          12|
    |add_ln58_974_fu_263943_p2         |         +|   0|  0|   17|          10|          10|
    |add_ln58_975_fu_266678_p2         |         +|   0|  0|   18|          11|          11|
    |add_ln58_976_fu_267593_p2         |         +|   0|  0|   17|          13|          13|
    |add_ln58_977_fu_266684_p2         |         +|   0|  0|   17|          10|          10|
    |add_ln58_978_fu_266694_p2         |         +|   0|  0|   17|          11|          11|
    |add_ln58_979_fu_266700_p2         |         +|   0|  0|   18|           9|           9|
    |add_ln58_980_fu_263949_p2         |         +|   0|  0|   13|           6|           6|
    |add_ln58_981_fu_266709_p2         |         +|   0|  0|   18|           9|           9|
    |add_ln58_982_fu_266719_p2         |         +|   0|  0|   17|          11|          11|
    |add_ln58_983_fu_267602_p2         |         +|   0|  0|   17|          13|          13|
    |add_ln58_984_fu_267781_p2         |         +|   0|  0|   23|          16|          16|
    |add_ln58_fu_264953_p2             |         +|   0|  0|   18|          11|           7|
    |sub_ln73_165_fu_257087_p2         |         -|   0|  0|   20|          13|          13|
    |sub_ln73_166_fu_257522_p2         |         -|   0|  0|   21|          14|          14|
    |sub_ln73_167_fu_257584_p2         |         -|   0|  0|   23|          16|          16|
    |sub_ln73_168_fu_257642_p2         |         -|   0|  0|   21|          14|          14|
    |sub_ln73_169_fu_257131_p2         |         -|   0|  0|   22|          15|          15|
    |sub_ln73_170_fu_257709_p2         |         -|   0|  0|   22|           1|          15|
    |sub_ln73_171_fu_257719_p2         |         -|   0|  0|   22|          15|          15|
    |sub_ln73_172_fu_257780_p2         |         -|   0|  0|   24|           1|          17|
    |sub_ln73_173_fu_257794_p2         |         -|   0|  0|   25|          18|          18|
    |sub_ln73_174_fu_257842_p2         |         -|   0|  0|   23|          16|          16|
    |sub_ln73_175_fu_257883_p2         |         -|   0|  0|   24|          17|          17|
    |sub_ln73_176_fu_257925_p2         |         -|   0|  0|   23|          16|          16|
    |sub_ln73_177_fu_258058_p2         |         -|   0|  0|   22|          15|          15|
    |sub_ln73_178_fu_258095_p2         |         -|   0|  0|   21|          14|          14|
    |sub_ln73_179_fu_258215_p2         |         -|   0|  0|   21|          14|          14|
    |sub_ln73_180_fu_258246_p2         |         -|   0|  0|   24|           1|          17|
    |sub_ln73_181_fu_258256_p2         |         -|   0|  0|   25|          18|          18|
    |sub_ln73_182_fu_258334_p2         |         -|   0|  0|   22|           1|          15|
    |sub_ln73_183_fu_258344_p2         |         -|   0|  0|   23|          16|          16|
    |sub_ln73_184_fu_258380_p2         |         -|   0|  0|   21|          14|          14|
    |sub_ln73_185_fu_258411_p2         |         -|   0|  0|   23|          16|          16|
    |sub_ln73_186_fu_258465_p2         |         -|   0|  0|   22|          15|          15|
    |sub_ln73_187_fu_258502_p2         |         -|   0|  0|   20|          13|          13|
    |sub_ln73_188_fu_264109_p2         |         -|   0|  0|   23|          16|          16|
    |sub_ln73_189_fu_258733_p2         |         -|   0|  0|   22|          15|          15|
    |sub_ln73_190_fu_258760_p2         |         -|   0|  0|   24|          17|          17|
    |sub_ln73_191_fu_258791_p2         |         -|   0|  0|   21|          14|          14|
    |sub_ln73_192_fu_258807_p2         |         -|   0|  0|   20|          13|          13|
    |sub_ln73_193_fu_258827_p2         |         -|   0|  0|   24|          17|          17|
    |sub_ln73_194_fu_258920_p2         |         -|   0|  0|   23|          16|          16|
    |sub_ln73_195_fu_258990_p2         |         -|   0|  0|   25|          18|          18|
    |sub_ln73_196_fu_259017_p2         |         -|   0|  0|   20|          13|          13|
    |sub_ln73_197_fu_259048_p2         |         -|   0|  0|   25|          18|          18|
    |sub_ln73_198_fu_259126_p2         |         -|   0|  0|   22|          15|          15|
    |sub_ln73_199_fu_259221_p2         |         -|   0|  0|   24|          17|          17|
    |sub_ln73_200_fu_259385_p2         |         -|   0|  0|   22|          15|          15|
    |sub_ln73_201_fu_259444_p2         |         -|   0|  0|   20|          13|          13|
    |sub_ln73_202_fu_259474_p2         |         -|   0|  0|   23|           1|          16|
    |sub_ln73_203_fu_259484_p2         |         -|   0|  0|   24|          17|          17|
    |sub_ln73_204_fu_259500_p2         |         -|   0|  0|   22|           1|          15|
    |sub_ln73_205_fu_259510_p2         |         -|   0|  0|   23|          16|          16|
    |sub_ln73_206_fu_259557_p2         |         -|   0|  0|   24|          17|          17|
    |sub_ln73_207_fu_259738_p2         |         -|   0|  0|   22|           1|          15|
    |sub_ln73_208_fu_259758_p2         |         -|   0|  0|   20|           1|          13|
    |sub_ln73_209_fu_259788_p2         |         -|   0|  0|   23|          16|          16|
    |sub_ln73_210_fu_259900_p2         |         -|   0|  0|   25|          18|          18|
    |sub_ln73_211_fu_259962_p2         |         -|   0|  0|   23|          16|          16|
    |sub_ln73_212_fu_259978_p2         |         -|   0|  0|   23|           1|          16|
    |sub_ln73_213_fu_259988_p2         |         -|   0|  0|   24|          17|          17|
    |sub_ln73_214_fu_260014_p2         |         -|   0|  0|   22|           1|          15|
    |sub_ln73_215_fu_260035_p2         |         -|   0|  0|   23|          16|          16|
    |sub_ln73_216_fu_260114_p2         |         -|   0|  0|   24|           1|          17|
    |sub_ln73_217_fu_260143_p2         |         -|   0|  0|   25|          18|          18|
    |sub_ln73_218_fu_260169_p2         |         -|   0|  0|   22|           1|          15|
    |sub_ln73_219_fu_260194_p2         |         -|   0|  0|   23|          16|          16|
    |sub_ln73_220_fu_260231_p2         |         -|   0|  0|   21|          14|          14|
    |sub_ln73_221_fu_260270_p2         |         -|   0|  0|   24|          17|          17|
    |sub_ln73_222_fu_260286_p2         |         -|   0|  0|   24|          17|          17|
    |sub_ln73_223_fu_260302_p2         |         -|   0|  0|   25|          18|          18|
    |sub_ln73_224_fu_264353_p2         |         -|   0|  0|   23|          16|          16|
    |sub_ln73_225_fu_260390_p2         |         -|   0|  0|   22|          15|          15|
    |sub_ln73_226_fu_264396_p2         |         -|   0|  0|   23|          16|          16|
    |sub_ln73_227_fu_260612_p2         |         -|   0|  0|   21|           1|          14|
    |sub_ln73_228_fu_260622_p2         |         -|   0|  0|   22|          15|          15|
    |sub_ln73_229_fu_260649_p2         |         -|   0|  0|   22|           1|          15|
    |sub_ln73_230_fu_260659_p2         |         -|   0|  0|   23|          16|          16|
    |sub_ln73_231_fu_257323_p2         |         -|   0|  0|   24|          17|          17|
    |sub_ln73_232_fu_257339_p2         |         -|   0|  0|   20|           1|          13|
    |sub_ln73_233_fu_260701_p2         |         -|   0|  0|   21|          14|          14|
    |sub_ln73_234_fu_260813_p2         |         -|   0|  0|   20|          13|          13|
    |sub_ln73_235_fu_260864_p2         |         -|   0|  0|   22|           1|          15|
    |sub_ln73_236_fu_260874_p2         |         -|   0|  0|   23|          16|          16|
    |sub_ln73_237_fu_260948_p2         |         -|   0|  0|   23|           1|          16|
    |sub_ln73_238_fu_260969_p2         |         -|   0|  0|   24|          17|          17|
    |sub_ln73_239_fu_260985_p2         |         -|   0|  0|   23|          16|          16|
    |sub_ln73_240_fu_261080_p2         |         -|   0|  0|   21|          14|          14|
    |sub_ln73_241_fu_261164_p2         |         -|   0|  0|   23|          16|          16|
    |sub_ln73_242_fu_261190_p2         |         -|   0|  0|   23|           1|          16|
    |sub_ln73_243_fu_261200_p2         |         -|   0|  0|   24|          17|          17|
    |sub_ln73_244_fu_261227_p2         |         -|   0|  0|   23|          16|          16|
    |sub_ln73_245_fu_261257_p2         |         -|   0|  0|   21|           1|          14|
    |sub_ln73_246_fu_261287_p2         |         -|   0|  0|   23|          16|          16|
    |sub_ln73_247_fu_261314_p2         |         -|   0|  0|   24|          17|          17|
    |sub_ln73_248_fu_261379_p2         |         -|   0|  0|   22|          15|          15|
    |sub_ln73_249_fu_261456_p2         |         -|   0|  0|   22|           1|          15|
    |sub_ln73_250_fu_261466_p2         |         -|   0|  0|   23|          16|          16|
    |sub_ln73_251_fu_261563_p2         |         -|   0|  0|   22|          15|          15|
    |sub_ln73_252_fu_261615_p2         |         -|   0|  0|   22|          15|          15|
    |sub_ln73_253_fu_264598_p2         |         -|   0|  0|   23|          16|          16|
    |sub_ln73_254_fu_261648_p2         |         -|   0|  0|   22|          15|          15|
    |sub_ln73_255_fu_261702_p2         |         -|   0|  0|   22|          15|          15|
    |sub_ln73_256_fu_261822_p2         |         -|   0|  0|   24|          17|          17|
    |sub_ln73_257_fu_261873_p2         |         -|   0|  0|   20|          13|          13|
    |sub_ln73_258_fu_261914_p2         |         -|   0|  0|   23|          16|          16|
    |sub_ln73_259_fu_262039_p2         |         -|   0|  0|   23|           1|          16|
    |sub_ln73_260_fu_262049_p2         |         -|   0|  0|   24|          17|          17|
    |sub_ln73_261_fu_262080_p2         |         -|   0|  0|   23|          16|          16|
    |sub_ln73_262_fu_264704_p2         |         -|   0|  0|   22|           1|          15|
    |sub_ln73_263_fu_264725_p2         |         -|   0|  0|   23|          16|          16|
    |sub_ln73_264_fu_262145_p2         |         -|   0|  0|   20|          13|          13|
    |sub_ln73_265_fu_262228_p2         |         -|   0|  0|   22|           1|          15|
    |sub_ln73_266_fu_262253_p2         |         -|   0|  0|   23|          16|          16|
    |sub_ln73_267_fu_262279_p2         |         -|   0|  0|   20|           1|          13|
    |sub_ln73_268_fu_262334_p2         |         -|   0|  0|   23|          16|          16|
    |sub_ln73_269_fu_262360_p2         |         -|   0|  0|   19|           1|          12|
    |sub_ln73_270_fu_262401_p2         |         -|   0|  0|   23|          16|          16|
    |sub_ln73_271_fu_262473_p2         |         -|   0|  0|   20|          13|          13|
    |sub_ln73_272_fu_262538_p2         |         -|   0|  0|   22|          15|          15|
    |sub_ln73_273_fu_262573_p2         |         -|   0|  0|   21|           1|          14|
    |sub_ln73_274_fu_262583_p2         |         -|   0|  0|   22|          15|          15|
    |sub_ln73_275_fu_262633_p2         |         -|   0|  0|   22|          15|          15|
    |sub_ln73_276_fu_262680_p2         |         -|   0|  0|   24|          17|          17|
    |sub_ln73_277_fu_262822_p2         |         -|   0|  0|   21|           1|          14|
    |sub_ln73_278_fu_262832_p2         |         -|   0|  0|   22|          15|          15|
    |sub_ln73_279_fu_262921_p2         |         -|   0|  0|   24|          17|          17|
    |sub_ln73_280_fu_262973_p2         |         -|   0|  0|   22|          15|          15|
    |sub_ln73_281_fu_263028_p2         |         -|   0|  0|   19|           1|          12|
    |sub_ln73_282_fu_263086_p2         |         -|   0|  0|   23|           1|          16|
    |sub_ln73_283_fu_263096_p2         |         -|   0|  0|   24|          17|          17|
    |sub_ln73_284_fu_263158_p2         |         -|   0|  0|   22|          15|          15|
    |sub_ln73_285_fu_263189_p2         |         -|   0|  0|   22|          15|          15|
    |sub_ln73_286_fu_263338_p2         |         -|   0|  0|   21|          14|          14|
    |sub_ln73_287_fu_263357_p2         |         -|   0|  0|   19|           1|          12|
    |sub_ln73_288_fu_263398_p2         |         -|   0|  0|   20|           1|          13|
    |sub_ln73_289_fu_263463_p2         |         -|   0|  0|   21|          14|          14|
    |sub_ln73_290_fu_263574_p2         |         -|   0|  0|   24|          17|          17|
    |sub_ln73_291_fu_263600_p2         |         -|   0|  0|   24|           1|          17|
    |sub_ln73_292_fu_263621_p2         |         -|   0|  0|   25|          18|          18|
    |sub_ln73_293_fu_260457_p2         |         -|   0|  0|   21|          14|          14|
    |sub_ln73_294_fu_261137_p2         |         -|   0|  0|   22|          15|          15|
    |sub_ln73_295_fu_261512_p2         |         -|   0|  0|   21|          14|          14|
    |sub_ln73_296_fu_263112_p2         |         -|   0|  0|   22|          15|          15|
    |sub_ln73_297_fu_263443_p2         |         -|   0|  0|   23|          16|          16|
    |sub_ln73_6_fu_257215_p2           |         -|   0|  0|   18|           1|          11|
    |sub_ln73_7_fu_259808_p2           |         -|   0|  0|   18|           1|          11|
    |sub_ln73_8_fu_263657_p2           |         -|   0|  0|   18|           1|          11|
    |sub_ln73_fu_257626_p2             |         -|   0|  0|   18|           1|          11|
    |ap_condition_frp_pvb_no_bkwd_prs  |       and|   0|  0|    2|           1|           1|
    |ap_condition_frp_pvb_pf_start     |       and|   0|  0|    2|           1|           1|
    |pf_all_done                       |       and|   0|  0|    2|           1|           1|
    |pf_sync_continue                  |       and|   0|  0|    2|           1|           1|
    |ap_enable_pp0                     |       xor|   0|  0|    2|           1|           2|
    |xor_ln58_fu_264975_p2             |       xor|   0|  0|    7|           6|           7|
    +----------------------------------+----------+----+---+-----+------------+------------+
    |Total                             |          |   0|  0|10243|        6383|        6839|
    +----------------------------------+----------+----+---+-----+------------+------------+

    * Multiplexer: 
    +----------------------------------+----+-----------+-----+-----------+
    |               Name               | LUT| Input Size| Bits| Total Bits|
    +----------------------------------+----+-----------+-----+-----------+
    |ap_done                           |  14|          3|    1|          3|
    |pf_ap_return_0_U_frpsig_data_in   |   9|          2|   16|         32|
    |pf_ap_return_10_U_frpsig_data_in  |   9|          2|   16|         32|
    |pf_ap_return_11_U_frpsig_data_in  |   9|          2|   16|         32|
    |pf_ap_return_12_U_frpsig_data_in  |   9|          2|   16|         32|
    |pf_ap_return_13_U_frpsig_data_in  |   9|          2|   16|         32|
    |pf_ap_return_1_U_frpsig_data_in   |   9|          2|   16|         32|
    |pf_ap_return_2_U_frpsig_data_in   |   9|          2|   16|         32|
    |pf_ap_return_3_U_frpsig_data_in   |   9|          2|   16|         32|
    |pf_ap_return_4_U_frpsig_data_in   |   9|          2|   16|         32|
    |pf_ap_return_5_U_frpsig_data_in   |   9|          2|   16|         32|
    |pf_ap_return_6_U_frpsig_data_in   |   9|          2|   16|         32|
    |pf_ap_return_7_U_frpsig_data_in   |   9|          2|   16|         32|
    |pf_ap_return_8_U_frpsig_data_in   |   9|          2|   16|         32|
    |pf_ap_return_9_U_frpsig_data_in   |   9|          2|   16|         32|
    +----------------------------------+----+-----------+-----+-----------+
    |Total                             | 140|         31|  225|        451|
    +----------------------------------+----+-----------+-----+-----------+

    * Register: 
    +---------------------------------------+----+----+-----+-----------+
    |                  Name                 | FF | LUT| Bits| Const Bits|
    +---------------------------------------+----+----+-----+-----------+
    |add_ln58_630_reg_269738                |  10|   0|   10|          0|
    |add_ln58_633_reg_269933                |  13|   0|   13|          0|
    |add_ln58_635_reg_269938                |  13|   0|   13|          0|
    |add_ln58_636_reg_269743                |  10|   0|   10|          0|
    |add_ln58_638_reg_269943                |  11|   0|   11|          0|
    |add_ln58_640_reg_269948                |  10|   0|   10|          0|
    |add_ln58_641_reg_270403                |  12|   0|   12|          0|
    |add_ln58_642_reg_269953                |  14|   0|   14|          0|
    |add_ln58_646_reg_269958                |  14|   0|   14|          0|
    |add_ln58_647_reg_270408                |  15|   0|   15|          0|
    |add_ln58_649_reg_269963                |  12|   0|   12|          0|
    |add_ln58_652_reg_269748                |  10|   0|   10|          0|
    |add_ln58_653_reg_269968                |  12|   0|   12|          0|
    |add_ln58_657_reg_269753                |   8|   0|    8|          0|
    |add_ln58_658_reg_268414                |   6|   0|    6|          0|
    |add_ln58_658_reg_268414_pp0_iter1_reg  |   6|   0|    6|          0|
    |add_ln58_660_reg_269973                |  10|   0|   10|          0|
    |add_ln58_661_reg_270413                |  14|   0|   14|          0|
    |add_ln58_664_reg_269978                |  12|   0|   12|          0|
    |add_ln58_666_reg_269983                |  12|   0|   12|          0|
    |add_ln58_669_reg_269988                |  10|   0|   10|          0|
    |add_ln58_670_reg_269993                |  13|   0|   13|          0|
    |add_ln58_671_reg_269998                |  13|   0|   13|          0|
    |add_ln58_674_reg_270418                |  15|   0|   15|          0|
    |add_ln58_676_reg_270003                |  14|   0|   14|          0|
    |add_ln58_678_reg_269758                |  12|   0|   12|          0|
    |add_ln58_679_reg_270008                |  13|   0|   13|          0|
    |add_ln58_681_reg_269763                |  10|   0|   10|          0|
    |add_ln58_684_reg_269768                |   8|   0|    8|          0|
    |add_ln58_686_reg_270013                |  13|   0|   13|          0|
    |add_ln58_687_reg_270423                |  15|   0|   15|          0|
    |add_ln58_690_reg_270018                |  12|   0|   12|          0|
    |add_ln58_692_reg_270023                |  12|   0|   12|          0|
    |add_ln58_695_reg_270028                |  12|   0|   12|          0|
    |add_ln58_696_reg_270033                |  13|   0|   13|          0|
    |add_ln58_699_reg_270428                |  15|   0|   15|          0|
    |add_ln58_701_reg_270038                |  13|   0|   13|          0|
    |add_ln58_703_reg_270043                |  12|   0|   12|          0|
    |add_ln58_706_reg_269773                |  11|   0|   11|          0|
    |add_ln58_707_reg_269778                |   9|   0|    9|          0|
    |add_ln58_710_reg_270048                |  12|   0|   12|          0|
    |add_ln58_711_reg_270433                |  14|   0|   14|          0|
    |add_ln58_715_reg_269783                |  10|   0|   10|          0|
    |add_ln58_717_reg_270053                |  12|   0|   12|          0|
    |add_ln58_719_reg_270058                |  10|   0|   10|          0|
    |add_ln58_720_reg_270063                |  13|   0|   13|          0|
    |add_ln58_721_reg_270068                |  13|   0|   13|          0|
    |add_ln58_724_reg_270438                |  15|   0|   15|          0|
    |add_ln58_726_reg_270073                |  13|   0|   13|          0|
    |add_ln58_727_reg_270078                |  11|   0|   11|          0|
    |add_ln58_729_reg_270443                |  14|   0|   14|          0|
    |add_ln58_731_reg_270083                |  12|   0|   12|          0|
    |add_ln58_733_reg_268419                |   7|   0|    7|          0|
    |add_ln58_733_reg_268419_pp0_iter1_reg  |   7|   0|    7|          0|
    |add_ln58_734_reg_270088                |  11|   0|   11|          0|
    |add_ln58_735_reg_270448                |  13|   0|   13|          0|
    |add_ln58_739_reg_270093                |  13|   0|   13|          0|
    |add_ln58_742_reg_270453                |  14|   0|   14|          0|
    |add_ln58_743_reg_269788                |   8|   0|    8|          0|
    |add_ln58_747_reg_270098                |  13|   0|   13|          0|
    |add_ln58_747_reg_270098_pp0_iter3_reg  |  13|   0|   13|          0|
    |add_ln58_750_reg_270103                |  12|   0|   12|          0|
    |add_ln58_752_reg_270108                |  12|   0|   12|          0|
    |add_ln58_754_reg_269793                |   8|   0|    8|          0|
    |add_ln58_757_reg_269798                |   9|   0|    9|          0|
    |add_ln58_758_reg_270113                |  11|   0|   11|          0|
    |add_ln58_759_reg_270458                |  13|   0|   13|          0|
    |add_ln58_762_reg_270118                |  12|   0|   12|          0|
    |add_ln58_764_reg_270123                |  12|   0|   12|          0|
    |add_ln58_766_reg_270128                |  12|   0|   12|          0|
    |add_ln58_770_reg_270133                |  12|   0|   12|          0|
    |add_ln58_772_reg_270463                |  14|   0|   14|          0|
    |add_ln58_773_reg_269803                |  13|   0|   13|          0|
    |add_ln58_773_reg_269803_pp0_iter2_reg  |  13|   0|   13|          0|
    |add_ln58_776_reg_270138                |  12|   0|   12|          0|
    |add_ln58_781_reg_268424                |   6|   0|    6|          0|
    |add_ln58_782_reg_269808                |  10|   0|   10|          0|
    |add_ln58_783_reg_270143                |  12|   0|   12|          0|
    |add_ln58_784_reg_270468                |  15|   0|   15|          0|
    |add_ln58_786_reg_270148                |  11|   0|   11|          0|
    |add_ln58_789_reg_270153                |  11|   0|   11|          0|
    |add_ln58_794_reg_270158                |  13|   0|   13|          0|
    |add_ln58_796_reg_270473                |  15|   0|   15|          0|
    |add_ln58_798_reg_270163                |  12|   0|   12|          0|
    |add_ln58_800_reg_270168                |  12|   0|   12|          0|
    |add_ln58_802_reg_270173                |  11|   0|   11|          0|
    |add_ln58_806_reg_270178                |  11|   0|   11|          0|
    |add_ln58_808_reg_270478                |  14|   0|   14|          0|
    |add_ln58_814_reg_270183                |  13|   0|   13|          0|
    |add_ln58_816_reg_270188                |  14|   0|   14|          0|
    |add_ln58_818_reg_269813                |  12|   0|   12|          0|
    |add_ln58_819_reg_270193                |  14|   0|   14|          0|
    |add_ln58_823_reg_270198                |  13|   0|   13|          0|
    |add_ln58_825_reg_270203                |  13|   0|   13|          0|
    |add_ln58_827_reg_269818                |  11|   0|   11|          0|
    |add_ln58_830_reg_269823                |   9|   0|    9|          0|
    |add_ln58_832_reg_270208                |  13|   0|   13|          0|
    |add_ln58_834_reg_270483                |  16|   0|   16|          0|
    |add_ln58_839_reg_270213                |  13|   0|   13|          0|
    |add_ln58_841_reg_270218                |  12|   0|   12|          0|
    |add_ln58_844_reg_270223                |  14|   0|   14|          0|
    |add_ln58_848_reg_270228                |  12|   0|   12|          0|
    |add_ln58_850_reg_270233                |  12|   0|   12|          0|
    |add_ln58_852_reg_269828                |   9|   0|    9|          0|
    |add_ln58_856_reg_269833                |  10|   0|   10|          0|
    |add_ln58_857_reg_270238                |  11|   0|   11|          0|
    |add_ln58_859_reg_270488                |  16|   0|   16|          0|
    |add_ln58_861_reg_270243                |  12|   0|   12|          0|
    |add_ln58_863_reg_270248                |  12|   0|   12|          0|
    |add_ln58_866_reg_270253                |  11|   0|   11|          0|
    |add_ln58_869_reg_270258                |  15|   0|   15|          0|
    |add_ln58_871_reg_270493                |  15|   0|   15|          0|
    |add_ln58_873_reg_270263                |  13|   0|   13|          0|
    |add_ln58_876_reg_270268                |  13|   0|   13|          0|
    |add_ln58_878_reg_269838                |  11|   0|   11|          0|
    |add_ln58_880_reg_269843                |   9|   0|    9|          0|
    |add_ln58_881_reg_269848                |   9|   0|    9|          0|
    |add_ln58_883_reg_270273                |  12|   0|   12|          0|
    |add_ln58_884_reg_270498                |  15|   0|   15|          0|
    |add_ln58_886_reg_270278                |  13|   0|   13|          0|
    |add_ln58_889_reg_270283                |  10|   0|   10|          0|
    |add_ln58_892_reg_270288                |  14|   0|   14|          0|
    |add_ln58_895_reg_270293                |  13|   0|   13|          0|
    |add_ln58_897_reg_270503                |  15|   0|   15|          0|
    |add_ln58_898_reg_269853                |   9|   0|    9|          0|
    |add_ln58_900_reg_269858                |  10|   0|   10|          0|
    |add_ln58_901_reg_269863                |   9|   0|    9|          0|
    |add_ln58_903_reg_270298                |  12|   0|   12|          0|
    |add_ln58_905_reg_269868                |   9|   0|    9|          0|
    |add_ln58_906_reg_269873                |   8|   0|    8|          0|
    |add_ln58_907_reg_269878                |   8|   0|    8|          0|
    |add_ln58_909_reg_270303                |  10|   0|   10|          0|
    |add_ln58_910_reg_270508                |  13|   0|   13|          0|
    |add_ln58_913_reg_270308                |  12|   0|   12|          0|
    |add_ln58_915_reg_270313                |  10|   0|   10|          0|
    |add_ln58_918_reg_270318                |  14|   0|   14|          0|
    |add_ln58_920_reg_270323                |  13|   0|   13|          0|
    |add_ln58_922_reg_270513                |  15|   0|   15|          0|
    |add_ln58_924_reg_270328                |  13|   0|   13|          0|
    |add_ln58_926_reg_270333                |  12|   0|   12|          0|
    |add_ln58_928_reg_269883                |  10|   0|   10|          0|
    |add_ln58_930_reg_268429                |   7|   0|    7|          0|
    |add_ln58_931_reg_269888                |   8|   0|    8|          0|
    |add_ln58_932_reg_270338                |  11|   0|   11|          0|
    |add_ln58_933_reg_270518                |  14|   0|   14|          0|
    |add_ln58_939_reg_270343                |  13|   0|   13|          0|
    |add_ln58_941_reg_270348                |  13|   0|   13|          0|
    |add_ln58_944_reg_270353                |  13|   0|   13|          0|
    |add_ln58_946_reg_270523                |  15|   0|   15|          0|
    |add_ln58_947_reg_269893                |  12|   0|   12|          0|
    |add_ln58_949_reg_269898                |  11|   0|   11|          0|
    |add_ln58_951_reg_270358                |  13|   0|   13|          0|
    |add_ln58_953_reg_270363                |  12|   0|   12|          0|
    |add_ln58_955_reg_269903                |  11|   0|   11|          0|
    |add_ln58_956_reg_270368                |  12|   0|   12|          0|
    |add_ln58_958_reg_270528                |  14|   0|   14|          0|
    |add_ln58_964_reg_270373                |  14|   0|   14|          0|
    |add_ln58_966_reg_270378                |  10|   0|   10|          0|
    |add_ln58_969_reg_270383                |  13|   0|   13|          0|
    |add_ln58_971_reg_270533                |  15|   0|   15|          0|
    |add_ln58_973_reg_270388                |  12|   0|   12|          0|
    |add_ln58_974_reg_269908                |  10|   0|   10|          0|
    |add_ln58_975_reg_270393                |  11|   0|   11|          0|
    |add_ln58_980_reg_269913                |   6|   0|    6|          0|
    |add_ln58_982_reg_270398                |  11|   0|   11|          0|
    |add_ln58_983_reg_270538                |  13|   0|   13|          0|
    |ap_CS_fsm                              |   1|   0|    1|          0|
    |ap_done_reg                            |   1|   0|    1|          0|
    |ap_return_0_preg                       |  16|   0|   22|          6|
    |ap_return_10_preg                      |  16|   0|   22|          6|
    |ap_return_11_preg                      |  16|   0|   22|          6|
    |ap_return_12_preg                      |  16|   0|   22|          6|
    |ap_return_13_preg                      |  16|   0|   22|          6|
    |ap_return_1_preg                       |  16|   0|   22|          6|
    |ap_return_2_preg                       |  16|   0|   22|          6|
    |ap_return_3_preg                       |  16|   0|   22|          6|
    |ap_return_4_preg                       |  16|   0|   22|          6|
    |ap_return_5_preg                       |  16|   0|   22|          6|
    |ap_return_6_preg                       |  16|   0|   22|          6|
    |ap_return_7_preg                       |  16|   0|   22|          6|
    |ap_return_8_preg                       |  16|   0|   22|          6|
    |ap_return_9_preg                       |  16|   0|   22|          6|
    |mult_144_reg_268434                    |   8|   0|    8|          0|
    |mult_145_reg_268439                    |  12|   0|   12|          0|
    |mult_146_reg_268449                    |  10|   0|   10|          0|
    |mult_147_reg_268459                    |   5|   0|    5|          0|
    |mult_149_reg_268324                    |   9|   0|    9|          0|
    |mult_150_reg_268464                    |  12|   0|   12|          0|
    |mult_151_reg_268469                    |  12|   0|   12|          0|
    |mult_152_reg_268474                    |  11|   0|   11|          0|
    |mult_153_reg_268484                    |  12|   0|   12|          0|
    |mult_153_reg_268484_pp0_iter2_reg      |  12|   0|   12|          0|
    |mult_154_reg_268494                    |  10|   0|   10|          0|
    |mult_155_reg_268504                    |  11|   0|   11|          0|
    |mult_156_reg_268509                    |  11|   0|   11|          0|
    |mult_157_reg_268514                    |  10|   0|   10|          0|
    |mult_158_reg_268524                    |  13|   0|   13|          0|
    |mult_159_reg_268529                    |  11|   0|   11|          0|
    |mult_160_reg_268534                    |  11|   0|   11|          0|
    |mult_161_reg_268549                    |  10|   0|   10|          0|
    |mult_162_reg_268554                    |   9|   0|    9|          0|
    |mult_164_reg_268564                    |  10|   0|   10|          0|
    |mult_165_reg_268329                    |   7|   0|    7|          0|
    |mult_166_reg_268569                    |  11|   0|   11|          0|
    |mult_167_reg_268579                    |  11|   0|   11|          0|
    |mult_168_reg_268589                    |   8|   0|    8|          0|
    |mult_169_reg_268594                    |  12|   0|   12|          0|
    |mult_170_reg_268599                    |  11|   0|   11|          0|
    |mult_171_reg_268609                    |  12|   0|   12|          0|
    |mult_172_reg_268614                    |  10|   0|   10|          0|
    |mult_174_reg_268629                    |   9|   0|    9|          0|
    |mult_175_reg_268645                    |  11|   0|   11|          0|
    |mult_176_reg_268650                    |  11|   0|   11|          0|
    |mult_177_reg_268660                    |  11|   0|   11|          0|
    |mult_179_reg_268670                    |  10|   0|   10|          0|
    |mult_180_reg_268675                    |  11|   0|   11|          0|
    |mult_181_reg_268680                    |  12|   0|   12|          0|
    |mult_182_reg_268700                    |   9|   0|    9|          0|
    |mult_184_reg_268705                    |   8|   0|    8|          0|
    |mult_185_reg_268710                    |  11|   0|   11|          0|
    |mult_186_reg_268715                    |  11|   0|   11|          0|
    |mult_187_reg_268725                    |  12|   0|   12|          0|
    |mult_188_reg_268735                    |  10|   0|   10|          0|
    |mult_189_reg_268740                    |  11|   0|   11|          0|
    |mult_190_reg_268745                    |  10|   0|   10|          0|
    |mult_191_reg_268750                    |  10|   0|   10|          0|
    |mult_192_reg_268755                    |  12|   0|   12|          0|
    |mult_193_reg_268354                    |   5|   0|    5|          0|
    |mult_194_reg_268760                    |  12|   0|   12|          0|
    |mult_195_reg_268765                    |  12|   0|   12|          0|
    |mult_197_reg_268780                    |  11|   0|   11|          0|
    |mult_198_reg_268802                    |  10|   0|   10|          0|
    |mult_200_reg_268817                    |  10|   0|   10|          0|
    |mult_201_reg_268822                    |  11|   0|   11|          0|
    |mult_204_reg_268842                    |  11|   0|   11|          0|
    |mult_205_reg_268847                    |  10|   0|   10|          0|
    |mult_206_reg_268862                    |  11|   0|   11|          0|
    |mult_207_reg_268877                    |  12|   0|   12|          0|
    |mult_210_reg_268907                    |  12|   0|   12|          0|
    |mult_212_reg_268912                    |   5|   0|    5|          0|
    |mult_213_reg_268917                    |  12|   0|   12|          0|
    |mult_214_reg_268374                    |   8|   0|    8|          0|
    |mult_214_reg_268374_pp0_iter1_reg      |   8|   0|    8|          0|
    |mult_216_reg_268932                    |  10|   0|   10|          0|
    |mult_217_reg_268942                    |  10|   0|   10|          0|
    |mult_218_reg_268947                    |  11|   0|   11|          0|
    |mult_219_reg_268957                    |  10|   0|   10|          0|
    |mult_220_reg_268962                    |  11|   0|   11|          0|
    |mult_221_reg_268972                    |  12|   0|   12|          0|
    |mult_222_reg_268977                    |  12|   0|   12|          0|
    |mult_223_reg_268987                    |  10|   0|   10|          0|
    |mult_224_reg_269007                    |  12|   0|   12|          0|
    |mult_225_reg_268379                    |   8|   0|    8|          0|
    |mult_226_reg_269012                    |  11|   0|   11|          0|
    |mult_227_reg_269017                    |  11|   0|   11|          0|
    |mult_228_reg_269022                    |  12|   0|   12|          0|
    |mult_229_reg_269032                    |  11|   0|   11|          0|
    |mult_232_reg_269042                    |  12|   0|   12|          0|
    |mult_234_reg_269067                    |   9|   0|    9|          0|
    |mult_235_reg_269077                    |  10|   0|   10|          0|
    |mult_236_reg_269092                    |  10|   0|   10|          0|
    |mult_237_reg_269097                    |   9|   0|    9|          0|
    |mult_238_reg_269102                    |  10|   0|   10|          0|
    |mult_239_reg_268384                    |  11|   0|   11|          0|
    |mult_240_reg_269112                    |  12|   0|   12|          0|
    |mult_242_reg_269122                    |  11|   0|   11|          0|
    |mult_243_reg_269127                    |  12|   0|   12|          0|
    |mult_245_reg_269147                    |  10|   0|   10|          0|
    |mult_246_reg_269152                    |  11|   0|   11|          0|
    |mult_247_reg_269162                    |  10|   0|   10|          0|
    |mult_248_reg_269167                    |  11|   0|   11|          0|
    |mult_250_reg_269172                    |  10|   0|   10|          0|
    |mult_251_reg_269192                    |   8|   0|    8|          0|
    |mult_252_reg_269202                    |  10|   0|   10|          0|
    |mult_253_reg_269212                    |  10|   0|   10|          0|
    |mult_254_reg_269222                    |  11|   0|   11|          0|
    |mult_257_reg_269232                    |   9|   0|    9|          0|
    |mult_258_reg_269237                    |  10|   0|   10|          0|
    |mult_259_reg_269242                    |  11|   0|   11|          0|
    |mult_261_reg_269252                    |  12|   0|   12|          0|
    |mult_262_reg_269267                    |  10|   0|   10|          0|
    |mult_263_reg_269287                    |  11|   0|   11|          0|
    |mult_264_reg_269292                    |  11|   0|   11|          0|
    |mult_265_reg_269297                    |   9|   0|    9|          0|
    |mult_266_reg_269918                    |  11|   0|   11|          0|
    |mult_268_reg_268394                    |   9|   0|    9|          0|
    |mult_269_reg_269923                    |  11|   0|   11|          0|
    |mult_271_reg_269307                    |   9|   0|    9|          0|
    |mult_272_reg_269317                    |   9|   0|    9|          0|
    |mult_273_reg_269332                    |  10|   0|   10|          0|
    |mult_274_reg_269337                    |  10|   0|   10|          0|
    |mult_275_reg_269342                    |  10|   0|   10|          0|
    |mult_277_reg_269352                    |  10|   0|   10|          0|
    |mult_279_reg_269362                    |  10|   0|   10|          0|
    |mult_280_reg_269377                    |  13|   0|   13|          0|
    |mult_281_reg_269382                    |  13|   0|   13|          0|
    |mult_282_reg_269387                    |  12|   0|   12|          0|
    |mult_283_reg_269392                    |   9|   0|    9|          0|
    |mult_284_reg_269397                    |  11|   0|   11|          0|
    |mult_285_reg_269407                    |  11|   0|   11|          0|
    |mult_286_reg_269412                    |  10|   0|   10|          0|
    |mult_287_reg_269417                    |  10|   0|   10|          0|
    |mult_288_reg_269928                    |  10|   0|   10|          0|
    |mult_289_reg_269428                    |  11|   0|   11|          0|
    |mult_290_reg_269433                    |   7|   0|    7|          0|
    |mult_292_reg_269443                    |   8|   0|    8|          0|
    |mult_292_reg_269443_pp0_iter2_reg      |   8|   0|    8|          0|
    |mult_293_reg_269448                    |  12|   0|   12|          0|
    |mult_294_reg_269453                    |  10|   0|   10|          0|
    |mult_296_reg_269468                    |  11|   0|   11|          0|
    |mult_297_reg_269473                    |  10|   0|   10|          0|
    |mult_298_reg_269478                    |  11|   0|   11|          0|
    |mult_300_reg_269483                    |  10|   0|   10|          0|
    |mult_301_reg_269488                    |  10|   0|   10|          0|
    |mult_303_reg_269498                    |  11|   0|   11|          0|
    |mult_304_reg_269508                    |   9|   0|    9|          0|
    |mult_306_reg_269513                    |   9|   0|    9|          0|
    |mult_307_reg_269518                    |  11|   0|   11|          0|
    |mult_309_reg_269523                    |  11|   0|   11|          0|
    |mult_312_reg_269553                    |  12|   0|   12|          0|
    |mult_313_reg_269558                    |   9|   0|    9|          0|
    |mult_314_reg_269573                    |  11|   0|   11|          0|
    |mult_315_reg_269583                    |  11|   0|   11|          0|
    |mult_316_reg_268404                    |   9|   0|    9|          0|
    |mult_317_reg_269598                    |  11|   0|   11|          0|
    |mult_318_reg_269608                    |   9|   0|    9|          0|
    |mult_320_reg_269628                    |  11|   0|   11|          0|
    |mult_323_reg_269648                    |  11|   0|   11|          0|
    |mult_324_reg_269663                    |  10|   0|   10|          0|
    |mult_325_reg_269668                    |   8|   0|    8|          0|
    |mult_326_reg_268409                    |   6|   0|    6|          0|
    |mult_328_reg_269673                    |  11|   0|   11|          0|
    |mult_330_reg_269683                    |   8|   0|    8|          0|
    |mult_331_reg_269688                    |  13|   0|   13|          0|
    |mult_332_reg_269693                    |  12|   0|   12|          0|
    |mult_333_reg_269713                    |  11|   0|   11|          0|
    |mult_334_reg_269718                    |  13|   0|   13|          0|
    |mult_335_reg_269723                    |  12|   0|   12|          0|
    |mult_336_reg_269733                    |  10|   0|   10|          0|
    |mult_reg_268313                        |   7|   0|    7|          0|
    |mult_reg_268313_pp0_iter1_reg          |   7|   0|    7|          0|
    |mult_s_reg_268364                      |   9|   0|    9|          0|
    |mult_s_reg_268364_pp0_iter1_reg        |   9|   0|    9|          0|
    |p_read1049_reg_268174                  |  10|   0|   10|          0|
    |p_read1150_reg_268161                  |  10|   0|   10|          0|
    |p_read1251_reg_268147                  |  10|   0|   10|          0|
    |p_read1251_reg_268147_pp0_iter1_reg    |  10|   0|   10|          0|
    |p_read1352_reg_268135                  |  10|   0|   10|          0|
    |p_read140_reg_268289                   |  10|   0|   10|          0|
    |p_read1453_reg_268122                  |  10|   0|   10|          0|
    |p_read1554_reg_268109                  |  10|   0|   10|          0|
    |p_read1655_reg_268096                  |  10|   0|   10|          0|
    |p_read1756_reg_268082                  |  10|   0|   10|          0|
    |p_read1756_reg_268082_pp0_iter1_reg    |  10|   0|   10|          0|
    |p_read1857_reg_268068                  |  10|   0|   10|          0|
    |p_read1958_reg_268055                  |  10|   0|   10|          0|
    |p_read1958_reg_268055_pp0_iter1_reg    |  10|   0|   10|          0|
    |p_read2059_reg_268042                  |  10|   0|   10|          0|
    |p_read2160_reg_268030                  |  10|   0|   10|          0|
    |p_read2261_reg_268020                  |  10|   0|   10|          0|
    |p_read2362_reg_268008                  |  10|   0|   10|          0|
    |p_read241_reg_268277                   |  10|   0|   10|          0|
    |p_read2463_reg_267995                  |  10|   0|   10|          0|
    |p_read2564_reg_267981                  |  10|   0|   10|          0|
    |p_read2564_reg_267981_pp0_iter1_reg    |  10|   0|   10|          0|
    |p_read342_reg_268262                   |  10|   0|   10|          0|
    |p_read39_reg_268302                    |  10|   0|   10|          0|
    |p_read443_reg_268249                   |  10|   0|   10|          0|
    |p_read443_reg_268249_pp0_iter1_reg     |  10|   0|   10|          0|
    |p_read544_reg_268236                   |  10|   0|   10|          0|
    |p_read645_reg_268224                   |  10|   0|   10|          0|
    |p_read746_reg_268214                   |  10|   0|   10|          0|
    |p_read847_reg_268199                   |  10|   0|   10|          0|
    |p_read948_reg_268187                   |  10|   0|   10|          0|
    |shl_ln73_304_reg_269037                |  10|   0|   13|          3|
    |sub_ln73_232_reg_268389                |  11|   0|   13|          2|
    |tmp_377_reg_268319                     |   7|   0|    7|          0|
    |tmp_378_reg_268489                     |  11|   0|   11|          0|
    |tmp_379_reg_268499                     |  11|   0|   11|          0|
    |tmp_380_reg_268519                     |  12|   0|   12|          0|
    |tmp_381_reg_268539                     |  10|   0|   10|          0|
    |tmp_382_reg_268544                     |  11|   0|   11|          0|
    |tmp_384_reg_268574                     |  12|   0|   12|          0|
    |tmp_385_reg_268584                     |   9|   0|    9|          0|
    |tmp_386_reg_268604                     |   9|   0|    9|          0|
    |tmp_387_reg_268619                     |  10|   0|   10|          0|
    |tmp_388_reg_268624                     |   8|   0|    8|          0|
    |tmp_389_reg_268655                     |  10|   0|   10|          0|
    |tmp_390_reg_268665                     |  10|   0|   10|          0|
    |tmp_391_reg_268334                     |   7|   0|    7|          0|
    |tmp_392_reg_268339                     |   4|   0|    4|          0|
    |tmp_393_reg_268344                     |   5|   0|    5|          0|
    |tmp_394_reg_268685                     |  11|   0|   11|          0|
    |tmp_397_reg_268695                     |  10|   0|   10|          0|
    |tmp_398_reg_268720                     |  10|   0|   10|          0|
    |tmp_399_reg_268349                     |   4|   0|    4|          0|
    |tmp_400_reg_268730                     |  10|   0|   10|          0|
    |tmp_401_reg_268770                     |  10|   0|   10|          0|
    |tmp_402_reg_268775                     |  10|   0|   10|          0|
    |tmp_403_reg_268785                     |  10|   0|   10|          0|
    |tmp_405_reg_268791                     |  10|   0|   10|          0|
    |tmp_406_reg_268359                     |   7|   0|    7|          0|
    |tmp_407_reg_268796                     |  11|   0|   11|          0|
    |tmp_408_reg_268807                     |  10|   0|   10|          0|
    |tmp_409_reg_268812                     |  11|   0|   11|          0|
    |tmp_410_reg_268827                     |   8|   0|    8|          0|
    |tmp_411_reg_268832                     |  10|   0|   10|          0|
    |tmp_413_reg_268837                     |  10|   0|   10|          0|
    |tmp_413_reg_268837_pp0_iter2_reg       |  10|   0|   10|          0|
    |tmp_414_reg_268857                     |   8|   0|    8|          0|
    |tmp_415_reg_268867                     |  10|   0|   10|          0|
    |tmp_416_reg_268872                     |   9|   0|    9|          0|
    |tmp_417_reg_268882                     |  10|   0|   10|          0|
    |tmp_418_reg_268887                     |   9|   0|    9|          0|
    |tmp_419_reg_268897                     |   9|   0|    9|          0|
    |tmp_420_reg_268902                     |  10|   0|   10|          0|
    |tmp_421_reg_268369                     |   5|   0|    5|          0|
    |tmp_423_reg_268922                     |   9|   0|    9|          0|
    |tmp_424_reg_268927                     |   9|   0|    9|          0|
    |tmp_424_reg_268927_pp0_iter2_reg       |   9|   0|    9|          0|
    |tmp_425_reg_268937                     |  11|   0|   11|          0|
    |tmp_426_reg_268952                     |  11|   0|   11|          0|
    |tmp_426_reg_268952_pp0_iter2_reg       |  11|   0|   11|          0|
    |tmp_427_reg_268967                     |  10|   0|   10|          0|
    |tmp_428_reg_268992                     |  11|   0|   11|          0|
    |tmp_429_reg_269002                     |  10|   0|   10|          0|
    |tmp_430_reg_269027                     |   9|   0|    9|          0|
    |tmp_431_reg_269047                     |   9|   0|    9|          0|
    |tmp_431_reg_269047_pp0_iter2_reg       |   9|   0|    9|          0|
    |tmp_433_reg_269052                     |   8|   0|    8|          0|
    |tmp_433_reg_269052_pp0_iter2_reg       |   8|   0|    8|          0|
    |tmp_434_reg_269057                     |  10|   0|   10|          0|
    |tmp_435_reg_269062                     |   8|   0|    8|          0|
    |tmp_436_reg_269072                     |  10|   0|   10|          0|
    |tmp_437_reg_269082                     |   8|   0|    8|          0|
    |tmp_438_reg_269087                     |   8|   0|    8|          0|
    |tmp_439_reg_269107                     |  10|   0|   10|          0|
    |tmp_440_reg_269117                     |  11|   0|   11|          0|
    |tmp_441_reg_269132                     |  10|   0|   10|          0|
    |tmp_442_reg_269137                     |  10|   0|   10|          0|
    |tmp_443_reg_269142                     |  10|   0|   10|          0|
    |tmp_445_reg_269177                     |  10|   0|   10|          0|
    |tmp_446_reg_269182                     |  11|   0|   11|          0|
    |tmp_447_reg_269197                     |   8|   0|    8|          0|
    |tmp_448_reg_269217                     |   8|   0|    8|          0|
    |tmp_449_reg_269227                     |  11|   0|   11|          0|
    |tmp_450_reg_269247                     |   9|   0|    9|          0|
    |tmp_451_reg_269257                     |   8|   0|    8|          0|
    |tmp_452_reg_269272                     |  10|   0|   10|          0|
    |tmp_453_reg_269277                     |   9|   0|    9|          0|
    |tmp_454_reg_269302                     |  10|   0|   10|          0|
    |tmp_455_reg_269312                     |  11|   0|   11|          0|
    |tmp_456_reg_269322                     |  10|   0|   10|          0|
    |tmp_457_reg_269327                     |   8|   0|    8|          0|
    |tmp_459_reg_269347                     |   9|   0|    9|          0|
    |tmp_460_reg_269357                     |  11|   0|   11|          0|
    |tmp_460_reg_269357_pp0_iter2_reg       |  11|   0|   11|          0|
    |tmp_461_reg_269367                     |  11|   0|   11|          0|
    |tmp_462_reg_269372                     |   9|   0|    9|          0|
    |tmp_464_reg_269402                     |   8|   0|    8|          0|
    |tmp_465_reg_269423                     |  10|   0|   10|          0|
    |tmp_466_reg_268399                     |   6|   0|    6|          0|
    |tmp_468_reg_269458                     |  10|   0|   10|          0|
    |tmp_470_reg_269463                     |   9|   0|    9|          0|
    |tmp_471_reg_269493                     |   9|   0|    9|          0|
    |tmp_472_reg_269503                     |   9|   0|    9|          0|
    |tmp_473_reg_269528                     |   8|   0|    8|          0|
    |tmp_474_reg_269533                     |   7|   0|    7|          0|
    |tmp_475_reg_269548                     |   9|   0|    9|          0|
    |tmp_476_reg_269568                     |   9|   0|    9|          0|
    |tmp_476_reg_269568_pp0_iter2_reg       |   9|   0|    9|          0|
    |tmp_477_reg_269578                     |   9|   0|    9|          0|
    |tmp_478_reg_269588                     |  12|   0|   12|          0|
    |tmp_479_reg_269613                     |   9|   0|    9|          0|
    |tmp_479_reg_269613_pp0_iter2_reg       |   9|   0|    9|          0|
    |tmp_480_reg_269618                     |  10|   0|   10|          0|
    |tmp_481_reg_269623                     |  11|   0|   11|          0|
    |tmp_482_reg_269638                     |  10|   0|   10|          0|
    |tmp_483_reg_269643                     |  11|   0|   11|          0|
    |tmp_485_reg_269653                     |   9|   0|    9|          0|
    |tmp_486_reg_269658                     |   8|   0|    8|          0|
    |tmp_487_reg_269698                     |  11|   0|   11|          0|
    |tmp_490_reg_269728                     |  12|   0|   12|          0|
    |tmp_reg_268444                         |  10|   0|   10|          0|
    |trunc_ln17_26_reg_268479               |  12|   0|   12|          0|
    |trunc_ln17_28_reg_268559               |  12|   0|   12|          0|
    |trunc_ln17_29_reg_268634               |  12|   0|   12|          0|
    |trunc_ln17_30_reg_268690               |   9|   0|    9|          0|
    |trunc_ln17_31_reg_268852               |  11|   0|   11|          0|
    |trunc_ln17_32_reg_268892               |   9|   0|    9|          0|
    |trunc_ln17_33_reg_268982               |  12|   0|   12|          0|
    |trunc_ln17_34_reg_269157               |  11|   0|   11|          0|
    |trunc_ln17_35_reg_269187               |   9|   0|    9|          0|
    |trunc_ln17_36_reg_269262               |  11|   0|   11|          0|
    |trunc_ln17_37_reg_269282               |  11|   0|   11|          0|
    |trunc_ln17_38_reg_269438               |  10|   0|   10|          0|
    |trunc_ln17_39_reg_269538               |  11|   0|   11|          0|
    |trunc_ln17_40_reg_269543               |  12|   0|   12|          0|
    |trunc_ln17_41_reg_269563               |  12|   0|   12|          0|
    |trunc_ln17_42_reg_269593               |   9|   0|    9|          0|
    |trunc_ln17_43_reg_269603               |  10|   0|   10|          0|
    |trunc_ln17_44_reg_269633               |  11|   0|   11|          0|
    |trunc_ln17_46_reg_269678               |  12|   0|   12|          0|
    |trunc_ln17_47_reg_269703               |  12|   0|   12|          0|
    |trunc_ln17_48_reg_269708               |  11|   0|   11|          0|
    |trunc_ln17_s_reg_268454                |  12|   0|   12|          0|
    |trunc_ln42_240_reg_268639              |   7|   0|    7|          0|
    |trunc_ln42_243_reg_268997              |   8|   0|    8|          0|
    |trunc_ln42_245_reg_269207              |   9|   0|    9|          0|
    +---------------------------------------+----+----+-----+-----------+
    |Total                                  |5460|   0| 5549|         89|
    +---------------------------------------+----+----+-----+-----------+



================================================================
== Interface
================================================================
* Summary: 
+--------------+-----+-----+------------+------------------------------------------------------------------------------+--------------+
|   RTL Ports  | Dir | Bits|  Protocol  |                                 Source Object                                |    C Type    |
+--------------+-----+-----+------------+------------------------------------------------------------------------------+--------------+
|ap_clk        |   in|    1|  ap_ctrl_hs|  dense_latency<ap_fixed<16, 6, 5, 3, 0>, ap_fixed<31, 15, 5, 3, 0>, config11>|  return value|
|ap_rst        |   in|    1|  ap_ctrl_hs|  dense_latency<ap_fixed<16, 6, 5, 3, 0>, ap_fixed<31, 15, 5, 3, 0>, config11>|  return value|
|ap_start      |   in|    1|  ap_ctrl_hs|  dense_latency<ap_fixed<16, 6, 5, 3, 0>, ap_fixed<31, 15, 5, 3, 0>, config11>|  return value|
|ap_done       |  out|    1|  ap_ctrl_hs|  dense_latency<ap_fixed<16, 6, 5, 3, 0>, ap_fixed<31, 15, 5, 3, 0>, config11>|  return value|
|ap_continue   |   in|    1|  ap_ctrl_hs|  dense_latency<ap_fixed<16, 6, 5, 3, 0>, ap_fixed<31, 15, 5, 3, 0>, config11>|  return value|
|ap_idle       |  out|    1|  ap_ctrl_hs|  dense_latency<ap_fixed<16, 6, 5, 3, 0>, ap_fixed<31, 15, 5, 3, 0>, config11>|  return value|
|ap_ready      |  out|    1|  ap_ctrl_hs|  dense_latency<ap_fixed<16, 6, 5, 3, 0>, ap_fixed<31, 15, 5, 3, 0>, config11>|  return value|
|ap_return_0   |  out|   22|  ap_ctrl_hs|  dense_latency<ap_fixed<16, 6, 5, 3, 0>, ap_fixed<31, 15, 5, 3, 0>, config11>|  return value|
|ap_return_1   |  out|   22|  ap_ctrl_hs|  dense_latency<ap_fixed<16, 6, 5, 3, 0>, ap_fixed<31, 15, 5, 3, 0>, config11>|  return value|
|ap_return_2   |  out|   22|  ap_ctrl_hs|  dense_latency<ap_fixed<16, 6, 5, 3, 0>, ap_fixed<31, 15, 5, 3, 0>, config11>|  return value|
|ap_return_3   |  out|   22|  ap_ctrl_hs|  dense_latency<ap_fixed<16, 6, 5, 3, 0>, ap_fixed<31, 15, 5, 3, 0>, config11>|  return value|
|ap_return_4   |  out|   22|  ap_ctrl_hs|  dense_latency<ap_fixed<16, 6, 5, 3, 0>, ap_fixed<31, 15, 5, 3, 0>, config11>|  return value|
|ap_return_5   |  out|   22|  ap_ctrl_hs|  dense_latency<ap_fixed<16, 6, 5, 3, 0>, ap_fixed<31, 15, 5, 3, 0>, config11>|  return value|
|ap_return_6   |  out|   22|  ap_ctrl_hs|  dense_latency<ap_fixed<16, 6, 5, 3, 0>, ap_fixed<31, 15, 5, 3, 0>, config11>|  return value|
|ap_return_7   |  out|   22|  ap_ctrl_hs|  dense_latency<ap_fixed<16, 6, 5, 3, 0>, ap_fixed<31, 15, 5, 3, 0>, config11>|  return value|
|ap_return_8   |  out|   22|  ap_ctrl_hs|  dense_latency<ap_fixed<16, 6, 5, 3, 0>, ap_fixed<31, 15, 5, 3, 0>, config11>|  return value|
|ap_return_9   |  out|   22|  ap_ctrl_hs|  dense_latency<ap_fixed<16, 6, 5, 3, 0>, ap_fixed<31, 15, 5, 3, 0>, config11>|  return value|
|ap_return_10  |  out|   22|  ap_ctrl_hs|  dense_latency<ap_fixed<16, 6, 5, 3, 0>, ap_fixed<31, 15, 5, 3, 0>, config11>|  return value|
|ap_return_11  |  out|   22|  ap_ctrl_hs|  dense_latency<ap_fixed<16, 6, 5, 3, 0>, ap_fixed<31, 15, 5, 3, 0>, config11>|  return value|
|ap_return_12  |  out|   22|  ap_ctrl_hs|  dense_latency<ap_fixed<16, 6, 5, 3, 0>, ap_fixed<31, 15, 5, 3, 0>, config11>|  return value|
|ap_return_13  |  out|   22|  ap_ctrl_hs|  dense_latency<ap_fixed<16, 6, 5, 3, 0>, ap_fixed<31, 15, 5, 3, 0>, config11>|  return value|
|p_read        |   in|   10|     ap_none|                                                                        p_read|        scalar|
|p_read1       |   in|   10|     ap_none|                                                                       p_read1|        scalar|
|p_read2       |   in|   10|     ap_none|                                                                       p_read2|        scalar|
|p_read3       |   in|   10|     ap_none|                                                                       p_read3|        scalar|
|p_read4       |   in|   10|     ap_none|                                                                       p_read4|        scalar|
|p_read5       |   in|   10|     ap_none|                                                                       p_read5|        scalar|
|p_read6       |   in|   10|     ap_none|                                                                       p_read6|        scalar|
|p_read7       |   in|   10|     ap_none|                                                                       p_read7|        scalar|
|p_read8       |   in|   10|     ap_none|                                                                       p_read8|        scalar|
|p_read9       |   in|   10|     ap_none|                                                                       p_read9|        scalar|
|p_read10      |   in|   10|     ap_none|                                                                      p_read10|        scalar|
|p_read11      |   in|   10|     ap_none|                                                                      p_read11|        scalar|
|p_read12      |   in|   10|     ap_none|                                                                      p_read12|        scalar|
|p_read13      |   in|   10|     ap_none|                                                                      p_read13|        scalar|
|p_read14      |   in|   10|     ap_none|                                                                      p_read14|        scalar|
|p_read15      |   in|   10|     ap_none|                                                                      p_read15|        scalar|
|p_read16      |   in|   10|     ap_none|                                                                      p_read16|        scalar|
|p_read17      |   in|   10|     ap_none|                                                                      p_read17|        scalar|
|p_read18      |   in|   10|     ap_none|                                                                      p_read18|        scalar|
|p_read19      |   in|   10|     ap_none|                                                                      p_read19|        scalar|
|p_read20      |   in|   10|     ap_none|                                                                      p_read20|        scalar|
|p_read21      |   in|   10|     ap_none|                                                                      p_read21|        scalar|
|p_read22      |   in|   10|     ap_none|                                                                      p_read22|        scalar|
|p_read23      |   in|   10|     ap_none|                                                                      p_read23|        scalar|
|p_read24      |   in|   10|     ap_none|                                                                      p_read24|        scalar|
|p_read25      |   in|   10|     ap_none|                                                                      p_read25|        scalar|
+--------------+-----+-----+------------+------------------------------------------------------------------------------+--------------+

