

================================================================
== Vitis HLS Report for 'pointwise_conv_1d_cl_ap_fixed_ap_fixed_30_21_5_3_0_config28_s'
================================================================
* Date:           Tue Oct 29 14:10:06 2024

* Version:        2023.2 (Build 4023990 on Oct 11 2023)
* Project:        JetTaggerNN_prj
* Solution:       solution1 (Vivado IP Flow Target)
* Product family: virtexuplus
* Target device:  xcvu9p-flga2104-2L-e


================================================================
== Performance Estimates
================================================================
+ Timing: 
    * Summary: 
    +--------+---------+----------+------------+
    |  Clock |  Target | Estimated| Uncertainty|
    +--------+---------+----------+------------+
    |ap_clk  |  2.80 ns|  2.025 ns|     0.76 ns|
    +--------+---------+----------+------------+

+ Latency: 
    * Summary: 
    +---------+---------+-----------+-----------+-----+-----+---------+
    |  Latency (cycles) |   Latency (absolute)  |  Interval | Pipeline|
    |   min   |   max   |    min    |    max    | min | max |   Type  |
    +---------+---------+-----------+-----------+-----+-----+---------+
    |       22|       23|  61.600 ns|  64.400 ns|   22|   23|       no|
    +---------+---------+-----------+-----------+-----+-----+---------+

    + Detail: 
        * Instance: 
        +-------------------------------------------------------------------------+-------------------------------------------------------------+---------+---------+-----------+-----------+-----+-----+------------------------------------------+
        |                                                                         |                                                             |  Latency (cycles) |   Latency (absolute)  |  Interval |                 Pipeline                 |
        |                                 Instance                                |                            Module                           |   min   |   max   |    min    |    max    | min | max |                   Type                   |
        +-------------------------------------------------------------------------+-------------------------------------------------------------+---------+---------+-----------+-----------+-----+-----+------------------------------------------+
        |grp_conv_1d_latency_cl_ap_fixed_ap_fixed_30_21_5_3_0_config28_s_fu_4488  |conv_1d_latency_cl_ap_fixed_ap_fixed_30_21_5_3_0_config28_s  |       19|       20|  53.200 ns|  56.000 ns|   16|   16|  loop rewind stp(delay=0 clock cycles(s))|
        +-------------------------------------------------------------------------+-------------------------------------------------------------+---------+---------+-----------+-----------+-----+-----+------------------------------------------+

        * Loop: 
        N/A



================================================================
== Utilization Estimates
================================================================
* Summary: 
+---------------------+---------+------+---------+---------+-----+
|         Name        | BRAM_18K|  DSP |    FF   |   LUT   | URAM|
+---------------------+---------+------+---------+---------+-----+
|DSP                  |        -|     -|        -|        -|    -|
|Expression           |        -|     -|        0|        2|    -|
|FIFO                 |        -|     -|        -|        -|    -|
|Instance             |        -|   110|     9389|    18785|    -|
|Memory               |        -|     -|        -|        -|    -|
|Multiplexer          |        -|     -|        -|       35|    -|
|Register             |        -|     -|     7686|        -|    -|
+---------------------+---------+------+---------+---------+-----+
|Total                |        0|   110|    17075|    18822|    0|
+---------------------+---------+------+---------+---------+-----+
|Available SLR        |     1440|  2280|   788160|   394080|  320|
+---------------------+---------+------+---------+---------+-----+
|Utilization SLR (%)  |        0|     4|        2|        4|    0|
+---------------------+---------+------+---------+---------+-----+
|Available            |     4320|  6840|  2364480|  1182240|  960|
+---------------------+---------+------+---------+---------+-----+
|Utilization (%)      |        0|     1|       ~0|        1|    0|
+---------------------+---------+------+---------+---------+-----+

+ Detail: 
    * Instance: 
    +-------------------------------------------------------------------------+-------------------------------------------------------------+---------+-----+------+-------+-----+
    |                                 Instance                                |                            Module                           | BRAM_18K| DSP |  FF  |  LUT  | URAM|
    +-------------------------------------------------------------------------+-------------------------------------------------------------+---------+-----+------+-------+-----+
    |grp_conv_1d_latency_cl_ap_fixed_ap_fixed_30_21_5_3_0_config28_s_fu_4488  |conv_1d_latency_cl_ap_fixed_ap_fixed_30_21_5_3_0_config28_s  |        0|  110|  9389|  18785|    0|
    +-------------------------------------------------------------------------+-------------------------------------------------------------+---------+-----+------+-------+-----+
    |Total                                                                    |                                                             |        0|  110|  9389|  18785|    0|
    +-------------------------------------------------------------------------+-------------------------------------------------------------+---------+-----+------+-------+-----+

    * DSP: 
    N/A

    * Memory: 
    N/A

    * FIFO: 
    N/A

    * Expression: 
    +-----------------+----------+----+---+----+------------+------------+
    |  Variable Name  | Operation| DSP| FF| LUT| Bitwidth P0| Bitwidth P1|
    +-----------------+----------+----+---+----+------------+------------+
    |ap_block_state1  |        or|   0|  0|   2|           1|           1|
    +-----------------+----------+----+---+----+------------+------------+
    |Total            |          |   0|  0|   2|           1|           1|
    +-----------------+----------+----+---+----+------------+------------+

    * Multiplexer: 
    +-----------+----+-----------+-----+-----------+
    |    Name   | LUT| Input Size| Bits| Total Bits|
    +-----------+----+-----------+-----+-----------+
    |ap_NS_fsm  |  26|          5|    1|          5|
    |ap_done    |   9|          2|    1|          2|
    +-----------+----+-----------+-----+-----------+
    |Total      |  35|          7|    2|          7|
    +-----------+----+-----------+-----+-----------+

    * Register: 
    +--------------------------------------------------------------------------------------+----+----+-----+-----------+
    |                                         Name                                         | FF | LUT| Bits| Const Bits|
    +--------------------------------------------------------------------------------------+----+----+-----+-----------+
    |ap_CS_fsm                                                                             |   4|   0|    4|          0|
    |ap_done_reg                                                                           |   1|   0|    1|          0|
    |grp_conv_1d_latency_cl_ap_fixed_ap_fixed_30_21_5_3_0_config28_s_fu_4488_ap_start_reg  |   1|   0|    1|          0|
    |res_0_copy_fu_2660                                                                    |  15|   0|   15|          0|
    |res_100_copy_fu_2260                                                                  |  15|   0|   15|          0|
    |res_101_copy_fu_2256                                                                  |  15|   0|   15|          0|
    |res_102_copy_fu_2252                                                                  |  15|   0|   15|          0|
    |res_103_copy_fu_2248                                                                  |  15|   0|   15|          0|
    |res_104_copy_fu_2244                                                                  |  15|   0|   15|          0|
    |res_105_copy_fu_2240                                                                  |  15|   0|   15|          0|
    |res_106_copy_fu_2236                                                                  |  15|   0|   15|          0|
    |res_107_copy_fu_2232                                                                  |  15|   0|   15|          0|
    |res_108_copy_fu_2228                                                                  |  15|   0|   15|          0|
    |res_109_copy_fu_2224                                                                  |  15|   0|   15|          0|
    |res_10_copy_fu_2620                                                                   |  15|   0|   15|          0|
    |res_110_copy_fu_2220                                                                  |  15|   0|   15|          0|
    |res_111_copy_fu_2216                                                                  |  15|   0|   15|          0|
    |res_112_copy_fu_2212                                                                  |  15|   0|   15|          0|
    |res_113_copy_fu_2208                                                                  |  15|   0|   15|          0|
    |res_114_copy_fu_2204                                                                  |  15|   0|   15|          0|
    |res_115_copy_fu_2200                                                                  |  15|   0|   15|          0|
    |res_116_copy_fu_2196                                                                  |  15|   0|   15|          0|
    |res_117_copy_fu_2192                                                                  |  15|   0|   15|          0|
    |res_118_copy_fu_2188                                                                  |  15|   0|   15|          0|
    |res_119_copy_fu_2184                                                                  |  15|   0|   15|          0|
    |res_11_copy_fu_2616                                                                   |  15|   0|   15|          0|
    |res_120_copy_fu_2180                                                                  |  15|   0|   15|          0|
    |res_121_copy_fu_2176                                                                  |  15|   0|   15|          0|
    |res_122_copy_fu_2172                                                                  |  15|   0|   15|          0|
    |res_123_copy_fu_2168                                                                  |  15|   0|   15|          0|
    |res_124_copy_fu_2164                                                                  |  15|   0|   15|          0|
    |res_125_copy_fu_2160                                                                  |  15|   0|   15|          0|
    |res_126_copy_fu_2156                                                                  |  15|   0|   15|          0|
    |res_127_copy_fu_2152                                                                  |  15|   0|   15|          0|
    |res_128_copy_fu_2148                                                                  |  15|   0|   15|          0|
    |res_129_copy_fu_2144                                                                  |  15|   0|   15|          0|
    |res_12_copy_fu_2612                                                                   |  15|   0|   15|          0|
    |res_130_copy_fu_2140                                                                  |  15|   0|   15|          0|
    |res_131_copy_fu_2136                                                                  |  15|   0|   15|          0|
    |res_132_copy_fu_2132                                                                  |  15|   0|   15|          0|
    |res_133_copy_fu_2128                                                                  |  15|   0|   15|          0|
    |res_134_copy_fu_2124                                                                  |  15|   0|   15|          0|
    |res_135_copy_fu_2120                                                                  |  15|   0|   15|          0|
    |res_136_copy_fu_2116                                                                  |  15|   0|   15|          0|
    |res_137_copy_fu_2112                                                                  |  15|   0|   15|          0|
    |res_138_copy_fu_2108                                                                  |  15|   0|   15|          0|
    |res_139_copy_fu_2104                                                                  |  15|   0|   15|          0|
    |res_13_copy_fu_2608                                                                   |  15|   0|   15|          0|
    |res_140_copy_fu_2100                                                                  |  15|   0|   15|          0|
    |res_141_copy_fu_2096                                                                  |  15|   0|   15|          0|
    |res_142_copy_fu_2092                                                                  |  15|   0|   15|          0|
    |res_143_copy_fu_2088                                                                  |  15|   0|   15|          0|
    |res_144_copy_fu_2084                                                                  |  15|   0|   15|          0|
    |res_145_copy_fu_2080                                                                  |  15|   0|   15|          0|
    |res_146_copy_fu_2076                                                                  |  15|   0|   15|          0|
    |res_147_copy_fu_2072                                                                  |  15|   0|   15|          0|
    |res_148_copy_fu_2068                                                                  |  15|   0|   15|          0|
    |res_149_copy_fu_2064                                                                  |  15|   0|   15|          0|
    |res_14_copy_fu_2604                                                                   |  15|   0|   15|          0|
    |res_150_copy_fu_2060                                                                  |  15|   0|   15|          0|
    |res_151_copy_fu_2056                                                                  |  15|   0|   15|          0|
    |res_152_copy_fu_2052                                                                  |  15|   0|   15|          0|
    |res_153_copy_fu_2048                                                                  |  15|   0|   15|          0|
    |res_154_copy_fu_2044                                                                  |  15|   0|   15|          0|
    |res_155_copy_fu_2040                                                                  |  15|   0|   15|          0|
    |res_156_copy_fu_2036                                                                  |  15|   0|   15|          0|
    |res_157_copy_fu_2032                                                                  |  15|   0|   15|          0|
    |res_158_copy_fu_2028                                                                  |  15|   0|   15|          0|
    |res_159_copy_fu_2024                                                                  |  15|   0|   15|          0|
    |res_15_copy_fu_2600                                                                   |  15|   0|   15|          0|
    |res_160_copy_fu_2020                                                                  |  15|   0|   15|          0|
    |res_161_copy_fu_2016                                                                  |  15|   0|   15|          0|
    |res_162_copy_fu_2012                                                                  |  15|   0|   15|          0|
    |res_163_copy_fu_2008                                                                  |  15|   0|   15|          0|
    |res_164_copy_fu_2004                                                                  |  15|   0|   15|          0|
    |res_165_copy_fu_2000                                                                  |  15|   0|   15|          0|
    |res_166_copy_fu_1996                                                                  |  15|   0|   15|          0|
    |res_167_copy_fu_1992                                                                  |  15|   0|   15|          0|
    |res_168_copy_fu_1988                                                                  |  15|   0|   15|          0|
    |res_169_copy_fu_1984                                                                  |  15|   0|   15|          0|
    |res_16_copy_fu_2596                                                                   |  15|   0|   15|          0|
    |res_170_copy_fu_1980                                                                  |  15|   0|   15|          0|
    |res_171_copy_fu_1976                                                                  |  15|   0|   15|          0|
    |res_172_copy_fu_1972                                                                  |  15|   0|   15|          0|
    |res_173_copy_fu_1968                                                                  |  15|   0|   15|          0|
    |res_174_copy_fu_1964                                                                  |  15|   0|   15|          0|
    |res_175_copy_fu_1960                                                                  |  15|   0|   15|          0|
    |res_176_copy_fu_1956                                                                  |  15|   0|   15|          0|
    |res_177_copy_fu_1952                                                                  |  15|   0|   15|          0|
    |res_178_copy_fu_1948                                                                  |  15|   0|   15|          0|
    |res_179_copy_fu_1944                                                                  |  15|   0|   15|          0|
    |res_17_copy_fu_2592                                                                   |  15|   0|   15|          0|
    |res_180_copy_fu_1940                                                                  |  15|   0|   15|          0|
    |res_181_copy_fu_1936                                                                  |  15|   0|   15|          0|
    |res_182_copy_fu_1932                                                                  |  15|   0|   15|          0|
    |res_183_copy_fu_1928                                                                  |  15|   0|   15|          0|
    |res_184_copy_fu_1924                                                                  |  15|   0|   15|          0|
    |res_185_copy_fu_1920                                                                  |  15|   0|   15|          0|
    |res_186_copy_fu_1916                                                                  |  15|   0|   15|          0|
    |res_187_copy_fu_1912                                                                  |  15|   0|   15|          0|
    |res_188_copy_fu_1908                                                                  |  15|   0|   15|          0|
    |res_189_copy_fu_1904                                                                  |  15|   0|   15|          0|
    |res_18_copy_fu_2588                                                                   |  15|   0|   15|          0|
    |res_190_copy_fu_1900                                                                  |  15|   0|   15|          0|
    |res_191_copy_fu_1896                                                                  |  15|   0|   15|          0|
    |res_192_copy_fu_1892                                                                  |  15|   0|   15|          0|
    |res_193_copy_fu_1888                                                                  |  15|   0|   15|          0|
    |res_194_copy_fu_1884                                                                  |  15|   0|   15|          0|
    |res_195_copy_fu_1880                                                                  |  15|   0|   15|          0|
    |res_196_copy_fu_1876                                                                  |  15|   0|   15|          0|
    |res_197_copy_fu_1872                                                                  |  15|   0|   15|          0|
    |res_198_copy_fu_1868                                                                  |  15|   0|   15|          0|
    |res_199_copy_fu_1864                                                                  |  15|   0|   15|          0|
    |res_19_copy_fu_2584                                                                   |  15|   0|   15|          0|
    |res_1_copy_fu_2656                                                                    |  15|   0|   15|          0|
    |res_200_copy_fu_1860                                                                  |  15|   0|   15|          0|
    |res_201_copy_fu_1856                                                                  |  15|   0|   15|          0|
    |res_202_copy_fu_1852                                                                  |  15|   0|   15|          0|
    |res_203_copy_fu_1848                                                                  |  15|   0|   15|          0|
    |res_204_copy_fu_1844                                                                  |  15|   0|   15|          0|
    |res_205_copy_fu_1840                                                                  |  15|   0|   15|          0|
    |res_206_copy_fu_1836                                                                  |  15|   0|   15|          0|
    |res_207_copy_fu_1832                                                                  |  15|   0|   15|          0|
    |res_208_copy_fu_1828                                                                  |  15|   0|   15|          0|
    |res_209_copy_fu_1824                                                                  |  15|   0|   15|          0|
    |res_20_copy_fu_2580                                                                   |  15|   0|   15|          0|
    |res_210_copy_fu_1820                                                                  |  15|   0|   15|          0|
    |res_211_copy_fu_1816                                                                  |  15|   0|   15|          0|
    |res_212_copy_fu_1812                                                                  |  15|   0|   15|          0|
    |res_213_copy_fu_1808                                                                  |  15|   0|   15|          0|
    |res_214_copy_fu_1804                                                                  |  15|   0|   15|          0|
    |res_215_copy_fu_1800                                                                  |  15|   0|   15|          0|
    |res_216_copy_fu_1796                                                                  |  15|   0|   15|          0|
    |res_217_copy_fu_1792                                                                  |  15|   0|   15|          0|
    |res_218_copy_fu_1788                                                                  |  15|   0|   15|          0|
    |res_219_copy_fu_1784                                                                  |  15|   0|   15|          0|
    |res_21_copy_fu_2576                                                                   |  15|   0|   15|          0|
    |res_220_copy_fu_1780                                                                  |  15|   0|   15|          0|
    |res_221_copy_fu_1776                                                                  |  15|   0|   15|          0|
    |res_222_copy_fu_1772                                                                  |  15|   0|   15|          0|
    |res_223_copy_fu_1768                                                                  |  15|   0|   15|          0|
    |res_224_copy_fu_1764                                                                  |  15|   0|   15|          0|
    |res_225_copy_fu_1760                                                                  |  15|   0|   15|          0|
    |res_226_copy_fu_1756                                                                  |  15|   0|   15|          0|
    |res_227_copy_fu_1752                                                                  |  15|   0|   15|          0|
    |res_228_copy_fu_1748                                                                  |  15|   0|   15|          0|
    |res_229_copy_fu_1744                                                                  |  15|   0|   15|          0|
    |res_22_copy_fu_2572                                                                   |  15|   0|   15|          0|
    |res_230_copy_fu_1740                                                                  |  15|   0|   15|          0|
    |res_231_copy_fu_1736                                                                  |  15|   0|   15|          0|
    |res_232_copy_fu_1732                                                                  |  15|   0|   15|          0|
    |res_233_copy_fu_1728                                                                  |  15|   0|   15|          0|
    |res_234_copy_fu_1724                                                                  |  15|   0|   15|          0|
    |res_235_copy_fu_1720                                                                  |  15|   0|   15|          0|
    |res_236_copy_fu_1716                                                                  |  15|   0|   15|          0|
    |res_237_copy_fu_1712                                                                  |  15|   0|   15|          0|
    |res_238_copy_fu_1708                                                                  |  15|   0|   15|          0|
    |res_239_copy_fu_1704                                                                  |  15|   0|   15|          0|
    |res_23_copy_fu_2568                                                                   |  15|   0|   15|          0|
    |res_240_copy_fu_1700                                                                  |  15|   0|   15|          0|
    |res_241_copy_fu_1696                                                                  |  15|   0|   15|          0|
    |res_242_copy_fu_1692                                                                  |  15|   0|   15|          0|
    |res_243_copy_fu_1688                                                                  |  15|   0|   15|          0|
    |res_244_copy_fu_1684                                                                  |  15|   0|   15|          0|
    |res_245_copy_fu_1680                                                                  |  15|   0|   15|          0|
    |res_246_copy_fu_1676                                                                  |  15|   0|   15|          0|
    |res_247_copy_fu_1672                                                                  |  15|   0|   15|          0|
    |res_248_copy_fu_1668                                                                  |  15|   0|   15|          0|
    |res_249_copy_fu_1664                                                                  |  15|   0|   15|          0|
    |res_24_copy_fu_2564                                                                   |  15|   0|   15|          0|
    |res_250_copy_fu_1660                                                                  |  15|   0|   15|          0|
    |res_251_copy_fu_1656                                                                  |  15|   0|   15|          0|
    |res_252_copy_fu_1652                                                                  |  15|   0|   15|          0|
    |res_253_copy_fu_1648                                                                  |  15|   0|   15|          0|
    |res_254_copy_fu_1644                                                                  |  15|   0|   15|          0|
    |res_255_copy_fu_1640                                                                  |  15|   0|   15|          0|
    |res_256_copy_fu_1636                                                                  |  15|   0|   15|          0|
    |res_257_copy_fu_1632                                                                  |  15|   0|   15|          0|
    |res_258_copy_fu_1628                                                                  |  15|   0|   15|          0|
    |res_259_copy_fu_1624                                                                  |  15|   0|   15|          0|
    |res_25_copy_fu_2560                                                                   |  15|   0|   15|          0|
    |res_260_copy_fu_1620                                                                  |  15|   0|   15|          0|
    |res_261_copy_fu_1616                                                                  |  15|   0|   15|          0|
    |res_262_copy_fu_1612                                                                  |  15|   0|   15|          0|
    |res_263_copy_fu_1608                                                                  |  15|   0|   15|          0|
    |res_264_copy_fu_1604                                                                  |  15|   0|   15|          0|
    |res_265_copy_fu_1600                                                                  |  15|   0|   15|          0|
    |res_266_copy_fu_1596                                                                  |  15|   0|   15|          0|
    |res_267_copy_fu_1592                                                                  |  15|   0|   15|          0|
    |res_268_copy_fu_1588                                                                  |  15|   0|   15|          0|
    |res_269_copy_fu_1584                                                                  |  15|   0|   15|          0|
    |res_26_copy_fu_2556                                                                   |  15|   0|   15|          0|
    |res_270_copy_fu_1580                                                                  |  15|   0|   15|          0|
    |res_271_copy_fu_1576                                                                  |  15|   0|   15|          0|
    |res_272_copy_fu_1572                                                                  |  15|   0|   15|          0|
    |res_273_copy_fu_1568                                                                  |  15|   0|   15|          0|
    |res_274_copy_fu_1564                                                                  |  15|   0|   15|          0|
    |res_275_copy_fu_1560                                                                  |  15|   0|   15|          0|
    |res_276_copy_fu_1556                                                                  |  15|   0|   15|          0|
    |res_277_copy_fu_1552                                                                  |  15|   0|   15|          0|
    |res_278_copy_fu_1548                                                                  |  15|   0|   15|          0|
    |res_279_copy_fu_1544                                                                  |  15|   0|   15|          0|
    |res_27_copy_fu_2552                                                                   |  15|   0|   15|          0|
    |res_280_copy_fu_1540                                                                  |  15|   0|   15|          0|
    |res_281_copy_fu_1536                                                                  |  15|   0|   15|          0|
    |res_282_copy_fu_1532                                                                  |  15|   0|   15|          0|
    |res_283_copy_fu_1528                                                                  |  15|   0|   15|          0|
    |res_284_copy_fu_1524                                                                  |  15|   0|   15|          0|
    |res_285_copy_fu_1520                                                                  |  15|   0|   15|          0|
    |res_286_copy_fu_1516                                                                  |  15|   0|   15|          0|
    |res_287_copy_fu_1512                                                                  |  15|   0|   15|          0|
    |res_288_copy_fu_1508                                                                  |  15|   0|   15|          0|
    |res_289_copy_fu_1504                                                                  |  15|   0|   15|          0|
    |res_28_copy_fu_2548                                                                   |  15|   0|   15|          0|
    |res_290_copy_fu_1500                                                                  |  15|   0|   15|          0|
    |res_291_copy_fu_1496                                                                  |  15|   0|   15|          0|
    |res_292_copy_fu_1492                                                                  |  15|   0|   15|          0|
    |res_293_copy_fu_1488                                                                  |  15|   0|   15|          0|
    |res_294_copy_fu_1484                                                                  |  15|   0|   15|          0|
    |res_295_copy_fu_1480                                                                  |  15|   0|   15|          0|
    |res_296_copy_fu_1476                                                                  |  15|   0|   15|          0|
    |res_297_copy_fu_1472                                                                  |  15|   0|   15|          0|
    |res_298_copy_fu_1468                                                                  |  15|   0|   15|          0|
    |res_299_copy_fu_1464                                                                  |  15|   0|   15|          0|
    |res_29_copy_fu_2544                                                                   |  15|   0|   15|          0|
    |res_2_copy_fu_2652                                                                    |  15|   0|   15|          0|
    |res_300_copy_fu_1460                                                                  |  15|   0|   15|          0|
    |res_301_copy_fu_1456                                                                  |  15|   0|   15|          0|
    |res_302_copy_fu_1452                                                                  |  15|   0|   15|          0|
    |res_303_copy_fu_1448                                                                  |  15|   0|   15|          0|
    |res_304_copy_fu_1444                                                                  |  15|   0|   15|          0|
    |res_305_copy_fu_1440                                                                  |  15|   0|   15|          0|
    |res_306_copy_fu_1436                                                                  |  15|   0|   15|          0|
    |res_307_copy_fu_1432                                                                  |  15|   0|   15|          0|
    |res_308_copy_fu_1428                                                                  |  15|   0|   15|          0|
    |res_309_copy_fu_1424                                                                  |  15|   0|   15|          0|
    |res_30_copy_fu_2540                                                                   |  15|   0|   15|          0|
    |res_310_copy_fu_1420                                                                  |  15|   0|   15|          0|
    |res_311_copy_fu_1416                                                                  |  15|   0|   15|          0|
    |res_312_copy_fu_1412                                                                  |  15|   0|   15|          0|
    |res_313_copy_fu_1408                                                                  |  15|   0|   15|          0|
    |res_314_copy_fu_1404                                                                  |  15|   0|   15|          0|
    |res_315_copy_fu_1400                                                                  |  15|   0|   15|          0|
    |res_316_copy_fu_1396                                                                  |  15|   0|   15|          0|
    |res_317_copy_fu_1392                                                                  |  15|   0|   15|          0|
    |res_318_copy_fu_1388                                                                  |  15|   0|   15|          0|
    |res_319_copy_fu_1384                                                                  |  15|   0|   15|          0|
    |res_31_copy_fu_2536                                                                   |  15|   0|   15|          0|
    |res_320_copy_fu_1380                                                                  |  15|   0|   15|          0|
    |res_321_copy_fu_1376                                                                  |  15|   0|   15|          0|
    |res_322_copy_fu_1372                                                                  |  15|   0|   15|          0|
    |res_323_copy_fu_1368                                                                  |  15|   0|   15|          0|
    |res_324_copy_fu_1364                                                                  |  15|   0|   15|          0|
    |res_325_copy_fu_1360                                                                  |  15|   0|   15|          0|
    |res_326_copy_fu_1356                                                                  |  15|   0|   15|          0|
    |res_327_copy_fu_1352                                                                  |  15|   0|   15|          0|
    |res_328_copy_fu_1348                                                                  |  15|   0|   15|          0|
    |res_329_copy_fu_1344                                                                  |  15|   0|   15|          0|
    |res_32_copy_fu_2532                                                                   |  15|   0|   15|          0|
    |res_330_copy_fu_1340                                                                  |  15|   0|   15|          0|
    |res_331_copy_fu_1336                                                                  |  15|   0|   15|          0|
    |res_332_copy_fu_1332                                                                  |  15|   0|   15|          0|
    |res_333_copy_fu_1328                                                                  |  15|   0|   15|          0|
    |res_334_copy_fu_1324                                                                  |  15|   0|   15|          0|
    |res_335_copy_fu_1320                                                                  |  15|   0|   15|          0|
    |res_336_copy_fu_1316                                                                  |  15|   0|   15|          0|
    |res_337_copy_fu_1312                                                                  |  15|   0|   15|          0|
    |res_338_copy_fu_1308                                                                  |  15|   0|   15|          0|
    |res_339_copy_fu_1304                                                                  |  15|   0|   15|          0|
    |res_33_copy_fu_2528                                                                   |  15|   0|   15|          0|
    |res_340_copy_fu_1300                                                                  |  15|   0|   15|          0|
    |res_341_copy_fu_1296                                                                  |  15|   0|   15|          0|
    |res_342_copy_fu_1292                                                                  |  15|   0|   15|          0|
    |res_343_copy_fu_1288                                                                  |  15|   0|   15|          0|
    |res_344_copy_fu_1284                                                                  |  15|   0|   15|          0|
    |res_345_copy_fu_1280                                                                  |  15|   0|   15|          0|
    |res_346_copy_fu_1276                                                                  |  15|   0|   15|          0|
    |res_347_copy_fu_1272                                                                  |  15|   0|   15|          0|
    |res_348_copy_fu_1268                                                                  |  15|   0|   15|          0|
    |res_349_copy_fu_1264                                                                  |  15|   0|   15|          0|
    |res_34_copy_fu_2524                                                                   |  15|   0|   15|          0|
    |res_350_copy_fu_1260                                                                  |  15|   0|   15|          0|
    |res_351_copy_fu_1256                                                                  |  15|   0|   15|          0|
    |res_352_copy_fu_1252                                                                  |  15|   0|   15|          0|
    |res_353_copy_fu_1248                                                                  |  15|   0|   15|          0|
    |res_354_copy_fu_1244                                                                  |  15|   0|   15|          0|
    |res_355_copy_fu_1240                                                                  |  15|   0|   15|          0|
    |res_356_copy_fu_1236                                                                  |  15|   0|   15|          0|
    |res_357_copy_fu_1232                                                                  |  15|   0|   15|          0|
    |res_358_copy_fu_1228                                                                  |  15|   0|   15|          0|
    |res_359_copy_fu_1224                                                                  |  15|   0|   15|          0|
    |res_35_copy_fu_2520                                                                   |  15|   0|   15|          0|
    |res_360_copy_fu_1220                                                                  |  15|   0|   15|          0|
    |res_361_copy_fu_1216                                                                  |  15|   0|   15|          0|
    |res_362_copy_fu_1212                                                                  |  15|   0|   15|          0|
    |res_363_copy_fu_1208                                                                  |  15|   0|   15|          0|
    |res_364_copy_fu_1204                                                                  |  15|   0|   15|          0|
    |res_365_copy_fu_1200                                                                  |  15|   0|   15|          0|
    |res_366_copy_fu_1196                                                                  |  15|   0|   15|          0|
    |res_367_copy_fu_1192                                                                  |  15|   0|   15|          0|
    |res_368_copy_fu_1188                                                                  |  15|   0|   15|          0|
    |res_369_copy_fu_1184                                                                  |  15|   0|   15|          0|
    |res_36_copy_fu_2516                                                                   |  15|   0|   15|          0|
    |res_370_copy_fu_1180                                                                  |  15|   0|   15|          0|
    |res_371_copy_fu_1176                                                                  |  15|   0|   15|          0|
    |res_372_copy_fu_1172                                                                  |  15|   0|   15|          0|
    |res_373_copy_fu_1168                                                                  |  15|   0|   15|          0|
    |res_374_copy_fu_1164                                                                  |  15|   0|   15|          0|
    |res_375_copy_fu_1160                                                                  |  15|   0|   15|          0|
    |res_376_copy_fu_1156                                                                  |  15|   0|   15|          0|
    |res_377_copy_fu_1152                                                                  |  15|   0|   15|          0|
    |res_378_copy_fu_1148                                                                  |  15|   0|   15|          0|
    |res_379_copy_fu_1144                                                                  |  15|   0|   15|          0|
    |res_37_copy_fu_2512                                                                   |  15|   0|   15|          0|
    |res_380_copy_fu_1140                                                                  |  15|   0|   15|          0|
    |res_381_copy_fu_1136                                                                  |  15|   0|   15|          0|
    |res_382_copy_fu_1132                                                                  |  15|   0|   15|          0|
    |res_383_copy_fu_1128                                                                  |  15|   0|   15|          0|
    |res_384_copy_fu_1124                                                                  |  15|   0|   15|          0|
    |res_385_copy_fu_1120                                                                  |  15|   0|   15|          0|
    |res_386_copy_fu_1116                                                                  |  15|   0|   15|          0|
    |res_387_copy_fu_1112                                                                  |  15|   0|   15|          0|
    |res_388_copy_fu_1108                                                                  |  15|   0|   15|          0|
    |res_389_copy_fu_1104                                                                  |  15|   0|   15|          0|
    |res_38_copy_fu_2508                                                                   |  15|   0|   15|          0|
    |res_390_copy_fu_1100                                                                  |  15|   0|   15|          0|
    |res_391_copy_fu_1096                                                                  |  15|   0|   15|          0|
    |res_392_copy_fu_1092                                                                  |  15|   0|   15|          0|
    |res_393_copy_fu_1088                                                                  |  15|   0|   15|          0|
    |res_394_copy_fu_1084                                                                  |  15|   0|   15|          0|
    |res_395_copy_fu_1080                                                                  |  15|   0|   15|          0|
    |res_396_copy_fu_1076                                                                  |  15|   0|   15|          0|
    |res_397_copy_fu_1072                                                                  |  15|   0|   15|          0|
    |res_398_copy_fu_1068                                                                  |  15|   0|   15|          0|
    |res_399_copy_fu_1064                                                                  |  15|   0|   15|          0|
    |res_39_copy_fu_2504                                                                   |  15|   0|   15|          0|
    |res_3_copy_fu_2648                                                                    |  15|   0|   15|          0|
    |res_400_copy_fu_1060                                                                  |  15|   0|   15|          0|
    |res_401_copy_fu_1056                                                                  |  15|   0|   15|          0|
    |res_402_copy_fu_1052                                                                  |  15|   0|   15|          0|
    |res_403_copy_fu_1048                                                                  |  15|   0|   15|          0|
    |res_404_copy_fu_1044                                                                  |  15|   0|   15|          0|
    |res_405_copy_fu_1040                                                                  |  15|   0|   15|          0|
    |res_406_copy_fu_1036                                                                  |  15|   0|   15|          0|
    |res_407_copy_fu_1032                                                                  |  15|   0|   15|          0|
    |res_408_copy_fu_1028                                                                  |  15|   0|   15|          0|
    |res_409_copy_fu_1024                                                                  |  15|   0|   15|          0|
    |res_40_copy_fu_2500                                                                   |  15|   0|   15|          0|
    |res_410_copy_fu_1020                                                                  |  15|   0|   15|          0|
    |res_411_copy_fu_1016                                                                  |  15|   0|   15|          0|
    |res_412_copy_fu_1012                                                                  |  15|   0|   15|          0|
    |res_413_copy_fu_1008                                                                  |  15|   0|   15|          0|
    |res_414_copy_fu_1004                                                                  |  15|   0|   15|          0|
    |res_415_copy_fu_1000                                                                  |  15|   0|   15|          0|
    |res_416_copy_fu_996                                                                   |  15|   0|   15|          0|
    |res_417_copy_fu_992                                                                   |  15|   0|   15|          0|
    |res_418_copy_fu_988                                                                   |  15|   0|   15|          0|
    |res_419_copy_fu_984                                                                   |  15|   0|   15|          0|
    |res_41_copy_fu_2496                                                                   |  15|   0|   15|          0|
    |res_420_copy_fu_980                                                                   |  15|   0|   15|          0|
    |res_421_copy_fu_976                                                                   |  15|   0|   15|          0|
    |res_422_copy_fu_972                                                                   |  15|   0|   15|          0|
    |res_423_copy_fu_968                                                                   |  15|   0|   15|          0|
    |res_424_copy_fu_964                                                                   |  15|   0|   15|          0|
    |res_425_copy_fu_960                                                                   |  15|   0|   15|          0|
    |res_426_copy_fu_956                                                                   |  15|   0|   15|          0|
    |res_427_copy_fu_952                                                                   |  15|   0|   15|          0|
    |res_428_copy_fu_948                                                                   |  15|   0|   15|          0|
    |res_429_copy_fu_944                                                                   |  15|   0|   15|          0|
    |res_42_copy_fu_2492                                                                   |  15|   0|   15|          0|
    |res_430_copy_fu_940                                                                   |  15|   0|   15|          0|
    |res_431_copy_fu_936                                                                   |  15|   0|   15|          0|
    |res_432_copy_fu_932                                                                   |  15|   0|   15|          0|
    |res_433_copy_fu_928                                                                   |  15|   0|   15|          0|
    |res_434_copy_fu_924                                                                   |  15|   0|   15|          0|
    |res_435_copy_fu_920                                                                   |  15|   0|   15|          0|
    |res_436_copy_fu_916                                                                   |  15|   0|   15|          0|
    |res_437_copy_fu_912                                                                   |  15|   0|   15|          0|
    |res_438_copy_fu_908                                                                   |  15|   0|   15|          0|
    |res_439_copy_fu_904                                                                   |  15|   0|   15|          0|
    |res_43_copy_fu_2488                                                                   |  15|   0|   15|          0|
    |res_440_copy_fu_900                                                                   |  15|   0|   15|          0|
    |res_441_copy_fu_896                                                                   |  15|   0|   15|          0|
    |res_442_copy_fu_892                                                                   |  15|   0|   15|          0|
    |res_443_copy_fu_888                                                                   |  15|   0|   15|          0|
    |res_444_copy_fu_884                                                                   |  15|   0|   15|          0|
    |res_445_copy_fu_880                                                                   |  15|   0|   15|          0|
    |res_446_copy_fu_876                                                                   |  15|   0|   15|          0|
    |res_447_copy_fu_872                                                                   |  15|   0|   15|          0|
    |res_448_copy_fu_868                                                                   |  15|   0|   15|          0|
    |res_449_copy_fu_864                                                                   |  15|   0|   15|          0|
    |res_44_copy_fu_2484                                                                   |  15|   0|   15|          0|
    |res_450_copy_fu_860                                                                   |  15|   0|   15|          0|
    |res_451_copy_fu_856                                                                   |  15|   0|   15|          0|
    |res_452_copy_fu_852                                                                   |  15|   0|   15|          0|
    |res_453_copy_fu_848                                                                   |  15|   0|   15|          0|
    |res_454_copy_fu_844                                                                   |  15|   0|   15|          0|
    |res_455_copy_fu_840                                                                   |  15|   0|   15|          0|
    |res_456_copy_fu_836                                                                   |  15|   0|   15|          0|
    |res_457_copy_fu_832                                                                   |  15|   0|   15|          0|
    |res_458_copy_fu_828                                                                   |  15|   0|   15|          0|
    |res_459_copy_fu_824                                                                   |  15|   0|   15|          0|
    |res_45_copy_fu_2480                                                                   |  15|   0|   15|          0|
    |res_460_copy_fu_820                                                                   |  15|   0|   15|          0|
    |res_461_copy_fu_816                                                                   |  15|   0|   15|          0|
    |res_462_copy_fu_812                                                                   |  15|   0|   15|          0|
    |res_463_copy_fu_808                                                                   |  15|   0|   15|          0|
    |res_464_copy_fu_804                                                                   |  15|   0|   15|          0|
    |res_465_copy_fu_800                                                                   |  15|   0|   15|          0|
    |res_466_copy_fu_796                                                                   |  15|   0|   15|          0|
    |res_467_copy_fu_792                                                                   |  15|   0|   15|          0|
    |res_468_copy_fu_788                                                                   |  15|   0|   15|          0|
    |res_469_copy_fu_784                                                                   |  15|   0|   15|          0|
    |res_46_copy_fu_2476                                                                   |  15|   0|   15|          0|
    |res_470_copy_fu_780                                                                   |  15|   0|   15|          0|
    |res_471_copy_fu_776                                                                   |  15|   0|   15|          0|
    |res_472_copy_fu_772                                                                   |  15|   0|   15|          0|
    |res_473_copy_fu_768                                                                   |  15|   0|   15|          0|
    |res_474_copy_fu_764                                                                   |  15|   0|   15|          0|
    |res_475_copy_fu_760                                                                   |  15|   0|   15|          0|
    |res_476_copy_fu_756                                                                   |  15|   0|   15|          0|
    |res_477_copy_fu_752                                                                   |  15|   0|   15|          0|
    |res_478_copy_fu_748                                                                   |  15|   0|   15|          0|
    |res_479_copy_fu_744                                                                   |  15|   0|   15|          0|
    |res_47_copy_fu_2472                                                                   |  15|   0|   15|          0|
    |res_480_copy_fu_740                                                                   |  15|   0|   15|          0|
    |res_481_copy_fu_736                                                                   |  15|   0|   15|          0|
    |res_482_copy_fu_732                                                                   |  15|   0|   15|          0|
    |res_483_copy_fu_728                                                                   |  15|   0|   15|          0|
    |res_484_copy_fu_724                                                                   |  15|   0|   15|          0|
    |res_485_copy_fu_720                                                                   |  15|   0|   15|          0|
    |res_486_copy_fu_716                                                                   |  15|   0|   15|          0|
    |res_487_copy_fu_712                                                                   |  15|   0|   15|          0|
    |res_488_copy_fu_708                                                                   |  15|   0|   15|          0|
    |res_489_copy_fu_704                                                                   |  15|   0|   15|          0|
    |res_48_copy_fu_2468                                                                   |  15|   0|   15|          0|
    |res_490_copy_fu_700                                                                   |  15|   0|   15|          0|
    |res_491_copy_fu_696                                                                   |  15|   0|   15|          0|
    |res_492_copy_fu_692                                                                   |  15|   0|   15|          0|
    |res_493_copy_fu_688                                                                   |  15|   0|   15|          0|
    |res_494_copy_fu_684                                                                   |  15|   0|   15|          0|
    |res_495_copy_fu_680                                                                   |  15|   0|   15|          0|
    |res_496_copy_fu_676                                                                   |  15|   0|   15|          0|
    |res_497_copy_fu_672                                                                   |  15|   0|   15|          0|
    |res_498_copy_fu_668                                                                   |  15|   0|   15|          0|
    |res_499_copy_fu_664                                                                   |  15|   0|   15|          0|
    |res_49_copy_fu_2464                                                                   |  15|   0|   15|          0|
    |res_4_copy_fu_2644                                                                    |  15|   0|   15|          0|
    |res_500_copy_fu_660                                                                   |  15|   0|   15|          0|
    |res_501_copy_fu_656                                                                   |  15|   0|   15|          0|
    |res_502_copy_fu_652                                                                   |  15|   0|   15|          0|
    |res_503_copy_fu_648                                                                   |  15|   0|   15|          0|
    |res_504_copy_fu_644                                                                   |  15|   0|   15|          0|
    |res_505_copy_fu_640                                                                   |  15|   0|   15|          0|
    |res_506_copy_fu_636                                                                   |  15|   0|   15|          0|
    |res_507_copy_fu_632                                                                   |  15|   0|   15|          0|
    |res_508_copy_fu_628                                                                   |  15|   0|   15|          0|
    |res_509_copy_fu_624                                                                   |  15|   0|   15|          0|
    |res_50_copy_fu_2460                                                                   |  15|   0|   15|          0|
    |res_510_copy_fu_620                                                                   |  15|   0|   15|          0|
    |res_511_copy_fu_616                                                                   |  15|   0|   15|          0|
    |res_51_copy_fu_2456                                                                   |  15|   0|   15|          0|
    |res_52_copy_fu_2452                                                                   |  15|   0|   15|          0|
    |res_53_copy_fu_2448                                                                   |  15|   0|   15|          0|
    |res_54_copy_fu_2444                                                                   |  15|   0|   15|          0|
    |res_55_copy_fu_2440                                                                   |  15|   0|   15|          0|
    |res_56_copy_fu_2436                                                                   |  15|   0|   15|          0|
    |res_57_copy_fu_2432                                                                   |  15|   0|   15|          0|
    |res_58_copy_fu_2428                                                                   |  15|   0|   15|          0|
    |res_59_copy_fu_2424                                                                   |  15|   0|   15|          0|
    |res_5_copy_fu_2640                                                                    |  15|   0|   15|          0|
    |res_60_copy_fu_2420                                                                   |  15|   0|   15|          0|
    |res_61_copy_fu_2416                                                                   |  15|   0|   15|          0|
    |res_62_copy_fu_2412                                                                   |  15|   0|   15|          0|
    |res_63_copy_fu_2408                                                                   |  15|   0|   15|          0|
    |res_64_copy_fu_2404                                                                   |  15|   0|   15|          0|
    |res_65_copy_fu_2400                                                                   |  15|   0|   15|          0|
    |res_66_copy_fu_2396                                                                   |  15|   0|   15|          0|
    |res_67_copy_fu_2392                                                                   |  15|   0|   15|          0|
    |res_68_copy_fu_2388                                                                   |  15|   0|   15|          0|
    |res_69_copy_fu_2384                                                                   |  15|   0|   15|          0|
    |res_6_copy_fu_2636                                                                    |  15|   0|   15|          0|
    |res_70_copy_fu_2380                                                                   |  15|   0|   15|          0|
    |res_71_copy_fu_2376                                                                   |  15|   0|   15|          0|
    |res_72_copy_fu_2372                                                                   |  15|   0|   15|          0|
    |res_73_copy_fu_2368                                                                   |  15|   0|   15|          0|
    |res_74_copy_fu_2364                                                                   |  15|   0|   15|          0|
    |res_75_copy_fu_2360                                                                   |  15|   0|   15|          0|
    |res_76_copy_fu_2356                                                                   |  15|   0|   15|          0|
    |res_77_copy_fu_2352                                                                   |  15|   0|   15|          0|
    |res_78_copy_fu_2348                                                                   |  15|   0|   15|          0|
    |res_79_copy_fu_2344                                                                   |  15|   0|   15|          0|
    |res_7_copy_fu_2632                                                                    |  15|   0|   15|          0|
    |res_80_copy_fu_2340                                                                   |  15|   0|   15|          0|
    |res_81_copy_fu_2336                                                                   |  15|   0|   15|          0|
    |res_82_copy_fu_2332                                                                   |  15|   0|   15|          0|
    |res_83_copy_fu_2328                                                                   |  15|   0|   15|          0|
    |res_84_copy_fu_2324                                                                   |  15|   0|   15|          0|
    |res_85_copy_fu_2320                                                                   |  15|   0|   15|          0|
    |res_86_copy_fu_2316                                                                   |  15|   0|   15|          0|
    |res_87_copy_fu_2312                                                                   |  15|   0|   15|          0|
    |res_88_copy_fu_2308                                                                   |  15|   0|   15|          0|
    |res_89_copy_fu_2304                                                                   |  15|   0|   15|          0|
    |res_8_copy_fu_2628                                                                    |  15|   0|   15|          0|
    |res_90_copy_fu_2300                                                                   |  15|   0|   15|          0|
    |res_91_copy_fu_2296                                                                   |  15|   0|   15|          0|
    |res_92_copy_fu_2292                                                                   |  15|   0|   15|          0|
    |res_93_copy_fu_2288                                                                   |  15|   0|   15|          0|
    |res_94_copy_fu_2284                                                                   |  15|   0|   15|          0|
    |res_95_copy_fu_2280                                                                   |  15|   0|   15|          0|
    |res_96_copy_fu_2276                                                                   |  15|   0|   15|          0|
    |res_97_copy_fu_2272                                                                   |  15|   0|   15|          0|
    |res_98_copy_fu_2268                                                                   |  15|   0|   15|          0|
    |res_99_copy_fu_2264                                                                   |  15|   0|   15|          0|
    |res_9_copy_fu_2624                                                                    |  15|   0|   15|          0|
    +--------------------------------------------------------------------------------------+----+----+-----+-----------+
    |Total                                                                                 |7686|   0| 7686|          0|
    +--------------------------------------------------------------------------------------+----+----+-----+-----------+



================================================================
== Interface
================================================================
* Summary: 
+---------------+-----+-----+------------+---------------------------------------------------------------+--------------+
|   RTL Ports   | Dir | Bits|  Protocol  |                         Source Object                         |    C Type    |
+---------------+-----+-----+------------+---------------------------------------------------------------+--------------+
|ap_clk         |   in|    1|  ap_ctrl_hs|  pointwise_conv_1d_cl<ap_fixed,ap_fixed<30,21,5,3,0>,config28>|  return value|
|ap_rst         |   in|    1|  ap_ctrl_hs|  pointwise_conv_1d_cl<ap_fixed,ap_fixed<30,21,5,3,0>,config28>|  return value|
|ap_start       |   in|    1|  ap_ctrl_hs|  pointwise_conv_1d_cl<ap_fixed,ap_fixed<30,21,5,3,0>,config28>|  return value|
|ap_done        |  out|    1|  ap_ctrl_hs|  pointwise_conv_1d_cl<ap_fixed,ap_fixed<30,21,5,3,0>,config28>|  return value|
|ap_continue    |   in|    1|  ap_ctrl_hs|  pointwise_conv_1d_cl<ap_fixed,ap_fixed<30,21,5,3,0>,config28>|  return value|
|ap_idle        |  out|    1|  ap_ctrl_hs|  pointwise_conv_1d_cl<ap_fixed,ap_fixed<30,21,5,3,0>,config28>|  return value|
|ap_ready       |  out|    1|  ap_ctrl_hs|  pointwise_conv_1d_cl<ap_fixed,ap_fixed<30,21,5,3,0>,config28>|  return value|
|ap_return_0    |  out|   15|  ap_ctrl_hs|  pointwise_conv_1d_cl<ap_fixed,ap_fixed<30,21,5,3,0>,config28>|  return value|
|ap_return_1    |  out|   15|  ap_ctrl_hs|  pointwise_conv_1d_cl<ap_fixed,ap_fixed<30,21,5,3,0>,config28>|  return value|
|ap_return_2    |  out|   15|  ap_ctrl_hs|  pointwise_conv_1d_cl<ap_fixed,ap_fixed<30,21,5,3,0>,config28>|  return value|
|ap_return_3    |  out|   15|  ap_ctrl_hs|  pointwise_conv_1d_cl<ap_fixed,ap_fixed<30,21,5,3,0>,config28>|  return value|
|ap_return_4    |  out|   15|  ap_ctrl_hs|  pointwise_conv_1d_cl<ap_fixed,ap_fixed<30,21,5,3,0>,config28>|  return value|
|ap_return_5    |  out|   15|  ap_ctrl_hs|  pointwise_conv_1d_cl<ap_fixed,ap_fixed<30,21,5,3,0>,config28>|  return value|
|ap_return_6    |  out|   15|  ap_ctrl_hs|  pointwise_conv_1d_cl<ap_fixed,ap_fixed<30,21,5,3,0>,config28>|  return value|
|ap_return_7    |  out|   15|  ap_ctrl_hs|  pointwise_conv_1d_cl<ap_fixed,ap_fixed<30,21,5,3,0>,config28>|  return value|
|ap_return_8    |  out|   15|  ap_ctrl_hs|  pointwise_conv_1d_cl<ap_fixed,ap_fixed<30,21,5,3,0>,config28>|  return value|
|ap_return_9    |  out|   15|  ap_ctrl_hs|  pointwise_conv_1d_cl<ap_fixed,ap_fixed<30,21,5,3,0>,config28>|  return value|
|ap_return_10   |  out|   15|  ap_ctrl_hs|  pointwise_conv_1d_cl<ap_fixed,ap_fixed<30,21,5,3,0>,config28>|  return value|
|ap_return_11   |  out|   15|  ap_ctrl_hs|  pointwise_conv_1d_cl<ap_fixed,ap_fixed<30,21,5,3,0>,config28>|  return value|
|ap_return_12   |  out|   15|  ap_ctrl_hs|  pointwise_conv_1d_cl<ap_fixed,ap_fixed<30,21,5,3,0>,config28>|  return value|
|ap_return_13   |  out|   15|  ap_ctrl_hs|  pointwise_conv_1d_cl<ap_fixed,ap_fixed<30,21,5,3,0>,config28>|  return value|
|ap_return_14   |  out|   15|  ap_ctrl_hs|  pointwise_conv_1d_cl<ap_fixed,ap_fixed<30,21,5,3,0>,config28>|  return value|
|ap_return_15   |  out|   15|  ap_ctrl_hs|  pointwise_conv_1d_cl<ap_fixed,ap_fixed<30,21,5,3,0>,config28>|  return value|
|ap_return_16   |  out|   15|  ap_ctrl_hs|  pointwise_conv_1d_cl<ap_fixed,ap_fixed<30,21,5,3,0>,config28>|  return value|
|ap_return_17   |  out|   15|  ap_ctrl_hs|  pointwise_conv_1d_cl<ap_fixed,ap_fixed<30,21,5,3,0>,config28>|  return value|
|ap_return_18   |  out|   15|  ap_ctrl_hs|  pointwise_conv_1d_cl<ap_fixed,ap_fixed<30,21,5,3,0>,config28>|  return value|
|ap_return_19   |  out|   15|  ap_ctrl_hs|  pointwise_conv_1d_cl<ap_fixed,ap_fixed<30,21,5,3,0>,config28>|  return value|
|ap_return_20   |  out|   15|  ap_ctrl_hs|  pointwise_conv_1d_cl<ap_fixed,ap_fixed<30,21,5,3,0>,config28>|  return value|
|ap_return_21   |  out|   15|  ap_ctrl_hs|  pointwise_conv_1d_cl<ap_fixed,ap_fixed<30,21,5,3,0>,config28>|  return value|
|ap_return_22   |  out|   15|  ap_ctrl_hs|  pointwise_conv_1d_cl<ap_fixed,ap_fixed<30,21,5,3,0>,config28>|  return value|
|ap_return_23   |  out|   15|  ap_ctrl_hs|  pointwise_conv_1d_cl<ap_fixed,ap_fixed<30,21,5,3,0>,config28>|  return value|
|ap_return_24   |  out|   15|  ap_ctrl_hs|  pointwise_conv_1d_cl<ap_fixed,ap_fixed<30,21,5,3,0>,config28>|  return value|
|ap_return_25   |  out|   15|  ap_ctrl_hs|  pointwise_conv_1d_cl<ap_fixed,ap_fixed<30,21,5,3,0>,config28>|  return value|
|ap_return_26   |  out|   15|  ap_ctrl_hs|  pointwise_conv_1d_cl<ap_fixed,ap_fixed<30,21,5,3,0>,config28>|  return value|
|ap_return_27   |  out|   15|  ap_ctrl_hs|  pointwise_conv_1d_cl<ap_fixed,ap_fixed<30,21,5,3,0>,config28>|  return value|
|ap_return_28   |  out|   15|  ap_ctrl_hs|  pointwise_conv_1d_cl<ap_fixed,ap_fixed<30,21,5,3,0>,config28>|  return value|
|ap_return_29   |  out|   15|  ap_ctrl_hs|  pointwise_conv_1d_cl<ap_fixed,ap_fixed<30,21,5,3,0>,config28>|  return value|
|ap_return_30   |  out|   15|  ap_ctrl_hs|  pointwise_conv_1d_cl<ap_fixed,ap_fixed<30,21,5,3,0>,config28>|  return value|
|ap_return_31   |  out|   15|  ap_ctrl_hs|  pointwise_conv_1d_cl<ap_fixed,ap_fixed<30,21,5,3,0>,config28>|  return value|
|ap_return_32   |  out|   15|  ap_ctrl_hs|  pointwise_conv_1d_cl<ap_fixed,ap_fixed<30,21,5,3,0>,config28>|  return value|
|ap_return_33   |  out|   15|  ap_ctrl_hs|  pointwise_conv_1d_cl<ap_fixed,ap_fixed<30,21,5,3,0>,config28>|  return value|
|ap_return_34   |  out|   15|  ap_ctrl_hs|  pointwise_conv_1d_cl<ap_fixed,ap_fixed<30,21,5,3,0>,config28>|  return value|
|ap_return_35   |  out|   15|  ap_ctrl_hs|  pointwise_conv_1d_cl<ap_fixed,ap_fixed<30,21,5,3,0>,config28>|  return value|
|ap_return_36   |  out|   15|  ap_ctrl_hs|  pointwise_conv_1d_cl<ap_fixed,ap_fixed<30,21,5,3,0>,config28>|  return value|
|ap_return_37   |  out|   15|  ap_ctrl_hs|  pointwise_conv_1d_cl<ap_fixed,ap_fixed<30,21,5,3,0>,config28>|  return value|
|ap_return_38   |  out|   15|  ap_ctrl_hs|  pointwise_conv_1d_cl<ap_fixed,ap_fixed<30,21,5,3,0>,config28>|  return value|
|ap_return_39   |  out|   15|  ap_ctrl_hs|  pointwise_conv_1d_cl<ap_fixed,ap_fixed<30,21,5,3,0>,config28>|  return value|
|ap_return_40   |  out|   15|  ap_ctrl_hs|  pointwise_conv_1d_cl<ap_fixed,ap_fixed<30,21,5,3,0>,config28>|  return value|
|ap_return_41   |  out|   15|  ap_ctrl_hs|  pointwise_conv_1d_cl<ap_fixed,ap_fixed<30,21,5,3,0>,config28>|  return value|
|ap_return_42   |  out|   15|  ap_ctrl_hs|  pointwise_conv_1d_cl<ap_fixed,ap_fixed<30,21,5,3,0>,config28>|  return value|
|ap_return_43   |  out|   15|  ap_ctrl_hs|  pointwise_conv_1d_cl<ap_fixed,ap_fixed<30,21,5,3,0>,config28>|  return value|
|ap_return_44   |  out|   15|  ap_ctrl_hs|  pointwise_conv_1d_cl<ap_fixed,ap_fixed<30,21,5,3,0>,config28>|  return value|
|ap_return_45   |  out|   15|  ap_ctrl_hs|  pointwise_conv_1d_cl<ap_fixed,ap_fixed<30,21,5,3,0>,config28>|  return value|
|ap_return_46   |  out|   15|  ap_ctrl_hs|  pointwise_conv_1d_cl<ap_fixed,ap_fixed<30,21,5,3,0>,config28>|  return value|
|ap_return_47   |  out|   15|  ap_ctrl_hs|  pointwise_conv_1d_cl<ap_fixed,ap_fixed<30,21,5,3,0>,config28>|  return value|
|ap_return_48   |  out|   15|  ap_ctrl_hs|  pointwise_conv_1d_cl<ap_fixed,ap_fixed<30,21,5,3,0>,config28>|  return value|
|ap_return_49   |  out|   15|  ap_ctrl_hs|  pointwise_conv_1d_cl<ap_fixed,ap_fixed<30,21,5,3,0>,config28>|  return value|
|ap_return_50   |  out|   15|  ap_ctrl_hs|  pointwise_conv_1d_cl<ap_fixed,ap_fixed<30,21,5,3,0>,config28>|  return value|
|ap_return_51   |  out|   15|  ap_ctrl_hs|  pointwise_conv_1d_cl<ap_fixed,ap_fixed<30,21,5,3,0>,config28>|  return value|
|ap_return_52   |  out|   15|  ap_ctrl_hs|  pointwise_conv_1d_cl<ap_fixed,ap_fixed<30,21,5,3,0>,config28>|  return value|
|ap_return_53   |  out|   15|  ap_ctrl_hs|  pointwise_conv_1d_cl<ap_fixed,ap_fixed<30,21,5,3,0>,config28>|  return value|
|ap_return_54   |  out|   15|  ap_ctrl_hs|  pointwise_conv_1d_cl<ap_fixed,ap_fixed<30,21,5,3,0>,config28>|  return value|
|ap_return_55   |  out|   15|  ap_ctrl_hs|  pointwise_conv_1d_cl<ap_fixed,ap_fixed<30,21,5,3,0>,config28>|  return value|
|ap_return_56   |  out|   15|  ap_ctrl_hs|  pointwise_conv_1d_cl<ap_fixed,ap_fixed<30,21,5,3,0>,config28>|  return value|
|ap_return_57   |  out|   15|  ap_ctrl_hs|  pointwise_conv_1d_cl<ap_fixed,ap_fixed<30,21,5,3,0>,config28>|  return value|
|ap_return_58   |  out|   15|  ap_ctrl_hs|  pointwise_conv_1d_cl<ap_fixed,ap_fixed<30,21,5,3,0>,config28>|  return value|
|ap_return_59   |  out|   15|  ap_ctrl_hs|  pointwise_conv_1d_cl<ap_fixed,ap_fixed<30,21,5,3,0>,config28>|  return value|
|ap_return_60   |  out|   15|  ap_ctrl_hs|  pointwise_conv_1d_cl<ap_fixed,ap_fixed<30,21,5,3,0>,config28>|  return value|
|ap_return_61   |  out|   15|  ap_ctrl_hs|  pointwise_conv_1d_cl<ap_fixed,ap_fixed<30,21,5,3,0>,config28>|  return value|
|ap_return_62   |  out|   15|  ap_ctrl_hs|  pointwise_conv_1d_cl<ap_fixed,ap_fixed<30,21,5,3,0>,config28>|  return value|
|ap_return_63   |  out|   15|  ap_ctrl_hs|  pointwise_conv_1d_cl<ap_fixed,ap_fixed<30,21,5,3,0>,config28>|  return value|
|ap_return_64   |  out|   15|  ap_ctrl_hs|  pointwise_conv_1d_cl<ap_fixed,ap_fixed<30,21,5,3,0>,config28>|  return value|
|ap_return_65   |  out|   15|  ap_ctrl_hs|  pointwise_conv_1d_cl<ap_fixed,ap_fixed<30,21,5,3,0>,config28>|  return value|
|ap_return_66   |  out|   15|  ap_ctrl_hs|  pointwise_conv_1d_cl<ap_fixed,ap_fixed<30,21,5,3,0>,config28>|  return value|
|ap_return_67   |  out|   15|  ap_ctrl_hs|  pointwise_conv_1d_cl<ap_fixed,ap_fixed<30,21,5,3,0>,config28>|  return value|
|ap_return_68   |  out|   15|  ap_ctrl_hs|  pointwise_conv_1d_cl<ap_fixed,ap_fixed<30,21,5,3,0>,config28>|  return value|
|ap_return_69   |  out|   15|  ap_ctrl_hs|  pointwise_conv_1d_cl<ap_fixed,ap_fixed<30,21,5,3,0>,config28>|  return value|
|ap_return_70   |  out|   15|  ap_ctrl_hs|  pointwise_conv_1d_cl<ap_fixed,ap_fixed<30,21,5,3,0>,config28>|  return value|
|ap_return_71   |  out|   15|  ap_ctrl_hs|  pointwise_conv_1d_cl<ap_fixed,ap_fixed<30,21,5,3,0>,config28>|  return value|
|ap_return_72   |  out|   15|  ap_ctrl_hs|  pointwise_conv_1d_cl<ap_fixed,ap_fixed<30,21,5,3,0>,config28>|  return value|
|ap_return_73   |  out|   15|  ap_ctrl_hs|  pointwise_conv_1d_cl<ap_fixed,ap_fixed<30,21,5,3,0>,config28>|  return value|
|ap_return_74   |  out|   15|  ap_ctrl_hs|  pointwise_conv_1d_cl<ap_fixed,ap_fixed<30,21,5,3,0>,config28>|  return value|
|ap_return_75   |  out|   15|  ap_ctrl_hs|  pointwise_conv_1d_cl<ap_fixed,ap_fixed<30,21,5,3,0>,config28>|  return value|
|ap_return_76   |  out|   15|  ap_ctrl_hs|  pointwise_conv_1d_cl<ap_fixed,ap_fixed<30,21,5,3,0>,config28>|  return value|
|ap_return_77   |  out|   15|  ap_ctrl_hs|  pointwise_conv_1d_cl<ap_fixed,ap_fixed<30,21,5,3,0>,config28>|  return value|
|ap_return_78   |  out|   15|  ap_ctrl_hs|  pointwise_conv_1d_cl<ap_fixed,ap_fixed<30,21,5,3,0>,config28>|  return value|
|ap_return_79   |  out|   15|  ap_ctrl_hs|  pointwise_conv_1d_cl<ap_fixed,ap_fixed<30,21,5,3,0>,config28>|  return value|
|ap_return_80   |  out|   15|  ap_ctrl_hs|  pointwise_conv_1d_cl<ap_fixed,ap_fixed<30,21,5,3,0>,config28>|  return value|
|ap_return_81   |  out|   15|  ap_ctrl_hs|  pointwise_conv_1d_cl<ap_fixed,ap_fixed<30,21,5,3,0>,config28>|  return value|
|ap_return_82   |  out|   15|  ap_ctrl_hs|  pointwise_conv_1d_cl<ap_fixed,ap_fixed<30,21,5,3,0>,config28>|  return value|
|ap_return_83   |  out|   15|  ap_ctrl_hs|  pointwise_conv_1d_cl<ap_fixed,ap_fixed<30,21,5,3,0>,config28>|  return value|
|ap_return_84   |  out|   15|  ap_ctrl_hs|  pointwise_conv_1d_cl<ap_fixed,ap_fixed<30,21,5,3,0>,config28>|  return value|
|ap_return_85   |  out|   15|  ap_ctrl_hs|  pointwise_conv_1d_cl<ap_fixed,ap_fixed<30,21,5,3,0>,config28>|  return value|
|ap_return_86   |  out|   15|  ap_ctrl_hs|  pointwise_conv_1d_cl<ap_fixed,ap_fixed<30,21,5,3,0>,config28>|  return value|
|ap_return_87   |  out|   15|  ap_ctrl_hs|  pointwise_conv_1d_cl<ap_fixed,ap_fixed<30,21,5,3,0>,config28>|  return value|
|ap_return_88   |  out|   15|  ap_ctrl_hs|  pointwise_conv_1d_cl<ap_fixed,ap_fixed<30,21,5,3,0>,config28>|  return value|
|ap_return_89   |  out|   15|  ap_ctrl_hs|  pointwise_conv_1d_cl<ap_fixed,ap_fixed<30,21,5,3,0>,config28>|  return value|
|ap_return_90   |  out|   15|  ap_ctrl_hs|  pointwise_conv_1d_cl<ap_fixed,ap_fixed<30,21,5,3,0>,config28>|  return value|
|ap_return_91   |  out|   15|  ap_ctrl_hs|  pointwise_conv_1d_cl<ap_fixed,ap_fixed<30,21,5,3,0>,config28>|  return value|
|ap_return_92   |  out|   15|  ap_ctrl_hs|  pointwise_conv_1d_cl<ap_fixed,ap_fixed<30,21,5,3,0>,config28>|  return value|
|ap_return_93   |  out|   15|  ap_ctrl_hs|  pointwise_conv_1d_cl<ap_fixed,ap_fixed<30,21,5,3,0>,config28>|  return value|
|ap_return_94   |  out|   15|  ap_ctrl_hs|  pointwise_conv_1d_cl<ap_fixed,ap_fixed<30,21,5,3,0>,config28>|  return value|
|ap_return_95   |  out|   15|  ap_ctrl_hs|  pointwise_conv_1d_cl<ap_fixed,ap_fixed<30,21,5,3,0>,config28>|  return value|
|ap_return_96   |  out|   15|  ap_ctrl_hs|  pointwise_conv_1d_cl<ap_fixed,ap_fixed<30,21,5,3,0>,config28>|  return value|
|ap_return_97   |  out|   15|  ap_ctrl_hs|  pointwise_conv_1d_cl<ap_fixed,ap_fixed<30,21,5,3,0>,config28>|  return value|
|ap_return_98   |  out|   15|  ap_ctrl_hs|  pointwise_conv_1d_cl<ap_fixed,ap_fixed<30,21,5,3,0>,config28>|  return value|
|ap_return_99   |  out|   15|  ap_ctrl_hs|  pointwise_conv_1d_cl<ap_fixed,ap_fixed<30,21,5,3,0>,config28>|  return value|
|ap_return_100  |  out|   15|  ap_ctrl_hs|  pointwise_conv_1d_cl<ap_fixed,ap_fixed<30,21,5,3,0>,config28>|  return value|
|ap_return_101  |  out|   15|  ap_ctrl_hs|  pointwise_conv_1d_cl<ap_fixed,ap_fixed<30,21,5,3,0>,config28>|  return value|
|ap_return_102  |  out|   15|  ap_ctrl_hs|  pointwise_conv_1d_cl<ap_fixed,ap_fixed<30,21,5,3,0>,config28>|  return value|
|ap_return_103  |  out|   15|  ap_ctrl_hs|  pointwise_conv_1d_cl<ap_fixed,ap_fixed<30,21,5,3,0>,config28>|  return value|
|ap_return_104  |  out|   15|  ap_ctrl_hs|  pointwise_conv_1d_cl<ap_fixed,ap_fixed<30,21,5,3,0>,config28>|  return value|
|ap_return_105  |  out|   15|  ap_ctrl_hs|  pointwise_conv_1d_cl<ap_fixed,ap_fixed<30,21,5,3,0>,config28>|  return value|
|ap_return_106  |  out|   15|  ap_ctrl_hs|  pointwise_conv_1d_cl<ap_fixed,ap_fixed<30,21,5,3,0>,config28>|  return value|
|ap_return_107  |  out|   15|  ap_ctrl_hs|  pointwise_conv_1d_cl<ap_fixed,ap_fixed<30,21,5,3,0>,config28>|  return value|
|ap_return_108  |  out|   15|  ap_ctrl_hs|  pointwise_conv_1d_cl<ap_fixed,ap_fixed<30,21,5,3,0>,config28>|  return value|
|ap_return_109  |  out|   15|  ap_ctrl_hs|  pointwise_conv_1d_cl<ap_fixed,ap_fixed<30,21,5,3,0>,config28>|  return value|
|ap_return_110  |  out|   15|  ap_ctrl_hs|  pointwise_conv_1d_cl<ap_fixed,ap_fixed<30,21,5,3,0>,config28>|  return value|
|ap_return_111  |  out|   15|  ap_ctrl_hs|  pointwise_conv_1d_cl<ap_fixed,ap_fixed<30,21,5,3,0>,config28>|  return value|
|ap_return_112  |  out|   15|  ap_ctrl_hs|  pointwise_conv_1d_cl<ap_fixed,ap_fixed<30,21,5,3,0>,config28>|  return value|
|ap_return_113  |  out|   15|  ap_ctrl_hs|  pointwise_conv_1d_cl<ap_fixed,ap_fixed<30,21,5,3,0>,config28>|  return value|
|ap_return_114  |  out|   15|  ap_ctrl_hs|  pointwise_conv_1d_cl<ap_fixed,ap_fixed<30,21,5,3,0>,config28>|  return value|
|ap_return_115  |  out|   15|  ap_ctrl_hs|  pointwise_conv_1d_cl<ap_fixed,ap_fixed<30,21,5,3,0>,config28>|  return value|
|ap_return_116  |  out|   15|  ap_ctrl_hs|  pointwise_conv_1d_cl<ap_fixed,ap_fixed<30,21,5,3,0>,config28>|  return value|
|ap_return_117  |  out|   15|  ap_ctrl_hs|  pointwise_conv_1d_cl<ap_fixed,ap_fixed<30,21,5,3,0>,config28>|  return value|
|ap_return_118  |  out|   15|  ap_ctrl_hs|  pointwise_conv_1d_cl<ap_fixed,ap_fixed<30,21,5,3,0>,config28>|  return value|
|ap_return_119  |  out|   15|  ap_ctrl_hs|  pointwise_conv_1d_cl<ap_fixed,ap_fixed<30,21,5,3,0>,config28>|  return value|
|ap_return_120  |  out|   15|  ap_ctrl_hs|  pointwise_conv_1d_cl<ap_fixed,ap_fixed<30,21,5,3,0>,config28>|  return value|
|ap_return_121  |  out|   15|  ap_ctrl_hs|  pointwise_conv_1d_cl<ap_fixed,ap_fixed<30,21,5,3,0>,config28>|  return value|
|ap_return_122  |  out|   15|  ap_ctrl_hs|  pointwise_conv_1d_cl<ap_fixed,ap_fixed<30,21,5,3,0>,config28>|  return value|
|ap_return_123  |  out|   15|  ap_ctrl_hs|  pointwise_conv_1d_cl<ap_fixed,ap_fixed<30,21,5,3,0>,config28>|  return value|
|ap_return_124  |  out|   15|  ap_ctrl_hs|  pointwise_conv_1d_cl<ap_fixed,ap_fixed<30,21,5,3,0>,config28>|  return value|
|ap_return_125  |  out|   15|  ap_ctrl_hs|  pointwise_conv_1d_cl<ap_fixed,ap_fixed<30,21,5,3,0>,config28>|  return value|
|ap_return_126  |  out|   15|  ap_ctrl_hs|  pointwise_conv_1d_cl<ap_fixed,ap_fixed<30,21,5,3,0>,config28>|  return value|
|ap_return_127  |  out|   15|  ap_ctrl_hs|  pointwise_conv_1d_cl<ap_fixed,ap_fixed<30,21,5,3,0>,config28>|  return value|
|ap_return_128  |  out|   15|  ap_ctrl_hs|  pointwise_conv_1d_cl<ap_fixed,ap_fixed<30,21,5,3,0>,config28>|  return value|
|ap_return_129  |  out|   15|  ap_ctrl_hs|  pointwise_conv_1d_cl<ap_fixed,ap_fixed<30,21,5,3,0>,config28>|  return value|
|ap_return_130  |  out|   15|  ap_ctrl_hs|  pointwise_conv_1d_cl<ap_fixed,ap_fixed<30,21,5,3,0>,config28>|  return value|
|ap_return_131  |  out|   15|  ap_ctrl_hs|  pointwise_conv_1d_cl<ap_fixed,ap_fixed<30,21,5,3,0>,config28>|  return value|
|ap_return_132  |  out|   15|  ap_ctrl_hs|  pointwise_conv_1d_cl<ap_fixed,ap_fixed<30,21,5,3,0>,config28>|  return value|
|ap_return_133  |  out|   15|  ap_ctrl_hs|  pointwise_conv_1d_cl<ap_fixed,ap_fixed<30,21,5,3,0>,config28>|  return value|
|ap_return_134  |  out|   15|  ap_ctrl_hs|  pointwise_conv_1d_cl<ap_fixed,ap_fixed<30,21,5,3,0>,config28>|  return value|
|ap_return_135  |  out|   15|  ap_ctrl_hs|  pointwise_conv_1d_cl<ap_fixed,ap_fixed<30,21,5,3,0>,config28>|  return value|
|ap_return_136  |  out|   15|  ap_ctrl_hs|  pointwise_conv_1d_cl<ap_fixed,ap_fixed<30,21,5,3,0>,config28>|  return value|
|ap_return_137  |  out|   15|  ap_ctrl_hs|  pointwise_conv_1d_cl<ap_fixed,ap_fixed<30,21,5,3,0>,config28>|  return value|
|ap_return_138  |  out|   15|  ap_ctrl_hs|  pointwise_conv_1d_cl<ap_fixed,ap_fixed<30,21,5,3,0>,config28>|  return value|
|ap_return_139  |  out|   15|  ap_ctrl_hs|  pointwise_conv_1d_cl<ap_fixed,ap_fixed<30,21,5,3,0>,config28>|  return value|
|ap_return_140  |  out|   15|  ap_ctrl_hs|  pointwise_conv_1d_cl<ap_fixed,ap_fixed<30,21,5,3,0>,config28>|  return value|
|ap_return_141  |  out|   15|  ap_ctrl_hs|  pointwise_conv_1d_cl<ap_fixed,ap_fixed<30,21,5,3,0>,config28>|  return value|
|ap_return_142  |  out|   15|  ap_ctrl_hs|  pointwise_conv_1d_cl<ap_fixed,ap_fixed<30,21,5,3,0>,config28>|  return value|
|ap_return_143  |  out|   15|  ap_ctrl_hs|  pointwise_conv_1d_cl<ap_fixed,ap_fixed<30,21,5,3,0>,config28>|  return value|
|ap_return_144  |  out|   15|  ap_ctrl_hs|  pointwise_conv_1d_cl<ap_fixed,ap_fixed<30,21,5,3,0>,config28>|  return value|
|ap_return_145  |  out|   15|  ap_ctrl_hs|  pointwise_conv_1d_cl<ap_fixed,ap_fixed<30,21,5,3,0>,config28>|  return value|
|ap_return_146  |  out|   15|  ap_ctrl_hs|  pointwise_conv_1d_cl<ap_fixed,ap_fixed<30,21,5,3,0>,config28>|  return value|
|ap_return_147  |  out|   15|  ap_ctrl_hs|  pointwise_conv_1d_cl<ap_fixed,ap_fixed<30,21,5,3,0>,config28>|  return value|
|ap_return_148  |  out|   15|  ap_ctrl_hs|  pointwise_conv_1d_cl<ap_fixed,ap_fixed<30,21,5,3,0>,config28>|  return value|
|ap_return_149  |  out|   15|  ap_ctrl_hs|  pointwise_conv_1d_cl<ap_fixed,ap_fixed<30,21,5,3,0>,config28>|  return value|
|ap_return_150  |  out|   15|  ap_ctrl_hs|  pointwise_conv_1d_cl<ap_fixed,ap_fixed<30,21,5,3,0>,config28>|  return value|
|ap_return_151  |  out|   15|  ap_ctrl_hs|  pointwise_conv_1d_cl<ap_fixed,ap_fixed<30,21,5,3,0>,config28>|  return value|
|ap_return_152  |  out|   15|  ap_ctrl_hs|  pointwise_conv_1d_cl<ap_fixed,ap_fixed<30,21,5,3,0>,config28>|  return value|
|ap_return_153  |  out|   15|  ap_ctrl_hs|  pointwise_conv_1d_cl<ap_fixed,ap_fixed<30,21,5,3,0>,config28>|  return value|
|ap_return_154  |  out|   15|  ap_ctrl_hs|  pointwise_conv_1d_cl<ap_fixed,ap_fixed<30,21,5,3,0>,config28>|  return value|
|ap_return_155  |  out|   15|  ap_ctrl_hs|  pointwise_conv_1d_cl<ap_fixed,ap_fixed<30,21,5,3,0>,config28>|  return value|
|ap_return_156  |  out|   15|  ap_ctrl_hs|  pointwise_conv_1d_cl<ap_fixed,ap_fixed<30,21,5,3,0>,config28>|  return value|
|ap_return_157  |  out|   15|  ap_ctrl_hs|  pointwise_conv_1d_cl<ap_fixed,ap_fixed<30,21,5,3,0>,config28>|  return value|
|ap_return_158  |  out|   15|  ap_ctrl_hs|  pointwise_conv_1d_cl<ap_fixed,ap_fixed<30,21,5,3,0>,config28>|  return value|
|ap_return_159  |  out|   15|  ap_ctrl_hs|  pointwise_conv_1d_cl<ap_fixed,ap_fixed<30,21,5,3,0>,config28>|  return value|
|ap_return_160  |  out|   15|  ap_ctrl_hs|  pointwise_conv_1d_cl<ap_fixed,ap_fixed<30,21,5,3,0>,config28>|  return value|
|ap_return_161  |  out|   15|  ap_ctrl_hs|  pointwise_conv_1d_cl<ap_fixed,ap_fixed<30,21,5,3,0>,config28>|  return value|
|ap_return_162  |  out|   15|  ap_ctrl_hs|  pointwise_conv_1d_cl<ap_fixed,ap_fixed<30,21,5,3,0>,config28>|  return value|
|ap_return_163  |  out|   15|  ap_ctrl_hs|  pointwise_conv_1d_cl<ap_fixed,ap_fixed<30,21,5,3,0>,config28>|  return value|
|ap_return_164  |  out|   15|  ap_ctrl_hs|  pointwise_conv_1d_cl<ap_fixed,ap_fixed<30,21,5,3,0>,config28>|  return value|
|ap_return_165  |  out|   15|  ap_ctrl_hs|  pointwise_conv_1d_cl<ap_fixed,ap_fixed<30,21,5,3,0>,config28>|  return value|
|ap_return_166  |  out|   15|  ap_ctrl_hs|  pointwise_conv_1d_cl<ap_fixed,ap_fixed<30,21,5,3,0>,config28>|  return value|
|ap_return_167  |  out|   15|  ap_ctrl_hs|  pointwise_conv_1d_cl<ap_fixed,ap_fixed<30,21,5,3,0>,config28>|  return value|
|ap_return_168  |  out|   15|  ap_ctrl_hs|  pointwise_conv_1d_cl<ap_fixed,ap_fixed<30,21,5,3,0>,config28>|  return value|
|ap_return_169  |  out|   15|  ap_ctrl_hs|  pointwise_conv_1d_cl<ap_fixed,ap_fixed<30,21,5,3,0>,config28>|  return value|
|ap_return_170  |  out|   15|  ap_ctrl_hs|  pointwise_conv_1d_cl<ap_fixed,ap_fixed<30,21,5,3,0>,config28>|  return value|
|ap_return_171  |  out|   15|  ap_ctrl_hs|  pointwise_conv_1d_cl<ap_fixed,ap_fixed<30,21,5,3,0>,config28>|  return value|
|ap_return_172  |  out|   15|  ap_ctrl_hs|  pointwise_conv_1d_cl<ap_fixed,ap_fixed<30,21,5,3,0>,config28>|  return value|
|ap_return_173  |  out|   15|  ap_ctrl_hs|  pointwise_conv_1d_cl<ap_fixed,ap_fixed<30,21,5,3,0>,config28>|  return value|
|ap_return_174  |  out|   15|  ap_ctrl_hs|  pointwise_conv_1d_cl<ap_fixed,ap_fixed<30,21,5,3,0>,config28>|  return value|
|ap_return_175  |  out|   15|  ap_ctrl_hs|  pointwise_conv_1d_cl<ap_fixed,ap_fixed<30,21,5,3,0>,config28>|  return value|
|ap_return_176  |  out|   15|  ap_ctrl_hs|  pointwise_conv_1d_cl<ap_fixed,ap_fixed<30,21,5,3,0>,config28>|  return value|
|ap_return_177  |  out|   15|  ap_ctrl_hs|  pointwise_conv_1d_cl<ap_fixed,ap_fixed<30,21,5,3,0>,config28>|  return value|
|ap_return_178  |  out|   15|  ap_ctrl_hs|  pointwise_conv_1d_cl<ap_fixed,ap_fixed<30,21,5,3,0>,config28>|  return value|
|ap_return_179  |  out|   15|  ap_ctrl_hs|  pointwise_conv_1d_cl<ap_fixed,ap_fixed<30,21,5,3,0>,config28>|  return value|
|ap_return_180  |  out|   15|  ap_ctrl_hs|  pointwise_conv_1d_cl<ap_fixed,ap_fixed<30,21,5,3,0>,config28>|  return value|
|ap_return_181  |  out|   15|  ap_ctrl_hs|  pointwise_conv_1d_cl<ap_fixed,ap_fixed<30,21,5,3,0>,config28>|  return value|
|ap_return_182  |  out|   15|  ap_ctrl_hs|  pointwise_conv_1d_cl<ap_fixed,ap_fixed<30,21,5,3,0>,config28>|  return value|
|ap_return_183  |  out|   15|  ap_ctrl_hs|  pointwise_conv_1d_cl<ap_fixed,ap_fixed<30,21,5,3,0>,config28>|  return value|
|ap_return_184  |  out|   15|  ap_ctrl_hs|  pointwise_conv_1d_cl<ap_fixed,ap_fixed<30,21,5,3,0>,config28>|  return value|
|ap_return_185  |  out|   15|  ap_ctrl_hs|  pointwise_conv_1d_cl<ap_fixed,ap_fixed<30,21,5,3,0>,config28>|  return value|
|ap_return_186  |  out|   15|  ap_ctrl_hs|  pointwise_conv_1d_cl<ap_fixed,ap_fixed<30,21,5,3,0>,config28>|  return value|
|ap_return_187  |  out|   15|  ap_ctrl_hs|  pointwise_conv_1d_cl<ap_fixed,ap_fixed<30,21,5,3,0>,config28>|  return value|
|ap_return_188  |  out|   15|  ap_ctrl_hs|  pointwise_conv_1d_cl<ap_fixed,ap_fixed<30,21,5,3,0>,config28>|  return value|
|ap_return_189  |  out|   15|  ap_ctrl_hs|  pointwise_conv_1d_cl<ap_fixed,ap_fixed<30,21,5,3,0>,config28>|  return value|
|ap_return_190  |  out|   15|  ap_ctrl_hs|  pointwise_conv_1d_cl<ap_fixed,ap_fixed<30,21,5,3,0>,config28>|  return value|
|ap_return_191  |  out|   15|  ap_ctrl_hs|  pointwise_conv_1d_cl<ap_fixed,ap_fixed<30,21,5,3,0>,config28>|  return value|
|ap_return_192  |  out|   15|  ap_ctrl_hs|  pointwise_conv_1d_cl<ap_fixed,ap_fixed<30,21,5,3,0>,config28>|  return value|
|ap_return_193  |  out|   15|  ap_ctrl_hs|  pointwise_conv_1d_cl<ap_fixed,ap_fixed<30,21,5,3,0>,config28>|  return value|
|ap_return_194  |  out|   15|  ap_ctrl_hs|  pointwise_conv_1d_cl<ap_fixed,ap_fixed<30,21,5,3,0>,config28>|  return value|
|ap_return_195  |  out|   15|  ap_ctrl_hs|  pointwise_conv_1d_cl<ap_fixed,ap_fixed<30,21,5,3,0>,config28>|  return value|
|ap_return_196  |  out|   15|  ap_ctrl_hs|  pointwise_conv_1d_cl<ap_fixed,ap_fixed<30,21,5,3,0>,config28>|  return value|
|ap_return_197  |  out|   15|  ap_ctrl_hs|  pointwise_conv_1d_cl<ap_fixed,ap_fixed<30,21,5,3,0>,config28>|  return value|
|ap_return_198  |  out|   15|  ap_ctrl_hs|  pointwise_conv_1d_cl<ap_fixed,ap_fixed<30,21,5,3,0>,config28>|  return value|
|ap_return_199  |  out|   15|  ap_ctrl_hs|  pointwise_conv_1d_cl<ap_fixed,ap_fixed<30,21,5,3,0>,config28>|  return value|
|ap_return_200  |  out|   15|  ap_ctrl_hs|  pointwise_conv_1d_cl<ap_fixed,ap_fixed<30,21,5,3,0>,config28>|  return value|
|ap_return_201  |  out|   15|  ap_ctrl_hs|  pointwise_conv_1d_cl<ap_fixed,ap_fixed<30,21,5,3,0>,config28>|  return value|
|ap_return_202  |  out|   15|  ap_ctrl_hs|  pointwise_conv_1d_cl<ap_fixed,ap_fixed<30,21,5,3,0>,config28>|  return value|
|ap_return_203  |  out|   15|  ap_ctrl_hs|  pointwise_conv_1d_cl<ap_fixed,ap_fixed<30,21,5,3,0>,config28>|  return value|
|ap_return_204  |  out|   15|  ap_ctrl_hs|  pointwise_conv_1d_cl<ap_fixed,ap_fixed<30,21,5,3,0>,config28>|  return value|
|ap_return_205  |  out|   15|  ap_ctrl_hs|  pointwise_conv_1d_cl<ap_fixed,ap_fixed<30,21,5,3,0>,config28>|  return value|
|ap_return_206  |  out|   15|  ap_ctrl_hs|  pointwise_conv_1d_cl<ap_fixed,ap_fixed<30,21,5,3,0>,config28>|  return value|
|ap_return_207  |  out|   15|  ap_ctrl_hs|  pointwise_conv_1d_cl<ap_fixed,ap_fixed<30,21,5,3,0>,config28>|  return value|
|ap_return_208  |  out|   15|  ap_ctrl_hs|  pointwise_conv_1d_cl<ap_fixed,ap_fixed<30,21,5,3,0>,config28>|  return value|
|ap_return_209  |  out|   15|  ap_ctrl_hs|  pointwise_conv_1d_cl<ap_fixed,ap_fixed<30,21,5,3,0>,config28>|  return value|
|ap_return_210  |  out|   15|  ap_ctrl_hs|  pointwise_conv_1d_cl<ap_fixed,ap_fixed<30,21,5,3,0>,config28>|  return value|
|ap_return_211  |  out|   15|  ap_ctrl_hs|  pointwise_conv_1d_cl<ap_fixed,ap_fixed<30,21,5,3,0>,config28>|  return value|
|ap_return_212  |  out|   15|  ap_ctrl_hs|  pointwise_conv_1d_cl<ap_fixed,ap_fixed<30,21,5,3,0>,config28>|  return value|
|ap_return_213  |  out|   15|  ap_ctrl_hs|  pointwise_conv_1d_cl<ap_fixed,ap_fixed<30,21,5,3,0>,config28>|  return value|
|ap_return_214  |  out|   15|  ap_ctrl_hs|  pointwise_conv_1d_cl<ap_fixed,ap_fixed<30,21,5,3,0>,config28>|  return value|
|ap_return_215  |  out|   15|  ap_ctrl_hs|  pointwise_conv_1d_cl<ap_fixed,ap_fixed<30,21,5,3,0>,config28>|  return value|
|ap_return_216  |  out|   15|  ap_ctrl_hs|  pointwise_conv_1d_cl<ap_fixed,ap_fixed<30,21,5,3,0>,config28>|  return value|
|ap_return_217  |  out|   15|  ap_ctrl_hs|  pointwise_conv_1d_cl<ap_fixed,ap_fixed<30,21,5,3,0>,config28>|  return value|
|ap_return_218  |  out|   15|  ap_ctrl_hs|  pointwise_conv_1d_cl<ap_fixed,ap_fixed<30,21,5,3,0>,config28>|  return value|
|ap_return_219  |  out|   15|  ap_ctrl_hs|  pointwise_conv_1d_cl<ap_fixed,ap_fixed<30,21,5,3,0>,config28>|  return value|
|ap_return_220  |  out|   15|  ap_ctrl_hs|  pointwise_conv_1d_cl<ap_fixed,ap_fixed<30,21,5,3,0>,config28>|  return value|
|ap_return_221  |  out|   15|  ap_ctrl_hs|  pointwise_conv_1d_cl<ap_fixed,ap_fixed<30,21,5,3,0>,config28>|  return value|
|ap_return_222  |  out|   15|  ap_ctrl_hs|  pointwise_conv_1d_cl<ap_fixed,ap_fixed<30,21,5,3,0>,config28>|  return value|
|ap_return_223  |  out|   15|  ap_ctrl_hs|  pointwise_conv_1d_cl<ap_fixed,ap_fixed<30,21,5,3,0>,config28>|  return value|
|ap_return_224  |  out|   15|  ap_ctrl_hs|  pointwise_conv_1d_cl<ap_fixed,ap_fixed<30,21,5,3,0>,config28>|  return value|
|ap_return_225  |  out|   15|  ap_ctrl_hs|  pointwise_conv_1d_cl<ap_fixed,ap_fixed<30,21,5,3,0>,config28>|  return value|
|ap_return_226  |  out|   15|  ap_ctrl_hs|  pointwise_conv_1d_cl<ap_fixed,ap_fixed<30,21,5,3,0>,config28>|  return value|
|ap_return_227  |  out|   15|  ap_ctrl_hs|  pointwise_conv_1d_cl<ap_fixed,ap_fixed<30,21,5,3,0>,config28>|  return value|
|ap_return_228  |  out|   15|  ap_ctrl_hs|  pointwise_conv_1d_cl<ap_fixed,ap_fixed<30,21,5,3,0>,config28>|  return value|
|ap_return_229  |  out|   15|  ap_ctrl_hs|  pointwise_conv_1d_cl<ap_fixed,ap_fixed<30,21,5,3,0>,config28>|  return value|
|ap_return_230  |  out|   15|  ap_ctrl_hs|  pointwise_conv_1d_cl<ap_fixed,ap_fixed<30,21,5,3,0>,config28>|  return value|
|ap_return_231  |  out|   15|  ap_ctrl_hs|  pointwise_conv_1d_cl<ap_fixed,ap_fixed<30,21,5,3,0>,config28>|  return value|
|ap_return_232  |  out|   15|  ap_ctrl_hs|  pointwise_conv_1d_cl<ap_fixed,ap_fixed<30,21,5,3,0>,config28>|  return value|
|ap_return_233  |  out|   15|  ap_ctrl_hs|  pointwise_conv_1d_cl<ap_fixed,ap_fixed<30,21,5,3,0>,config28>|  return value|
|ap_return_234  |  out|   15|  ap_ctrl_hs|  pointwise_conv_1d_cl<ap_fixed,ap_fixed<30,21,5,3,0>,config28>|  return value|
|ap_return_235  |  out|   15|  ap_ctrl_hs|  pointwise_conv_1d_cl<ap_fixed,ap_fixed<30,21,5,3,0>,config28>|  return value|
|ap_return_236  |  out|   15|  ap_ctrl_hs|  pointwise_conv_1d_cl<ap_fixed,ap_fixed<30,21,5,3,0>,config28>|  return value|
|ap_return_237  |  out|   15|  ap_ctrl_hs|  pointwise_conv_1d_cl<ap_fixed,ap_fixed<30,21,5,3,0>,config28>|  return value|
|ap_return_238  |  out|   15|  ap_ctrl_hs|  pointwise_conv_1d_cl<ap_fixed,ap_fixed<30,21,5,3,0>,config28>|  return value|
|ap_return_239  |  out|   15|  ap_ctrl_hs|  pointwise_conv_1d_cl<ap_fixed,ap_fixed<30,21,5,3,0>,config28>|  return value|
|ap_return_240  |  out|   15|  ap_ctrl_hs|  pointwise_conv_1d_cl<ap_fixed,ap_fixed<30,21,5,3,0>,config28>|  return value|
|ap_return_241  |  out|   15|  ap_ctrl_hs|  pointwise_conv_1d_cl<ap_fixed,ap_fixed<30,21,5,3,0>,config28>|  return value|
|ap_return_242  |  out|   15|  ap_ctrl_hs|  pointwise_conv_1d_cl<ap_fixed,ap_fixed<30,21,5,3,0>,config28>|  return value|
|ap_return_243  |  out|   15|  ap_ctrl_hs|  pointwise_conv_1d_cl<ap_fixed,ap_fixed<30,21,5,3,0>,config28>|  return value|
|ap_return_244  |  out|   15|  ap_ctrl_hs|  pointwise_conv_1d_cl<ap_fixed,ap_fixed<30,21,5,3,0>,config28>|  return value|
|ap_return_245  |  out|   15|  ap_ctrl_hs|  pointwise_conv_1d_cl<ap_fixed,ap_fixed<30,21,5,3,0>,config28>|  return value|
|ap_return_246  |  out|   15|  ap_ctrl_hs|  pointwise_conv_1d_cl<ap_fixed,ap_fixed<30,21,5,3,0>,config28>|  return value|
|ap_return_247  |  out|   15|  ap_ctrl_hs|  pointwise_conv_1d_cl<ap_fixed,ap_fixed<30,21,5,3,0>,config28>|  return value|
|ap_return_248  |  out|   15|  ap_ctrl_hs|  pointwise_conv_1d_cl<ap_fixed,ap_fixed<30,21,5,3,0>,config28>|  return value|
|ap_return_249  |  out|   15|  ap_ctrl_hs|  pointwise_conv_1d_cl<ap_fixed,ap_fixed<30,21,5,3,0>,config28>|  return value|
|ap_return_250  |  out|   15|  ap_ctrl_hs|  pointwise_conv_1d_cl<ap_fixed,ap_fixed<30,21,5,3,0>,config28>|  return value|
|ap_return_251  |  out|   15|  ap_ctrl_hs|  pointwise_conv_1d_cl<ap_fixed,ap_fixed<30,21,5,3,0>,config28>|  return value|
|ap_return_252  |  out|   15|  ap_ctrl_hs|  pointwise_conv_1d_cl<ap_fixed,ap_fixed<30,21,5,3,0>,config28>|  return value|
|ap_return_253  |  out|   15|  ap_ctrl_hs|  pointwise_conv_1d_cl<ap_fixed,ap_fixed<30,21,5,3,0>,config28>|  return value|
|ap_return_254  |  out|   15|  ap_ctrl_hs|  pointwise_conv_1d_cl<ap_fixed,ap_fixed<30,21,5,3,0>,config28>|  return value|
|ap_return_255  |  out|   15|  ap_ctrl_hs|  pointwise_conv_1d_cl<ap_fixed,ap_fixed<30,21,5,3,0>,config28>|  return value|
|ap_return_256  |  out|   15|  ap_ctrl_hs|  pointwise_conv_1d_cl<ap_fixed,ap_fixed<30,21,5,3,0>,config28>|  return value|
|ap_return_257  |  out|   15|  ap_ctrl_hs|  pointwise_conv_1d_cl<ap_fixed,ap_fixed<30,21,5,3,0>,config28>|  return value|
|ap_return_258  |  out|   15|  ap_ctrl_hs|  pointwise_conv_1d_cl<ap_fixed,ap_fixed<30,21,5,3,0>,config28>|  return value|
|ap_return_259  |  out|   15|  ap_ctrl_hs|  pointwise_conv_1d_cl<ap_fixed,ap_fixed<30,21,5,3,0>,config28>|  return value|
|ap_return_260  |  out|   15|  ap_ctrl_hs|  pointwise_conv_1d_cl<ap_fixed,ap_fixed<30,21,5,3,0>,config28>|  return value|
|ap_return_261  |  out|   15|  ap_ctrl_hs|  pointwise_conv_1d_cl<ap_fixed,ap_fixed<30,21,5,3,0>,config28>|  return value|
|ap_return_262  |  out|   15|  ap_ctrl_hs|  pointwise_conv_1d_cl<ap_fixed,ap_fixed<30,21,5,3,0>,config28>|  return value|
|ap_return_263  |  out|   15|  ap_ctrl_hs|  pointwise_conv_1d_cl<ap_fixed,ap_fixed<30,21,5,3,0>,config28>|  return value|
|ap_return_264  |  out|   15|  ap_ctrl_hs|  pointwise_conv_1d_cl<ap_fixed,ap_fixed<30,21,5,3,0>,config28>|  return value|
|ap_return_265  |  out|   15|  ap_ctrl_hs|  pointwise_conv_1d_cl<ap_fixed,ap_fixed<30,21,5,3,0>,config28>|  return value|
|ap_return_266  |  out|   15|  ap_ctrl_hs|  pointwise_conv_1d_cl<ap_fixed,ap_fixed<30,21,5,3,0>,config28>|  return value|
|ap_return_267  |  out|   15|  ap_ctrl_hs|  pointwise_conv_1d_cl<ap_fixed,ap_fixed<30,21,5,3,0>,config28>|  return value|
|ap_return_268  |  out|   15|  ap_ctrl_hs|  pointwise_conv_1d_cl<ap_fixed,ap_fixed<30,21,5,3,0>,config28>|  return value|
|ap_return_269  |  out|   15|  ap_ctrl_hs|  pointwise_conv_1d_cl<ap_fixed,ap_fixed<30,21,5,3,0>,config28>|  return value|
|ap_return_270  |  out|   15|  ap_ctrl_hs|  pointwise_conv_1d_cl<ap_fixed,ap_fixed<30,21,5,3,0>,config28>|  return value|
|ap_return_271  |  out|   15|  ap_ctrl_hs|  pointwise_conv_1d_cl<ap_fixed,ap_fixed<30,21,5,3,0>,config28>|  return value|
|ap_return_272  |  out|   15|  ap_ctrl_hs|  pointwise_conv_1d_cl<ap_fixed,ap_fixed<30,21,5,3,0>,config28>|  return value|
|ap_return_273  |  out|   15|  ap_ctrl_hs|  pointwise_conv_1d_cl<ap_fixed,ap_fixed<30,21,5,3,0>,config28>|  return value|
|ap_return_274  |  out|   15|  ap_ctrl_hs|  pointwise_conv_1d_cl<ap_fixed,ap_fixed<30,21,5,3,0>,config28>|  return value|
|ap_return_275  |  out|   15|  ap_ctrl_hs|  pointwise_conv_1d_cl<ap_fixed,ap_fixed<30,21,5,3,0>,config28>|  return value|
|ap_return_276  |  out|   15|  ap_ctrl_hs|  pointwise_conv_1d_cl<ap_fixed,ap_fixed<30,21,5,3,0>,config28>|  return value|
|ap_return_277  |  out|   15|  ap_ctrl_hs|  pointwise_conv_1d_cl<ap_fixed,ap_fixed<30,21,5,3,0>,config28>|  return value|
|ap_return_278  |  out|   15|  ap_ctrl_hs|  pointwise_conv_1d_cl<ap_fixed,ap_fixed<30,21,5,3,0>,config28>|  return value|
|ap_return_279  |  out|   15|  ap_ctrl_hs|  pointwise_conv_1d_cl<ap_fixed,ap_fixed<30,21,5,3,0>,config28>|  return value|
|ap_return_280  |  out|   15|  ap_ctrl_hs|  pointwise_conv_1d_cl<ap_fixed,ap_fixed<30,21,5,3,0>,config28>|  return value|
|ap_return_281  |  out|   15|  ap_ctrl_hs|  pointwise_conv_1d_cl<ap_fixed,ap_fixed<30,21,5,3,0>,config28>|  return value|
|ap_return_282  |  out|   15|  ap_ctrl_hs|  pointwise_conv_1d_cl<ap_fixed,ap_fixed<30,21,5,3,0>,config28>|  return value|
|ap_return_283  |  out|   15|  ap_ctrl_hs|  pointwise_conv_1d_cl<ap_fixed,ap_fixed<30,21,5,3,0>,config28>|  return value|
|ap_return_284  |  out|   15|  ap_ctrl_hs|  pointwise_conv_1d_cl<ap_fixed,ap_fixed<30,21,5,3,0>,config28>|  return value|
|ap_return_285  |  out|   15|  ap_ctrl_hs|  pointwise_conv_1d_cl<ap_fixed,ap_fixed<30,21,5,3,0>,config28>|  return value|
|ap_return_286  |  out|   15|  ap_ctrl_hs|  pointwise_conv_1d_cl<ap_fixed,ap_fixed<30,21,5,3,0>,config28>|  return value|
|ap_return_287  |  out|   15|  ap_ctrl_hs|  pointwise_conv_1d_cl<ap_fixed,ap_fixed<30,21,5,3,0>,config28>|  return value|
|ap_return_288  |  out|   15|  ap_ctrl_hs|  pointwise_conv_1d_cl<ap_fixed,ap_fixed<30,21,5,3,0>,config28>|  return value|
|ap_return_289  |  out|   15|  ap_ctrl_hs|  pointwise_conv_1d_cl<ap_fixed,ap_fixed<30,21,5,3,0>,config28>|  return value|
|ap_return_290  |  out|   15|  ap_ctrl_hs|  pointwise_conv_1d_cl<ap_fixed,ap_fixed<30,21,5,3,0>,config28>|  return value|
|ap_return_291  |  out|   15|  ap_ctrl_hs|  pointwise_conv_1d_cl<ap_fixed,ap_fixed<30,21,5,3,0>,config28>|  return value|
|ap_return_292  |  out|   15|  ap_ctrl_hs|  pointwise_conv_1d_cl<ap_fixed,ap_fixed<30,21,5,3,0>,config28>|  return value|
|ap_return_293  |  out|   15|  ap_ctrl_hs|  pointwise_conv_1d_cl<ap_fixed,ap_fixed<30,21,5,3,0>,config28>|  return value|
|ap_return_294  |  out|   15|  ap_ctrl_hs|  pointwise_conv_1d_cl<ap_fixed,ap_fixed<30,21,5,3,0>,config28>|  return value|
|ap_return_295  |  out|   15|  ap_ctrl_hs|  pointwise_conv_1d_cl<ap_fixed,ap_fixed<30,21,5,3,0>,config28>|  return value|
|ap_return_296  |  out|   15|  ap_ctrl_hs|  pointwise_conv_1d_cl<ap_fixed,ap_fixed<30,21,5,3,0>,config28>|  return value|
|ap_return_297  |  out|   15|  ap_ctrl_hs|  pointwise_conv_1d_cl<ap_fixed,ap_fixed<30,21,5,3,0>,config28>|  return value|
|ap_return_298  |  out|   15|  ap_ctrl_hs|  pointwise_conv_1d_cl<ap_fixed,ap_fixed<30,21,5,3,0>,config28>|  return value|
|ap_return_299  |  out|   15|  ap_ctrl_hs|  pointwise_conv_1d_cl<ap_fixed,ap_fixed<30,21,5,3,0>,config28>|  return value|
|ap_return_300  |  out|   15|  ap_ctrl_hs|  pointwise_conv_1d_cl<ap_fixed,ap_fixed<30,21,5,3,0>,config28>|  return value|
|ap_return_301  |  out|   15|  ap_ctrl_hs|  pointwise_conv_1d_cl<ap_fixed,ap_fixed<30,21,5,3,0>,config28>|  return value|
|ap_return_302  |  out|   15|  ap_ctrl_hs|  pointwise_conv_1d_cl<ap_fixed,ap_fixed<30,21,5,3,0>,config28>|  return value|
|ap_return_303  |  out|   15|  ap_ctrl_hs|  pointwise_conv_1d_cl<ap_fixed,ap_fixed<30,21,5,3,0>,config28>|  return value|
|ap_return_304  |  out|   15|  ap_ctrl_hs|  pointwise_conv_1d_cl<ap_fixed,ap_fixed<30,21,5,3,0>,config28>|  return value|
|ap_return_305  |  out|   15|  ap_ctrl_hs|  pointwise_conv_1d_cl<ap_fixed,ap_fixed<30,21,5,3,0>,config28>|  return value|
|ap_return_306  |  out|   15|  ap_ctrl_hs|  pointwise_conv_1d_cl<ap_fixed,ap_fixed<30,21,5,3,0>,config28>|  return value|
|ap_return_307  |  out|   15|  ap_ctrl_hs|  pointwise_conv_1d_cl<ap_fixed,ap_fixed<30,21,5,3,0>,config28>|  return value|
|ap_return_308  |  out|   15|  ap_ctrl_hs|  pointwise_conv_1d_cl<ap_fixed,ap_fixed<30,21,5,3,0>,config28>|  return value|
|ap_return_309  |  out|   15|  ap_ctrl_hs|  pointwise_conv_1d_cl<ap_fixed,ap_fixed<30,21,5,3,0>,config28>|  return value|
|ap_return_310  |  out|   15|  ap_ctrl_hs|  pointwise_conv_1d_cl<ap_fixed,ap_fixed<30,21,5,3,0>,config28>|  return value|
|ap_return_311  |  out|   15|  ap_ctrl_hs|  pointwise_conv_1d_cl<ap_fixed,ap_fixed<30,21,5,3,0>,config28>|  return value|
|ap_return_312  |  out|   15|  ap_ctrl_hs|  pointwise_conv_1d_cl<ap_fixed,ap_fixed<30,21,5,3,0>,config28>|  return value|
|ap_return_313  |  out|   15|  ap_ctrl_hs|  pointwise_conv_1d_cl<ap_fixed,ap_fixed<30,21,5,3,0>,config28>|  return value|
|ap_return_314  |  out|   15|  ap_ctrl_hs|  pointwise_conv_1d_cl<ap_fixed,ap_fixed<30,21,5,3,0>,config28>|  return value|
|ap_return_315  |  out|   15|  ap_ctrl_hs|  pointwise_conv_1d_cl<ap_fixed,ap_fixed<30,21,5,3,0>,config28>|  return value|
|ap_return_316  |  out|   15|  ap_ctrl_hs|  pointwise_conv_1d_cl<ap_fixed,ap_fixed<30,21,5,3,0>,config28>|  return value|
|ap_return_317  |  out|   15|  ap_ctrl_hs|  pointwise_conv_1d_cl<ap_fixed,ap_fixed<30,21,5,3,0>,config28>|  return value|
|ap_return_318  |  out|   15|  ap_ctrl_hs|  pointwise_conv_1d_cl<ap_fixed,ap_fixed<30,21,5,3,0>,config28>|  return value|
|ap_return_319  |  out|   15|  ap_ctrl_hs|  pointwise_conv_1d_cl<ap_fixed,ap_fixed<30,21,5,3,0>,config28>|  return value|
|ap_return_320  |  out|   15|  ap_ctrl_hs|  pointwise_conv_1d_cl<ap_fixed,ap_fixed<30,21,5,3,0>,config28>|  return value|
|ap_return_321  |  out|   15|  ap_ctrl_hs|  pointwise_conv_1d_cl<ap_fixed,ap_fixed<30,21,5,3,0>,config28>|  return value|
|ap_return_322  |  out|   15|  ap_ctrl_hs|  pointwise_conv_1d_cl<ap_fixed,ap_fixed<30,21,5,3,0>,config28>|  return value|
|ap_return_323  |  out|   15|  ap_ctrl_hs|  pointwise_conv_1d_cl<ap_fixed,ap_fixed<30,21,5,3,0>,config28>|  return value|
|ap_return_324  |  out|   15|  ap_ctrl_hs|  pointwise_conv_1d_cl<ap_fixed,ap_fixed<30,21,5,3,0>,config28>|  return value|
|ap_return_325  |  out|   15|  ap_ctrl_hs|  pointwise_conv_1d_cl<ap_fixed,ap_fixed<30,21,5,3,0>,config28>|  return value|
|ap_return_326  |  out|   15|  ap_ctrl_hs|  pointwise_conv_1d_cl<ap_fixed,ap_fixed<30,21,5,3,0>,config28>|  return value|
|ap_return_327  |  out|   15|  ap_ctrl_hs|  pointwise_conv_1d_cl<ap_fixed,ap_fixed<30,21,5,3,0>,config28>|  return value|
|ap_return_328  |  out|   15|  ap_ctrl_hs|  pointwise_conv_1d_cl<ap_fixed,ap_fixed<30,21,5,3,0>,config28>|  return value|
|ap_return_329  |  out|   15|  ap_ctrl_hs|  pointwise_conv_1d_cl<ap_fixed,ap_fixed<30,21,5,3,0>,config28>|  return value|
|ap_return_330  |  out|   15|  ap_ctrl_hs|  pointwise_conv_1d_cl<ap_fixed,ap_fixed<30,21,5,3,0>,config28>|  return value|
|ap_return_331  |  out|   15|  ap_ctrl_hs|  pointwise_conv_1d_cl<ap_fixed,ap_fixed<30,21,5,3,0>,config28>|  return value|
|ap_return_332  |  out|   15|  ap_ctrl_hs|  pointwise_conv_1d_cl<ap_fixed,ap_fixed<30,21,5,3,0>,config28>|  return value|
|ap_return_333  |  out|   15|  ap_ctrl_hs|  pointwise_conv_1d_cl<ap_fixed,ap_fixed<30,21,5,3,0>,config28>|  return value|
|ap_return_334  |  out|   15|  ap_ctrl_hs|  pointwise_conv_1d_cl<ap_fixed,ap_fixed<30,21,5,3,0>,config28>|  return value|
|ap_return_335  |  out|   15|  ap_ctrl_hs|  pointwise_conv_1d_cl<ap_fixed,ap_fixed<30,21,5,3,0>,config28>|  return value|
|ap_return_336  |  out|   15|  ap_ctrl_hs|  pointwise_conv_1d_cl<ap_fixed,ap_fixed<30,21,5,3,0>,config28>|  return value|
|ap_return_337  |  out|   15|  ap_ctrl_hs|  pointwise_conv_1d_cl<ap_fixed,ap_fixed<30,21,5,3,0>,config28>|  return value|
|ap_return_338  |  out|   15|  ap_ctrl_hs|  pointwise_conv_1d_cl<ap_fixed,ap_fixed<30,21,5,3,0>,config28>|  return value|
|ap_return_339  |  out|   15|  ap_ctrl_hs|  pointwise_conv_1d_cl<ap_fixed,ap_fixed<30,21,5,3,0>,config28>|  return value|
|ap_return_340  |  out|   15|  ap_ctrl_hs|  pointwise_conv_1d_cl<ap_fixed,ap_fixed<30,21,5,3,0>,config28>|  return value|
|ap_return_341  |  out|   15|  ap_ctrl_hs|  pointwise_conv_1d_cl<ap_fixed,ap_fixed<30,21,5,3,0>,config28>|  return value|
|ap_return_342  |  out|   15|  ap_ctrl_hs|  pointwise_conv_1d_cl<ap_fixed,ap_fixed<30,21,5,3,0>,config28>|  return value|
|ap_return_343  |  out|   15|  ap_ctrl_hs|  pointwise_conv_1d_cl<ap_fixed,ap_fixed<30,21,5,3,0>,config28>|  return value|
|ap_return_344  |  out|   15|  ap_ctrl_hs|  pointwise_conv_1d_cl<ap_fixed,ap_fixed<30,21,5,3,0>,config28>|  return value|
|ap_return_345  |  out|   15|  ap_ctrl_hs|  pointwise_conv_1d_cl<ap_fixed,ap_fixed<30,21,5,3,0>,config28>|  return value|
|ap_return_346  |  out|   15|  ap_ctrl_hs|  pointwise_conv_1d_cl<ap_fixed,ap_fixed<30,21,5,3,0>,config28>|  return value|
|ap_return_347  |  out|   15|  ap_ctrl_hs|  pointwise_conv_1d_cl<ap_fixed,ap_fixed<30,21,5,3,0>,config28>|  return value|
|ap_return_348  |  out|   15|  ap_ctrl_hs|  pointwise_conv_1d_cl<ap_fixed,ap_fixed<30,21,5,3,0>,config28>|  return value|
|ap_return_349  |  out|   15|  ap_ctrl_hs|  pointwise_conv_1d_cl<ap_fixed,ap_fixed<30,21,5,3,0>,config28>|  return value|
|ap_return_350  |  out|   15|  ap_ctrl_hs|  pointwise_conv_1d_cl<ap_fixed,ap_fixed<30,21,5,3,0>,config28>|  return value|
|ap_return_351  |  out|   15|  ap_ctrl_hs|  pointwise_conv_1d_cl<ap_fixed,ap_fixed<30,21,5,3,0>,config28>|  return value|
|ap_return_352  |  out|   15|  ap_ctrl_hs|  pointwise_conv_1d_cl<ap_fixed,ap_fixed<30,21,5,3,0>,config28>|  return value|
|ap_return_353  |  out|   15|  ap_ctrl_hs|  pointwise_conv_1d_cl<ap_fixed,ap_fixed<30,21,5,3,0>,config28>|  return value|
|ap_return_354  |  out|   15|  ap_ctrl_hs|  pointwise_conv_1d_cl<ap_fixed,ap_fixed<30,21,5,3,0>,config28>|  return value|
|ap_return_355  |  out|   15|  ap_ctrl_hs|  pointwise_conv_1d_cl<ap_fixed,ap_fixed<30,21,5,3,0>,config28>|  return value|
|ap_return_356  |  out|   15|  ap_ctrl_hs|  pointwise_conv_1d_cl<ap_fixed,ap_fixed<30,21,5,3,0>,config28>|  return value|
|ap_return_357  |  out|   15|  ap_ctrl_hs|  pointwise_conv_1d_cl<ap_fixed,ap_fixed<30,21,5,3,0>,config28>|  return value|
|ap_return_358  |  out|   15|  ap_ctrl_hs|  pointwise_conv_1d_cl<ap_fixed,ap_fixed<30,21,5,3,0>,config28>|  return value|
|ap_return_359  |  out|   15|  ap_ctrl_hs|  pointwise_conv_1d_cl<ap_fixed,ap_fixed<30,21,5,3,0>,config28>|  return value|
|ap_return_360  |  out|   15|  ap_ctrl_hs|  pointwise_conv_1d_cl<ap_fixed,ap_fixed<30,21,5,3,0>,config28>|  return value|
|ap_return_361  |  out|   15|  ap_ctrl_hs|  pointwise_conv_1d_cl<ap_fixed,ap_fixed<30,21,5,3,0>,config28>|  return value|
|ap_return_362  |  out|   15|  ap_ctrl_hs|  pointwise_conv_1d_cl<ap_fixed,ap_fixed<30,21,5,3,0>,config28>|  return value|
|ap_return_363  |  out|   15|  ap_ctrl_hs|  pointwise_conv_1d_cl<ap_fixed,ap_fixed<30,21,5,3,0>,config28>|  return value|
|ap_return_364  |  out|   15|  ap_ctrl_hs|  pointwise_conv_1d_cl<ap_fixed,ap_fixed<30,21,5,3,0>,config28>|  return value|
|ap_return_365  |  out|   15|  ap_ctrl_hs|  pointwise_conv_1d_cl<ap_fixed,ap_fixed<30,21,5,3,0>,config28>|  return value|
|ap_return_366  |  out|   15|  ap_ctrl_hs|  pointwise_conv_1d_cl<ap_fixed,ap_fixed<30,21,5,3,0>,config28>|  return value|
|ap_return_367  |  out|   15|  ap_ctrl_hs|  pointwise_conv_1d_cl<ap_fixed,ap_fixed<30,21,5,3,0>,config28>|  return value|
|ap_return_368  |  out|   15|  ap_ctrl_hs|  pointwise_conv_1d_cl<ap_fixed,ap_fixed<30,21,5,3,0>,config28>|  return value|
|ap_return_369  |  out|   15|  ap_ctrl_hs|  pointwise_conv_1d_cl<ap_fixed,ap_fixed<30,21,5,3,0>,config28>|  return value|
|ap_return_370  |  out|   15|  ap_ctrl_hs|  pointwise_conv_1d_cl<ap_fixed,ap_fixed<30,21,5,3,0>,config28>|  return value|
|ap_return_371  |  out|   15|  ap_ctrl_hs|  pointwise_conv_1d_cl<ap_fixed,ap_fixed<30,21,5,3,0>,config28>|  return value|
|ap_return_372  |  out|   15|  ap_ctrl_hs|  pointwise_conv_1d_cl<ap_fixed,ap_fixed<30,21,5,3,0>,config28>|  return value|
|ap_return_373  |  out|   15|  ap_ctrl_hs|  pointwise_conv_1d_cl<ap_fixed,ap_fixed<30,21,5,3,0>,config28>|  return value|
|ap_return_374  |  out|   15|  ap_ctrl_hs|  pointwise_conv_1d_cl<ap_fixed,ap_fixed<30,21,5,3,0>,config28>|  return value|
|ap_return_375  |  out|   15|  ap_ctrl_hs|  pointwise_conv_1d_cl<ap_fixed,ap_fixed<30,21,5,3,0>,config28>|  return value|
|ap_return_376  |  out|   15|  ap_ctrl_hs|  pointwise_conv_1d_cl<ap_fixed,ap_fixed<30,21,5,3,0>,config28>|  return value|
|ap_return_377  |  out|   15|  ap_ctrl_hs|  pointwise_conv_1d_cl<ap_fixed,ap_fixed<30,21,5,3,0>,config28>|  return value|
|ap_return_378  |  out|   15|  ap_ctrl_hs|  pointwise_conv_1d_cl<ap_fixed,ap_fixed<30,21,5,3,0>,config28>|  return value|
|ap_return_379  |  out|   15|  ap_ctrl_hs|  pointwise_conv_1d_cl<ap_fixed,ap_fixed<30,21,5,3,0>,config28>|  return value|
|ap_return_380  |  out|   15|  ap_ctrl_hs|  pointwise_conv_1d_cl<ap_fixed,ap_fixed<30,21,5,3,0>,config28>|  return value|
|ap_return_381  |  out|   15|  ap_ctrl_hs|  pointwise_conv_1d_cl<ap_fixed,ap_fixed<30,21,5,3,0>,config28>|  return value|
|ap_return_382  |  out|   15|  ap_ctrl_hs|  pointwise_conv_1d_cl<ap_fixed,ap_fixed<30,21,5,3,0>,config28>|  return value|
|ap_return_383  |  out|   15|  ap_ctrl_hs|  pointwise_conv_1d_cl<ap_fixed,ap_fixed<30,21,5,3,0>,config28>|  return value|
|ap_return_384  |  out|   15|  ap_ctrl_hs|  pointwise_conv_1d_cl<ap_fixed,ap_fixed<30,21,5,3,0>,config28>|  return value|
|ap_return_385  |  out|   15|  ap_ctrl_hs|  pointwise_conv_1d_cl<ap_fixed,ap_fixed<30,21,5,3,0>,config28>|  return value|
|ap_return_386  |  out|   15|  ap_ctrl_hs|  pointwise_conv_1d_cl<ap_fixed,ap_fixed<30,21,5,3,0>,config28>|  return value|
|ap_return_387  |  out|   15|  ap_ctrl_hs|  pointwise_conv_1d_cl<ap_fixed,ap_fixed<30,21,5,3,0>,config28>|  return value|
|ap_return_388  |  out|   15|  ap_ctrl_hs|  pointwise_conv_1d_cl<ap_fixed,ap_fixed<30,21,5,3,0>,config28>|  return value|
|ap_return_389  |  out|   15|  ap_ctrl_hs|  pointwise_conv_1d_cl<ap_fixed,ap_fixed<30,21,5,3,0>,config28>|  return value|
|ap_return_390  |  out|   15|  ap_ctrl_hs|  pointwise_conv_1d_cl<ap_fixed,ap_fixed<30,21,5,3,0>,config28>|  return value|
|ap_return_391  |  out|   15|  ap_ctrl_hs|  pointwise_conv_1d_cl<ap_fixed,ap_fixed<30,21,5,3,0>,config28>|  return value|
|ap_return_392  |  out|   15|  ap_ctrl_hs|  pointwise_conv_1d_cl<ap_fixed,ap_fixed<30,21,5,3,0>,config28>|  return value|
|ap_return_393  |  out|   15|  ap_ctrl_hs|  pointwise_conv_1d_cl<ap_fixed,ap_fixed<30,21,5,3,0>,config28>|  return value|
|ap_return_394  |  out|   15|  ap_ctrl_hs|  pointwise_conv_1d_cl<ap_fixed,ap_fixed<30,21,5,3,0>,config28>|  return value|
|ap_return_395  |  out|   15|  ap_ctrl_hs|  pointwise_conv_1d_cl<ap_fixed,ap_fixed<30,21,5,3,0>,config28>|  return value|
|ap_return_396  |  out|   15|  ap_ctrl_hs|  pointwise_conv_1d_cl<ap_fixed,ap_fixed<30,21,5,3,0>,config28>|  return value|
|ap_return_397  |  out|   15|  ap_ctrl_hs|  pointwise_conv_1d_cl<ap_fixed,ap_fixed<30,21,5,3,0>,config28>|  return value|
|ap_return_398  |  out|   15|  ap_ctrl_hs|  pointwise_conv_1d_cl<ap_fixed,ap_fixed<30,21,5,3,0>,config28>|  return value|
|ap_return_399  |  out|   15|  ap_ctrl_hs|  pointwise_conv_1d_cl<ap_fixed,ap_fixed<30,21,5,3,0>,config28>|  return value|
|ap_return_400  |  out|   15|  ap_ctrl_hs|  pointwise_conv_1d_cl<ap_fixed,ap_fixed<30,21,5,3,0>,config28>|  return value|
|ap_return_401  |  out|   15|  ap_ctrl_hs|  pointwise_conv_1d_cl<ap_fixed,ap_fixed<30,21,5,3,0>,config28>|  return value|
|ap_return_402  |  out|   15|  ap_ctrl_hs|  pointwise_conv_1d_cl<ap_fixed,ap_fixed<30,21,5,3,0>,config28>|  return value|
|ap_return_403  |  out|   15|  ap_ctrl_hs|  pointwise_conv_1d_cl<ap_fixed,ap_fixed<30,21,5,3,0>,config28>|  return value|
|ap_return_404  |  out|   15|  ap_ctrl_hs|  pointwise_conv_1d_cl<ap_fixed,ap_fixed<30,21,5,3,0>,config28>|  return value|
|ap_return_405  |  out|   15|  ap_ctrl_hs|  pointwise_conv_1d_cl<ap_fixed,ap_fixed<30,21,5,3,0>,config28>|  return value|
|ap_return_406  |  out|   15|  ap_ctrl_hs|  pointwise_conv_1d_cl<ap_fixed,ap_fixed<30,21,5,3,0>,config28>|  return value|
|ap_return_407  |  out|   15|  ap_ctrl_hs|  pointwise_conv_1d_cl<ap_fixed,ap_fixed<30,21,5,3,0>,config28>|  return value|
|ap_return_408  |  out|   15|  ap_ctrl_hs|  pointwise_conv_1d_cl<ap_fixed,ap_fixed<30,21,5,3,0>,config28>|  return value|
|ap_return_409  |  out|   15|  ap_ctrl_hs|  pointwise_conv_1d_cl<ap_fixed,ap_fixed<30,21,5,3,0>,config28>|  return value|
|ap_return_410  |  out|   15|  ap_ctrl_hs|  pointwise_conv_1d_cl<ap_fixed,ap_fixed<30,21,5,3,0>,config28>|  return value|
|ap_return_411  |  out|   15|  ap_ctrl_hs|  pointwise_conv_1d_cl<ap_fixed,ap_fixed<30,21,5,3,0>,config28>|  return value|
|ap_return_412  |  out|   15|  ap_ctrl_hs|  pointwise_conv_1d_cl<ap_fixed,ap_fixed<30,21,5,3,0>,config28>|  return value|
|ap_return_413  |  out|   15|  ap_ctrl_hs|  pointwise_conv_1d_cl<ap_fixed,ap_fixed<30,21,5,3,0>,config28>|  return value|
|ap_return_414  |  out|   15|  ap_ctrl_hs|  pointwise_conv_1d_cl<ap_fixed,ap_fixed<30,21,5,3,0>,config28>|  return value|
|ap_return_415  |  out|   15|  ap_ctrl_hs|  pointwise_conv_1d_cl<ap_fixed,ap_fixed<30,21,5,3,0>,config28>|  return value|
|ap_return_416  |  out|   15|  ap_ctrl_hs|  pointwise_conv_1d_cl<ap_fixed,ap_fixed<30,21,5,3,0>,config28>|  return value|
|ap_return_417  |  out|   15|  ap_ctrl_hs|  pointwise_conv_1d_cl<ap_fixed,ap_fixed<30,21,5,3,0>,config28>|  return value|
|ap_return_418  |  out|   15|  ap_ctrl_hs|  pointwise_conv_1d_cl<ap_fixed,ap_fixed<30,21,5,3,0>,config28>|  return value|
|ap_return_419  |  out|   15|  ap_ctrl_hs|  pointwise_conv_1d_cl<ap_fixed,ap_fixed<30,21,5,3,0>,config28>|  return value|
|ap_return_420  |  out|   15|  ap_ctrl_hs|  pointwise_conv_1d_cl<ap_fixed,ap_fixed<30,21,5,3,0>,config28>|  return value|
|ap_return_421  |  out|   15|  ap_ctrl_hs|  pointwise_conv_1d_cl<ap_fixed,ap_fixed<30,21,5,3,0>,config28>|  return value|
|ap_return_422  |  out|   15|  ap_ctrl_hs|  pointwise_conv_1d_cl<ap_fixed,ap_fixed<30,21,5,3,0>,config28>|  return value|
|ap_return_423  |  out|   15|  ap_ctrl_hs|  pointwise_conv_1d_cl<ap_fixed,ap_fixed<30,21,5,3,0>,config28>|  return value|
|ap_return_424  |  out|   15|  ap_ctrl_hs|  pointwise_conv_1d_cl<ap_fixed,ap_fixed<30,21,5,3,0>,config28>|  return value|
|ap_return_425  |  out|   15|  ap_ctrl_hs|  pointwise_conv_1d_cl<ap_fixed,ap_fixed<30,21,5,3,0>,config28>|  return value|
|ap_return_426  |  out|   15|  ap_ctrl_hs|  pointwise_conv_1d_cl<ap_fixed,ap_fixed<30,21,5,3,0>,config28>|  return value|
|ap_return_427  |  out|   15|  ap_ctrl_hs|  pointwise_conv_1d_cl<ap_fixed,ap_fixed<30,21,5,3,0>,config28>|  return value|
|ap_return_428  |  out|   15|  ap_ctrl_hs|  pointwise_conv_1d_cl<ap_fixed,ap_fixed<30,21,5,3,0>,config28>|  return value|
|ap_return_429  |  out|   15|  ap_ctrl_hs|  pointwise_conv_1d_cl<ap_fixed,ap_fixed<30,21,5,3,0>,config28>|  return value|
|ap_return_430  |  out|   15|  ap_ctrl_hs|  pointwise_conv_1d_cl<ap_fixed,ap_fixed<30,21,5,3,0>,config28>|  return value|
|ap_return_431  |  out|   15|  ap_ctrl_hs|  pointwise_conv_1d_cl<ap_fixed,ap_fixed<30,21,5,3,0>,config28>|  return value|
|ap_return_432  |  out|   15|  ap_ctrl_hs|  pointwise_conv_1d_cl<ap_fixed,ap_fixed<30,21,5,3,0>,config28>|  return value|
|ap_return_433  |  out|   15|  ap_ctrl_hs|  pointwise_conv_1d_cl<ap_fixed,ap_fixed<30,21,5,3,0>,config28>|  return value|
|ap_return_434  |  out|   15|  ap_ctrl_hs|  pointwise_conv_1d_cl<ap_fixed,ap_fixed<30,21,5,3,0>,config28>|  return value|
|ap_return_435  |  out|   15|  ap_ctrl_hs|  pointwise_conv_1d_cl<ap_fixed,ap_fixed<30,21,5,3,0>,config28>|  return value|
|ap_return_436  |  out|   15|  ap_ctrl_hs|  pointwise_conv_1d_cl<ap_fixed,ap_fixed<30,21,5,3,0>,config28>|  return value|
|ap_return_437  |  out|   15|  ap_ctrl_hs|  pointwise_conv_1d_cl<ap_fixed,ap_fixed<30,21,5,3,0>,config28>|  return value|
|ap_return_438  |  out|   15|  ap_ctrl_hs|  pointwise_conv_1d_cl<ap_fixed,ap_fixed<30,21,5,3,0>,config28>|  return value|
|ap_return_439  |  out|   15|  ap_ctrl_hs|  pointwise_conv_1d_cl<ap_fixed,ap_fixed<30,21,5,3,0>,config28>|  return value|
|ap_return_440  |  out|   15|  ap_ctrl_hs|  pointwise_conv_1d_cl<ap_fixed,ap_fixed<30,21,5,3,0>,config28>|  return value|
|ap_return_441  |  out|   15|  ap_ctrl_hs|  pointwise_conv_1d_cl<ap_fixed,ap_fixed<30,21,5,3,0>,config28>|  return value|
|ap_return_442  |  out|   15|  ap_ctrl_hs|  pointwise_conv_1d_cl<ap_fixed,ap_fixed<30,21,5,3,0>,config28>|  return value|
|ap_return_443  |  out|   15|  ap_ctrl_hs|  pointwise_conv_1d_cl<ap_fixed,ap_fixed<30,21,5,3,0>,config28>|  return value|
|ap_return_444  |  out|   15|  ap_ctrl_hs|  pointwise_conv_1d_cl<ap_fixed,ap_fixed<30,21,5,3,0>,config28>|  return value|
|ap_return_445  |  out|   15|  ap_ctrl_hs|  pointwise_conv_1d_cl<ap_fixed,ap_fixed<30,21,5,3,0>,config28>|  return value|
|ap_return_446  |  out|   15|  ap_ctrl_hs|  pointwise_conv_1d_cl<ap_fixed,ap_fixed<30,21,5,3,0>,config28>|  return value|
|ap_return_447  |  out|   15|  ap_ctrl_hs|  pointwise_conv_1d_cl<ap_fixed,ap_fixed<30,21,5,3,0>,config28>|  return value|
|ap_return_448  |  out|   15|  ap_ctrl_hs|  pointwise_conv_1d_cl<ap_fixed,ap_fixed<30,21,5,3,0>,config28>|  return value|
|ap_return_449  |  out|   15|  ap_ctrl_hs|  pointwise_conv_1d_cl<ap_fixed,ap_fixed<30,21,5,3,0>,config28>|  return value|
|ap_return_450  |  out|   15|  ap_ctrl_hs|  pointwise_conv_1d_cl<ap_fixed,ap_fixed<30,21,5,3,0>,config28>|  return value|
|ap_return_451  |  out|   15|  ap_ctrl_hs|  pointwise_conv_1d_cl<ap_fixed,ap_fixed<30,21,5,3,0>,config28>|  return value|
|ap_return_452  |  out|   15|  ap_ctrl_hs|  pointwise_conv_1d_cl<ap_fixed,ap_fixed<30,21,5,3,0>,config28>|  return value|
|ap_return_453  |  out|   15|  ap_ctrl_hs|  pointwise_conv_1d_cl<ap_fixed,ap_fixed<30,21,5,3,0>,config28>|  return value|
|ap_return_454  |  out|   15|  ap_ctrl_hs|  pointwise_conv_1d_cl<ap_fixed,ap_fixed<30,21,5,3,0>,config28>|  return value|
|ap_return_455  |  out|   15|  ap_ctrl_hs|  pointwise_conv_1d_cl<ap_fixed,ap_fixed<30,21,5,3,0>,config28>|  return value|
|ap_return_456  |  out|   15|  ap_ctrl_hs|  pointwise_conv_1d_cl<ap_fixed,ap_fixed<30,21,5,3,0>,config28>|  return value|
|ap_return_457  |  out|   15|  ap_ctrl_hs|  pointwise_conv_1d_cl<ap_fixed,ap_fixed<30,21,5,3,0>,config28>|  return value|
|ap_return_458  |  out|   15|  ap_ctrl_hs|  pointwise_conv_1d_cl<ap_fixed,ap_fixed<30,21,5,3,0>,config28>|  return value|
|ap_return_459  |  out|   15|  ap_ctrl_hs|  pointwise_conv_1d_cl<ap_fixed,ap_fixed<30,21,5,3,0>,config28>|  return value|
|ap_return_460  |  out|   15|  ap_ctrl_hs|  pointwise_conv_1d_cl<ap_fixed,ap_fixed<30,21,5,3,0>,config28>|  return value|
|ap_return_461  |  out|   15|  ap_ctrl_hs|  pointwise_conv_1d_cl<ap_fixed,ap_fixed<30,21,5,3,0>,config28>|  return value|
|ap_return_462  |  out|   15|  ap_ctrl_hs|  pointwise_conv_1d_cl<ap_fixed,ap_fixed<30,21,5,3,0>,config28>|  return value|
|ap_return_463  |  out|   15|  ap_ctrl_hs|  pointwise_conv_1d_cl<ap_fixed,ap_fixed<30,21,5,3,0>,config28>|  return value|
|ap_return_464  |  out|   15|  ap_ctrl_hs|  pointwise_conv_1d_cl<ap_fixed,ap_fixed<30,21,5,3,0>,config28>|  return value|
|ap_return_465  |  out|   15|  ap_ctrl_hs|  pointwise_conv_1d_cl<ap_fixed,ap_fixed<30,21,5,3,0>,config28>|  return value|
|ap_return_466  |  out|   15|  ap_ctrl_hs|  pointwise_conv_1d_cl<ap_fixed,ap_fixed<30,21,5,3,0>,config28>|  return value|
|ap_return_467  |  out|   15|  ap_ctrl_hs|  pointwise_conv_1d_cl<ap_fixed,ap_fixed<30,21,5,3,0>,config28>|  return value|
|ap_return_468  |  out|   15|  ap_ctrl_hs|  pointwise_conv_1d_cl<ap_fixed,ap_fixed<30,21,5,3,0>,config28>|  return value|
|ap_return_469  |  out|   15|  ap_ctrl_hs|  pointwise_conv_1d_cl<ap_fixed,ap_fixed<30,21,5,3,0>,config28>|  return value|
|ap_return_470  |  out|   15|  ap_ctrl_hs|  pointwise_conv_1d_cl<ap_fixed,ap_fixed<30,21,5,3,0>,config28>|  return value|
|ap_return_471  |  out|   15|  ap_ctrl_hs|  pointwise_conv_1d_cl<ap_fixed,ap_fixed<30,21,5,3,0>,config28>|  return value|
|ap_return_472  |  out|   15|  ap_ctrl_hs|  pointwise_conv_1d_cl<ap_fixed,ap_fixed<30,21,5,3,0>,config28>|  return value|
|ap_return_473  |  out|   15|  ap_ctrl_hs|  pointwise_conv_1d_cl<ap_fixed,ap_fixed<30,21,5,3,0>,config28>|  return value|
|ap_return_474  |  out|   15|  ap_ctrl_hs|  pointwise_conv_1d_cl<ap_fixed,ap_fixed<30,21,5,3,0>,config28>|  return value|
|ap_return_475  |  out|   15|  ap_ctrl_hs|  pointwise_conv_1d_cl<ap_fixed,ap_fixed<30,21,5,3,0>,config28>|  return value|
|ap_return_476  |  out|   15|  ap_ctrl_hs|  pointwise_conv_1d_cl<ap_fixed,ap_fixed<30,21,5,3,0>,config28>|  return value|
|ap_return_477  |  out|   15|  ap_ctrl_hs|  pointwise_conv_1d_cl<ap_fixed,ap_fixed<30,21,5,3,0>,config28>|  return value|
|ap_return_478  |  out|   15|  ap_ctrl_hs|  pointwise_conv_1d_cl<ap_fixed,ap_fixed<30,21,5,3,0>,config28>|  return value|
|ap_return_479  |  out|   15|  ap_ctrl_hs|  pointwise_conv_1d_cl<ap_fixed,ap_fixed<30,21,5,3,0>,config28>|  return value|
|ap_return_480  |  out|   15|  ap_ctrl_hs|  pointwise_conv_1d_cl<ap_fixed,ap_fixed<30,21,5,3,0>,config28>|  return value|
|ap_return_481  |  out|   15|  ap_ctrl_hs|  pointwise_conv_1d_cl<ap_fixed,ap_fixed<30,21,5,3,0>,config28>|  return value|
|ap_return_482  |  out|   15|  ap_ctrl_hs|  pointwise_conv_1d_cl<ap_fixed,ap_fixed<30,21,5,3,0>,config28>|  return value|
|ap_return_483  |  out|   15|  ap_ctrl_hs|  pointwise_conv_1d_cl<ap_fixed,ap_fixed<30,21,5,3,0>,config28>|  return value|
|ap_return_484  |  out|   15|  ap_ctrl_hs|  pointwise_conv_1d_cl<ap_fixed,ap_fixed<30,21,5,3,0>,config28>|  return value|
|ap_return_485  |  out|   15|  ap_ctrl_hs|  pointwise_conv_1d_cl<ap_fixed,ap_fixed<30,21,5,3,0>,config28>|  return value|
|ap_return_486  |  out|   15|  ap_ctrl_hs|  pointwise_conv_1d_cl<ap_fixed,ap_fixed<30,21,5,3,0>,config28>|  return value|
|ap_return_487  |  out|   15|  ap_ctrl_hs|  pointwise_conv_1d_cl<ap_fixed,ap_fixed<30,21,5,3,0>,config28>|  return value|
|ap_return_488  |  out|   15|  ap_ctrl_hs|  pointwise_conv_1d_cl<ap_fixed,ap_fixed<30,21,5,3,0>,config28>|  return value|
|ap_return_489  |  out|   15|  ap_ctrl_hs|  pointwise_conv_1d_cl<ap_fixed,ap_fixed<30,21,5,3,0>,config28>|  return value|
|ap_return_490  |  out|   15|  ap_ctrl_hs|  pointwise_conv_1d_cl<ap_fixed,ap_fixed<30,21,5,3,0>,config28>|  return value|
|ap_return_491  |  out|   15|  ap_ctrl_hs|  pointwise_conv_1d_cl<ap_fixed,ap_fixed<30,21,5,3,0>,config28>|  return value|
|ap_return_492  |  out|   15|  ap_ctrl_hs|  pointwise_conv_1d_cl<ap_fixed,ap_fixed<30,21,5,3,0>,config28>|  return value|
|ap_return_493  |  out|   15|  ap_ctrl_hs|  pointwise_conv_1d_cl<ap_fixed,ap_fixed<30,21,5,3,0>,config28>|  return value|
|ap_return_494  |  out|   15|  ap_ctrl_hs|  pointwise_conv_1d_cl<ap_fixed,ap_fixed<30,21,5,3,0>,config28>|  return value|
|ap_return_495  |  out|   15|  ap_ctrl_hs|  pointwise_conv_1d_cl<ap_fixed,ap_fixed<30,21,5,3,0>,config28>|  return value|
|ap_return_496  |  out|   15|  ap_ctrl_hs|  pointwise_conv_1d_cl<ap_fixed,ap_fixed<30,21,5,3,0>,config28>|  return value|
|ap_return_497  |  out|   15|  ap_ctrl_hs|  pointwise_conv_1d_cl<ap_fixed,ap_fixed<30,21,5,3,0>,config28>|  return value|
|ap_return_498  |  out|   15|  ap_ctrl_hs|  pointwise_conv_1d_cl<ap_fixed,ap_fixed<30,21,5,3,0>,config28>|  return value|
|ap_return_499  |  out|   15|  ap_ctrl_hs|  pointwise_conv_1d_cl<ap_fixed,ap_fixed<30,21,5,3,0>,config28>|  return value|
|ap_return_500  |  out|   15|  ap_ctrl_hs|  pointwise_conv_1d_cl<ap_fixed,ap_fixed<30,21,5,3,0>,config28>|  return value|
|ap_return_501  |  out|   15|  ap_ctrl_hs|  pointwise_conv_1d_cl<ap_fixed,ap_fixed<30,21,5,3,0>,config28>|  return value|
|ap_return_502  |  out|   15|  ap_ctrl_hs|  pointwise_conv_1d_cl<ap_fixed,ap_fixed<30,21,5,3,0>,config28>|  return value|
|ap_return_503  |  out|   15|  ap_ctrl_hs|  pointwise_conv_1d_cl<ap_fixed,ap_fixed<30,21,5,3,0>,config28>|  return value|
|ap_return_504  |  out|   15|  ap_ctrl_hs|  pointwise_conv_1d_cl<ap_fixed,ap_fixed<30,21,5,3,0>,config28>|  return value|
|ap_return_505  |  out|   15|  ap_ctrl_hs|  pointwise_conv_1d_cl<ap_fixed,ap_fixed<30,21,5,3,0>,config28>|  return value|
|ap_return_506  |  out|   15|  ap_ctrl_hs|  pointwise_conv_1d_cl<ap_fixed,ap_fixed<30,21,5,3,0>,config28>|  return value|
|ap_return_507  |  out|   15|  ap_ctrl_hs|  pointwise_conv_1d_cl<ap_fixed,ap_fixed<30,21,5,3,0>,config28>|  return value|
|ap_return_508  |  out|   15|  ap_ctrl_hs|  pointwise_conv_1d_cl<ap_fixed,ap_fixed<30,21,5,3,0>,config28>|  return value|
|ap_return_509  |  out|   15|  ap_ctrl_hs|  pointwise_conv_1d_cl<ap_fixed,ap_fixed<30,21,5,3,0>,config28>|  return value|
|ap_return_510  |  out|   15|  ap_ctrl_hs|  pointwise_conv_1d_cl<ap_fixed,ap_fixed<30,21,5,3,0>,config28>|  return value|
|ap_return_511  |  out|   15|  ap_ctrl_hs|  pointwise_conv_1d_cl<ap_fixed,ap_fixed<30,21,5,3,0>,config28>|  return value|
|p_read         |   in|   15|     ap_none|                                                         p_read|        scalar|
|p_read1        |   in|   15|     ap_none|                                                        p_read1|        scalar|
|p_read2        |   in|   15|     ap_none|                                                        p_read2|        scalar|
|p_read3        |   in|   15|     ap_none|                                                        p_read3|        scalar|
|p_read4        |   in|   15|     ap_none|                                                        p_read4|        scalar|
|p_read5        |   in|   15|     ap_none|                                                        p_read5|        scalar|
|p_read6        |   in|   15|     ap_none|                                                        p_read6|        scalar|
|p_read7        |   in|   15|     ap_none|                                                        p_read7|        scalar|
|p_read8        |   in|   15|     ap_none|                                                        p_read8|        scalar|
|p_read9        |   in|   15|     ap_none|                                                        p_read9|        scalar|
|p_read10       |   in|   15|     ap_none|                                                       p_read10|        scalar|
|p_read11       |   in|   15|     ap_none|                                                       p_read11|        scalar|
|p_read12       |   in|   15|     ap_none|                                                       p_read12|        scalar|
|p_read13       |   in|   15|     ap_none|                                                       p_read13|        scalar|
|p_read15       |   in|   15|     ap_none|                                                       p_read15|        scalar|
|p_read16       |   in|   15|     ap_none|                                                       p_read16|        scalar|
|p_read17       |   in|   15|     ap_none|                                                       p_read17|        scalar|
|p_read18       |   in|   15|     ap_none|                                                       p_read18|        scalar|
|p_read19       |   in|   15|     ap_none|                                                       p_read19|        scalar|
|p_read20       |   in|   15|     ap_none|                                                       p_read20|        scalar|
|p_read21       |   in|   15|     ap_none|                                                       p_read21|        scalar|
|p_read22       |   in|   15|     ap_none|                                                       p_read22|        scalar|
|p_read23       |   in|   15|     ap_none|                                                       p_read23|        scalar|
|p_read24       |   in|   15|     ap_none|                                                       p_read24|        scalar|
|p_read25       |   in|   15|     ap_none|                                                       p_read25|        scalar|
|p_read26       |   in|   15|     ap_none|                                                       p_read26|        scalar|
|p_read27       |   in|   15|     ap_none|                                                       p_read27|        scalar|
|p_read28       |   in|   15|     ap_none|                                                       p_read28|        scalar|
|p_read29       |   in|   15|     ap_none|                                                       p_read29|        scalar|
|p_read30       |   in|   15|     ap_none|                                                       p_read30|        scalar|
|p_read31       |   in|   15|     ap_none|                                                       p_read31|        scalar|
|p_read32       |   in|   15|     ap_none|                                                       p_read32|        scalar|
|p_read33       |   in|   15|     ap_none|                                                       p_read33|        scalar|
|p_read35       |   in|   15|     ap_none|                                                       p_read35|        scalar|
|p_read36       |   in|   15|     ap_none|                                                       p_read36|        scalar|
|p_read37       |   in|   15|     ap_none|                                                       p_read37|        scalar|
|p_read38       |   in|   15|     ap_none|                                                       p_read38|        scalar|
|p_read39       |   in|   15|     ap_none|                                                       p_read39|        scalar|
|p_read40       |   in|   15|     ap_none|                                                       p_read40|        scalar|
|p_read41       |   in|   15|     ap_none|                                                       p_read41|        scalar|
|p_read42       |   in|   15|     ap_none|                                                       p_read42|        scalar|
|p_read43       |   in|   15|     ap_none|                                                       p_read43|        scalar|
|p_read44       |   in|   15|     ap_none|                                                       p_read44|        scalar|
|p_read45       |   in|   15|     ap_none|                                                       p_read45|        scalar|
|p_read46       |   in|   15|     ap_none|                                                       p_read46|        scalar|
|p_read47       |   in|   15|     ap_none|                                                       p_read47|        scalar|
|p_read48       |   in|   15|     ap_none|                                                       p_read48|        scalar|
|p_read49       |   in|   15|     ap_none|                                                       p_read49|        scalar|
|p_read50       |   in|   15|     ap_none|                                                       p_read50|        scalar|
|p_read51       |   in|   15|     ap_none|                                                       p_read51|        scalar|
|p_read52       |   in|   15|     ap_none|                                                       p_read52|        scalar|
|p_read53       |   in|   15|     ap_none|                                                       p_read53|        scalar|
|p_read55       |   in|   15|     ap_none|                                                       p_read55|        scalar|
|p_read56       |   in|   15|     ap_none|                                                       p_read56|        scalar|
|p_read57       |   in|   15|     ap_none|                                                       p_read57|        scalar|
|p_read58       |   in|   15|     ap_none|                                                       p_read58|        scalar|
|p_read59       |   in|   15|     ap_none|                                                       p_read59|        scalar|
|p_read60       |   in|   15|     ap_none|                                                       p_read60|        scalar|
|p_read61       |   in|   15|     ap_none|                                                       p_read61|        scalar|
|p_read62       |   in|   15|     ap_none|                                                       p_read62|        scalar|
|p_read63       |   in|   15|     ap_none|                                                       p_read63|        scalar|
|p_read64       |   in|   15|     ap_none|                                                       p_read64|        scalar|
|p_read65       |   in|   15|     ap_none|                                                       p_read65|        scalar|
|p_read66       |   in|   15|     ap_none|                                                       p_read66|        scalar|
|p_read67       |   in|   15|     ap_none|                                                       p_read67|        scalar|
|p_read68       |   in|   15|     ap_none|                                                       p_read68|        scalar|
|p_read69       |   in|   15|     ap_none|                                                       p_read69|        scalar|
|p_read70       |   in|   15|     ap_none|                                                       p_read70|        scalar|
|p_read71       |   in|   15|     ap_none|                                                       p_read71|        scalar|
|p_read72       |   in|   15|     ap_none|                                                       p_read72|        scalar|
|p_read73       |   in|   15|     ap_none|                                                       p_read73|        scalar|
|p_read75       |   in|   15|     ap_none|                                                       p_read75|        scalar|
|p_read76       |   in|   15|     ap_none|                                                       p_read76|        scalar|
|p_read77       |   in|   15|     ap_none|                                                       p_read77|        scalar|
|p_read78       |   in|   15|     ap_none|                                                       p_read78|        scalar|
|p_read79       |   in|   15|     ap_none|                                                       p_read79|        scalar|
|p_read80       |   in|   15|     ap_none|                                                       p_read80|        scalar|
|p_read81       |   in|   15|     ap_none|                                                       p_read81|        scalar|
|p_read82       |   in|   15|     ap_none|                                                       p_read82|        scalar|
|p_read83       |   in|   15|     ap_none|                                                       p_read83|        scalar|
|p_read84       |   in|   15|     ap_none|                                                       p_read84|        scalar|
|p_read85       |   in|   15|     ap_none|                                                       p_read85|        scalar|
|p_read86       |   in|   15|     ap_none|                                                       p_read86|        scalar|
|p_read87       |   in|   15|     ap_none|                                                       p_read87|        scalar|
|p_read88       |   in|   15|     ap_none|                                                       p_read88|        scalar|
|p_read89       |   in|   15|     ap_none|                                                       p_read89|        scalar|
|p_read90       |   in|   15|     ap_none|                                                       p_read90|        scalar|
|p_read91       |   in|   15|     ap_none|                                                       p_read91|        scalar|
|p_read92       |   in|   15|     ap_none|                                                       p_read92|        scalar|
|p_read93       |   in|   15|     ap_none|                                                       p_read93|        scalar|
|p_read95       |   in|   15|     ap_none|                                                       p_read95|        scalar|
|p_read96       |   in|   15|     ap_none|                                                       p_read96|        scalar|
|p_read97       |   in|   15|     ap_none|                                                       p_read97|        scalar|
|p_read98       |   in|   15|     ap_none|                                                       p_read98|        scalar|
|p_read99       |   in|   15|     ap_none|                                                       p_read99|        scalar|
|p_read100      |   in|   15|     ap_none|                                                      p_read100|        scalar|
|p_read101      |   in|   15|     ap_none|                                                      p_read101|        scalar|
|p_read102      |   in|   15|     ap_none|                                                      p_read102|        scalar|
|p_read103      |   in|   15|     ap_none|                                                      p_read103|        scalar|
|p_read104      |   in|   15|     ap_none|                                                      p_read104|        scalar|
|p_read105      |   in|   15|     ap_none|                                                      p_read105|        scalar|
|p_read106      |   in|   15|     ap_none|                                                      p_read106|        scalar|
|p_read107      |   in|   15|     ap_none|                                                      p_read107|        scalar|
|p_read108      |   in|   15|     ap_none|                                                      p_read108|        scalar|
|p_read109      |   in|   15|     ap_none|                                                      p_read109|        scalar|
|p_read110      |   in|   15|     ap_none|                                                      p_read110|        scalar|
|p_read111      |   in|   15|     ap_none|                                                      p_read111|        scalar|
|p_read112      |   in|   15|     ap_none|                                                      p_read112|        scalar|
|p_read113      |   in|   15|     ap_none|                                                      p_read113|        scalar|
|p_read115      |   in|   15|     ap_none|                                                      p_read115|        scalar|
|p_read116      |   in|   15|     ap_none|                                                      p_read116|        scalar|
|p_read117      |   in|   15|     ap_none|                                                      p_read117|        scalar|
|p_read118      |   in|   15|     ap_none|                                                      p_read118|        scalar|
|p_read119      |   in|   15|     ap_none|                                                      p_read119|        scalar|
|p_read120      |   in|   15|     ap_none|                                                      p_read120|        scalar|
|p_read121      |   in|   15|     ap_none|                                                      p_read121|        scalar|
|p_read122      |   in|   15|     ap_none|                                                      p_read122|        scalar|
|p_read123      |   in|   15|     ap_none|                                                      p_read123|        scalar|
|p_read124      |   in|   15|     ap_none|                                                      p_read124|        scalar|
|p_read125      |   in|   15|     ap_none|                                                      p_read125|        scalar|
|p_read126      |   in|   15|     ap_none|                                                      p_read126|        scalar|
|p_read127      |   in|   15|     ap_none|                                                      p_read127|        scalar|
|p_read128      |   in|   15|     ap_none|                                                      p_read128|        scalar|
|p_read129      |   in|   15|     ap_none|                                                      p_read129|        scalar|
|p_read130      |   in|   15|     ap_none|                                                      p_read130|        scalar|
|p_read131      |   in|   15|     ap_none|                                                      p_read131|        scalar|
|p_read132      |   in|   15|     ap_none|                                                      p_read132|        scalar|
|p_read133      |   in|   15|     ap_none|                                                      p_read133|        scalar|
|p_read135      |   in|   15|     ap_none|                                                      p_read135|        scalar|
|p_read136      |   in|   15|     ap_none|                                                      p_read136|        scalar|
|p_read137      |   in|   15|     ap_none|                                                      p_read137|        scalar|
|p_read138      |   in|   15|     ap_none|                                                      p_read138|        scalar|
|p_read139      |   in|   15|     ap_none|                                                      p_read139|        scalar|
|p_read140      |   in|   15|     ap_none|                                                      p_read140|        scalar|
|p_read141      |   in|   15|     ap_none|                                                      p_read141|        scalar|
|p_read142      |   in|   15|     ap_none|                                                      p_read142|        scalar|
|p_read143      |   in|   15|     ap_none|                                                      p_read143|        scalar|
|p_read144      |   in|   15|     ap_none|                                                      p_read144|        scalar|
|p_read145      |   in|   15|     ap_none|                                                      p_read145|        scalar|
|p_read146      |   in|   15|     ap_none|                                                      p_read146|        scalar|
|p_read147      |   in|   15|     ap_none|                                                      p_read147|        scalar|
|p_read148      |   in|   15|     ap_none|                                                      p_read148|        scalar|
|p_read149      |   in|   15|     ap_none|                                                      p_read149|        scalar|
|p_read150      |   in|   15|     ap_none|                                                      p_read150|        scalar|
|p_read151      |   in|   15|     ap_none|                                                      p_read151|        scalar|
|p_read152      |   in|   15|     ap_none|                                                      p_read152|        scalar|
|p_read153      |   in|   15|     ap_none|                                                      p_read153|        scalar|
|p_read155      |   in|   15|     ap_none|                                                      p_read155|        scalar|
|p_read156      |   in|   15|     ap_none|                                                      p_read156|        scalar|
|p_read157      |   in|   15|     ap_none|                                                      p_read157|        scalar|
|p_read158      |   in|   15|     ap_none|                                                      p_read158|        scalar|
|p_read159      |   in|   15|     ap_none|                                                      p_read159|        scalar|
|p_read160      |   in|   15|     ap_none|                                                      p_read160|        scalar|
|p_read161      |   in|   15|     ap_none|                                                      p_read161|        scalar|
|p_read162      |   in|   15|     ap_none|                                                      p_read162|        scalar|
|p_read163      |   in|   15|     ap_none|                                                      p_read163|        scalar|
|p_read164      |   in|   15|     ap_none|                                                      p_read164|        scalar|
|p_read165      |   in|   15|     ap_none|                                                      p_read165|        scalar|
|p_read166      |   in|   15|     ap_none|                                                      p_read166|        scalar|
|p_read167      |   in|   15|     ap_none|                                                      p_read167|        scalar|
|p_read168      |   in|   15|     ap_none|                                                      p_read168|        scalar|
|p_read169      |   in|   15|     ap_none|                                                      p_read169|        scalar|
|p_read170      |   in|   15|     ap_none|                                                      p_read170|        scalar|
|p_read171      |   in|   15|     ap_none|                                                      p_read171|        scalar|
|p_read172      |   in|   15|     ap_none|                                                      p_read172|        scalar|
|p_read173      |   in|   15|     ap_none|                                                      p_read173|        scalar|
|p_read175      |   in|   15|     ap_none|                                                      p_read175|        scalar|
|p_read176      |   in|   15|     ap_none|                                                      p_read176|        scalar|
|p_read177      |   in|   15|     ap_none|                                                      p_read177|        scalar|
|p_read178      |   in|   15|     ap_none|                                                      p_read178|        scalar|
|p_read179      |   in|   15|     ap_none|                                                      p_read179|        scalar|
|p_read180      |   in|   15|     ap_none|                                                      p_read180|        scalar|
|p_read181      |   in|   15|     ap_none|                                                      p_read181|        scalar|
|p_read182      |   in|   15|     ap_none|                                                      p_read182|        scalar|
|p_read183      |   in|   15|     ap_none|                                                      p_read183|        scalar|
|p_read184      |   in|   15|     ap_none|                                                      p_read184|        scalar|
|p_read185      |   in|   15|     ap_none|                                                      p_read185|        scalar|
|p_read186      |   in|   15|     ap_none|                                                      p_read186|        scalar|
|p_read187      |   in|   15|     ap_none|                                                      p_read187|        scalar|
|p_read188      |   in|   15|     ap_none|                                                      p_read188|        scalar|
|p_read189      |   in|   15|     ap_none|                                                      p_read189|        scalar|
|p_read190      |   in|   15|     ap_none|                                                      p_read190|        scalar|
|p_read191      |   in|   15|     ap_none|                                                      p_read191|        scalar|
|p_read192      |   in|   15|     ap_none|                                                      p_read192|        scalar|
|p_read193      |   in|   15|     ap_none|                                                      p_read193|        scalar|
|p_read195      |   in|   15|     ap_none|                                                      p_read195|        scalar|
|p_read196      |   in|   15|     ap_none|                                                      p_read196|        scalar|
|p_read197      |   in|   15|     ap_none|                                                      p_read197|        scalar|
|p_read198      |   in|   15|     ap_none|                                                      p_read198|        scalar|
|p_read199      |   in|   15|     ap_none|                                                      p_read199|        scalar|
|p_read200      |   in|   15|     ap_none|                                                      p_read200|        scalar|
|p_read201      |   in|   15|     ap_none|                                                      p_read201|        scalar|
|p_read202      |   in|   15|     ap_none|                                                      p_read202|        scalar|
|p_read203      |   in|   15|     ap_none|                                                      p_read203|        scalar|
|p_read204      |   in|   15|     ap_none|                                                      p_read204|        scalar|
|p_read205      |   in|   15|     ap_none|                                                      p_read205|        scalar|
|p_read206      |   in|   15|     ap_none|                                                      p_read206|        scalar|
|p_read207      |   in|   15|     ap_none|                                                      p_read207|        scalar|
|p_read208      |   in|   15|     ap_none|                                                      p_read208|        scalar|
|p_read209      |   in|   15|     ap_none|                                                      p_read209|        scalar|
|p_read210      |   in|   15|     ap_none|                                                      p_read210|        scalar|
|p_read211      |   in|   15|     ap_none|                                                      p_read211|        scalar|
|p_read212      |   in|   15|     ap_none|                                                      p_read212|        scalar|
|p_read213      |   in|   15|     ap_none|                                                      p_read213|        scalar|
|p_read215      |   in|   15|     ap_none|                                                      p_read215|        scalar|
|p_read216      |   in|   15|     ap_none|                                                      p_read216|        scalar|
|p_read217      |   in|   15|     ap_none|                                                      p_read217|        scalar|
|p_read218      |   in|   15|     ap_none|                                                      p_read218|        scalar|
|p_read219      |   in|   15|     ap_none|                                                      p_read219|        scalar|
|p_read220      |   in|   15|     ap_none|                                                      p_read220|        scalar|
|p_read221      |   in|   15|     ap_none|                                                      p_read221|        scalar|
|p_read222      |   in|   15|     ap_none|                                                      p_read222|        scalar|
|p_read223      |   in|   15|     ap_none|                                                      p_read223|        scalar|
|p_read224      |   in|   15|     ap_none|                                                      p_read224|        scalar|
|p_read225      |   in|   15|     ap_none|                                                      p_read225|        scalar|
|p_read226      |   in|   15|     ap_none|                                                      p_read226|        scalar|
|p_read227      |   in|   15|     ap_none|                                                      p_read227|        scalar|
|p_read228      |   in|   15|     ap_none|                                                      p_read228|        scalar|
|p_read229      |   in|   15|     ap_none|                                                      p_read229|        scalar|
|p_read230      |   in|   15|     ap_none|                                                      p_read230|        scalar|
|p_read231      |   in|   15|     ap_none|                                                      p_read231|        scalar|
|p_read232      |   in|   15|     ap_none|                                                      p_read232|        scalar|
|p_read233      |   in|   15|     ap_none|                                                      p_read233|        scalar|
|p_read235      |   in|   15|     ap_none|                                                      p_read235|        scalar|
|p_read236      |   in|   15|     ap_none|                                                      p_read236|        scalar|
|p_read237      |   in|   15|     ap_none|                                                      p_read237|        scalar|
|p_read238      |   in|   15|     ap_none|                                                      p_read238|        scalar|
|p_read239      |   in|   15|     ap_none|                                                      p_read239|        scalar|
|p_read240      |   in|   15|     ap_none|                                                      p_read240|        scalar|
|p_read241      |   in|   15|     ap_none|                                                      p_read241|        scalar|
|p_read242      |   in|   15|     ap_none|                                                      p_read242|        scalar|
|p_read243      |   in|   15|     ap_none|                                                      p_read243|        scalar|
|p_read244      |   in|   15|     ap_none|                                                      p_read244|        scalar|
|p_read245      |   in|   15|     ap_none|                                                      p_read245|        scalar|
|p_read246      |   in|   15|     ap_none|                                                      p_read246|        scalar|
|p_read247      |   in|   15|     ap_none|                                                      p_read247|        scalar|
|p_read248      |   in|   15|     ap_none|                                                      p_read248|        scalar|
|p_read249      |   in|   15|     ap_none|                                                      p_read249|        scalar|
|p_read250      |   in|   15|     ap_none|                                                      p_read250|        scalar|
|p_read251      |   in|   15|     ap_none|                                                      p_read251|        scalar|
|p_read252      |   in|   15|     ap_none|                                                      p_read252|        scalar|
|p_read253      |   in|   15|     ap_none|                                                      p_read253|        scalar|
|p_read255      |   in|   15|     ap_none|                                                      p_read255|        scalar|
|p_read256      |   in|   15|     ap_none|                                                      p_read256|        scalar|
|p_read257      |   in|   15|     ap_none|                                                      p_read257|        scalar|
|p_read258      |   in|   15|     ap_none|                                                      p_read258|        scalar|
|p_read259      |   in|   15|     ap_none|                                                      p_read259|        scalar|
|p_read260      |   in|   15|     ap_none|                                                      p_read260|        scalar|
|p_read261      |   in|   15|     ap_none|                                                      p_read261|        scalar|
|p_read262      |   in|   15|     ap_none|                                                      p_read262|        scalar|
|p_read263      |   in|   15|     ap_none|                                                      p_read263|        scalar|
|p_read264      |   in|   15|     ap_none|                                                      p_read264|        scalar|
|p_read265      |   in|   15|     ap_none|                                                      p_read265|        scalar|
|p_read266      |   in|   15|     ap_none|                                                      p_read266|        scalar|
|p_read267      |   in|   15|     ap_none|                                                      p_read267|        scalar|
|p_read268      |   in|   15|     ap_none|                                                      p_read268|        scalar|
|p_read269      |   in|   15|     ap_none|                                                      p_read269|        scalar|
|p_read270      |   in|   15|     ap_none|                                                      p_read270|        scalar|
|p_read271      |   in|   15|     ap_none|                                                      p_read271|        scalar|
|p_read272      |   in|   15|     ap_none|                                                      p_read272|        scalar|
|p_read273      |   in|   15|     ap_none|                                                      p_read273|        scalar|
|p_read275      |   in|   15|     ap_none|                                                      p_read275|        scalar|
|p_read276      |   in|   15|     ap_none|                                                      p_read276|        scalar|
|p_read277      |   in|   15|     ap_none|                                                      p_read277|        scalar|
|p_read278      |   in|   15|     ap_none|                                                      p_read278|        scalar|
|p_read279      |   in|   15|     ap_none|                                                      p_read279|        scalar|
|p_read280      |   in|   15|     ap_none|                                                      p_read280|        scalar|
|p_read281      |   in|   15|     ap_none|                                                      p_read281|        scalar|
|p_read282      |   in|   15|     ap_none|                                                      p_read282|        scalar|
|p_read283      |   in|   15|     ap_none|                                                      p_read283|        scalar|
|p_read284      |   in|   15|     ap_none|                                                      p_read284|        scalar|
|p_read285      |   in|   15|     ap_none|                                                      p_read285|        scalar|
|p_read286      |   in|   15|     ap_none|                                                      p_read286|        scalar|
|p_read287      |   in|   15|     ap_none|                                                      p_read287|        scalar|
|p_read288      |   in|   15|     ap_none|                                                      p_read288|        scalar|
|p_read289      |   in|   15|     ap_none|                                                      p_read289|        scalar|
|p_read290      |   in|   15|     ap_none|                                                      p_read290|        scalar|
|p_read291      |   in|   15|     ap_none|                                                      p_read291|        scalar|
|p_read292      |   in|   15|     ap_none|                                                      p_read292|        scalar|
|p_read293      |   in|   15|     ap_none|                                                      p_read293|        scalar|
|p_read295      |   in|   15|     ap_none|                                                      p_read295|        scalar|
|p_read296      |   in|   15|     ap_none|                                                      p_read296|        scalar|
|p_read297      |   in|   15|     ap_none|                                                      p_read297|        scalar|
|p_read298      |   in|   15|     ap_none|                                                      p_read298|        scalar|
|p_read299      |   in|   15|     ap_none|                                                      p_read299|        scalar|
|p_read300      |   in|   15|     ap_none|                                                      p_read300|        scalar|
|p_read301      |   in|   15|     ap_none|                                                      p_read301|        scalar|
|p_read302      |   in|   15|     ap_none|                                                      p_read302|        scalar|
|p_read303      |   in|   15|     ap_none|                                                      p_read303|        scalar|
|p_read304      |   in|   15|     ap_none|                                                      p_read304|        scalar|
|p_read305      |   in|   15|     ap_none|                                                      p_read305|        scalar|
|p_read306      |   in|   15|     ap_none|                                                      p_read306|        scalar|
|p_read307      |   in|   15|     ap_none|                                                      p_read307|        scalar|
|p_read308      |   in|   15|     ap_none|                                                      p_read308|        scalar|
|p_read309      |   in|   15|     ap_none|                                                      p_read309|        scalar|
|p_read310      |   in|   15|     ap_none|                                                      p_read310|        scalar|
|p_read311      |   in|   15|     ap_none|                                                      p_read311|        scalar|
|p_read312      |   in|   15|     ap_none|                                                      p_read312|        scalar|
|p_read313      |   in|   15|     ap_none|                                                      p_read313|        scalar|
|p_read315      |   in|   15|     ap_none|                                                      p_read315|        scalar|
|p_read316      |   in|   15|     ap_none|                                                      p_read316|        scalar|
|p_read317      |   in|   15|     ap_none|                                                      p_read317|        scalar|
|p_read318      |   in|   15|     ap_none|                                                      p_read318|        scalar|
|p_read319      |   in|   15|     ap_none|                                                      p_read319|        scalar|
+---------------+-----+-----+------------+---------------------------------------------------------------+--------------+

