

================================================================
== Vitis HLS Report for 'relu_ap_fixed_30_21_5_3_0_ap_ufixed_9_0_4_0_0_relu_config5_s'
================================================================
* Date:           Tue Oct 29 14:10:38 2024

* Version:        2023.2 (Build 4023990 on Oct 11 2023)
* Project:        JetTaggerNN_prj
* Solution:       solution1 (Vivado IP Flow Target)
* Product family: virtexuplus
* Target device:  xcvu9p-flga2104-2L-e


================================================================
== Performance Estimates
================================================================
+ Timing: 
    * Summary: 
    +--------+---------+----------+------------+
    |  Clock |  Target | Estimated| Uncertainty|
    +--------+---------+----------+------------+
    |ap_clk  |  2.80 ns|  1.728 ns|     0.76 ns|
    +--------+---------+----------+------------+

+ Latency: 
    * Summary: 
    +---------+---------+----------+----------+-----+-----+---------+
    |  Latency (cycles) |  Latency (absolute) |  Interval | Pipeline|
    |   min   |   max   |    min   |    max   | min | max |   Type  |
    +---------+---------+----------+----------+-----+-----+---------+
    |        1|        1|  2.800 ns|  2.800 ns|    1|    1|      yes|
    +---------+---------+----------+----------+-----+-----+---------+

    + Detail: 
        * Instance: 
        N/A

        * Loop: 
        N/A



================================================================
== Utilization Estimates
================================================================
* Summary: 
+---------------------+---------+------+---------+---------+-----+
|         Name        | BRAM_18K|  DSP |    FF   |   LUT   | URAM|
+---------------------+---------+------+---------+---------+-----+
|DSP                  |        -|     -|        -|        -|    -|
|Expression           |        -|     -|        0|    31238|    -|
|FIFO                 |        -|     -|        -|        -|    -|
|Instance             |        -|     -|        -|        -|    -|
|Memory               |        -|     -|        -|        -|    -|
|Multiplexer          |        -|     -|        -|     4617|    -|
|Register             |        -|     -|    13315|        -|    -|
+---------------------+---------+------+---------+---------+-----+
|Total                |        0|     0|    13315|    35855|    0|
+---------------------+---------+------+---------+---------+-----+
|Available SLR        |     1440|  2280|   788160|   394080|  320|
+---------------------+---------+------+---------+---------+-----+
|Utilization SLR (%)  |        0|     0|        1|        9|    0|
+---------------------+---------+------+---------+---------+-----+
|Available            |     4320|  6840|  2364480|  1182240|  960|
+---------------------+---------+------+---------+---------+-----+
|Utilization (%)      |        0|     0|       ~0|        3|    0|
+---------------------+---------+------+---------+---------+-----+

+ Detail: 
    * Instance: 
    N/A

    * DSP: 
    N/A

    * Memory: 
    N/A

    * FIFO: 
    N/A

    * Expression: 
    +------------------------------+----------+----+---+-----+------------+------------+
    |         Variable Name        | Operation| DSP| FF| LUT | Bitwidth P0| Bitwidth P1|
    +------------------------------+----------+----+---+-----+------------+------------+
    |and_ln46_100_fu_19200_p2      |       and|   0|  0|    2|           1|           1|
    |and_ln46_101_fu_19247_p2      |       and|   0|  0|    2|           1|           1|
    |and_ln46_102_fu_19294_p2      |       and|   0|  0|    2|           1|           1|
    |and_ln46_103_fu_19341_p2      |       and|   0|  0|    2|           1|           1|
    |and_ln46_104_fu_19388_p2      |       and|   0|  0|    2|           1|           1|
    |and_ln46_105_fu_19435_p2      |       and|   0|  0|    2|           1|           1|
    |and_ln46_106_fu_19482_p2      |       and|   0|  0|    2|           1|           1|
    |and_ln46_107_fu_19529_p2      |       and|   0|  0|    2|           1|           1|
    |and_ln46_108_fu_19576_p2      |       and|   0|  0|    2|           1|           1|
    |and_ln46_109_fu_19623_p2      |       and|   0|  0|    2|           1|           1|
    |and_ln46_110_fu_19670_p2      |       and|   0|  0|    2|           1|           1|
    |and_ln46_111_fu_19717_p2      |       and|   0|  0|    2|           1|           1|
    |and_ln46_112_fu_19764_p2      |       and|   0|  0|    2|           1|           1|
    |and_ln46_113_fu_19811_p2      |       and|   0|  0|    2|           1|           1|
    |and_ln46_114_fu_19858_p2      |       and|   0|  0|    2|           1|           1|
    |and_ln46_115_fu_19905_p2      |       and|   0|  0|    2|           1|           1|
    |and_ln46_116_fu_19952_p2      |       and|   0|  0|    2|           1|           1|
    |and_ln46_117_fu_19999_p2      |       and|   0|  0|    2|           1|           1|
    |and_ln46_118_fu_20046_p2      |       and|   0|  0|    2|           1|           1|
    |and_ln46_119_fu_20093_p2      |       and|   0|  0|    2|           1|           1|
    |and_ln46_120_fu_20140_p2      |       and|   0|  0|    2|           1|           1|
    |and_ln46_121_fu_20187_p2      |       and|   0|  0|    2|           1|           1|
    |and_ln46_122_fu_20234_p2      |       and|   0|  0|    2|           1|           1|
    |and_ln46_123_fu_20281_p2      |       and|   0|  0|    2|           1|           1|
    |and_ln46_124_fu_20328_p2      |       and|   0|  0|    2|           1|           1|
    |and_ln46_125_fu_20375_p2      |       and|   0|  0|    2|           1|           1|
    |and_ln46_126_fu_20422_p2      |       and|   0|  0|    2|           1|           1|
    |and_ln46_127_fu_20469_p2      |       and|   0|  0|    2|           1|           1|
    |and_ln46_128_fu_20516_p2      |       and|   0|  0|    2|           1|           1|
    |and_ln46_129_fu_20563_p2      |       and|   0|  0|    2|           1|           1|
    |and_ln46_130_fu_20610_p2      |       and|   0|  0|    2|           1|           1|
    |and_ln46_131_fu_20657_p2      |       and|   0|  0|    2|           1|           1|
    |and_ln46_132_fu_20704_p2      |       and|   0|  0|    2|           1|           1|
    |and_ln46_133_fu_20751_p2      |       and|   0|  0|    2|           1|           1|
    |and_ln46_134_fu_20798_p2      |       and|   0|  0|    2|           1|           1|
    |and_ln46_135_fu_20845_p2      |       and|   0|  0|    2|           1|           1|
    |and_ln46_136_fu_20892_p2      |       and|   0|  0|    2|           1|           1|
    |and_ln46_137_fu_20939_p2      |       and|   0|  0|    2|           1|           1|
    |and_ln46_138_fu_20986_p2      |       and|   0|  0|    2|           1|           1|
    |and_ln46_139_fu_21033_p2      |       and|   0|  0|    2|           1|           1|
    |and_ln46_140_fu_21080_p2      |       and|   0|  0|    2|           1|           1|
    |and_ln46_141_fu_21127_p2      |       and|   0|  0|    2|           1|           1|
    |and_ln46_142_fu_21174_p2      |       and|   0|  0|    2|           1|           1|
    |and_ln46_143_fu_21221_p2      |       and|   0|  0|    2|           1|           1|
    |and_ln46_144_fu_21268_p2      |       and|   0|  0|    2|           1|           1|
    |and_ln46_145_fu_21315_p2      |       and|   0|  0|    2|           1|           1|
    |and_ln46_146_fu_21362_p2      |       and|   0|  0|    2|           1|           1|
    |and_ln46_147_fu_21409_p2      |       and|   0|  0|    2|           1|           1|
    |and_ln46_148_fu_21456_p2      |       and|   0|  0|    2|           1|           1|
    |and_ln46_149_fu_21503_p2      |       and|   0|  0|    2|           1|           1|
    |and_ln46_150_fu_21550_p2      |       and|   0|  0|    2|           1|           1|
    |and_ln46_151_fu_21597_p2      |       and|   0|  0|    2|           1|           1|
    |and_ln46_152_fu_21644_p2      |       and|   0|  0|    2|           1|           1|
    |and_ln46_153_fu_21691_p2      |       and|   0|  0|    2|           1|           1|
    |and_ln46_154_fu_21738_p2      |       and|   0|  0|    2|           1|           1|
    |and_ln46_155_fu_21785_p2      |       and|   0|  0|    2|           1|           1|
    |and_ln46_156_fu_21832_p2      |       and|   0|  0|    2|           1|           1|
    |and_ln46_157_fu_21879_p2      |       and|   0|  0|    2|           1|           1|
    |and_ln46_158_fu_21926_p2      |       and|   0|  0|    2|           1|           1|
    |and_ln46_159_fu_21973_p2      |       and|   0|  0|    2|           1|           1|
    |and_ln46_160_fu_22020_p2      |       and|   0|  0|    2|           1|           1|
    |and_ln46_161_fu_22067_p2      |       and|   0|  0|    2|           1|           1|
    |and_ln46_162_fu_22114_p2      |       and|   0|  0|    2|           1|           1|
    |and_ln46_163_fu_22161_p2      |       and|   0|  0|    2|           1|           1|
    |and_ln46_164_fu_22208_p2      |       and|   0|  0|    2|           1|           1|
    |and_ln46_165_fu_22255_p2      |       and|   0|  0|    2|           1|           1|
    |and_ln46_166_fu_22302_p2      |       and|   0|  0|    2|           1|           1|
    |and_ln46_167_fu_22349_p2      |       and|   0|  0|    2|           1|           1|
    |and_ln46_168_fu_22396_p2      |       and|   0|  0|    2|           1|           1|
    |and_ln46_169_fu_22443_p2      |       and|   0|  0|    2|           1|           1|
    |and_ln46_170_fu_22490_p2      |       and|   0|  0|    2|           1|           1|
    |and_ln46_171_fu_22537_p2      |       and|   0|  0|    2|           1|           1|
    |and_ln46_172_fu_22584_p2      |       and|   0|  0|    2|           1|           1|
    |and_ln46_173_fu_22631_p2      |       and|   0|  0|    2|           1|           1|
    |and_ln46_174_fu_22678_p2      |       and|   0|  0|    2|           1|           1|
    |and_ln46_175_fu_22725_p2      |       and|   0|  0|    2|           1|           1|
    |and_ln46_176_fu_22772_p2      |       and|   0|  0|    2|           1|           1|
    |and_ln46_177_fu_22819_p2      |       and|   0|  0|    2|           1|           1|
    |and_ln46_178_fu_22866_p2      |       and|   0|  0|    2|           1|           1|
    |and_ln46_179_fu_22913_p2      |       and|   0|  0|    2|           1|           1|
    |and_ln46_180_fu_22960_p2      |       and|   0|  0|    2|           1|           1|
    |and_ln46_181_fu_23007_p2      |       and|   0|  0|    2|           1|           1|
    |and_ln46_182_fu_23054_p2      |       and|   0|  0|    2|           1|           1|
    |and_ln46_183_fu_23101_p2      |       and|   0|  0|    2|           1|           1|
    |and_ln46_184_fu_23148_p2      |       and|   0|  0|    2|           1|           1|
    |and_ln46_185_fu_23195_p2      |       and|   0|  0|    2|           1|           1|
    |and_ln46_186_fu_23242_p2      |       and|   0|  0|    2|           1|           1|
    |and_ln46_187_fu_23289_p2      |       and|   0|  0|    2|           1|           1|
    |and_ln46_188_fu_23336_p2      |       and|   0|  0|    2|           1|           1|
    |and_ln46_189_fu_23383_p2      |       and|   0|  0|    2|           1|           1|
    |and_ln46_190_fu_23430_p2      |       and|   0|  0|    2|           1|           1|
    |and_ln46_191_fu_23477_p2      |       and|   0|  0|    2|           1|           1|
    |and_ln46_192_fu_23524_p2      |       and|   0|  0|    2|           1|           1|
    |and_ln46_193_fu_23571_p2      |       and|   0|  0|    2|           1|           1|
    |and_ln46_194_fu_23618_p2      |       and|   0|  0|    2|           1|           1|
    |and_ln46_195_fu_23665_p2      |       and|   0|  0|    2|           1|           1|
    |and_ln46_196_fu_23712_p2      |       and|   0|  0|    2|           1|           1|
    |and_ln46_197_fu_23759_p2      |       and|   0|  0|    2|           1|           1|
    |and_ln46_198_fu_23806_p2      |       and|   0|  0|    2|           1|           1|
    |and_ln46_199_fu_23853_p2      |       and|   0|  0|    2|           1|           1|
    |and_ln46_200_fu_23900_p2      |       and|   0|  0|    2|           1|           1|
    |and_ln46_201_fu_23947_p2      |       and|   0|  0|    2|           1|           1|
    |and_ln46_202_fu_23994_p2      |       and|   0|  0|    2|           1|           1|
    |and_ln46_203_fu_24041_p2      |       and|   0|  0|    2|           1|           1|
    |and_ln46_204_fu_24088_p2      |       and|   0|  0|    2|           1|           1|
    |and_ln46_205_fu_24135_p2      |       and|   0|  0|    2|           1|           1|
    |and_ln46_206_fu_24182_p2      |       and|   0|  0|    2|           1|           1|
    |and_ln46_207_fu_24229_p2      |       and|   0|  0|    2|           1|           1|
    |and_ln46_208_fu_24276_p2      |       and|   0|  0|    2|           1|           1|
    |and_ln46_209_fu_24323_p2      |       and|   0|  0|    2|           1|           1|
    |and_ln46_210_fu_24370_p2      |       and|   0|  0|    2|           1|           1|
    |and_ln46_211_fu_24417_p2      |       and|   0|  0|    2|           1|           1|
    |and_ln46_212_fu_24464_p2      |       and|   0|  0|    2|           1|           1|
    |and_ln46_213_fu_24511_p2      |       and|   0|  0|    2|           1|           1|
    |and_ln46_214_fu_24558_p2      |       and|   0|  0|    2|           1|           1|
    |and_ln46_215_fu_24605_p2      |       and|   0|  0|    2|           1|           1|
    |and_ln46_216_fu_24652_p2      |       and|   0|  0|    2|           1|           1|
    |and_ln46_217_fu_24699_p2      |       and|   0|  0|    2|           1|           1|
    |and_ln46_218_fu_24746_p2      |       and|   0|  0|    2|           1|           1|
    |and_ln46_219_fu_24793_p2      |       and|   0|  0|    2|           1|           1|
    |and_ln46_220_fu_24840_p2      |       and|   0|  0|    2|           1|           1|
    |and_ln46_221_fu_24887_p2      |       and|   0|  0|    2|           1|           1|
    |and_ln46_222_fu_24934_p2      |       and|   0|  0|    2|           1|           1|
    |and_ln46_223_fu_24981_p2      |       and|   0|  0|    2|           1|           1|
    |and_ln46_224_fu_25028_p2      |       and|   0|  0|    2|           1|           1|
    |and_ln46_225_fu_25075_p2      |       and|   0|  0|    2|           1|           1|
    |and_ln46_226_fu_25122_p2      |       and|   0|  0|    2|           1|           1|
    |and_ln46_227_fu_25169_p2      |       and|   0|  0|    2|           1|           1|
    |and_ln46_228_fu_25216_p2      |       and|   0|  0|    2|           1|           1|
    |and_ln46_229_fu_25263_p2      |       and|   0|  0|    2|           1|           1|
    |and_ln46_230_fu_25310_p2      |       and|   0|  0|    2|           1|           1|
    |and_ln46_231_fu_25357_p2      |       and|   0|  0|    2|           1|           1|
    |and_ln46_232_fu_25404_p2      |       and|   0|  0|    2|           1|           1|
    |and_ln46_233_fu_25451_p2      |       and|   0|  0|    2|           1|           1|
    |and_ln46_234_fu_25498_p2      |       and|   0|  0|    2|           1|           1|
    |and_ln46_235_fu_25545_p2      |       and|   0|  0|    2|           1|           1|
    |and_ln46_236_fu_25592_p2      |       and|   0|  0|    2|           1|           1|
    |and_ln46_237_fu_25639_p2      |       and|   0|  0|    2|           1|           1|
    |and_ln46_238_fu_25686_p2      |       and|   0|  0|    2|           1|           1|
    |and_ln46_239_fu_25733_p2      |       and|   0|  0|    2|           1|           1|
    |and_ln46_240_fu_25780_p2      |       and|   0|  0|    2|           1|           1|
    |and_ln46_241_fu_25827_p2      |       and|   0|  0|    2|           1|           1|
    |and_ln46_242_fu_25874_p2      |       and|   0|  0|    2|           1|           1|
    |and_ln46_243_fu_25921_p2      |       and|   0|  0|    2|           1|           1|
    |and_ln46_244_fu_25968_p2      |       and|   0|  0|    2|           1|           1|
    |and_ln46_245_fu_26015_p2      |       and|   0|  0|    2|           1|           1|
    |and_ln46_246_fu_26062_p2      |       and|   0|  0|    2|           1|           1|
    |and_ln46_247_fu_26109_p2      |       and|   0|  0|    2|           1|           1|
    |and_ln46_248_fu_26156_p2      |       and|   0|  0|    2|           1|           1|
    |and_ln46_249_fu_26203_p2      |       and|   0|  0|    2|           1|           1|
    |and_ln46_250_fu_26250_p2      |       and|   0|  0|    2|           1|           1|
    |and_ln46_251_fu_26297_p2      |       and|   0|  0|    2|           1|           1|
    |and_ln46_252_fu_26344_p2      |       and|   0|  0|    2|           1|           1|
    |and_ln46_253_fu_26391_p2      |       and|   0|  0|    2|           1|           1|
    |and_ln46_254_fu_26438_p2      |       and|   0|  0|    2|           1|           1|
    |and_ln46_255_fu_26485_p2      |       and|   0|  0|    2|           1|           1|
    |and_ln46_256_fu_26532_p2      |       and|   0|  0|    2|           1|           1|
    |and_ln46_257_fu_26579_p2      |       and|   0|  0|    2|           1|           1|
    |and_ln46_258_fu_26626_p2      |       and|   0|  0|    2|           1|           1|
    |and_ln46_259_fu_26673_p2      |       and|   0|  0|    2|           1|           1|
    |and_ln46_260_fu_26720_p2      |       and|   0|  0|    2|           1|           1|
    |and_ln46_261_fu_26767_p2      |       and|   0|  0|    2|           1|           1|
    |and_ln46_262_fu_26814_p2      |       and|   0|  0|    2|           1|           1|
    |and_ln46_263_fu_26861_p2      |       and|   0|  0|    2|           1|           1|
    |and_ln46_264_fu_26908_p2      |       and|   0|  0|    2|           1|           1|
    |and_ln46_265_fu_26955_p2      |       and|   0|  0|    2|           1|           1|
    |and_ln46_266_fu_27002_p2      |       and|   0|  0|    2|           1|           1|
    |and_ln46_267_fu_27049_p2      |       and|   0|  0|    2|           1|           1|
    |and_ln46_268_fu_27096_p2      |       and|   0|  0|    2|           1|           1|
    |and_ln46_269_fu_27143_p2      |       and|   0|  0|    2|           1|           1|
    |and_ln46_270_fu_27190_p2      |       and|   0|  0|    2|           1|           1|
    |and_ln46_271_fu_27237_p2      |       and|   0|  0|    2|           1|           1|
    |and_ln46_272_fu_27284_p2      |       and|   0|  0|    2|           1|           1|
    |and_ln46_273_fu_27331_p2      |       and|   0|  0|    2|           1|           1|
    |and_ln46_274_fu_27378_p2      |       and|   0|  0|    2|           1|           1|
    |and_ln46_275_fu_27425_p2      |       and|   0|  0|    2|           1|           1|
    |and_ln46_276_fu_27472_p2      |       and|   0|  0|    2|           1|           1|
    |and_ln46_277_fu_27519_p2      |       and|   0|  0|    2|           1|           1|
    |and_ln46_278_fu_27566_p2      |       and|   0|  0|    2|           1|           1|
    |and_ln46_279_fu_27613_p2      |       and|   0|  0|    2|           1|           1|
    |and_ln46_280_fu_27660_p2      |       and|   0|  0|    2|           1|           1|
    |and_ln46_281_fu_27707_p2      |       and|   0|  0|    2|           1|           1|
    |and_ln46_282_fu_27754_p2      |       and|   0|  0|    2|           1|           1|
    |and_ln46_283_fu_27801_p2      |       and|   0|  0|    2|           1|           1|
    |and_ln46_284_fu_27848_p2      |       and|   0|  0|    2|           1|           1|
    |and_ln46_285_fu_27895_p2      |       and|   0|  0|    2|           1|           1|
    |and_ln46_286_fu_27942_p2      |       and|   0|  0|    2|           1|           1|
    |and_ln46_287_fu_27989_p2      |       and|   0|  0|    2|           1|           1|
    |and_ln46_288_fu_28036_p2      |       and|   0|  0|    2|           1|           1|
    |and_ln46_289_fu_28083_p2      |       and|   0|  0|    2|           1|           1|
    |and_ln46_290_fu_28130_p2      |       and|   0|  0|    2|           1|           1|
    |and_ln46_291_fu_28177_p2      |       and|   0|  0|    2|           1|           1|
    |and_ln46_292_fu_28224_p2      |       and|   0|  0|    2|           1|           1|
    |and_ln46_293_fu_28271_p2      |       and|   0|  0|    2|           1|           1|
    |and_ln46_294_fu_28318_p2      |       and|   0|  0|    2|           1|           1|
    |and_ln46_295_fu_28365_p2      |       and|   0|  0|    2|           1|           1|
    |and_ln46_296_fu_28412_p2      |       and|   0|  0|    2|           1|           1|
    |and_ln46_297_fu_28459_p2      |       and|   0|  0|    2|           1|           1|
    |and_ln46_298_fu_28506_p2      |       and|   0|  0|    2|           1|           1|
    |and_ln46_299_fu_28553_p2      |       and|   0|  0|    2|           1|           1|
    |and_ln46_300_fu_28600_p2      |       and|   0|  0|    2|           1|           1|
    |and_ln46_301_fu_28647_p2      |       and|   0|  0|    2|           1|           1|
    |and_ln46_302_fu_28694_p2      |       and|   0|  0|    2|           1|           1|
    |and_ln46_303_fu_28741_p2      |       and|   0|  0|    2|           1|           1|
    |and_ln46_304_fu_28788_p2      |       and|   0|  0|    2|           1|           1|
    |and_ln46_305_fu_28835_p2      |       and|   0|  0|    2|           1|           1|
    |and_ln46_306_fu_28882_p2      |       and|   0|  0|    2|           1|           1|
    |and_ln46_307_fu_28929_p2      |       and|   0|  0|    2|           1|           1|
    |and_ln46_308_fu_28976_p2      |       and|   0|  0|    2|           1|           1|
    |and_ln46_309_fu_29023_p2      |       and|   0|  0|    2|           1|           1|
    |and_ln46_310_fu_29070_p2      |       and|   0|  0|    2|           1|           1|
    |and_ln46_311_fu_29117_p2      |       and|   0|  0|    2|           1|           1|
    |and_ln46_312_fu_29164_p2      |       and|   0|  0|    2|           1|           1|
    |and_ln46_313_fu_29211_p2      |       and|   0|  0|    2|           1|           1|
    |and_ln46_314_fu_29258_p2      |       and|   0|  0|    2|           1|           1|
    |and_ln46_315_fu_29305_p2      |       and|   0|  0|    2|           1|           1|
    |and_ln46_316_fu_29352_p2      |       and|   0|  0|    2|           1|           1|
    |and_ln46_317_fu_29399_p2      |       and|   0|  0|    2|           1|           1|
    |and_ln46_318_fu_29446_p2      |       and|   0|  0|    2|           1|           1|
    |and_ln46_319_fu_29493_p2      |       and|   0|  0|    2|           1|           1|
    |and_ln46_320_fu_29540_p2      |       and|   0|  0|    2|           1|           1|
    |and_ln46_321_fu_29587_p2      |       and|   0|  0|    2|           1|           1|
    |and_ln46_322_fu_29634_p2      |       and|   0|  0|    2|           1|           1|
    |and_ln46_323_fu_29681_p2      |       and|   0|  0|    2|           1|           1|
    |and_ln46_324_fu_29728_p2      |       and|   0|  0|    2|           1|           1|
    |and_ln46_325_fu_29775_p2      |       and|   0|  0|    2|           1|           1|
    |and_ln46_326_fu_29822_p2      |       and|   0|  0|    2|           1|           1|
    |and_ln46_327_fu_29869_p2      |       and|   0|  0|    2|           1|           1|
    |and_ln46_328_fu_29916_p2      |       and|   0|  0|    2|           1|           1|
    |and_ln46_329_fu_29963_p2      |       and|   0|  0|    2|           1|           1|
    |and_ln46_330_fu_30010_p2      |       and|   0|  0|    2|           1|           1|
    |and_ln46_331_fu_30057_p2      |       and|   0|  0|    2|           1|           1|
    |and_ln46_332_fu_30104_p2      |       and|   0|  0|    2|           1|           1|
    |and_ln46_333_fu_30151_p2      |       and|   0|  0|    2|           1|           1|
    |and_ln46_334_fu_30198_p2      |       and|   0|  0|    2|           1|           1|
    |and_ln46_335_fu_30245_p2      |       and|   0|  0|    2|           1|           1|
    |and_ln46_336_fu_30292_p2      |       and|   0|  0|    2|           1|           1|
    |and_ln46_337_fu_30339_p2      |       and|   0|  0|    2|           1|           1|
    |and_ln46_338_fu_30386_p2      |       and|   0|  0|    2|           1|           1|
    |and_ln46_339_fu_30433_p2      |       and|   0|  0|    2|           1|           1|
    |and_ln46_340_fu_30480_p2      |       and|   0|  0|    2|           1|           1|
    |and_ln46_341_fu_30527_p2      |       and|   0|  0|    2|           1|           1|
    |and_ln46_342_fu_30574_p2      |       and|   0|  0|    2|           1|           1|
    |and_ln46_343_fu_30621_p2      |       and|   0|  0|    2|           1|           1|
    |and_ln46_344_fu_30668_p2      |       and|   0|  0|    2|           1|           1|
    |and_ln46_345_fu_30715_p2      |       and|   0|  0|    2|           1|           1|
    |and_ln46_346_fu_30762_p2      |       and|   0|  0|    2|           1|           1|
    |and_ln46_347_fu_30809_p2      |       and|   0|  0|    2|           1|           1|
    |and_ln46_348_fu_30856_p2      |       and|   0|  0|    2|           1|           1|
    |and_ln46_349_fu_30903_p2      |       and|   0|  0|    2|           1|           1|
    |and_ln46_350_fu_30950_p2      |       and|   0|  0|    2|           1|           1|
    |and_ln46_351_fu_30997_p2      |       and|   0|  0|    2|           1|           1|
    |and_ln46_352_fu_31044_p2      |       and|   0|  0|    2|           1|           1|
    |and_ln46_353_fu_31091_p2      |       and|   0|  0|    2|           1|           1|
    |and_ln46_354_fu_31138_p2      |       and|   0|  0|    2|           1|           1|
    |and_ln46_355_fu_31185_p2      |       and|   0|  0|    2|           1|           1|
    |and_ln46_356_fu_31232_p2      |       and|   0|  0|    2|           1|           1|
    |and_ln46_357_fu_31279_p2      |       and|   0|  0|    2|           1|           1|
    |and_ln46_358_fu_31326_p2      |       and|   0|  0|    2|           1|           1|
    |and_ln46_359_fu_31373_p2      |       and|   0|  0|    2|           1|           1|
    |and_ln46_360_fu_31420_p2      |       and|   0|  0|    2|           1|           1|
    |and_ln46_361_fu_31467_p2      |       and|   0|  0|    2|           1|           1|
    |and_ln46_362_fu_31514_p2      |       and|   0|  0|    2|           1|           1|
    |and_ln46_363_fu_31561_p2      |       and|   0|  0|    2|           1|           1|
    |and_ln46_364_fu_31608_p2      |       and|   0|  0|    2|           1|           1|
    |and_ln46_365_fu_31655_p2      |       and|   0|  0|    2|           1|           1|
    |and_ln46_366_fu_31702_p2      |       and|   0|  0|    2|           1|           1|
    |and_ln46_367_fu_31749_p2      |       and|   0|  0|    2|           1|           1|
    |and_ln46_368_fu_31796_p2      |       and|   0|  0|    2|           1|           1|
    |and_ln46_369_fu_31843_p2      |       and|   0|  0|    2|           1|           1|
    |and_ln46_370_fu_31890_p2      |       and|   0|  0|    2|           1|           1|
    |and_ln46_371_fu_31937_p2      |       and|   0|  0|    2|           1|           1|
    |and_ln46_372_fu_31984_p2      |       and|   0|  0|    2|           1|           1|
    |and_ln46_373_fu_32031_p2      |       and|   0|  0|    2|           1|           1|
    |and_ln46_374_fu_32078_p2      |       and|   0|  0|    2|           1|           1|
    |and_ln46_375_fu_32125_p2      |       and|   0|  0|    2|           1|           1|
    |and_ln46_376_fu_32172_p2      |       and|   0|  0|    2|           1|           1|
    |and_ln46_377_fu_32219_p2      |       and|   0|  0|    2|           1|           1|
    |and_ln46_378_fu_32266_p2      |       and|   0|  0|    2|           1|           1|
    |and_ln46_379_fu_32313_p2      |       and|   0|  0|    2|           1|           1|
    |and_ln46_380_fu_32360_p2      |       and|   0|  0|    2|           1|           1|
    |and_ln46_381_fu_32407_p2      |       and|   0|  0|    2|           1|           1|
    |and_ln46_382_fu_32454_p2      |       and|   0|  0|    2|           1|           1|
    |and_ln46_383_fu_32501_p2      |       and|   0|  0|    2|           1|           1|
    |and_ln46_384_fu_32548_p2      |       and|   0|  0|    2|           1|           1|
    |and_ln46_385_fu_32595_p2      |       and|   0|  0|    2|           1|           1|
    |and_ln46_386_fu_32642_p2      |       and|   0|  0|    2|           1|           1|
    |and_ln46_387_fu_32689_p2      |       and|   0|  0|    2|           1|           1|
    |and_ln46_388_fu_32736_p2      |       and|   0|  0|    2|           1|           1|
    |and_ln46_389_fu_32783_p2      |       and|   0|  0|    2|           1|           1|
    |and_ln46_390_fu_32830_p2      |       and|   0|  0|    2|           1|           1|
    |and_ln46_391_fu_32877_p2      |       and|   0|  0|    2|           1|           1|
    |and_ln46_392_fu_32924_p2      |       and|   0|  0|    2|           1|           1|
    |and_ln46_393_fu_32971_p2      |       and|   0|  0|    2|           1|           1|
    |and_ln46_394_fu_33018_p2      |       and|   0|  0|    2|           1|           1|
    |and_ln46_395_fu_33065_p2      |       and|   0|  0|    2|           1|           1|
    |and_ln46_396_fu_33112_p2      |       and|   0|  0|    2|           1|           1|
    |and_ln46_397_fu_33159_p2      |       and|   0|  0|    2|           1|           1|
    |and_ln46_398_fu_33206_p2      |       and|   0|  0|    2|           1|           1|
    |and_ln46_399_fu_33253_p2      |       and|   0|  0|    2|           1|           1|
    |and_ln46_400_fu_33300_p2      |       and|   0|  0|    2|           1|           1|
    |and_ln46_401_fu_33347_p2      |       and|   0|  0|    2|           1|           1|
    |and_ln46_402_fu_33394_p2      |       and|   0|  0|    2|           1|           1|
    |and_ln46_403_fu_33441_p2      |       and|   0|  0|    2|           1|           1|
    |and_ln46_404_fu_33488_p2      |       and|   0|  0|    2|           1|           1|
    |and_ln46_405_fu_33535_p2      |       and|   0|  0|    2|           1|           1|
    |and_ln46_406_fu_33582_p2      |       and|   0|  0|    2|           1|           1|
    |and_ln46_407_fu_33629_p2      |       and|   0|  0|    2|           1|           1|
    |and_ln46_408_fu_33676_p2      |       and|   0|  0|    2|           1|           1|
    |and_ln46_409_fu_33723_p2      |       and|   0|  0|    2|           1|           1|
    |and_ln46_410_fu_33770_p2      |       and|   0|  0|    2|           1|           1|
    |and_ln46_411_fu_33817_p2      |       and|   0|  0|    2|           1|           1|
    |and_ln46_412_fu_33864_p2      |       and|   0|  0|    2|           1|           1|
    |and_ln46_413_fu_33911_p2      |       and|   0|  0|    2|           1|           1|
    |and_ln46_414_fu_33958_p2      |       and|   0|  0|    2|           1|           1|
    |and_ln46_415_fu_34005_p2      |       and|   0|  0|    2|           1|           1|
    |and_ln46_416_fu_34052_p2      |       and|   0|  0|    2|           1|           1|
    |and_ln46_417_fu_34099_p2      |       and|   0|  0|    2|           1|           1|
    |and_ln46_418_fu_34146_p2      |       and|   0|  0|    2|           1|           1|
    |and_ln46_419_fu_34193_p2      |       and|   0|  0|    2|           1|           1|
    |and_ln46_420_fu_34240_p2      |       and|   0|  0|    2|           1|           1|
    |and_ln46_421_fu_34287_p2      |       and|   0|  0|    2|           1|           1|
    |and_ln46_422_fu_34334_p2      |       and|   0|  0|    2|           1|           1|
    |and_ln46_423_fu_34381_p2      |       and|   0|  0|    2|           1|           1|
    |and_ln46_424_fu_34428_p2      |       and|   0|  0|    2|           1|           1|
    |and_ln46_425_fu_34475_p2      |       and|   0|  0|    2|           1|           1|
    |and_ln46_426_fu_34522_p2      |       and|   0|  0|    2|           1|           1|
    |and_ln46_427_fu_34569_p2      |       and|   0|  0|    2|           1|           1|
    |and_ln46_428_fu_34616_p2      |       and|   0|  0|    2|           1|           1|
    |and_ln46_429_fu_34663_p2      |       and|   0|  0|    2|           1|           1|
    |and_ln46_42_fu_16474_p2       |       and|   0|  0|    2|           1|           1|
    |and_ln46_430_fu_34710_p2      |       and|   0|  0|    2|           1|           1|
    |and_ln46_431_fu_34757_p2      |       and|   0|  0|    2|           1|           1|
    |and_ln46_432_fu_34804_p2      |       and|   0|  0|    2|           1|           1|
    |and_ln46_433_fu_34851_p2      |       and|   0|  0|    2|           1|           1|
    |and_ln46_434_fu_34898_p2      |       and|   0|  0|    2|           1|           1|
    |and_ln46_435_fu_34945_p2      |       and|   0|  0|    2|           1|           1|
    |and_ln46_436_fu_34992_p2      |       and|   0|  0|    2|           1|           1|
    |and_ln46_437_fu_35039_p2      |       and|   0|  0|    2|           1|           1|
    |and_ln46_438_fu_35086_p2      |       and|   0|  0|    2|           1|           1|
    |and_ln46_439_fu_35133_p2      |       and|   0|  0|    2|           1|           1|
    |and_ln46_43_fu_16521_p2       |       and|   0|  0|    2|           1|           1|
    |and_ln46_440_fu_35180_p2      |       and|   0|  0|    2|           1|           1|
    |and_ln46_441_fu_35227_p2      |       and|   0|  0|    2|           1|           1|
    |and_ln46_442_fu_35274_p2      |       and|   0|  0|    2|           1|           1|
    |and_ln46_443_fu_35321_p2      |       and|   0|  0|    2|           1|           1|
    |and_ln46_444_fu_35368_p2      |       and|   0|  0|    2|           1|           1|
    |and_ln46_445_fu_35415_p2      |       and|   0|  0|    2|           1|           1|
    |and_ln46_446_fu_35462_p2      |       and|   0|  0|    2|           1|           1|
    |and_ln46_447_fu_35509_p2      |       and|   0|  0|    2|           1|           1|
    |and_ln46_448_fu_35556_p2      |       and|   0|  0|    2|           1|           1|
    |and_ln46_449_fu_35603_p2      |       and|   0|  0|    2|           1|           1|
    |and_ln46_44_fu_16568_p2       |       and|   0|  0|    2|           1|           1|
    |and_ln46_450_fu_35650_p2      |       and|   0|  0|    2|           1|           1|
    |and_ln46_451_fu_35697_p2      |       and|   0|  0|    2|           1|           1|
    |and_ln46_452_fu_35744_p2      |       and|   0|  0|    2|           1|           1|
    |and_ln46_453_fu_35791_p2      |       and|   0|  0|    2|           1|           1|
    |and_ln46_454_fu_35838_p2      |       and|   0|  0|    2|           1|           1|
    |and_ln46_455_fu_35885_p2      |       and|   0|  0|    2|           1|           1|
    |and_ln46_456_fu_35932_p2      |       and|   0|  0|    2|           1|           1|
    |and_ln46_457_fu_35979_p2      |       and|   0|  0|    2|           1|           1|
    |and_ln46_458_fu_36026_p2      |       and|   0|  0|    2|           1|           1|
    |and_ln46_459_fu_36073_p2      |       and|   0|  0|    2|           1|           1|
    |and_ln46_45_fu_16615_p2       |       and|   0|  0|    2|           1|           1|
    |and_ln46_460_fu_36120_p2      |       and|   0|  0|    2|           1|           1|
    |and_ln46_461_fu_36167_p2      |       and|   0|  0|    2|           1|           1|
    |and_ln46_462_fu_36214_p2      |       and|   0|  0|    2|           1|           1|
    |and_ln46_463_fu_36261_p2      |       and|   0|  0|    2|           1|           1|
    |and_ln46_464_fu_36308_p2      |       and|   0|  0|    2|           1|           1|
    |and_ln46_465_fu_36355_p2      |       and|   0|  0|    2|           1|           1|
    |and_ln46_466_fu_36402_p2      |       and|   0|  0|    2|           1|           1|
    |and_ln46_467_fu_36449_p2      |       and|   0|  0|    2|           1|           1|
    |and_ln46_468_fu_36496_p2      |       and|   0|  0|    2|           1|           1|
    |and_ln46_469_fu_36543_p2      |       and|   0|  0|    2|           1|           1|
    |and_ln46_46_fu_16662_p2       |       and|   0|  0|    2|           1|           1|
    |and_ln46_470_fu_36590_p2      |       and|   0|  0|    2|           1|           1|
    |and_ln46_471_fu_36637_p2      |       and|   0|  0|    2|           1|           1|
    |and_ln46_472_fu_36684_p2      |       and|   0|  0|    2|           1|           1|
    |and_ln46_473_fu_36731_p2      |       and|   0|  0|    2|           1|           1|
    |and_ln46_474_fu_36778_p2      |       and|   0|  0|    2|           1|           1|
    |and_ln46_475_fu_36825_p2      |       and|   0|  0|    2|           1|           1|
    |and_ln46_476_fu_36872_p2      |       and|   0|  0|    2|           1|           1|
    |and_ln46_477_fu_36919_p2      |       and|   0|  0|    2|           1|           1|
    |and_ln46_478_fu_36966_p2      |       and|   0|  0|    2|           1|           1|
    |and_ln46_479_fu_37013_p2      |       and|   0|  0|    2|           1|           1|
    |and_ln46_47_fu_16709_p2       |       and|   0|  0|    2|           1|           1|
    |and_ln46_480_fu_37060_p2      |       and|   0|  0|    2|           1|           1|
    |and_ln46_481_fu_37107_p2      |       and|   0|  0|    2|           1|           1|
    |and_ln46_482_fu_37154_p2      |       and|   0|  0|    2|           1|           1|
    |and_ln46_483_fu_37201_p2      |       and|   0|  0|    2|           1|           1|
    |and_ln46_484_fu_37248_p2      |       and|   0|  0|    2|           1|           1|
    |and_ln46_485_fu_37295_p2      |       and|   0|  0|    2|           1|           1|
    |and_ln46_486_fu_37342_p2      |       and|   0|  0|    2|           1|           1|
    |and_ln46_487_fu_37389_p2      |       and|   0|  0|    2|           1|           1|
    |and_ln46_488_fu_37436_p2      |       and|   0|  0|    2|           1|           1|
    |and_ln46_489_fu_37483_p2      |       and|   0|  0|    2|           1|           1|
    |and_ln46_48_fu_16756_p2       |       and|   0|  0|    2|           1|           1|
    |and_ln46_490_fu_37530_p2      |       and|   0|  0|    2|           1|           1|
    |and_ln46_491_fu_37577_p2      |       and|   0|  0|    2|           1|           1|
    |and_ln46_492_fu_37624_p2      |       and|   0|  0|    2|           1|           1|
    |and_ln46_493_fu_37671_p2      |       and|   0|  0|    2|           1|           1|
    |and_ln46_494_fu_37718_p2      |       and|   0|  0|    2|           1|           1|
    |and_ln46_495_fu_37765_p2      |       and|   0|  0|    2|           1|           1|
    |and_ln46_496_fu_37812_p2      |       and|   0|  0|    2|           1|           1|
    |and_ln46_497_fu_37859_p2      |       and|   0|  0|    2|           1|           1|
    |and_ln46_498_fu_37906_p2      |       and|   0|  0|    2|           1|           1|
    |and_ln46_499_fu_37953_p2      |       and|   0|  0|    2|           1|           1|
    |and_ln46_49_fu_16803_p2       |       and|   0|  0|    2|           1|           1|
    |and_ln46_500_fu_38000_p2      |       and|   0|  0|    2|           1|           1|
    |and_ln46_501_fu_38047_p2      |       and|   0|  0|    2|           1|           1|
    |and_ln46_502_fu_38094_p2      |       and|   0|  0|    2|           1|           1|
    |and_ln46_503_fu_38141_p2      |       and|   0|  0|    2|           1|           1|
    |and_ln46_504_fu_38188_p2      |       and|   0|  0|    2|           1|           1|
    |and_ln46_505_fu_38235_p2      |       and|   0|  0|    2|           1|           1|
    |and_ln46_506_fu_38282_p2      |       and|   0|  0|    2|           1|           1|
    |and_ln46_507_fu_38329_p2      |       and|   0|  0|    2|           1|           1|
    |and_ln46_508_fu_38376_p2      |       and|   0|  0|    2|           1|           1|
    |and_ln46_509_fu_38423_p2      |       and|   0|  0|    2|           1|           1|
    |and_ln46_50_fu_16850_p2       |       and|   0|  0|    2|           1|           1|
    |and_ln46_510_fu_38470_p2      |       and|   0|  0|    2|           1|           1|
    |and_ln46_511_fu_38517_p2      |       and|   0|  0|    2|           1|           1|
    |and_ln46_512_fu_38564_p2      |       and|   0|  0|    2|           1|           1|
    |and_ln46_513_fu_38611_p2      |       and|   0|  0|    2|           1|           1|
    |and_ln46_514_fu_38658_p2      |       and|   0|  0|    2|           1|           1|
    |and_ln46_515_fu_38705_p2      |       and|   0|  0|    2|           1|           1|
    |and_ln46_516_fu_38752_p2      |       and|   0|  0|    2|           1|           1|
    |and_ln46_517_fu_38799_p2      |       and|   0|  0|    2|           1|           1|
    |and_ln46_518_fu_38846_p2      |       and|   0|  0|    2|           1|           1|
    |and_ln46_519_fu_38893_p2      |       and|   0|  0|    2|           1|           1|
    |and_ln46_51_fu_16897_p2       |       and|   0|  0|    2|           1|           1|
    |and_ln46_520_fu_38940_p2      |       and|   0|  0|    2|           1|           1|
    |and_ln46_521_fu_38987_p2      |       and|   0|  0|    2|           1|           1|
    |and_ln46_522_fu_39034_p2      |       and|   0|  0|    2|           1|           1|
    |and_ln46_523_fu_39081_p2      |       and|   0|  0|    2|           1|           1|
    |and_ln46_524_fu_39128_p2      |       and|   0|  0|    2|           1|           1|
    |and_ln46_525_fu_39175_p2      |       and|   0|  0|    2|           1|           1|
    |and_ln46_526_fu_39222_p2      |       and|   0|  0|    2|           1|           1|
    |and_ln46_527_fu_39269_p2      |       and|   0|  0|    2|           1|           1|
    |and_ln46_528_fu_39316_p2      |       and|   0|  0|    2|           1|           1|
    |and_ln46_529_fu_39363_p2      |       and|   0|  0|    2|           1|           1|
    |and_ln46_52_fu_16944_p2       |       and|   0|  0|    2|           1|           1|
    |and_ln46_530_fu_39410_p2      |       and|   0|  0|    2|           1|           1|
    |and_ln46_531_fu_39457_p2      |       and|   0|  0|    2|           1|           1|
    |and_ln46_532_fu_39504_p2      |       and|   0|  0|    2|           1|           1|
    |and_ln46_533_fu_39551_p2      |       and|   0|  0|    2|           1|           1|
    |and_ln46_534_fu_39598_p2      |       and|   0|  0|    2|           1|           1|
    |and_ln46_535_fu_39645_p2      |       and|   0|  0|    2|           1|           1|
    |and_ln46_536_fu_39692_p2      |       and|   0|  0|    2|           1|           1|
    |and_ln46_537_fu_39739_p2      |       and|   0|  0|    2|           1|           1|
    |and_ln46_538_fu_39786_p2      |       and|   0|  0|    2|           1|           1|
    |and_ln46_539_fu_39833_p2      |       and|   0|  0|    2|           1|           1|
    |and_ln46_53_fu_16991_p2       |       and|   0|  0|    2|           1|           1|
    |and_ln46_540_fu_39880_p2      |       and|   0|  0|    2|           1|           1|
    |and_ln46_541_fu_39927_p2      |       and|   0|  0|    2|           1|           1|
    |and_ln46_542_fu_39974_p2      |       and|   0|  0|    2|           1|           1|
    |and_ln46_543_fu_40021_p2      |       and|   0|  0|    2|           1|           1|
    |and_ln46_544_fu_40068_p2      |       and|   0|  0|    2|           1|           1|
    |and_ln46_545_fu_40115_p2      |       and|   0|  0|    2|           1|           1|
    |and_ln46_546_fu_40162_p2      |       and|   0|  0|    2|           1|           1|
    |and_ln46_547_fu_40209_p2      |       and|   0|  0|    2|           1|           1|
    |and_ln46_548_fu_40256_p2      |       and|   0|  0|    2|           1|           1|
    |and_ln46_549_fu_40303_p2      |       and|   0|  0|    2|           1|           1|
    |and_ln46_54_fu_17038_p2       |       and|   0|  0|    2|           1|           1|
    |and_ln46_550_fu_40350_p2      |       and|   0|  0|    2|           1|           1|
    |and_ln46_551_fu_40397_p2      |       and|   0|  0|    2|           1|           1|
    |and_ln46_552_fu_40444_p2      |       and|   0|  0|    2|           1|           1|
    |and_ln46_55_fu_17085_p2       |       and|   0|  0|    2|           1|           1|
    |and_ln46_56_fu_17132_p2       |       and|   0|  0|    2|           1|           1|
    |and_ln46_57_fu_17179_p2       |       and|   0|  0|    2|           1|           1|
    |and_ln46_58_fu_17226_p2       |       and|   0|  0|    2|           1|           1|
    |and_ln46_59_fu_17273_p2       |       and|   0|  0|    2|           1|           1|
    |and_ln46_60_fu_17320_p2       |       and|   0|  0|    2|           1|           1|
    |and_ln46_61_fu_17367_p2       |       and|   0|  0|    2|           1|           1|
    |and_ln46_62_fu_17414_p2       |       and|   0|  0|    2|           1|           1|
    |and_ln46_63_fu_17461_p2       |       and|   0|  0|    2|           1|           1|
    |and_ln46_64_fu_17508_p2       |       and|   0|  0|    2|           1|           1|
    |and_ln46_65_fu_17555_p2       |       and|   0|  0|    2|           1|           1|
    |and_ln46_66_fu_17602_p2       |       and|   0|  0|    2|           1|           1|
    |and_ln46_67_fu_17649_p2       |       and|   0|  0|    2|           1|           1|
    |and_ln46_68_fu_17696_p2       |       and|   0|  0|    2|           1|           1|
    |and_ln46_69_fu_17743_p2       |       and|   0|  0|    2|           1|           1|
    |and_ln46_70_fu_17790_p2       |       and|   0|  0|    2|           1|           1|
    |and_ln46_71_fu_17837_p2       |       and|   0|  0|    2|           1|           1|
    |and_ln46_72_fu_17884_p2       |       and|   0|  0|    2|           1|           1|
    |and_ln46_73_fu_17931_p2       |       and|   0|  0|    2|           1|           1|
    |and_ln46_74_fu_17978_p2       |       and|   0|  0|    2|           1|           1|
    |and_ln46_75_fu_18025_p2       |       and|   0|  0|    2|           1|           1|
    |and_ln46_76_fu_18072_p2       |       and|   0|  0|    2|           1|           1|
    |and_ln46_77_fu_18119_p2       |       and|   0|  0|    2|           1|           1|
    |and_ln46_78_fu_18166_p2       |       and|   0|  0|    2|           1|           1|
    |and_ln46_79_fu_18213_p2       |       and|   0|  0|    2|           1|           1|
    |and_ln46_80_fu_18260_p2       |       and|   0|  0|    2|           1|           1|
    |and_ln46_81_fu_18307_p2       |       and|   0|  0|    2|           1|           1|
    |and_ln46_82_fu_18354_p2       |       and|   0|  0|    2|           1|           1|
    |and_ln46_83_fu_18401_p2       |       and|   0|  0|    2|           1|           1|
    |and_ln46_84_fu_18448_p2       |       and|   0|  0|    2|           1|           1|
    |and_ln46_85_fu_18495_p2       |       and|   0|  0|    2|           1|           1|
    |and_ln46_86_fu_18542_p2       |       and|   0|  0|    2|           1|           1|
    |and_ln46_87_fu_18589_p2       |       and|   0|  0|    2|           1|           1|
    |and_ln46_88_fu_18636_p2       |       and|   0|  0|    2|           1|           1|
    |and_ln46_89_fu_18683_p2       |       and|   0|  0|    2|           1|           1|
    |and_ln46_90_fu_18730_p2       |       and|   0|  0|    2|           1|           1|
    |and_ln46_91_fu_18777_p2       |       and|   0|  0|    2|           1|           1|
    |and_ln46_92_fu_18824_p2       |       and|   0|  0|    2|           1|           1|
    |and_ln46_93_fu_18871_p2       |       and|   0|  0|    2|           1|           1|
    |and_ln46_94_fu_18918_p2       |       and|   0|  0|    2|           1|           1|
    |and_ln46_95_fu_18965_p2       |       and|   0|  0|    2|           1|           1|
    |and_ln46_96_fu_19012_p2       |       and|   0|  0|    2|           1|           1|
    |and_ln46_97_fu_19059_p2       |       and|   0|  0|    2|           1|           1|
    |and_ln46_98_fu_19106_p2       |       and|   0|  0|    2|           1|           1|
    |and_ln46_99_fu_19153_p2       |       and|   0|  0|    2|           1|           1|
    |and_ln46_fu_16427_p2          |       and|   0|  0|    2|           1|           1|
    |icmp_ln45_100_fu_20503_p2     |      icmp|   0|  0|   22|          15|           1|
    |icmp_ln45_101_fu_20550_p2     |      icmp|   0|  0|   22|          15|           1|
    |icmp_ln45_102_fu_20597_p2     |      icmp|   0|  0|   22|          15|           1|
    |icmp_ln45_103_fu_20644_p2     |      icmp|   0|  0|   22|          15|           1|
    |icmp_ln45_104_fu_20691_p2     |      icmp|   0|  0|   22|          15|           1|
    |icmp_ln45_105_fu_20738_p2     |      icmp|   0|  0|   22|          15|           1|
    |icmp_ln45_106_fu_20785_p2     |      icmp|   0|  0|   22|          15|           1|
    |icmp_ln45_107_fu_20832_p2     |      icmp|   0|  0|   22|          15|           1|
    |icmp_ln45_108_fu_20879_p2     |      icmp|   0|  0|   22|          15|           1|
    |icmp_ln45_109_fu_20926_p2     |      icmp|   0|  0|   22|          15|           1|
    |icmp_ln45_110_fu_20973_p2     |      icmp|   0|  0|   22|          15|           1|
    |icmp_ln45_111_fu_21020_p2     |      icmp|   0|  0|   22|          15|           1|
    |icmp_ln45_112_fu_21067_p2     |      icmp|   0|  0|   22|          15|           1|
    |icmp_ln45_113_fu_21114_p2     |      icmp|   0|  0|   22|          15|           1|
    |icmp_ln45_114_fu_21161_p2     |      icmp|   0|  0|   22|          15|           1|
    |icmp_ln45_115_fu_21208_p2     |      icmp|   0|  0|   22|          15|           1|
    |icmp_ln45_116_fu_21255_p2     |      icmp|   0|  0|   22|          15|           1|
    |icmp_ln45_117_fu_21302_p2     |      icmp|   0|  0|   22|          15|           1|
    |icmp_ln45_118_fu_21349_p2     |      icmp|   0|  0|   22|          15|           1|
    |icmp_ln45_119_fu_21396_p2     |      icmp|   0|  0|   22|          15|           1|
    |icmp_ln45_120_fu_21443_p2     |      icmp|   0|  0|   22|          15|           1|
    |icmp_ln45_121_fu_21490_p2     |      icmp|   0|  0|   22|          15|           1|
    |icmp_ln45_122_fu_21537_p2     |      icmp|   0|  0|   22|          15|           1|
    |icmp_ln45_123_fu_21584_p2     |      icmp|   0|  0|   22|          15|           1|
    |icmp_ln45_124_fu_21631_p2     |      icmp|   0|  0|   22|          15|           1|
    |icmp_ln45_125_fu_21678_p2     |      icmp|   0|  0|   22|          15|           1|
    |icmp_ln45_126_fu_21725_p2     |      icmp|   0|  0|   22|          15|           1|
    |icmp_ln45_127_fu_21772_p2     |      icmp|   0|  0|   22|          15|           1|
    |icmp_ln45_128_fu_21819_p2     |      icmp|   0|  0|   22|          15|           1|
    |icmp_ln45_129_fu_21866_p2     |      icmp|   0|  0|   22|          15|           1|
    |icmp_ln45_130_fu_21913_p2     |      icmp|   0|  0|   22|          15|           1|
    |icmp_ln45_131_fu_21960_p2     |      icmp|   0|  0|   22|          15|           1|
    |icmp_ln45_132_fu_22007_p2     |      icmp|   0|  0|   22|          15|           1|
    |icmp_ln45_133_fu_22054_p2     |      icmp|   0|  0|   22|          15|           1|
    |icmp_ln45_134_fu_22101_p2     |      icmp|   0|  0|   22|          15|           1|
    |icmp_ln45_135_fu_22148_p2     |      icmp|   0|  0|   22|          15|           1|
    |icmp_ln45_136_fu_22195_p2     |      icmp|   0|  0|   22|          15|           1|
    |icmp_ln45_137_fu_22242_p2     |      icmp|   0|  0|   22|          15|           1|
    |icmp_ln45_138_fu_22289_p2     |      icmp|   0|  0|   22|          15|           1|
    |icmp_ln45_139_fu_22336_p2     |      icmp|   0|  0|   22|          15|           1|
    |icmp_ln45_140_fu_22383_p2     |      icmp|   0|  0|   22|          15|           1|
    |icmp_ln45_141_fu_22430_p2     |      icmp|   0|  0|   22|          15|           1|
    |icmp_ln45_142_fu_22477_p2     |      icmp|   0|  0|   22|          15|           1|
    |icmp_ln45_143_fu_22524_p2     |      icmp|   0|  0|   22|          15|           1|
    |icmp_ln45_144_fu_22571_p2     |      icmp|   0|  0|   22|          15|           1|
    |icmp_ln45_145_fu_22618_p2     |      icmp|   0|  0|   22|          15|           1|
    |icmp_ln45_146_fu_22665_p2     |      icmp|   0|  0|   22|          15|           1|
    |icmp_ln45_147_fu_22712_p2     |      icmp|   0|  0|   22|          15|           1|
    |icmp_ln45_148_fu_22759_p2     |      icmp|   0|  0|   22|          15|           1|
    |icmp_ln45_149_fu_22806_p2     |      icmp|   0|  0|   22|          15|           1|
    |icmp_ln45_14_fu_16461_p2      |      icmp|   0|  0|   22|          15|           1|
    |icmp_ln45_150_fu_22853_p2     |      icmp|   0|  0|   22|          15|           1|
    |icmp_ln45_151_fu_22900_p2     |      icmp|   0|  0|   22|          15|           1|
    |icmp_ln45_152_fu_22947_p2     |      icmp|   0|  0|   22|          15|           1|
    |icmp_ln45_153_fu_22994_p2     |      icmp|   0|  0|   22|          15|           1|
    |icmp_ln45_154_fu_23041_p2     |      icmp|   0|  0|   22|          15|           1|
    |icmp_ln45_155_fu_23088_p2     |      icmp|   0|  0|   22|          15|           1|
    |icmp_ln45_156_fu_23135_p2     |      icmp|   0|  0|   22|          15|           1|
    |icmp_ln45_157_fu_23182_p2     |      icmp|   0|  0|   22|          15|           1|
    |icmp_ln45_158_fu_23229_p2     |      icmp|   0|  0|   22|          15|           1|
    |icmp_ln45_159_fu_23276_p2     |      icmp|   0|  0|   22|          15|           1|
    |icmp_ln45_15_fu_16508_p2      |      icmp|   0|  0|   22|          15|           1|
    |icmp_ln45_160_fu_23323_p2     |      icmp|   0|  0|   22|          15|           1|
    |icmp_ln45_161_fu_23370_p2     |      icmp|   0|  0|   22|          15|           1|
    |icmp_ln45_162_fu_23417_p2     |      icmp|   0|  0|   22|          15|           1|
    |icmp_ln45_163_fu_23464_p2     |      icmp|   0|  0|   22|          15|           1|
    |icmp_ln45_164_fu_23511_p2     |      icmp|   0|  0|   22|          15|           1|
    |icmp_ln45_165_fu_23558_p2     |      icmp|   0|  0|   22|          15|           1|
    |icmp_ln45_166_fu_23605_p2     |      icmp|   0|  0|   22|          15|           1|
    |icmp_ln45_167_fu_23652_p2     |      icmp|   0|  0|   22|          15|           1|
    |icmp_ln45_168_fu_23699_p2     |      icmp|   0|  0|   22|          15|           1|
    |icmp_ln45_169_fu_23746_p2     |      icmp|   0|  0|   22|          15|           1|
    |icmp_ln45_16_fu_16555_p2      |      icmp|   0|  0|   22|          15|           1|
    |icmp_ln45_170_fu_23793_p2     |      icmp|   0|  0|   22|          15|           1|
    |icmp_ln45_171_fu_23840_p2     |      icmp|   0|  0|   22|          15|           1|
    |icmp_ln45_172_fu_23887_p2     |      icmp|   0|  0|   22|          15|           1|
    |icmp_ln45_173_fu_23934_p2     |      icmp|   0|  0|   22|          15|           1|
    |icmp_ln45_174_fu_23981_p2     |      icmp|   0|  0|   22|          15|           1|
    |icmp_ln45_175_fu_24028_p2     |      icmp|   0|  0|   22|          15|           1|
    |icmp_ln45_176_fu_24075_p2     |      icmp|   0|  0|   22|          15|           1|
    |icmp_ln45_177_fu_24122_p2     |      icmp|   0|  0|   22|          15|           1|
    |icmp_ln45_178_fu_24169_p2     |      icmp|   0|  0|   22|          15|           1|
    |icmp_ln45_179_fu_24216_p2     |      icmp|   0|  0|   22|          15|           1|
    |icmp_ln45_17_fu_16602_p2      |      icmp|   0|  0|   22|          15|           1|
    |icmp_ln45_180_fu_24263_p2     |      icmp|   0|  0|   22|          15|           1|
    |icmp_ln45_181_fu_24310_p2     |      icmp|   0|  0|   22|          15|           1|
    |icmp_ln45_182_fu_24357_p2     |      icmp|   0|  0|   22|          15|           1|
    |icmp_ln45_183_fu_24404_p2     |      icmp|   0|  0|   22|          15|           1|
    |icmp_ln45_184_fu_24451_p2     |      icmp|   0|  0|   22|          15|           1|
    |icmp_ln45_185_fu_24498_p2     |      icmp|   0|  0|   22|          15|           1|
    |icmp_ln45_186_fu_24545_p2     |      icmp|   0|  0|   22|          15|           1|
    |icmp_ln45_187_fu_24592_p2     |      icmp|   0|  0|   22|          15|           1|
    |icmp_ln45_188_fu_24639_p2     |      icmp|   0|  0|   22|          15|           1|
    |icmp_ln45_189_fu_24686_p2     |      icmp|   0|  0|   22|          15|           1|
    |icmp_ln45_18_fu_16649_p2      |      icmp|   0|  0|   22|          15|           1|
    |icmp_ln45_190_fu_24733_p2     |      icmp|   0|  0|   22|          15|           1|
    |icmp_ln45_191_fu_24780_p2     |      icmp|   0|  0|   22|          15|           1|
    |icmp_ln45_192_fu_24827_p2     |      icmp|   0|  0|   22|          15|           1|
    |icmp_ln45_193_fu_24874_p2     |      icmp|   0|  0|   22|          15|           1|
    |icmp_ln45_194_fu_24921_p2     |      icmp|   0|  0|   22|          15|           1|
    |icmp_ln45_195_fu_24968_p2     |      icmp|   0|  0|   22|          15|           1|
    |icmp_ln45_196_fu_25015_p2     |      icmp|   0|  0|   22|          15|           1|
    |icmp_ln45_197_fu_25062_p2     |      icmp|   0|  0|   22|          15|           1|
    |icmp_ln45_198_fu_25109_p2     |      icmp|   0|  0|   22|          15|           1|
    |icmp_ln45_199_fu_25156_p2     |      icmp|   0|  0|   22|          15|           1|
    |icmp_ln45_19_fu_16696_p2      |      icmp|   0|  0|   22|          15|           1|
    |icmp_ln45_200_fu_25203_p2     |      icmp|   0|  0|   22|          15|           1|
    |icmp_ln45_201_fu_25250_p2     |      icmp|   0|  0|   22|          15|           1|
    |icmp_ln45_202_fu_25297_p2     |      icmp|   0|  0|   22|          15|           1|
    |icmp_ln45_203_fu_25344_p2     |      icmp|   0|  0|   22|          15|           1|
    |icmp_ln45_204_fu_25391_p2     |      icmp|   0|  0|   22|          15|           1|
    |icmp_ln45_205_fu_25438_p2     |      icmp|   0|  0|   22|          15|           1|
    |icmp_ln45_206_fu_25485_p2     |      icmp|   0|  0|   22|          15|           1|
    |icmp_ln45_207_fu_25532_p2     |      icmp|   0|  0|   22|          15|           1|
    |icmp_ln45_208_fu_25579_p2     |      icmp|   0|  0|   22|          15|           1|
    |icmp_ln45_209_fu_25626_p2     |      icmp|   0|  0|   22|          15|           1|
    |icmp_ln45_20_fu_16743_p2      |      icmp|   0|  0|   22|          15|           1|
    |icmp_ln45_210_fu_25673_p2     |      icmp|   0|  0|   22|          15|           1|
    |icmp_ln45_211_fu_25720_p2     |      icmp|   0|  0|   22|          15|           1|
    |icmp_ln45_212_fu_25767_p2     |      icmp|   0|  0|   22|          15|           1|
    |icmp_ln45_213_fu_25814_p2     |      icmp|   0|  0|   22|          15|           1|
    |icmp_ln45_214_fu_25861_p2     |      icmp|   0|  0|   22|          15|           1|
    |icmp_ln45_215_fu_25908_p2     |      icmp|   0|  0|   22|          15|           1|
    |icmp_ln45_216_fu_25955_p2     |      icmp|   0|  0|   22|          15|           1|
    |icmp_ln45_217_fu_26002_p2     |      icmp|   0|  0|   22|          15|           1|
    |icmp_ln45_218_fu_26049_p2     |      icmp|   0|  0|   22|          15|           1|
    |icmp_ln45_219_fu_26096_p2     |      icmp|   0|  0|   22|          15|           1|
    |icmp_ln45_21_fu_16790_p2      |      icmp|   0|  0|   22|          15|           1|
    |icmp_ln45_220_fu_26143_p2     |      icmp|   0|  0|   22|          15|           1|
    |icmp_ln45_221_fu_26190_p2     |      icmp|   0|  0|   22|          15|           1|
    |icmp_ln45_222_fu_26237_p2     |      icmp|   0|  0|   22|          15|           1|
    |icmp_ln45_223_fu_26284_p2     |      icmp|   0|  0|   22|          15|           1|
    |icmp_ln45_224_fu_26331_p2     |      icmp|   0|  0|   22|          15|           1|
    |icmp_ln45_225_fu_26378_p2     |      icmp|   0|  0|   22|          15|           1|
    |icmp_ln45_226_fu_26425_p2     |      icmp|   0|  0|   22|          15|           1|
    |icmp_ln45_227_fu_26472_p2     |      icmp|   0|  0|   22|          15|           1|
    |icmp_ln45_228_fu_26519_p2     |      icmp|   0|  0|   22|          15|           1|
    |icmp_ln45_229_fu_26566_p2     |      icmp|   0|  0|   22|          15|           1|
    |icmp_ln45_22_fu_16837_p2      |      icmp|   0|  0|   22|          15|           1|
    |icmp_ln45_230_fu_26613_p2     |      icmp|   0|  0|   22|          15|           1|
    |icmp_ln45_231_fu_26660_p2     |      icmp|   0|  0|   22|          15|           1|
    |icmp_ln45_232_fu_26707_p2     |      icmp|   0|  0|   22|          15|           1|
    |icmp_ln45_233_fu_26754_p2     |      icmp|   0|  0|   22|          15|           1|
    |icmp_ln45_234_fu_26801_p2     |      icmp|   0|  0|   22|          15|           1|
    |icmp_ln45_235_fu_26848_p2     |      icmp|   0|  0|   22|          15|           1|
    |icmp_ln45_236_fu_26895_p2     |      icmp|   0|  0|   22|          15|           1|
    |icmp_ln45_237_fu_26942_p2     |      icmp|   0|  0|   22|          15|           1|
    |icmp_ln45_238_fu_26989_p2     |      icmp|   0|  0|   22|          15|           1|
    |icmp_ln45_239_fu_27036_p2     |      icmp|   0|  0|   22|          15|           1|
    |icmp_ln45_23_fu_16884_p2      |      icmp|   0|  0|   22|          15|           1|
    |icmp_ln45_240_fu_27083_p2     |      icmp|   0|  0|   22|          15|           1|
    |icmp_ln45_241_fu_27130_p2     |      icmp|   0|  0|   22|          15|           1|
    |icmp_ln45_242_fu_27177_p2     |      icmp|   0|  0|   22|          15|           1|
    |icmp_ln45_243_fu_27224_p2     |      icmp|   0|  0|   22|          15|           1|
    |icmp_ln45_244_fu_27271_p2     |      icmp|   0|  0|   22|          15|           1|
    |icmp_ln45_245_fu_27318_p2     |      icmp|   0|  0|   22|          15|           1|
    |icmp_ln45_246_fu_27365_p2     |      icmp|   0|  0|   22|          15|           1|
    |icmp_ln45_247_fu_27412_p2     |      icmp|   0|  0|   22|          15|           1|
    |icmp_ln45_248_fu_27459_p2     |      icmp|   0|  0|   22|          15|           1|
    |icmp_ln45_249_fu_27506_p2     |      icmp|   0|  0|   22|          15|           1|
    |icmp_ln45_24_fu_16931_p2      |      icmp|   0|  0|   22|          15|           1|
    |icmp_ln45_250_fu_27553_p2     |      icmp|   0|  0|   22|          15|           1|
    |icmp_ln45_251_fu_27600_p2     |      icmp|   0|  0|   22|          15|           1|
    |icmp_ln45_252_fu_27647_p2     |      icmp|   0|  0|   22|          15|           1|
    |icmp_ln45_253_fu_27694_p2     |      icmp|   0|  0|   22|          15|           1|
    |icmp_ln45_254_fu_27741_p2     |      icmp|   0|  0|   22|          15|           1|
    |icmp_ln45_255_fu_27788_p2     |      icmp|   0|  0|   22|          15|           1|
    |icmp_ln45_256_fu_27835_p2     |      icmp|   0|  0|   22|          15|           1|
    |icmp_ln45_257_fu_27882_p2     |      icmp|   0|  0|   22|          15|           1|
    |icmp_ln45_258_fu_27929_p2     |      icmp|   0|  0|   22|          15|           1|
    |icmp_ln45_259_fu_27976_p2     |      icmp|   0|  0|   22|          15|           1|
    |icmp_ln45_25_fu_16978_p2      |      icmp|   0|  0|   22|          15|           1|
    |icmp_ln45_260_fu_28023_p2     |      icmp|   0|  0|   22|          15|           1|
    |icmp_ln45_261_fu_28070_p2     |      icmp|   0|  0|   22|          15|           1|
    |icmp_ln45_262_fu_28117_p2     |      icmp|   0|  0|   22|          15|           1|
    |icmp_ln45_263_fu_28164_p2     |      icmp|   0|  0|   22|          15|           1|
    |icmp_ln45_264_fu_28211_p2     |      icmp|   0|  0|   22|          15|           1|
    |icmp_ln45_265_fu_28258_p2     |      icmp|   0|  0|   22|          15|           1|
    |icmp_ln45_266_fu_28305_p2     |      icmp|   0|  0|   22|          15|           1|
    |icmp_ln45_267_fu_28352_p2     |      icmp|   0|  0|   22|          15|           1|
    |icmp_ln45_268_fu_28399_p2     |      icmp|   0|  0|   22|          15|           1|
    |icmp_ln45_269_fu_28446_p2     |      icmp|   0|  0|   22|          15|           1|
    |icmp_ln45_26_fu_17025_p2      |      icmp|   0|  0|   22|          15|           1|
    |icmp_ln45_270_fu_28493_p2     |      icmp|   0|  0|   22|          15|           1|
    |icmp_ln45_271_fu_28540_p2     |      icmp|   0|  0|   22|          15|           1|
    |icmp_ln45_272_fu_28587_p2     |      icmp|   0|  0|   22|          15|           1|
    |icmp_ln45_273_fu_28634_p2     |      icmp|   0|  0|   22|          15|           1|
    |icmp_ln45_274_fu_28681_p2     |      icmp|   0|  0|   22|          15|           1|
    |icmp_ln45_275_fu_28728_p2     |      icmp|   0|  0|   22|          15|           1|
    |icmp_ln45_276_fu_28775_p2     |      icmp|   0|  0|   22|          15|           1|
    |icmp_ln45_277_fu_28822_p2     |      icmp|   0|  0|   22|          15|           1|
    |icmp_ln45_278_fu_28869_p2     |      icmp|   0|  0|   22|          15|           1|
    |icmp_ln45_279_fu_28916_p2     |      icmp|   0|  0|   22|          15|           1|
    |icmp_ln45_27_fu_17072_p2      |      icmp|   0|  0|   22|          15|           1|
    |icmp_ln45_280_fu_28963_p2     |      icmp|   0|  0|   22|          15|           1|
    |icmp_ln45_281_fu_29010_p2     |      icmp|   0|  0|   22|          15|           1|
    |icmp_ln45_282_fu_29057_p2     |      icmp|   0|  0|   22|          15|           1|
    |icmp_ln45_283_fu_29104_p2     |      icmp|   0|  0|   22|          15|           1|
    |icmp_ln45_284_fu_29151_p2     |      icmp|   0|  0|   22|          15|           1|
    |icmp_ln45_285_fu_29198_p2     |      icmp|   0|  0|   22|          15|           1|
    |icmp_ln45_286_fu_29245_p2     |      icmp|   0|  0|   22|          15|           1|
    |icmp_ln45_287_fu_29292_p2     |      icmp|   0|  0|   22|          15|           1|
    |icmp_ln45_288_fu_29339_p2     |      icmp|   0|  0|   22|          15|           1|
    |icmp_ln45_289_fu_29386_p2     |      icmp|   0|  0|   22|          15|           1|
    |icmp_ln45_28_fu_17119_p2      |      icmp|   0|  0|   22|          15|           1|
    |icmp_ln45_290_fu_29433_p2     |      icmp|   0|  0|   22|          15|           1|
    |icmp_ln45_291_fu_29480_p2     |      icmp|   0|  0|   22|          15|           1|
    |icmp_ln45_292_fu_29527_p2     |      icmp|   0|  0|   22|          15|           1|
    |icmp_ln45_293_fu_29574_p2     |      icmp|   0|  0|   22|          15|           1|
    |icmp_ln45_294_fu_29621_p2     |      icmp|   0|  0|   22|          15|           1|
    |icmp_ln45_295_fu_29668_p2     |      icmp|   0|  0|   22|          15|           1|
    |icmp_ln45_296_fu_29715_p2     |      icmp|   0|  0|   22|          15|           1|
    |icmp_ln45_297_fu_29762_p2     |      icmp|   0|  0|   22|          15|           1|
    |icmp_ln45_298_fu_29809_p2     |      icmp|   0|  0|   22|          15|           1|
    |icmp_ln45_299_fu_29856_p2     |      icmp|   0|  0|   22|          15|           1|
    |icmp_ln45_29_fu_17166_p2      |      icmp|   0|  0|   22|          15|           1|
    |icmp_ln45_300_fu_29903_p2     |      icmp|   0|  0|   22|          15|           1|
    |icmp_ln45_301_fu_29950_p2     |      icmp|   0|  0|   22|          15|           1|
    |icmp_ln45_302_fu_29997_p2     |      icmp|   0|  0|   22|          15|           1|
    |icmp_ln45_303_fu_30044_p2     |      icmp|   0|  0|   22|          15|           1|
    |icmp_ln45_304_fu_30091_p2     |      icmp|   0|  0|   22|          15|           1|
    |icmp_ln45_305_fu_30138_p2     |      icmp|   0|  0|   22|          15|           1|
    |icmp_ln45_306_fu_30185_p2     |      icmp|   0|  0|   22|          15|           1|
    |icmp_ln45_307_fu_30232_p2     |      icmp|   0|  0|   22|          15|           1|
    |icmp_ln45_308_fu_30279_p2     |      icmp|   0|  0|   22|          15|           1|
    |icmp_ln45_309_fu_30326_p2     |      icmp|   0|  0|   22|          15|           1|
    |icmp_ln45_30_fu_17213_p2      |      icmp|   0|  0|   22|          15|           1|
    |icmp_ln45_310_fu_30373_p2     |      icmp|   0|  0|   22|          15|           1|
    |icmp_ln45_311_fu_30420_p2     |      icmp|   0|  0|   22|          15|           1|
    |icmp_ln45_312_fu_30467_p2     |      icmp|   0|  0|   22|          15|           1|
    |icmp_ln45_313_fu_30514_p2     |      icmp|   0|  0|   22|          15|           1|
    |icmp_ln45_314_fu_30561_p2     |      icmp|   0|  0|   22|          15|           1|
    |icmp_ln45_315_fu_30608_p2     |      icmp|   0|  0|   22|          15|           1|
    |icmp_ln45_316_fu_30655_p2     |      icmp|   0|  0|   22|          15|           1|
    |icmp_ln45_317_fu_30702_p2     |      icmp|   0|  0|   22|          15|           1|
    |icmp_ln45_318_fu_30749_p2     |      icmp|   0|  0|   22|          15|           1|
    |icmp_ln45_319_fu_30796_p2     |      icmp|   0|  0|   22|          15|           1|
    |icmp_ln45_31_fu_17260_p2      |      icmp|   0|  0|   22|          15|           1|
    |icmp_ln45_320_fu_30843_p2     |      icmp|   0|  0|   22|          15|           1|
    |icmp_ln45_321_fu_30890_p2     |      icmp|   0|  0|   22|          15|           1|
    |icmp_ln45_322_fu_30937_p2     |      icmp|   0|  0|   22|          15|           1|
    |icmp_ln45_323_fu_30984_p2     |      icmp|   0|  0|   22|          15|           1|
    |icmp_ln45_324_fu_31031_p2     |      icmp|   0|  0|   22|          15|           1|
    |icmp_ln45_325_fu_31078_p2     |      icmp|   0|  0|   22|          15|           1|
    |icmp_ln45_326_fu_31125_p2     |      icmp|   0|  0|   22|          15|           1|
    |icmp_ln45_327_fu_31172_p2     |      icmp|   0|  0|   22|          15|           1|
    |icmp_ln45_328_fu_31219_p2     |      icmp|   0|  0|   22|          15|           1|
    |icmp_ln45_329_fu_31266_p2     |      icmp|   0|  0|   22|          15|           1|
    |icmp_ln45_32_fu_17307_p2      |      icmp|   0|  0|   22|          15|           1|
    |icmp_ln45_330_fu_31313_p2     |      icmp|   0|  0|   22|          15|           1|
    |icmp_ln45_331_fu_31360_p2     |      icmp|   0|  0|   22|          15|           1|
    |icmp_ln45_332_fu_31407_p2     |      icmp|   0|  0|   22|          15|           1|
    |icmp_ln45_333_fu_31454_p2     |      icmp|   0|  0|   22|          15|           1|
    |icmp_ln45_334_fu_31501_p2     |      icmp|   0|  0|   22|          15|           1|
    |icmp_ln45_335_fu_31548_p2     |      icmp|   0|  0|   22|          15|           1|
    |icmp_ln45_336_fu_31595_p2     |      icmp|   0|  0|   22|          15|           1|
    |icmp_ln45_337_fu_31642_p2     |      icmp|   0|  0|   22|          15|           1|
    |icmp_ln45_338_fu_31689_p2     |      icmp|   0|  0|   22|          15|           1|
    |icmp_ln45_339_fu_31736_p2     |      icmp|   0|  0|   22|          15|           1|
    |icmp_ln45_33_fu_17354_p2      |      icmp|   0|  0|   22|          15|           1|
    |icmp_ln45_340_fu_31783_p2     |      icmp|   0|  0|   22|          15|           1|
    |icmp_ln45_341_fu_31830_p2     |      icmp|   0|  0|   22|          15|           1|
    |icmp_ln45_342_fu_31877_p2     |      icmp|   0|  0|   22|          15|           1|
    |icmp_ln45_343_fu_31924_p2     |      icmp|   0|  0|   22|          15|           1|
    |icmp_ln45_344_fu_31971_p2     |      icmp|   0|  0|   22|          15|           1|
    |icmp_ln45_345_fu_32018_p2     |      icmp|   0|  0|   22|          15|           1|
    |icmp_ln45_346_fu_32065_p2     |      icmp|   0|  0|   22|          15|           1|
    |icmp_ln45_347_fu_32112_p2     |      icmp|   0|  0|   22|          15|           1|
    |icmp_ln45_348_fu_32159_p2     |      icmp|   0|  0|   22|          15|           1|
    |icmp_ln45_349_fu_32206_p2     |      icmp|   0|  0|   22|          15|           1|
    |icmp_ln45_34_fu_17401_p2      |      icmp|   0|  0|   22|          15|           1|
    |icmp_ln45_350_fu_32253_p2     |      icmp|   0|  0|   22|          15|           1|
    |icmp_ln45_351_fu_32300_p2     |      icmp|   0|  0|   22|          15|           1|
    |icmp_ln45_352_fu_32347_p2     |      icmp|   0|  0|   22|          15|           1|
    |icmp_ln45_353_fu_32394_p2     |      icmp|   0|  0|   22|          15|           1|
    |icmp_ln45_354_fu_32441_p2     |      icmp|   0|  0|   22|          15|           1|
    |icmp_ln45_355_fu_32488_p2     |      icmp|   0|  0|   22|          15|           1|
    |icmp_ln45_356_fu_32535_p2     |      icmp|   0|  0|   22|          15|           1|
    |icmp_ln45_357_fu_32582_p2     |      icmp|   0|  0|   22|          15|           1|
    |icmp_ln45_358_fu_32629_p2     |      icmp|   0|  0|   22|          15|           1|
    |icmp_ln45_359_fu_32676_p2     |      icmp|   0|  0|   22|          15|           1|
    |icmp_ln45_35_fu_17448_p2      |      icmp|   0|  0|   22|          15|           1|
    |icmp_ln45_360_fu_32723_p2     |      icmp|   0|  0|   22|          15|           1|
    |icmp_ln45_361_fu_32770_p2     |      icmp|   0|  0|   22|          15|           1|
    |icmp_ln45_362_fu_32817_p2     |      icmp|   0|  0|   22|          15|           1|
    |icmp_ln45_363_fu_32864_p2     |      icmp|   0|  0|   22|          15|           1|
    |icmp_ln45_364_fu_32911_p2     |      icmp|   0|  0|   22|          15|           1|
    |icmp_ln45_365_fu_32958_p2     |      icmp|   0|  0|   22|          15|           1|
    |icmp_ln45_366_fu_33005_p2     |      icmp|   0|  0|   22|          15|           1|
    |icmp_ln45_367_fu_33052_p2     |      icmp|   0|  0|   22|          15|           1|
    |icmp_ln45_368_fu_33099_p2     |      icmp|   0|  0|   22|          15|           1|
    |icmp_ln45_369_fu_33146_p2     |      icmp|   0|  0|   22|          15|           1|
    |icmp_ln45_36_fu_17495_p2      |      icmp|   0|  0|   22|          15|           1|
    |icmp_ln45_370_fu_33193_p2     |      icmp|   0|  0|   22|          15|           1|
    |icmp_ln45_371_fu_33240_p2     |      icmp|   0|  0|   22|          15|           1|
    |icmp_ln45_372_fu_33287_p2     |      icmp|   0|  0|   22|          15|           1|
    |icmp_ln45_373_fu_33334_p2     |      icmp|   0|  0|   22|          15|           1|
    |icmp_ln45_374_fu_33381_p2     |      icmp|   0|  0|   22|          15|           1|
    |icmp_ln45_375_fu_33428_p2     |      icmp|   0|  0|   22|          15|           1|
    |icmp_ln45_376_fu_33475_p2     |      icmp|   0|  0|   22|          15|           1|
    |icmp_ln45_377_fu_33522_p2     |      icmp|   0|  0|   22|          15|           1|
    |icmp_ln45_378_fu_33569_p2     |      icmp|   0|  0|   22|          15|           1|
    |icmp_ln45_379_fu_33616_p2     |      icmp|   0|  0|   22|          15|           1|
    |icmp_ln45_37_fu_17542_p2      |      icmp|   0|  0|   22|          15|           1|
    |icmp_ln45_380_fu_33663_p2     |      icmp|   0|  0|   22|          15|           1|
    |icmp_ln45_381_fu_33710_p2     |      icmp|   0|  0|   22|          15|           1|
    |icmp_ln45_382_fu_33757_p2     |      icmp|   0|  0|   22|          15|           1|
    |icmp_ln45_383_fu_33804_p2     |      icmp|   0|  0|   22|          15|           1|
    |icmp_ln45_384_fu_33851_p2     |      icmp|   0|  0|   22|          15|           1|
    |icmp_ln45_385_fu_33898_p2     |      icmp|   0|  0|   22|          15|           1|
    |icmp_ln45_386_fu_33945_p2     |      icmp|   0|  0|   22|          15|           1|
    |icmp_ln45_387_fu_33992_p2     |      icmp|   0|  0|   22|          15|           1|
    |icmp_ln45_388_fu_34039_p2     |      icmp|   0|  0|   22|          15|           1|
    |icmp_ln45_389_fu_34086_p2     |      icmp|   0|  0|   22|          15|           1|
    |icmp_ln45_38_fu_17589_p2      |      icmp|   0|  0|   22|          15|           1|
    |icmp_ln45_390_fu_34133_p2     |      icmp|   0|  0|   22|          15|           1|
    |icmp_ln45_391_fu_34180_p2     |      icmp|   0|  0|   22|          15|           1|
    |icmp_ln45_392_fu_34227_p2     |      icmp|   0|  0|   22|          15|           1|
    |icmp_ln45_393_fu_34274_p2     |      icmp|   0|  0|   22|          15|           1|
    |icmp_ln45_394_fu_34321_p2     |      icmp|   0|  0|   22|          15|           1|
    |icmp_ln45_395_fu_34368_p2     |      icmp|   0|  0|   22|          15|           1|
    |icmp_ln45_396_fu_34415_p2     |      icmp|   0|  0|   22|          15|           1|
    |icmp_ln45_397_fu_34462_p2     |      icmp|   0|  0|   22|          15|           1|
    |icmp_ln45_398_fu_34509_p2     |      icmp|   0|  0|   22|          15|           1|
    |icmp_ln45_399_fu_34556_p2     |      icmp|   0|  0|   22|          15|           1|
    |icmp_ln45_39_fu_17636_p2      |      icmp|   0|  0|   22|          15|           1|
    |icmp_ln45_400_fu_34603_p2     |      icmp|   0|  0|   22|          15|           1|
    |icmp_ln45_401_fu_34650_p2     |      icmp|   0|  0|   22|          15|           1|
    |icmp_ln45_402_fu_34697_p2     |      icmp|   0|  0|   22|          15|           1|
    |icmp_ln45_403_fu_34744_p2     |      icmp|   0|  0|   22|          15|           1|
    |icmp_ln45_404_fu_34791_p2     |      icmp|   0|  0|   22|          15|           1|
    |icmp_ln45_405_fu_34838_p2     |      icmp|   0|  0|   22|          15|           1|
    |icmp_ln45_406_fu_34885_p2     |      icmp|   0|  0|   22|          15|           1|
    |icmp_ln45_407_fu_34932_p2     |      icmp|   0|  0|   22|          15|           1|
    |icmp_ln45_408_fu_34979_p2     |      icmp|   0|  0|   22|          15|           1|
    |icmp_ln45_409_fu_35026_p2     |      icmp|   0|  0|   22|          15|           1|
    |icmp_ln45_40_fu_17683_p2      |      icmp|   0|  0|   22|          15|           1|
    |icmp_ln45_410_fu_35073_p2     |      icmp|   0|  0|   22|          15|           1|
    |icmp_ln45_411_fu_35120_p2     |      icmp|   0|  0|   22|          15|           1|
    |icmp_ln45_412_fu_35167_p2     |      icmp|   0|  0|   22|          15|           1|
    |icmp_ln45_413_fu_35214_p2     |      icmp|   0|  0|   22|          15|           1|
    |icmp_ln45_414_fu_35261_p2     |      icmp|   0|  0|   22|          15|           1|
    |icmp_ln45_415_fu_35308_p2     |      icmp|   0|  0|   22|          15|           1|
    |icmp_ln45_416_fu_35355_p2     |      icmp|   0|  0|   22|          15|           1|
    |icmp_ln45_417_fu_35402_p2     |      icmp|   0|  0|   22|          15|           1|
    |icmp_ln45_418_fu_35449_p2     |      icmp|   0|  0|   22|          15|           1|
    |icmp_ln45_419_fu_35496_p2     |      icmp|   0|  0|   22|          15|           1|
    |icmp_ln45_41_fu_17730_p2      |      icmp|   0|  0|   22|          15|           1|
    |icmp_ln45_420_fu_35543_p2     |      icmp|   0|  0|   22|          15|           1|
    |icmp_ln45_421_fu_35590_p2     |      icmp|   0|  0|   22|          15|           1|
    |icmp_ln45_422_fu_35637_p2     |      icmp|   0|  0|   22|          15|           1|
    |icmp_ln45_423_fu_35684_p2     |      icmp|   0|  0|   22|          15|           1|
    |icmp_ln45_424_fu_35731_p2     |      icmp|   0|  0|   22|          15|           1|
    |icmp_ln45_425_fu_35778_p2     |      icmp|   0|  0|   22|          15|           1|
    |icmp_ln45_426_fu_35825_p2     |      icmp|   0|  0|   22|          15|           1|
    |icmp_ln45_427_fu_35872_p2     |      icmp|   0|  0|   22|          15|           1|
    |icmp_ln45_428_fu_35919_p2     |      icmp|   0|  0|   22|          15|           1|
    |icmp_ln45_429_fu_35966_p2     |      icmp|   0|  0|   22|          15|           1|
    |icmp_ln45_42_fu_17777_p2      |      icmp|   0|  0|   22|          15|           1|
    |icmp_ln45_430_fu_36013_p2     |      icmp|   0|  0|   22|          15|           1|
    |icmp_ln45_431_fu_36060_p2     |      icmp|   0|  0|   22|          15|           1|
    |icmp_ln45_432_fu_36107_p2     |      icmp|   0|  0|   22|          15|           1|
    |icmp_ln45_433_fu_36154_p2     |      icmp|   0|  0|   22|          15|           1|
    |icmp_ln45_434_fu_36201_p2     |      icmp|   0|  0|   22|          15|           1|
    |icmp_ln45_435_fu_36248_p2     |      icmp|   0|  0|   22|          15|           1|
    |icmp_ln45_436_fu_36295_p2     |      icmp|   0|  0|   22|          15|           1|
    |icmp_ln45_437_fu_36342_p2     |      icmp|   0|  0|   22|          15|           1|
    |icmp_ln45_438_fu_36389_p2     |      icmp|   0|  0|   22|          15|           1|
    |icmp_ln45_439_fu_36436_p2     |      icmp|   0|  0|   22|          15|           1|
    |icmp_ln45_43_fu_17824_p2      |      icmp|   0|  0|   22|          15|           1|
    |icmp_ln45_440_fu_36483_p2     |      icmp|   0|  0|   22|          15|           1|
    |icmp_ln45_441_fu_36530_p2     |      icmp|   0|  0|   22|          15|           1|
    |icmp_ln45_442_fu_36577_p2     |      icmp|   0|  0|   22|          15|           1|
    |icmp_ln45_443_fu_36624_p2     |      icmp|   0|  0|   22|          15|           1|
    |icmp_ln45_444_fu_36671_p2     |      icmp|   0|  0|   22|          15|           1|
    |icmp_ln45_445_fu_36718_p2     |      icmp|   0|  0|   22|          15|           1|
    |icmp_ln45_446_fu_36765_p2     |      icmp|   0|  0|   22|          15|           1|
    |icmp_ln45_447_fu_36812_p2     |      icmp|   0|  0|   22|          15|           1|
    |icmp_ln45_448_fu_36859_p2     |      icmp|   0|  0|   22|          15|           1|
    |icmp_ln45_449_fu_36906_p2     |      icmp|   0|  0|   22|          15|           1|
    |icmp_ln45_44_fu_17871_p2      |      icmp|   0|  0|   22|          15|           1|
    |icmp_ln45_450_fu_36953_p2     |      icmp|   0|  0|   22|          15|           1|
    |icmp_ln45_451_fu_37000_p2     |      icmp|   0|  0|   22|          15|           1|
    |icmp_ln45_452_fu_37047_p2     |      icmp|   0|  0|   22|          15|           1|
    |icmp_ln45_453_fu_37094_p2     |      icmp|   0|  0|   22|          15|           1|
    |icmp_ln45_454_fu_37141_p2     |      icmp|   0|  0|   22|          15|           1|
    |icmp_ln45_455_fu_37188_p2     |      icmp|   0|  0|   22|          15|           1|
    |icmp_ln45_456_fu_37235_p2     |      icmp|   0|  0|   22|          15|           1|
    |icmp_ln45_457_fu_37282_p2     |      icmp|   0|  0|   22|          15|           1|
    |icmp_ln45_458_fu_37329_p2     |      icmp|   0|  0|   22|          15|           1|
    |icmp_ln45_459_fu_37376_p2     |      icmp|   0|  0|   22|          15|           1|
    |icmp_ln45_45_fu_17918_p2      |      icmp|   0|  0|   22|          15|           1|
    |icmp_ln45_460_fu_37423_p2     |      icmp|   0|  0|   22|          15|           1|
    |icmp_ln45_461_fu_37470_p2     |      icmp|   0|  0|   22|          15|           1|
    |icmp_ln45_462_fu_37517_p2     |      icmp|   0|  0|   22|          15|           1|
    |icmp_ln45_463_fu_37564_p2     |      icmp|   0|  0|   22|          15|           1|
    |icmp_ln45_464_fu_37611_p2     |      icmp|   0|  0|   22|          15|           1|
    |icmp_ln45_465_fu_37658_p2     |      icmp|   0|  0|   22|          15|           1|
    |icmp_ln45_466_fu_37705_p2     |      icmp|   0|  0|   22|          15|           1|
    |icmp_ln45_467_fu_37752_p2     |      icmp|   0|  0|   22|          15|           1|
    |icmp_ln45_468_fu_37799_p2     |      icmp|   0|  0|   22|          15|           1|
    |icmp_ln45_469_fu_37846_p2     |      icmp|   0|  0|   22|          15|           1|
    |icmp_ln45_46_fu_17965_p2      |      icmp|   0|  0|   22|          15|           1|
    |icmp_ln45_470_fu_37893_p2     |      icmp|   0|  0|   22|          15|           1|
    |icmp_ln45_471_fu_37940_p2     |      icmp|   0|  0|   22|          15|           1|
    |icmp_ln45_472_fu_37987_p2     |      icmp|   0|  0|   22|          15|           1|
    |icmp_ln45_473_fu_38034_p2     |      icmp|   0|  0|   22|          15|           1|
    |icmp_ln45_474_fu_38081_p2     |      icmp|   0|  0|   22|          15|           1|
    |icmp_ln45_475_fu_38128_p2     |      icmp|   0|  0|   22|          15|           1|
    |icmp_ln45_476_fu_38175_p2     |      icmp|   0|  0|   22|          15|           1|
    |icmp_ln45_477_fu_38222_p2     |      icmp|   0|  0|   22|          15|           1|
    |icmp_ln45_478_fu_38269_p2     |      icmp|   0|  0|   22|          15|           1|
    |icmp_ln45_479_fu_38316_p2     |      icmp|   0|  0|   22|          15|           1|
    |icmp_ln45_47_fu_18012_p2      |      icmp|   0|  0|   22|          15|           1|
    |icmp_ln45_480_fu_38363_p2     |      icmp|   0|  0|   22|          15|           1|
    |icmp_ln45_481_fu_38410_p2     |      icmp|   0|  0|   22|          15|           1|
    |icmp_ln45_482_fu_38457_p2     |      icmp|   0|  0|   22|          15|           1|
    |icmp_ln45_483_fu_38504_p2     |      icmp|   0|  0|   22|          15|           1|
    |icmp_ln45_484_fu_38551_p2     |      icmp|   0|  0|   22|          15|           1|
    |icmp_ln45_485_fu_38598_p2     |      icmp|   0|  0|   22|          15|           1|
    |icmp_ln45_486_fu_38645_p2     |      icmp|   0|  0|   22|          15|           1|
    |icmp_ln45_487_fu_38692_p2     |      icmp|   0|  0|   22|          15|           1|
    |icmp_ln45_488_fu_38739_p2     |      icmp|   0|  0|   22|          15|           1|
    |icmp_ln45_489_fu_38786_p2     |      icmp|   0|  0|   22|          15|           1|
    |icmp_ln45_48_fu_18059_p2      |      icmp|   0|  0|   22|          15|           1|
    |icmp_ln45_490_fu_38833_p2     |      icmp|   0|  0|   22|          15|           1|
    |icmp_ln45_491_fu_38880_p2     |      icmp|   0|  0|   22|          15|           1|
    |icmp_ln45_492_fu_38927_p2     |      icmp|   0|  0|   22|          15|           1|
    |icmp_ln45_493_fu_38974_p2     |      icmp|   0|  0|   22|          15|           1|
    |icmp_ln45_494_fu_39021_p2     |      icmp|   0|  0|   22|          15|           1|
    |icmp_ln45_495_fu_39068_p2     |      icmp|   0|  0|   22|          15|           1|
    |icmp_ln45_496_fu_39115_p2     |      icmp|   0|  0|   22|          15|           1|
    |icmp_ln45_497_fu_39162_p2     |      icmp|   0|  0|   22|          15|           1|
    |icmp_ln45_498_fu_39209_p2     |      icmp|   0|  0|   22|          15|           1|
    |icmp_ln45_499_fu_39256_p2     |      icmp|   0|  0|   22|          15|           1|
    |icmp_ln45_49_fu_18106_p2      |      icmp|   0|  0|   22|          15|           1|
    |icmp_ln45_500_fu_39303_p2     |      icmp|   0|  0|   22|          15|           1|
    |icmp_ln45_501_fu_39350_p2     |      icmp|   0|  0|   22|          15|           1|
    |icmp_ln45_502_fu_39397_p2     |      icmp|   0|  0|   22|          15|           1|
    |icmp_ln45_503_fu_39444_p2     |      icmp|   0|  0|   22|          15|           1|
    |icmp_ln45_504_fu_39491_p2     |      icmp|   0|  0|   22|          15|           1|
    |icmp_ln45_505_fu_39538_p2     |      icmp|   0|  0|   22|          15|           1|
    |icmp_ln45_506_fu_39585_p2     |      icmp|   0|  0|   22|          15|           1|
    |icmp_ln45_507_fu_39632_p2     |      icmp|   0|  0|   22|          15|           1|
    |icmp_ln45_508_fu_39679_p2     |      icmp|   0|  0|   22|          15|           1|
    |icmp_ln45_509_fu_39726_p2     |      icmp|   0|  0|   22|          15|           1|
    |icmp_ln45_50_fu_18153_p2      |      icmp|   0|  0|   22|          15|           1|
    |icmp_ln45_510_fu_39773_p2     |      icmp|   0|  0|   22|          15|           1|
    |icmp_ln45_511_fu_39820_p2     |      icmp|   0|  0|   22|          15|           1|
    |icmp_ln45_512_fu_39867_p2     |      icmp|   0|  0|   22|          15|           1|
    |icmp_ln45_513_fu_39914_p2     |      icmp|   0|  0|   22|          15|           1|
    |icmp_ln45_514_fu_39961_p2     |      icmp|   0|  0|   22|          15|           1|
    |icmp_ln45_515_fu_40008_p2     |      icmp|   0|  0|   22|          15|           1|
    |icmp_ln45_516_fu_40055_p2     |      icmp|   0|  0|   22|          15|           1|
    |icmp_ln45_517_fu_40102_p2     |      icmp|   0|  0|   22|          15|           1|
    |icmp_ln45_518_fu_40149_p2     |      icmp|   0|  0|   22|          15|           1|
    |icmp_ln45_519_fu_40196_p2     |      icmp|   0|  0|   22|          15|           1|
    |icmp_ln45_51_fu_18200_p2      |      icmp|   0|  0|   22|          15|           1|
    |icmp_ln45_520_fu_40243_p2     |      icmp|   0|  0|   22|          15|           1|
    |icmp_ln45_521_fu_40290_p2     |      icmp|   0|  0|   22|          15|           1|
    |icmp_ln45_522_fu_40337_p2     |      icmp|   0|  0|   22|          15|           1|
    |icmp_ln45_523_fu_40384_p2     |      icmp|   0|  0|   22|          15|           1|
    |icmp_ln45_524_fu_40431_p2     |      icmp|   0|  0|   22|          15|           1|
    |icmp_ln45_52_fu_18247_p2      |      icmp|   0|  0|   22|          15|           1|
    |icmp_ln45_53_fu_18294_p2      |      icmp|   0|  0|   22|          15|           1|
    |icmp_ln45_54_fu_18341_p2      |      icmp|   0|  0|   22|          15|           1|
    |icmp_ln45_55_fu_18388_p2      |      icmp|   0|  0|   22|          15|           1|
    |icmp_ln45_56_fu_18435_p2      |      icmp|   0|  0|   22|          15|           1|
    |icmp_ln45_57_fu_18482_p2      |      icmp|   0|  0|   22|          15|           1|
    |icmp_ln45_58_fu_18529_p2      |      icmp|   0|  0|   22|          15|           1|
    |icmp_ln45_59_fu_18576_p2      |      icmp|   0|  0|   22|          15|           1|
    |icmp_ln45_60_fu_18623_p2      |      icmp|   0|  0|   22|          15|           1|
    |icmp_ln45_61_fu_18670_p2      |      icmp|   0|  0|   22|          15|           1|
    |icmp_ln45_62_fu_18717_p2      |      icmp|   0|  0|   22|          15|           1|
    |icmp_ln45_63_fu_18764_p2      |      icmp|   0|  0|   22|          15|           1|
    |icmp_ln45_64_fu_18811_p2      |      icmp|   0|  0|   22|          15|           1|
    |icmp_ln45_65_fu_18858_p2      |      icmp|   0|  0|   22|          15|           1|
    |icmp_ln45_66_fu_18905_p2      |      icmp|   0|  0|   22|          15|           1|
    |icmp_ln45_67_fu_18952_p2      |      icmp|   0|  0|   22|          15|           1|
    |icmp_ln45_68_fu_18999_p2      |      icmp|   0|  0|   22|          15|           1|
    |icmp_ln45_69_fu_19046_p2      |      icmp|   0|  0|   22|          15|           1|
    |icmp_ln45_70_fu_19093_p2      |      icmp|   0|  0|   22|          15|           1|
    |icmp_ln45_71_fu_19140_p2      |      icmp|   0|  0|   22|          15|           1|
    |icmp_ln45_72_fu_19187_p2      |      icmp|   0|  0|   22|          15|           1|
    |icmp_ln45_73_fu_19234_p2      |      icmp|   0|  0|   22|          15|           1|
    |icmp_ln45_74_fu_19281_p2      |      icmp|   0|  0|   22|          15|           1|
    |icmp_ln45_75_fu_19328_p2      |      icmp|   0|  0|   22|          15|           1|
    |icmp_ln45_76_fu_19375_p2      |      icmp|   0|  0|   22|          15|           1|
    |icmp_ln45_77_fu_19422_p2      |      icmp|   0|  0|   22|          15|           1|
    |icmp_ln45_78_fu_19469_p2      |      icmp|   0|  0|   22|          15|           1|
    |icmp_ln45_79_fu_19516_p2      |      icmp|   0|  0|   22|          15|           1|
    |icmp_ln45_80_fu_19563_p2      |      icmp|   0|  0|   22|          15|           1|
    |icmp_ln45_81_fu_19610_p2      |      icmp|   0|  0|   22|          15|           1|
    |icmp_ln45_82_fu_19657_p2      |      icmp|   0|  0|   22|          15|           1|
    |icmp_ln45_83_fu_19704_p2      |      icmp|   0|  0|   22|          15|           1|
    |icmp_ln45_84_fu_19751_p2      |      icmp|   0|  0|   22|          15|           1|
    |icmp_ln45_85_fu_19798_p2      |      icmp|   0|  0|   22|          15|           1|
    |icmp_ln45_86_fu_19845_p2      |      icmp|   0|  0|   22|          15|           1|
    |icmp_ln45_87_fu_19892_p2      |      icmp|   0|  0|   22|          15|           1|
    |icmp_ln45_88_fu_19939_p2      |      icmp|   0|  0|   22|          15|           1|
    |icmp_ln45_89_fu_19986_p2      |      icmp|   0|  0|   22|          15|           1|
    |icmp_ln45_90_fu_20033_p2      |      icmp|   0|  0|   22|          15|           1|
    |icmp_ln45_91_fu_20080_p2      |      icmp|   0|  0|   22|          15|           1|
    |icmp_ln45_92_fu_20127_p2      |      icmp|   0|  0|   22|          15|           1|
    |icmp_ln45_93_fu_20174_p2      |      icmp|   0|  0|   22|          15|           1|
    |icmp_ln45_94_fu_20221_p2      |      icmp|   0|  0|   22|          15|           1|
    |icmp_ln45_95_fu_20268_p2      |      icmp|   0|  0|   22|          15|           1|
    |icmp_ln45_96_fu_20315_p2      |      icmp|   0|  0|   22|          15|           1|
    |icmp_ln45_97_fu_20362_p2      |      icmp|   0|  0|   22|          15|           1|
    |icmp_ln45_98_fu_20409_p2      |      icmp|   0|  0|   22|          15|           1|
    |icmp_ln45_99_fu_20456_p2      |      icmp|   0|  0|   22|          15|           1|
    |icmp_ln45_fu_16414_p2         |      icmp|   0|  0|   22|          15|           1|
    |icmp_ln46_100_fu_5560_p2      |      icmp|   0|  0|   13|           6|           1|
    |icmp_ln46_101_fu_5584_p2      |      icmp|   0|  0|   13|           6|           1|
    |icmp_ln46_102_fu_5608_p2      |      icmp|   0|  0|   13|           6|           1|
    |icmp_ln46_103_fu_5632_p2      |      icmp|   0|  0|   13|           6|           1|
    |icmp_ln46_104_fu_5656_p2      |      icmp|   0|  0|   13|           6|           1|
    |icmp_ln46_105_fu_5680_p2      |      icmp|   0|  0|   13|           6|           1|
    |icmp_ln46_106_fu_5704_p2      |      icmp|   0|  0|   13|           6|           1|
    |icmp_ln46_107_fu_5728_p2      |      icmp|   0|  0|   13|           6|           1|
    |icmp_ln46_108_fu_5752_p2      |      icmp|   0|  0|   13|           6|           1|
    |icmp_ln46_109_fu_5776_p2      |      icmp|   0|  0|   13|           6|           1|
    |icmp_ln46_110_fu_5800_p2      |      icmp|   0|  0|   13|           6|           1|
    |icmp_ln46_111_fu_5824_p2      |      icmp|   0|  0|   13|           6|           1|
    |icmp_ln46_112_fu_5848_p2      |      icmp|   0|  0|   13|           6|           1|
    |icmp_ln46_113_fu_5872_p2      |      icmp|   0|  0|   13|           6|           1|
    |icmp_ln46_114_fu_5896_p2      |      icmp|   0|  0|   13|           6|           1|
    |icmp_ln46_115_fu_5920_p2      |      icmp|   0|  0|   13|           6|           1|
    |icmp_ln46_116_fu_5944_p2      |      icmp|   0|  0|   13|           6|           1|
    |icmp_ln46_117_fu_5968_p2      |      icmp|   0|  0|   13|           6|           1|
    |icmp_ln46_118_fu_5992_p2      |      icmp|   0|  0|   13|           6|           1|
    |icmp_ln46_119_fu_6016_p2      |      icmp|   0|  0|   13|           6|           1|
    |icmp_ln46_120_fu_6040_p2      |      icmp|   0|  0|   13|           6|           1|
    |icmp_ln46_121_fu_6064_p2      |      icmp|   0|  0|   13|           6|           1|
    |icmp_ln46_122_fu_6088_p2      |      icmp|   0|  0|   13|           6|           1|
    |icmp_ln46_123_fu_6112_p2      |      icmp|   0|  0|   13|           6|           1|
    |icmp_ln46_124_fu_6136_p2      |      icmp|   0|  0|   13|           6|           1|
    |icmp_ln46_125_fu_6160_p2      |      icmp|   0|  0|   13|           6|           1|
    |icmp_ln46_126_fu_6184_p2      |      icmp|   0|  0|   13|           6|           1|
    |icmp_ln46_127_fu_6208_p2      |      icmp|   0|  0|   13|           6|           1|
    |icmp_ln46_128_fu_6232_p2      |      icmp|   0|  0|   13|           6|           1|
    |icmp_ln46_129_fu_6256_p2      |      icmp|   0|  0|   13|           6|           1|
    |icmp_ln46_130_fu_6280_p2      |      icmp|   0|  0|   13|           6|           1|
    |icmp_ln46_131_fu_6304_p2      |      icmp|   0|  0|   13|           6|           1|
    |icmp_ln46_132_fu_6328_p2      |      icmp|   0|  0|   13|           6|           1|
    |icmp_ln46_133_fu_6352_p2      |      icmp|   0|  0|   13|           6|           1|
    |icmp_ln46_134_fu_6376_p2      |      icmp|   0|  0|   13|           6|           1|
    |icmp_ln46_135_fu_6400_p2      |      icmp|   0|  0|   13|           6|           1|
    |icmp_ln46_136_fu_6424_p2      |      icmp|   0|  0|   13|           6|           1|
    |icmp_ln46_137_fu_6448_p2      |      icmp|   0|  0|   13|           6|           1|
    |icmp_ln46_138_fu_6472_p2      |      icmp|   0|  0|   13|           6|           1|
    |icmp_ln46_139_fu_6496_p2      |      icmp|   0|  0|   13|           6|           1|
    |icmp_ln46_140_fu_6520_p2      |      icmp|   0|  0|   13|           6|           1|
    |icmp_ln46_141_fu_6544_p2      |      icmp|   0|  0|   13|           6|           1|
    |icmp_ln46_142_fu_6568_p2      |      icmp|   0|  0|   13|           6|           1|
    |icmp_ln46_143_fu_6592_p2      |      icmp|   0|  0|   13|           6|           1|
    |icmp_ln46_144_fu_6616_p2      |      icmp|   0|  0|   13|           6|           1|
    |icmp_ln46_145_fu_6640_p2      |      icmp|   0|  0|   13|           6|           1|
    |icmp_ln46_146_fu_6664_p2      |      icmp|   0|  0|   13|           6|           1|
    |icmp_ln46_147_fu_6688_p2      |      icmp|   0|  0|   13|           6|           1|
    |icmp_ln46_148_fu_6712_p2      |      icmp|   0|  0|   13|           6|           1|
    |icmp_ln46_149_fu_6736_p2      |      icmp|   0|  0|   13|           6|           1|
    |icmp_ln46_150_fu_6760_p2      |      icmp|   0|  0|   13|           6|           1|
    |icmp_ln46_151_fu_6784_p2      |      icmp|   0|  0|   13|           6|           1|
    |icmp_ln46_152_fu_6808_p2      |      icmp|   0|  0|   13|           6|           1|
    |icmp_ln46_153_fu_6832_p2      |      icmp|   0|  0|   13|           6|           1|
    |icmp_ln46_154_fu_6856_p2      |      icmp|   0|  0|   13|           6|           1|
    |icmp_ln46_155_fu_6880_p2      |      icmp|   0|  0|   13|           6|           1|
    |icmp_ln46_156_fu_6904_p2      |      icmp|   0|  0|   13|           6|           1|
    |icmp_ln46_157_fu_6928_p2      |      icmp|   0|  0|   13|           6|           1|
    |icmp_ln46_158_fu_6952_p2      |      icmp|   0|  0|   13|           6|           1|
    |icmp_ln46_159_fu_6976_p2      |      icmp|   0|  0|   13|           6|           1|
    |icmp_ln46_160_fu_7000_p2      |      icmp|   0|  0|   13|           6|           1|
    |icmp_ln46_161_fu_7024_p2      |      icmp|   0|  0|   13|           6|           1|
    |icmp_ln46_162_fu_7048_p2      |      icmp|   0|  0|   13|           6|           1|
    |icmp_ln46_163_fu_7072_p2      |      icmp|   0|  0|   13|           6|           1|
    |icmp_ln46_164_fu_7096_p2      |      icmp|   0|  0|   13|           6|           1|
    |icmp_ln46_165_fu_7120_p2      |      icmp|   0|  0|   13|           6|           1|
    |icmp_ln46_166_fu_7144_p2      |      icmp|   0|  0|   13|           6|           1|
    |icmp_ln46_167_fu_7168_p2      |      icmp|   0|  0|   13|           6|           1|
    |icmp_ln46_168_fu_7192_p2      |      icmp|   0|  0|   13|           6|           1|
    |icmp_ln46_169_fu_7216_p2      |      icmp|   0|  0|   13|           6|           1|
    |icmp_ln46_170_fu_7240_p2      |      icmp|   0|  0|   13|           6|           1|
    |icmp_ln46_171_fu_7264_p2      |      icmp|   0|  0|   13|           6|           1|
    |icmp_ln46_172_fu_7288_p2      |      icmp|   0|  0|   13|           6|           1|
    |icmp_ln46_173_fu_7312_p2      |      icmp|   0|  0|   13|           6|           1|
    |icmp_ln46_174_fu_7336_p2      |      icmp|   0|  0|   13|           6|           1|
    |icmp_ln46_175_fu_7360_p2      |      icmp|   0|  0|   13|           6|           1|
    |icmp_ln46_176_fu_7384_p2      |      icmp|   0|  0|   13|           6|           1|
    |icmp_ln46_177_fu_7408_p2      |      icmp|   0|  0|   13|           6|           1|
    |icmp_ln46_178_fu_7432_p2      |      icmp|   0|  0|   13|           6|           1|
    |icmp_ln46_179_fu_7456_p2      |      icmp|   0|  0|   13|           6|           1|
    |icmp_ln46_180_fu_7480_p2      |      icmp|   0|  0|   13|           6|           1|
    |icmp_ln46_181_fu_7504_p2      |      icmp|   0|  0|   13|           6|           1|
    |icmp_ln46_182_fu_7528_p2      |      icmp|   0|  0|   13|           6|           1|
    |icmp_ln46_183_fu_7552_p2      |      icmp|   0|  0|   13|           6|           1|
    |icmp_ln46_184_fu_7576_p2      |      icmp|   0|  0|   13|           6|           1|
    |icmp_ln46_185_fu_7600_p2      |      icmp|   0|  0|   13|           6|           1|
    |icmp_ln46_186_fu_7624_p2      |      icmp|   0|  0|   13|           6|           1|
    |icmp_ln46_187_fu_7648_p2      |      icmp|   0|  0|   13|           6|           1|
    |icmp_ln46_188_fu_7672_p2      |      icmp|   0|  0|   13|           6|           1|
    |icmp_ln46_189_fu_7696_p2      |      icmp|   0|  0|   13|           6|           1|
    |icmp_ln46_190_fu_7720_p2      |      icmp|   0|  0|   13|           6|           1|
    |icmp_ln46_191_fu_7744_p2      |      icmp|   0|  0|   13|           6|           1|
    |icmp_ln46_192_fu_7768_p2      |      icmp|   0|  0|   13|           6|           1|
    |icmp_ln46_193_fu_7792_p2      |      icmp|   0|  0|   13|           6|           1|
    |icmp_ln46_194_fu_7816_p2      |      icmp|   0|  0|   13|           6|           1|
    |icmp_ln46_195_fu_7840_p2      |      icmp|   0|  0|   13|           6|           1|
    |icmp_ln46_196_fu_7864_p2      |      icmp|   0|  0|   13|           6|           1|
    |icmp_ln46_197_fu_7888_p2      |      icmp|   0|  0|   13|           6|           1|
    |icmp_ln46_198_fu_7912_p2      |      icmp|   0|  0|   13|           6|           1|
    |icmp_ln46_199_fu_7936_p2      |      icmp|   0|  0|   13|           6|           1|
    |icmp_ln46_200_fu_7960_p2      |      icmp|   0|  0|   13|           6|           1|
    |icmp_ln46_201_fu_7984_p2      |      icmp|   0|  0|   13|           6|           1|
    |icmp_ln46_202_fu_8008_p2      |      icmp|   0|  0|   13|           6|           1|
    |icmp_ln46_203_fu_8032_p2      |      icmp|   0|  0|   13|           6|           1|
    |icmp_ln46_204_fu_8056_p2      |      icmp|   0|  0|   13|           6|           1|
    |icmp_ln46_205_fu_8080_p2      |      icmp|   0|  0|   13|           6|           1|
    |icmp_ln46_206_fu_8104_p2      |      icmp|   0|  0|   13|           6|           1|
    |icmp_ln46_207_fu_8128_p2      |      icmp|   0|  0|   13|           6|           1|
    |icmp_ln46_208_fu_8152_p2      |      icmp|   0|  0|   13|           6|           1|
    |icmp_ln46_209_fu_8176_p2      |      icmp|   0|  0|   13|           6|           1|
    |icmp_ln46_210_fu_8200_p2      |      icmp|   0|  0|   13|           6|           1|
    |icmp_ln46_211_fu_8224_p2      |      icmp|   0|  0|   13|           6|           1|
    |icmp_ln46_212_fu_8248_p2      |      icmp|   0|  0|   13|           6|           1|
    |icmp_ln46_213_fu_8272_p2      |      icmp|   0|  0|   13|           6|           1|
    |icmp_ln46_214_fu_8296_p2      |      icmp|   0|  0|   13|           6|           1|
    |icmp_ln46_215_fu_8320_p2      |      icmp|   0|  0|   13|           6|           1|
    |icmp_ln46_216_fu_8344_p2      |      icmp|   0|  0|   13|           6|           1|
    |icmp_ln46_217_fu_8368_p2      |      icmp|   0|  0|   13|           6|           1|
    |icmp_ln46_218_fu_8392_p2      |      icmp|   0|  0|   13|           6|           1|
    |icmp_ln46_219_fu_8416_p2      |      icmp|   0|  0|   13|           6|           1|
    |icmp_ln46_220_fu_8440_p2      |      icmp|   0|  0|   13|           6|           1|
    |icmp_ln46_221_fu_8464_p2      |      icmp|   0|  0|   13|           6|           1|
    |icmp_ln46_222_fu_8488_p2      |      icmp|   0|  0|   13|           6|           1|
    |icmp_ln46_223_fu_8512_p2      |      icmp|   0|  0|   13|           6|           1|
    |icmp_ln46_224_fu_8536_p2      |      icmp|   0|  0|   13|           6|           1|
    |icmp_ln46_225_fu_8560_p2      |      icmp|   0|  0|   13|           6|           1|
    |icmp_ln46_226_fu_8584_p2      |      icmp|   0|  0|   13|           6|           1|
    |icmp_ln46_227_fu_8608_p2      |      icmp|   0|  0|   13|           6|           1|
    |icmp_ln46_228_fu_8632_p2      |      icmp|   0|  0|   13|           6|           1|
    |icmp_ln46_229_fu_8656_p2      |      icmp|   0|  0|   13|           6|           1|
    |icmp_ln46_230_fu_8680_p2      |      icmp|   0|  0|   13|           6|           1|
    |icmp_ln46_231_fu_8704_p2      |      icmp|   0|  0|   13|           6|           1|
    |icmp_ln46_232_fu_8728_p2      |      icmp|   0|  0|   13|           6|           1|
    |icmp_ln46_233_fu_8752_p2      |      icmp|   0|  0|   13|           6|           1|
    |icmp_ln46_234_fu_8776_p2      |      icmp|   0|  0|   13|           6|           1|
    |icmp_ln46_235_fu_8800_p2      |      icmp|   0|  0|   13|           6|           1|
    |icmp_ln46_236_fu_8824_p2      |      icmp|   0|  0|   13|           6|           1|
    |icmp_ln46_237_fu_8848_p2      |      icmp|   0|  0|   13|           6|           1|
    |icmp_ln46_238_fu_8872_p2      |      icmp|   0|  0|   13|           6|           1|
    |icmp_ln46_239_fu_8896_p2      |      icmp|   0|  0|   13|           6|           1|
    |icmp_ln46_240_fu_8920_p2      |      icmp|   0|  0|   13|           6|           1|
    |icmp_ln46_241_fu_8944_p2      |      icmp|   0|  0|   13|           6|           1|
    |icmp_ln46_242_fu_8968_p2      |      icmp|   0|  0|   13|           6|           1|
    |icmp_ln46_243_fu_8992_p2      |      icmp|   0|  0|   13|           6|           1|
    |icmp_ln46_244_fu_9016_p2      |      icmp|   0|  0|   13|           6|           1|
    |icmp_ln46_245_fu_9040_p2      |      icmp|   0|  0|   13|           6|           1|
    |icmp_ln46_246_fu_9064_p2      |      icmp|   0|  0|   13|           6|           1|
    |icmp_ln46_247_fu_9088_p2      |      icmp|   0|  0|   13|           6|           1|
    |icmp_ln46_248_fu_9112_p2      |      icmp|   0|  0|   13|           6|           1|
    |icmp_ln46_249_fu_9136_p2      |      icmp|   0|  0|   13|           6|           1|
    |icmp_ln46_250_fu_9160_p2      |      icmp|   0|  0|   13|           6|           1|
    |icmp_ln46_251_fu_9184_p2      |      icmp|   0|  0|   13|           6|           1|
    |icmp_ln46_252_fu_9208_p2      |      icmp|   0|  0|   13|           6|           1|
    |icmp_ln46_253_fu_9232_p2      |      icmp|   0|  0|   13|           6|           1|
    |icmp_ln46_254_fu_9256_p2      |      icmp|   0|  0|   13|           6|           1|
    |icmp_ln46_255_fu_9280_p2      |      icmp|   0|  0|   13|           6|           1|
    |icmp_ln46_256_fu_9304_p2      |      icmp|   0|  0|   13|           6|           1|
    |icmp_ln46_257_fu_9328_p2      |      icmp|   0|  0|   13|           6|           1|
    |icmp_ln46_258_fu_9352_p2      |      icmp|   0|  0|   13|           6|           1|
    |icmp_ln46_259_fu_9376_p2      |      icmp|   0|  0|   13|           6|           1|
    |icmp_ln46_260_fu_9400_p2      |      icmp|   0|  0|   13|           6|           1|
    |icmp_ln46_261_fu_9424_p2      |      icmp|   0|  0|   13|           6|           1|
    |icmp_ln46_262_fu_9448_p2      |      icmp|   0|  0|   13|           6|           1|
    |icmp_ln46_263_fu_9472_p2      |      icmp|   0|  0|   13|           6|           1|
    |icmp_ln46_264_fu_9496_p2      |      icmp|   0|  0|   13|           6|           1|
    |icmp_ln46_265_fu_9520_p2      |      icmp|   0|  0|   13|           6|           1|
    |icmp_ln46_266_fu_9544_p2      |      icmp|   0|  0|   13|           6|           1|
    |icmp_ln46_267_fu_9568_p2      |      icmp|   0|  0|   13|           6|           1|
    |icmp_ln46_268_fu_9592_p2      |      icmp|   0|  0|   13|           6|           1|
    |icmp_ln46_269_fu_9616_p2      |      icmp|   0|  0|   13|           6|           1|
    |icmp_ln46_270_fu_9640_p2      |      icmp|   0|  0|   13|           6|           1|
    |icmp_ln46_271_fu_9664_p2      |      icmp|   0|  0|   13|           6|           1|
    |icmp_ln46_272_fu_9688_p2      |      icmp|   0|  0|   13|           6|           1|
    |icmp_ln46_273_fu_9712_p2      |      icmp|   0|  0|   13|           6|           1|
    |icmp_ln46_274_fu_9736_p2      |      icmp|   0|  0|   13|           6|           1|
    |icmp_ln46_275_fu_9760_p2      |      icmp|   0|  0|   13|           6|           1|
    |icmp_ln46_276_fu_9784_p2      |      icmp|   0|  0|   13|           6|           1|
    |icmp_ln46_277_fu_9808_p2      |      icmp|   0|  0|   13|           6|           1|
    |icmp_ln46_278_fu_9832_p2      |      icmp|   0|  0|   13|           6|           1|
    |icmp_ln46_279_fu_9856_p2      |      icmp|   0|  0|   13|           6|           1|
    |icmp_ln46_280_fu_9880_p2      |      icmp|   0|  0|   13|           6|           1|
    |icmp_ln46_281_fu_9904_p2      |      icmp|   0|  0|   13|           6|           1|
    |icmp_ln46_282_fu_9928_p2      |      icmp|   0|  0|   13|           6|           1|
    |icmp_ln46_283_fu_9952_p2      |      icmp|   0|  0|   13|           6|           1|
    |icmp_ln46_284_fu_9976_p2      |      icmp|   0|  0|   13|           6|           1|
    |icmp_ln46_285_fu_10000_p2     |      icmp|   0|  0|   13|           6|           1|
    |icmp_ln46_286_fu_10024_p2     |      icmp|   0|  0|   13|           6|           1|
    |icmp_ln46_287_fu_10048_p2     |      icmp|   0|  0|   13|           6|           1|
    |icmp_ln46_288_fu_10072_p2     |      icmp|   0|  0|   13|           6|           1|
    |icmp_ln46_289_fu_10096_p2     |      icmp|   0|  0|   13|           6|           1|
    |icmp_ln46_290_fu_10120_p2     |      icmp|   0|  0|   13|           6|           1|
    |icmp_ln46_291_fu_10144_p2     |      icmp|   0|  0|   13|           6|           1|
    |icmp_ln46_292_fu_10168_p2     |      icmp|   0|  0|   13|           6|           1|
    |icmp_ln46_293_fu_10192_p2     |      icmp|   0|  0|   13|           6|           1|
    |icmp_ln46_294_fu_10216_p2     |      icmp|   0|  0|   13|           6|           1|
    |icmp_ln46_295_fu_10240_p2     |      icmp|   0|  0|   13|           6|           1|
    |icmp_ln46_296_fu_10264_p2     |      icmp|   0|  0|   13|           6|           1|
    |icmp_ln46_297_fu_10288_p2     |      icmp|   0|  0|   13|           6|           1|
    |icmp_ln46_298_fu_10312_p2     |      icmp|   0|  0|   13|           6|           1|
    |icmp_ln46_299_fu_10336_p2     |      icmp|   0|  0|   13|           6|           1|
    |icmp_ln46_300_fu_10360_p2     |      icmp|   0|  0|   13|           6|           1|
    |icmp_ln46_301_fu_10384_p2     |      icmp|   0|  0|   13|           6|           1|
    |icmp_ln46_302_fu_10408_p2     |      icmp|   0|  0|   13|           6|           1|
    |icmp_ln46_303_fu_10432_p2     |      icmp|   0|  0|   13|           6|           1|
    |icmp_ln46_304_fu_10456_p2     |      icmp|   0|  0|   13|           6|           1|
    |icmp_ln46_305_fu_10480_p2     |      icmp|   0|  0|   13|           6|           1|
    |icmp_ln46_306_fu_10504_p2     |      icmp|   0|  0|   13|           6|           1|
    |icmp_ln46_307_fu_10528_p2     |      icmp|   0|  0|   13|           6|           1|
    |icmp_ln46_308_fu_10552_p2     |      icmp|   0|  0|   13|           6|           1|
    |icmp_ln46_309_fu_10576_p2     |      icmp|   0|  0|   13|           6|           1|
    |icmp_ln46_310_fu_10600_p2     |      icmp|   0|  0|   13|           6|           1|
    |icmp_ln46_311_fu_10624_p2     |      icmp|   0|  0|   13|           6|           1|
    |icmp_ln46_312_fu_10648_p2     |      icmp|   0|  0|   13|           6|           1|
    |icmp_ln46_313_fu_10672_p2     |      icmp|   0|  0|   13|           6|           1|
    |icmp_ln46_314_fu_10696_p2     |      icmp|   0|  0|   13|           6|           1|
    |icmp_ln46_315_fu_10720_p2     |      icmp|   0|  0|   13|           6|           1|
    |icmp_ln46_316_fu_10744_p2     |      icmp|   0|  0|   13|           6|           1|
    |icmp_ln46_317_fu_10768_p2     |      icmp|   0|  0|   13|           6|           1|
    |icmp_ln46_318_fu_10792_p2     |      icmp|   0|  0|   13|           6|           1|
    |icmp_ln46_319_fu_10816_p2     |      icmp|   0|  0|   13|           6|           1|
    |icmp_ln46_320_fu_10840_p2     |      icmp|   0|  0|   13|           6|           1|
    |icmp_ln46_321_fu_10864_p2     |      icmp|   0|  0|   13|           6|           1|
    |icmp_ln46_322_fu_10888_p2     |      icmp|   0|  0|   13|           6|           1|
    |icmp_ln46_323_fu_10912_p2     |      icmp|   0|  0|   13|           6|           1|
    |icmp_ln46_324_fu_10936_p2     |      icmp|   0|  0|   13|           6|           1|
    |icmp_ln46_325_fu_10960_p2     |      icmp|   0|  0|   13|           6|           1|
    |icmp_ln46_326_fu_10984_p2     |      icmp|   0|  0|   13|           6|           1|
    |icmp_ln46_327_fu_11008_p2     |      icmp|   0|  0|   13|           6|           1|
    |icmp_ln46_328_fu_11032_p2     |      icmp|   0|  0|   13|           6|           1|
    |icmp_ln46_329_fu_11056_p2     |      icmp|   0|  0|   13|           6|           1|
    |icmp_ln46_330_fu_11080_p2     |      icmp|   0|  0|   13|           6|           1|
    |icmp_ln46_331_fu_11104_p2     |      icmp|   0|  0|   13|           6|           1|
    |icmp_ln46_332_fu_11128_p2     |      icmp|   0|  0|   13|           6|           1|
    |icmp_ln46_333_fu_11152_p2     |      icmp|   0|  0|   13|           6|           1|
    |icmp_ln46_334_fu_11176_p2     |      icmp|   0|  0|   13|           6|           1|
    |icmp_ln46_335_fu_11200_p2     |      icmp|   0|  0|   13|           6|           1|
    |icmp_ln46_336_fu_11224_p2     |      icmp|   0|  0|   13|           6|           1|
    |icmp_ln46_337_fu_11248_p2     |      icmp|   0|  0|   13|           6|           1|
    |icmp_ln46_338_fu_11272_p2     |      icmp|   0|  0|   13|           6|           1|
    |icmp_ln46_339_fu_11296_p2     |      icmp|   0|  0|   13|           6|           1|
    |icmp_ln46_340_fu_11320_p2     |      icmp|   0|  0|   13|           6|           1|
    |icmp_ln46_341_fu_11344_p2     |      icmp|   0|  0|   13|           6|           1|
    |icmp_ln46_342_fu_11368_p2     |      icmp|   0|  0|   13|           6|           1|
    |icmp_ln46_343_fu_11392_p2     |      icmp|   0|  0|   13|           6|           1|
    |icmp_ln46_344_fu_11416_p2     |      icmp|   0|  0|   13|           6|           1|
    |icmp_ln46_345_fu_11440_p2     |      icmp|   0|  0|   13|           6|           1|
    |icmp_ln46_346_fu_11464_p2     |      icmp|   0|  0|   13|           6|           1|
    |icmp_ln46_347_fu_11488_p2     |      icmp|   0|  0|   13|           6|           1|
    |icmp_ln46_348_fu_11512_p2     |      icmp|   0|  0|   13|           6|           1|
    |icmp_ln46_349_fu_11536_p2     |      icmp|   0|  0|   13|           6|           1|
    |icmp_ln46_350_fu_11560_p2     |      icmp|   0|  0|   13|           6|           1|
    |icmp_ln46_351_fu_11584_p2     |      icmp|   0|  0|   13|           6|           1|
    |icmp_ln46_352_fu_11608_p2     |      icmp|   0|  0|   13|           6|           1|
    |icmp_ln46_353_fu_11632_p2     |      icmp|   0|  0|   13|           6|           1|
    |icmp_ln46_354_fu_11656_p2     |      icmp|   0|  0|   13|           6|           1|
    |icmp_ln46_355_fu_11680_p2     |      icmp|   0|  0|   13|           6|           1|
    |icmp_ln46_356_fu_11704_p2     |      icmp|   0|  0|   13|           6|           1|
    |icmp_ln46_357_fu_11728_p2     |      icmp|   0|  0|   13|           6|           1|
    |icmp_ln46_358_fu_11752_p2     |      icmp|   0|  0|   13|           6|           1|
    |icmp_ln46_359_fu_11776_p2     |      icmp|   0|  0|   13|           6|           1|
    |icmp_ln46_360_fu_11800_p2     |      icmp|   0|  0|   13|           6|           1|
    |icmp_ln46_361_fu_11824_p2     |      icmp|   0|  0|   13|           6|           1|
    |icmp_ln46_362_fu_11848_p2     |      icmp|   0|  0|   13|           6|           1|
    |icmp_ln46_363_fu_11872_p2     |      icmp|   0|  0|   13|           6|           1|
    |icmp_ln46_364_fu_11896_p2     |      icmp|   0|  0|   13|           6|           1|
    |icmp_ln46_365_fu_11920_p2     |      icmp|   0|  0|   13|           6|           1|
    |icmp_ln46_366_fu_11944_p2     |      icmp|   0|  0|   13|           6|           1|
    |icmp_ln46_367_fu_11968_p2     |      icmp|   0|  0|   13|           6|           1|
    |icmp_ln46_368_fu_11992_p2     |      icmp|   0|  0|   13|           6|           1|
    |icmp_ln46_369_fu_12016_p2     |      icmp|   0|  0|   13|           6|           1|
    |icmp_ln46_370_fu_12040_p2     |      icmp|   0|  0|   13|           6|           1|
    |icmp_ln46_371_fu_12064_p2     |      icmp|   0|  0|   13|           6|           1|
    |icmp_ln46_372_fu_12088_p2     |      icmp|   0|  0|   13|           6|           1|
    |icmp_ln46_373_fu_12112_p2     |      icmp|   0|  0|   13|           6|           1|
    |icmp_ln46_374_fu_12136_p2     |      icmp|   0|  0|   13|           6|           1|
    |icmp_ln46_375_fu_12160_p2     |      icmp|   0|  0|   13|           6|           1|
    |icmp_ln46_376_fu_12184_p2     |      icmp|   0|  0|   13|           6|           1|
    |icmp_ln46_377_fu_12208_p2     |      icmp|   0|  0|   13|           6|           1|
    |icmp_ln46_378_fu_12232_p2     |      icmp|   0|  0|   13|           6|           1|
    |icmp_ln46_379_fu_12256_p2     |      icmp|   0|  0|   13|           6|           1|
    |icmp_ln46_380_fu_12280_p2     |      icmp|   0|  0|   13|           6|           1|
    |icmp_ln46_381_fu_12304_p2     |      icmp|   0|  0|   13|           6|           1|
    |icmp_ln46_382_fu_12328_p2     |      icmp|   0|  0|   13|           6|           1|
    |icmp_ln46_383_fu_12352_p2     |      icmp|   0|  0|   13|           6|           1|
    |icmp_ln46_384_fu_12376_p2     |      icmp|   0|  0|   13|           6|           1|
    |icmp_ln46_385_fu_12400_p2     |      icmp|   0|  0|   13|           6|           1|
    |icmp_ln46_386_fu_12424_p2     |      icmp|   0|  0|   13|           6|           1|
    |icmp_ln46_387_fu_12448_p2     |      icmp|   0|  0|   13|           6|           1|
    |icmp_ln46_388_fu_12472_p2     |      icmp|   0|  0|   13|           6|           1|
    |icmp_ln46_389_fu_12496_p2     |      icmp|   0|  0|   13|           6|           1|
    |icmp_ln46_390_fu_12520_p2     |      icmp|   0|  0|   13|           6|           1|
    |icmp_ln46_391_fu_12544_p2     |      icmp|   0|  0|   13|           6|           1|
    |icmp_ln46_392_fu_12568_p2     |      icmp|   0|  0|   13|           6|           1|
    |icmp_ln46_393_fu_12592_p2     |      icmp|   0|  0|   13|           6|           1|
    |icmp_ln46_394_fu_12616_p2     |      icmp|   0|  0|   13|           6|           1|
    |icmp_ln46_395_fu_12640_p2     |      icmp|   0|  0|   13|           6|           1|
    |icmp_ln46_396_fu_12664_p2     |      icmp|   0|  0|   13|           6|           1|
    |icmp_ln46_397_fu_12688_p2     |      icmp|   0|  0|   13|           6|           1|
    |icmp_ln46_398_fu_12712_p2     |      icmp|   0|  0|   13|           6|           1|
    |icmp_ln46_399_fu_12736_p2     |      icmp|   0|  0|   13|           6|           1|
    |icmp_ln46_400_fu_12760_p2     |      icmp|   0|  0|   13|           6|           1|
    |icmp_ln46_401_fu_12784_p2     |      icmp|   0|  0|   13|           6|           1|
    |icmp_ln46_402_fu_12808_p2     |      icmp|   0|  0|   13|           6|           1|
    |icmp_ln46_403_fu_12832_p2     |      icmp|   0|  0|   13|           6|           1|
    |icmp_ln46_404_fu_12856_p2     |      icmp|   0|  0|   13|           6|           1|
    |icmp_ln46_405_fu_12880_p2     |      icmp|   0|  0|   13|           6|           1|
    |icmp_ln46_406_fu_12904_p2     |      icmp|   0|  0|   13|           6|           1|
    |icmp_ln46_407_fu_12928_p2     |      icmp|   0|  0|   13|           6|           1|
    |icmp_ln46_408_fu_12952_p2     |      icmp|   0|  0|   13|           6|           1|
    |icmp_ln46_409_fu_12976_p2     |      icmp|   0|  0|   13|           6|           1|
    |icmp_ln46_410_fu_13000_p2     |      icmp|   0|  0|   13|           6|           1|
    |icmp_ln46_411_fu_13024_p2     |      icmp|   0|  0|   13|           6|           1|
    |icmp_ln46_412_fu_13048_p2     |      icmp|   0|  0|   13|           6|           1|
    |icmp_ln46_413_fu_13072_p2     |      icmp|   0|  0|   13|           6|           1|
    |icmp_ln46_414_fu_13096_p2     |      icmp|   0|  0|   13|           6|           1|
    |icmp_ln46_415_fu_13120_p2     |      icmp|   0|  0|   13|           6|           1|
    |icmp_ln46_416_fu_13144_p2     |      icmp|   0|  0|   13|           6|           1|
    |icmp_ln46_417_fu_13168_p2     |      icmp|   0|  0|   13|           6|           1|
    |icmp_ln46_418_fu_13192_p2     |      icmp|   0|  0|   13|           6|           1|
    |icmp_ln46_419_fu_13216_p2     |      icmp|   0|  0|   13|           6|           1|
    |icmp_ln46_420_fu_13240_p2     |      icmp|   0|  0|   13|           6|           1|
    |icmp_ln46_421_fu_13264_p2     |      icmp|   0|  0|   13|           6|           1|
    |icmp_ln46_422_fu_13288_p2     |      icmp|   0|  0|   13|           6|           1|
    |icmp_ln46_423_fu_13312_p2     |      icmp|   0|  0|   13|           6|           1|
    |icmp_ln46_424_fu_13336_p2     |      icmp|   0|  0|   13|           6|           1|
    |icmp_ln46_425_fu_13360_p2     |      icmp|   0|  0|   13|           6|           1|
    |icmp_ln46_426_fu_13384_p2     |      icmp|   0|  0|   13|           6|           1|
    |icmp_ln46_427_fu_13408_p2     |      icmp|   0|  0|   13|           6|           1|
    |icmp_ln46_428_fu_13432_p2     |      icmp|   0|  0|   13|           6|           1|
    |icmp_ln46_429_fu_13456_p2     |      icmp|   0|  0|   13|           6|           1|
    |icmp_ln46_42_fu_4168_p2       |      icmp|   0|  0|   13|           6|           1|
    |icmp_ln46_430_fu_13480_p2     |      icmp|   0|  0|   13|           6|           1|
    |icmp_ln46_431_fu_13504_p2     |      icmp|   0|  0|   13|           6|           1|
    |icmp_ln46_432_fu_13528_p2     |      icmp|   0|  0|   13|           6|           1|
    |icmp_ln46_433_fu_13552_p2     |      icmp|   0|  0|   13|           6|           1|
    |icmp_ln46_434_fu_13576_p2     |      icmp|   0|  0|   13|           6|           1|
    |icmp_ln46_435_fu_13600_p2     |      icmp|   0|  0|   13|           6|           1|
    |icmp_ln46_436_fu_13624_p2     |      icmp|   0|  0|   13|           6|           1|
    |icmp_ln46_437_fu_13648_p2     |      icmp|   0|  0|   13|           6|           1|
    |icmp_ln46_438_fu_13672_p2     |      icmp|   0|  0|   13|           6|           1|
    |icmp_ln46_439_fu_13696_p2     |      icmp|   0|  0|   13|           6|           1|
    |icmp_ln46_43_fu_4192_p2       |      icmp|   0|  0|   13|           6|           1|
    |icmp_ln46_440_fu_13720_p2     |      icmp|   0|  0|   13|           6|           1|
    |icmp_ln46_441_fu_13744_p2     |      icmp|   0|  0|   13|           6|           1|
    |icmp_ln46_442_fu_13768_p2     |      icmp|   0|  0|   13|           6|           1|
    |icmp_ln46_443_fu_13792_p2     |      icmp|   0|  0|   13|           6|           1|
    |icmp_ln46_444_fu_13816_p2     |      icmp|   0|  0|   13|           6|           1|
    |icmp_ln46_445_fu_13840_p2     |      icmp|   0|  0|   13|           6|           1|
    |icmp_ln46_446_fu_13864_p2     |      icmp|   0|  0|   13|           6|           1|
    |icmp_ln46_447_fu_13888_p2     |      icmp|   0|  0|   13|           6|           1|
    |icmp_ln46_448_fu_13912_p2     |      icmp|   0|  0|   13|           6|           1|
    |icmp_ln46_449_fu_13936_p2     |      icmp|   0|  0|   13|           6|           1|
    |icmp_ln46_44_fu_4216_p2       |      icmp|   0|  0|   13|           6|           1|
    |icmp_ln46_450_fu_13960_p2     |      icmp|   0|  0|   13|           6|           1|
    |icmp_ln46_451_fu_13984_p2     |      icmp|   0|  0|   13|           6|           1|
    |icmp_ln46_452_fu_14008_p2     |      icmp|   0|  0|   13|           6|           1|
    |icmp_ln46_453_fu_14032_p2     |      icmp|   0|  0|   13|           6|           1|
    |icmp_ln46_454_fu_14056_p2     |      icmp|   0|  0|   13|           6|           1|
    |icmp_ln46_455_fu_14080_p2     |      icmp|   0|  0|   13|           6|           1|
    |icmp_ln46_456_fu_14104_p2     |      icmp|   0|  0|   13|           6|           1|
    |icmp_ln46_457_fu_14128_p2     |      icmp|   0|  0|   13|           6|           1|
    |icmp_ln46_458_fu_14152_p2     |      icmp|   0|  0|   13|           6|           1|
    |icmp_ln46_459_fu_14176_p2     |      icmp|   0|  0|   13|           6|           1|
    |icmp_ln46_45_fu_4240_p2       |      icmp|   0|  0|   13|           6|           1|
    |icmp_ln46_460_fu_14200_p2     |      icmp|   0|  0|   13|           6|           1|
    |icmp_ln46_461_fu_14224_p2     |      icmp|   0|  0|   13|           6|           1|
    |icmp_ln46_462_fu_14248_p2     |      icmp|   0|  0|   13|           6|           1|
    |icmp_ln46_463_fu_14272_p2     |      icmp|   0|  0|   13|           6|           1|
    |icmp_ln46_464_fu_14296_p2     |      icmp|   0|  0|   13|           6|           1|
    |icmp_ln46_465_fu_14320_p2     |      icmp|   0|  0|   13|           6|           1|
    |icmp_ln46_466_fu_14344_p2     |      icmp|   0|  0|   13|           6|           1|
    |icmp_ln46_467_fu_14368_p2     |      icmp|   0|  0|   13|           6|           1|
    |icmp_ln46_468_fu_14392_p2     |      icmp|   0|  0|   13|           6|           1|
    |icmp_ln46_469_fu_14416_p2     |      icmp|   0|  0|   13|           6|           1|
    |icmp_ln46_46_fu_4264_p2       |      icmp|   0|  0|   13|           6|           1|
    |icmp_ln46_470_fu_14440_p2     |      icmp|   0|  0|   13|           6|           1|
    |icmp_ln46_471_fu_14464_p2     |      icmp|   0|  0|   13|           6|           1|
    |icmp_ln46_472_fu_14488_p2     |      icmp|   0|  0|   13|           6|           1|
    |icmp_ln46_473_fu_14512_p2     |      icmp|   0|  0|   13|           6|           1|
    |icmp_ln46_474_fu_14536_p2     |      icmp|   0|  0|   13|           6|           1|
    |icmp_ln46_475_fu_14560_p2     |      icmp|   0|  0|   13|           6|           1|
    |icmp_ln46_476_fu_14584_p2     |      icmp|   0|  0|   13|           6|           1|
    |icmp_ln46_477_fu_14608_p2     |      icmp|   0|  0|   13|           6|           1|
    |icmp_ln46_478_fu_14632_p2     |      icmp|   0|  0|   13|           6|           1|
    |icmp_ln46_479_fu_14656_p2     |      icmp|   0|  0|   13|           6|           1|
    |icmp_ln46_47_fu_4288_p2       |      icmp|   0|  0|   13|           6|           1|
    |icmp_ln46_480_fu_14680_p2     |      icmp|   0|  0|   13|           6|           1|
    |icmp_ln46_481_fu_14704_p2     |      icmp|   0|  0|   13|           6|           1|
    |icmp_ln46_482_fu_14728_p2     |      icmp|   0|  0|   13|           6|           1|
    |icmp_ln46_483_fu_14752_p2     |      icmp|   0|  0|   13|           6|           1|
    |icmp_ln46_484_fu_14776_p2     |      icmp|   0|  0|   13|           6|           1|
    |icmp_ln46_485_fu_14800_p2     |      icmp|   0|  0|   13|           6|           1|
    |icmp_ln46_486_fu_14824_p2     |      icmp|   0|  0|   13|           6|           1|
    |icmp_ln46_487_fu_14848_p2     |      icmp|   0|  0|   13|           6|           1|
    |icmp_ln46_488_fu_14872_p2     |      icmp|   0|  0|   13|           6|           1|
    |icmp_ln46_489_fu_14896_p2     |      icmp|   0|  0|   13|           6|           1|
    |icmp_ln46_48_fu_4312_p2       |      icmp|   0|  0|   13|           6|           1|
    |icmp_ln46_490_fu_14920_p2     |      icmp|   0|  0|   13|           6|           1|
    |icmp_ln46_491_fu_14944_p2     |      icmp|   0|  0|   13|           6|           1|
    |icmp_ln46_492_fu_14968_p2     |      icmp|   0|  0|   13|           6|           1|
    |icmp_ln46_493_fu_14992_p2     |      icmp|   0|  0|   13|           6|           1|
    |icmp_ln46_494_fu_15016_p2     |      icmp|   0|  0|   13|           6|           1|
    |icmp_ln46_495_fu_15040_p2     |      icmp|   0|  0|   13|           6|           1|
    |icmp_ln46_496_fu_15064_p2     |      icmp|   0|  0|   13|           6|           1|
    |icmp_ln46_497_fu_15088_p2     |      icmp|   0|  0|   13|           6|           1|
    |icmp_ln46_498_fu_15112_p2     |      icmp|   0|  0|   13|           6|           1|
    |icmp_ln46_499_fu_15136_p2     |      icmp|   0|  0|   13|           6|           1|
    |icmp_ln46_49_fu_4336_p2       |      icmp|   0|  0|   13|           6|           1|
    |icmp_ln46_500_fu_15160_p2     |      icmp|   0|  0|   13|           6|           1|
    |icmp_ln46_501_fu_15184_p2     |      icmp|   0|  0|   13|           6|           1|
    |icmp_ln46_502_fu_15208_p2     |      icmp|   0|  0|   13|           6|           1|
    |icmp_ln46_503_fu_15232_p2     |      icmp|   0|  0|   13|           6|           1|
    |icmp_ln46_504_fu_15256_p2     |      icmp|   0|  0|   13|           6|           1|
    |icmp_ln46_505_fu_15280_p2     |      icmp|   0|  0|   13|           6|           1|
    |icmp_ln46_506_fu_15304_p2     |      icmp|   0|  0|   13|           6|           1|
    |icmp_ln46_507_fu_15328_p2     |      icmp|   0|  0|   13|           6|           1|
    |icmp_ln46_508_fu_15352_p2     |      icmp|   0|  0|   13|           6|           1|
    |icmp_ln46_509_fu_15376_p2     |      icmp|   0|  0|   13|           6|           1|
    |icmp_ln46_50_fu_4360_p2       |      icmp|   0|  0|   13|           6|           1|
    |icmp_ln46_510_fu_15400_p2     |      icmp|   0|  0|   13|           6|           1|
    |icmp_ln46_511_fu_15424_p2     |      icmp|   0|  0|   13|           6|           1|
    |icmp_ln46_512_fu_15448_p2     |      icmp|   0|  0|   13|           6|           1|
    |icmp_ln46_513_fu_15472_p2     |      icmp|   0|  0|   13|           6|           1|
    |icmp_ln46_514_fu_15496_p2     |      icmp|   0|  0|   13|           6|           1|
    |icmp_ln46_515_fu_15520_p2     |      icmp|   0|  0|   13|           6|           1|
    |icmp_ln46_516_fu_15544_p2     |      icmp|   0|  0|   13|           6|           1|
    |icmp_ln46_517_fu_15568_p2     |      icmp|   0|  0|   13|           6|           1|
    |icmp_ln46_518_fu_15592_p2     |      icmp|   0|  0|   13|           6|           1|
    |icmp_ln46_519_fu_15616_p2     |      icmp|   0|  0|   13|           6|           1|
    |icmp_ln46_51_fu_4384_p2       |      icmp|   0|  0|   13|           6|           1|
    |icmp_ln46_520_fu_15640_p2     |      icmp|   0|  0|   13|           6|           1|
    |icmp_ln46_521_fu_15664_p2     |      icmp|   0|  0|   13|           6|           1|
    |icmp_ln46_522_fu_15688_p2     |      icmp|   0|  0|   13|           6|           1|
    |icmp_ln46_523_fu_15712_p2     |      icmp|   0|  0|   13|           6|           1|
    |icmp_ln46_524_fu_15736_p2     |      icmp|   0|  0|   13|           6|           1|
    |icmp_ln46_525_fu_15760_p2     |      icmp|   0|  0|   13|           6|           1|
    |icmp_ln46_526_fu_15784_p2     |      icmp|   0|  0|   13|           6|           1|
    |icmp_ln46_527_fu_15808_p2     |      icmp|   0|  0|   13|           6|           1|
    |icmp_ln46_528_fu_15832_p2     |      icmp|   0|  0|   13|           6|           1|
    |icmp_ln46_529_fu_15856_p2     |      icmp|   0|  0|   13|           6|           1|
    |icmp_ln46_52_fu_4408_p2       |      icmp|   0|  0|   13|           6|           1|
    |icmp_ln46_530_fu_15880_p2     |      icmp|   0|  0|   13|           6|           1|
    |icmp_ln46_531_fu_15904_p2     |      icmp|   0|  0|   13|           6|           1|
    |icmp_ln46_532_fu_15928_p2     |      icmp|   0|  0|   13|           6|           1|
    |icmp_ln46_533_fu_15952_p2     |      icmp|   0|  0|   13|           6|           1|
    |icmp_ln46_534_fu_15976_p2     |      icmp|   0|  0|   13|           6|           1|
    |icmp_ln46_535_fu_16000_p2     |      icmp|   0|  0|   13|           6|           1|
    |icmp_ln46_536_fu_16024_p2     |      icmp|   0|  0|   13|           6|           1|
    |icmp_ln46_537_fu_16048_p2     |      icmp|   0|  0|   13|           6|           1|
    |icmp_ln46_538_fu_16072_p2     |      icmp|   0|  0|   13|           6|           1|
    |icmp_ln46_539_fu_16096_p2     |      icmp|   0|  0|   13|           6|           1|
    |icmp_ln46_53_fu_4432_p2       |      icmp|   0|  0|   13|           6|           1|
    |icmp_ln46_540_fu_16120_p2     |      icmp|   0|  0|   13|           6|           1|
    |icmp_ln46_541_fu_16144_p2     |      icmp|   0|  0|   13|           6|           1|
    |icmp_ln46_542_fu_16168_p2     |      icmp|   0|  0|   13|           6|           1|
    |icmp_ln46_543_fu_16192_p2     |      icmp|   0|  0|   13|           6|           1|
    |icmp_ln46_544_fu_16216_p2     |      icmp|   0|  0|   13|           6|           1|
    |icmp_ln46_545_fu_16240_p2     |      icmp|   0|  0|   13|           6|           1|
    |icmp_ln46_546_fu_16264_p2     |      icmp|   0|  0|   13|           6|           1|
    |icmp_ln46_547_fu_16288_p2     |      icmp|   0|  0|   13|           6|           1|
    |icmp_ln46_548_fu_16312_p2     |      icmp|   0|  0|   13|           6|           1|
    |icmp_ln46_549_fu_16336_p2     |      icmp|   0|  0|   13|           6|           1|
    |icmp_ln46_54_fu_4456_p2       |      icmp|   0|  0|   13|           6|           1|
    |icmp_ln46_550_fu_16360_p2     |      icmp|   0|  0|   13|           6|           1|
    |icmp_ln46_551_fu_16384_p2     |      icmp|   0|  0|   13|           6|           1|
    |icmp_ln46_552_fu_16408_p2     |      icmp|   0|  0|   13|           6|           1|
    |icmp_ln46_55_fu_4480_p2       |      icmp|   0|  0|   13|           6|           1|
    |icmp_ln46_56_fu_4504_p2       |      icmp|   0|  0|   13|           6|           1|
    |icmp_ln46_57_fu_4528_p2       |      icmp|   0|  0|   13|           6|           1|
    |icmp_ln46_58_fu_4552_p2       |      icmp|   0|  0|   13|           6|           1|
    |icmp_ln46_59_fu_4576_p2       |      icmp|   0|  0|   13|           6|           1|
    |icmp_ln46_60_fu_4600_p2       |      icmp|   0|  0|   13|           6|           1|
    |icmp_ln46_61_fu_4624_p2       |      icmp|   0|  0|   13|           6|           1|
    |icmp_ln46_62_fu_4648_p2       |      icmp|   0|  0|   13|           6|           1|
    |icmp_ln46_63_fu_4672_p2       |      icmp|   0|  0|   13|           6|           1|
    |icmp_ln46_64_fu_4696_p2       |      icmp|   0|  0|   13|           6|           1|
    |icmp_ln46_65_fu_4720_p2       |      icmp|   0|  0|   13|           6|           1|
    |icmp_ln46_66_fu_4744_p2       |      icmp|   0|  0|   13|           6|           1|
    |icmp_ln46_67_fu_4768_p2       |      icmp|   0|  0|   13|           6|           1|
    |icmp_ln46_68_fu_4792_p2       |      icmp|   0|  0|   13|           6|           1|
    |icmp_ln46_69_fu_4816_p2       |      icmp|   0|  0|   13|           6|           1|
    |icmp_ln46_70_fu_4840_p2       |      icmp|   0|  0|   13|           6|           1|
    |icmp_ln46_71_fu_4864_p2       |      icmp|   0|  0|   13|           6|           1|
    |icmp_ln46_72_fu_4888_p2       |      icmp|   0|  0|   13|           6|           1|
    |icmp_ln46_73_fu_4912_p2       |      icmp|   0|  0|   13|           6|           1|
    |icmp_ln46_74_fu_4936_p2       |      icmp|   0|  0|   13|           6|           1|
    |icmp_ln46_75_fu_4960_p2       |      icmp|   0|  0|   13|           6|           1|
    |icmp_ln46_76_fu_4984_p2       |      icmp|   0|  0|   13|           6|           1|
    |icmp_ln46_77_fu_5008_p2       |      icmp|   0|  0|   13|           6|           1|
    |icmp_ln46_78_fu_5032_p2       |      icmp|   0|  0|   13|           6|           1|
    |icmp_ln46_79_fu_5056_p2       |      icmp|   0|  0|   13|           6|           1|
    |icmp_ln46_80_fu_5080_p2       |      icmp|   0|  0|   13|           6|           1|
    |icmp_ln46_81_fu_5104_p2       |      icmp|   0|  0|   13|           6|           1|
    |icmp_ln46_82_fu_5128_p2       |      icmp|   0|  0|   13|           6|           1|
    |icmp_ln46_83_fu_5152_p2       |      icmp|   0|  0|   13|           6|           1|
    |icmp_ln46_84_fu_5176_p2       |      icmp|   0|  0|   13|           6|           1|
    |icmp_ln46_85_fu_5200_p2       |      icmp|   0|  0|   13|           6|           1|
    |icmp_ln46_86_fu_5224_p2       |      icmp|   0|  0|   13|           6|           1|
    |icmp_ln46_87_fu_5248_p2       |      icmp|   0|  0|   13|           6|           1|
    |icmp_ln46_88_fu_5272_p2       |      icmp|   0|  0|   13|           6|           1|
    |icmp_ln46_89_fu_5296_p2       |      icmp|   0|  0|   13|           6|           1|
    |icmp_ln46_90_fu_5320_p2       |      icmp|   0|  0|   13|           6|           1|
    |icmp_ln46_91_fu_5344_p2       |      icmp|   0|  0|   13|           6|           1|
    |icmp_ln46_92_fu_5368_p2       |      icmp|   0|  0|   13|           6|           1|
    |icmp_ln46_93_fu_5392_p2       |      icmp|   0|  0|   13|           6|           1|
    |icmp_ln46_94_fu_5416_p2       |      icmp|   0|  0|   13|           6|           1|
    |icmp_ln46_95_fu_5440_p2       |      icmp|   0|  0|   13|           6|           1|
    |icmp_ln46_96_fu_5464_p2       |      icmp|   0|  0|   13|           6|           1|
    |icmp_ln46_97_fu_5488_p2       |      icmp|   0|  0|   13|           6|           1|
    |icmp_ln46_98_fu_5512_p2       |      icmp|   0|  0|   13|           6|           1|
    |icmp_ln46_99_fu_5536_p2       |      icmp|   0|  0|   13|           6|           1|
    |icmp_ln46_fu_4144_p2          |      icmp|   0|  0|   13|           6|           1|
    |ap_block_pp0_stage0_11001     |        or|   0|  0|    2|           1|           1|
    |ap_block_pp0_stage0_subdone   |        or|   0|  0|    2|           1|           1|
    |or_ln46_100_fu_19213_p2       |        or|   0|  0|    2|           1|           1|
    |or_ln46_101_fu_19260_p2       |        or|   0|  0|    2|           1|           1|
    |or_ln46_102_fu_19307_p2       |        or|   0|  0|    2|           1|           1|
    |or_ln46_103_fu_19354_p2       |        or|   0|  0|    2|           1|           1|
    |or_ln46_104_fu_19401_p2       |        or|   0|  0|    2|           1|           1|
    |or_ln46_105_fu_19448_p2       |        or|   0|  0|    2|           1|           1|
    |or_ln46_106_fu_19495_p2       |        or|   0|  0|    2|           1|           1|
    |or_ln46_107_fu_19542_p2       |        or|   0|  0|    2|           1|           1|
    |or_ln46_108_fu_19589_p2       |        or|   0|  0|    2|           1|           1|
    |or_ln46_109_fu_19636_p2       |        or|   0|  0|    2|           1|           1|
    |or_ln46_110_fu_19683_p2       |        or|   0|  0|    2|           1|           1|
    |or_ln46_111_fu_19730_p2       |        or|   0|  0|    2|           1|           1|
    |or_ln46_112_fu_19777_p2       |        or|   0|  0|    2|           1|           1|
    |or_ln46_113_fu_19824_p2       |        or|   0|  0|    2|           1|           1|
    |or_ln46_114_fu_19871_p2       |        or|   0|  0|    2|           1|           1|
    |or_ln46_115_fu_19918_p2       |        or|   0|  0|    2|           1|           1|
    |or_ln46_116_fu_19965_p2       |        or|   0|  0|    2|           1|           1|
    |or_ln46_117_fu_20012_p2       |        or|   0|  0|    2|           1|           1|
    |or_ln46_118_fu_20059_p2       |        or|   0|  0|    2|           1|           1|
    |or_ln46_119_fu_20106_p2       |        or|   0|  0|    2|           1|           1|
    |or_ln46_120_fu_20153_p2       |        or|   0|  0|    2|           1|           1|
    |or_ln46_121_fu_20200_p2       |        or|   0|  0|    2|           1|           1|
    |or_ln46_122_fu_20247_p2       |        or|   0|  0|    2|           1|           1|
    |or_ln46_123_fu_20294_p2       |        or|   0|  0|    2|           1|           1|
    |or_ln46_124_fu_20341_p2       |        or|   0|  0|    2|           1|           1|
    |or_ln46_125_fu_20388_p2       |        or|   0|  0|    2|           1|           1|
    |or_ln46_126_fu_20435_p2       |        or|   0|  0|    2|           1|           1|
    |or_ln46_127_fu_20482_p2       |        or|   0|  0|    2|           1|           1|
    |or_ln46_128_fu_20529_p2       |        or|   0|  0|    2|           1|           1|
    |or_ln46_129_fu_20576_p2       |        or|   0|  0|    2|           1|           1|
    |or_ln46_130_fu_20623_p2       |        or|   0|  0|    2|           1|           1|
    |or_ln46_131_fu_20670_p2       |        or|   0|  0|    2|           1|           1|
    |or_ln46_132_fu_20717_p2       |        or|   0|  0|    2|           1|           1|
    |or_ln46_133_fu_20764_p2       |        or|   0|  0|    2|           1|           1|
    |or_ln46_134_fu_20811_p2       |        or|   0|  0|    2|           1|           1|
    |or_ln46_135_fu_20858_p2       |        or|   0|  0|    2|           1|           1|
    |or_ln46_136_fu_20905_p2       |        or|   0|  0|    2|           1|           1|
    |or_ln46_137_fu_20952_p2       |        or|   0|  0|    2|           1|           1|
    |or_ln46_138_fu_20999_p2       |        or|   0|  0|    2|           1|           1|
    |or_ln46_139_fu_21046_p2       |        or|   0|  0|    2|           1|           1|
    |or_ln46_140_fu_21093_p2       |        or|   0|  0|    2|           1|           1|
    |or_ln46_141_fu_21140_p2       |        or|   0|  0|    2|           1|           1|
    |or_ln46_142_fu_21187_p2       |        or|   0|  0|    2|           1|           1|
    |or_ln46_143_fu_21234_p2       |        or|   0|  0|    2|           1|           1|
    |or_ln46_144_fu_21281_p2       |        or|   0|  0|    2|           1|           1|
    |or_ln46_145_fu_21328_p2       |        or|   0|  0|    2|           1|           1|
    |or_ln46_146_fu_21375_p2       |        or|   0|  0|    2|           1|           1|
    |or_ln46_147_fu_21422_p2       |        or|   0|  0|    2|           1|           1|
    |or_ln46_148_fu_21469_p2       |        or|   0|  0|    2|           1|           1|
    |or_ln46_149_fu_21516_p2       |        or|   0|  0|    2|           1|           1|
    |or_ln46_150_fu_21563_p2       |        or|   0|  0|    2|           1|           1|
    |or_ln46_151_fu_21610_p2       |        or|   0|  0|    2|           1|           1|
    |or_ln46_152_fu_21657_p2       |        or|   0|  0|    2|           1|           1|
    |or_ln46_153_fu_21704_p2       |        or|   0|  0|    2|           1|           1|
    |or_ln46_154_fu_21751_p2       |        or|   0|  0|    2|           1|           1|
    |or_ln46_155_fu_21798_p2       |        or|   0|  0|    2|           1|           1|
    |or_ln46_156_fu_21845_p2       |        or|   0|  0|    2|           1|           1|
    |or_ln46_157_fu_21892_p2       |        or|   0|  0|    2|           1|           1|
    |or_ln46_158_fu_21939_p2       |        or|   0|  0|    2|           1|           1|
    |or_ln46_159_fu_21986_p2       |        or|   0|  0|    2|           1|           1|
    |or_ln46_160_fu_22033_p2       |        or|   0|  0|    2|           1|           1|
    |or_ln46_161_fu_22080_p2       |        or|   0|  0|    2|           1|           1|
    |or_ln46_162_fu_22127_p2       |        or|   0|  0|    2|           1|           1|
    |or_ln46_163_fu_22174_p2       |        or|   0|  0|    2|           1|           1|
    |or_ln46_164_fu_22221_p2       |        or|   0|  0|    2|           1|           1|
    |or_ln46_165_fu_22268_p2       |        or|   0|  0|    2|           1|           1|
    |or_ln46_166_fu_22315_p2       |        or|   0|  0|    2|           1|           1|
    |or_ln46_167_fu_22362_p2       |        or|   0|  0|    2|           1|           1|
    |or_ln46_168_fu_22409_p2       |        or|   0|  0|    2|           1|           1|
    |or_ln46_169_fu_22456_p2       |        or|   0|  0|    2|           1|           1|
    |or_ln46_170_fu_22503_p2       |        or|   0|  0|    2|           1|           1|
    |or_ln46_171_fu_22550_p2       |        or|   0|  0|    2|           1|           1|
    |or_ln46_172_fu_22597_p2       |        or|   0|  0|    2|           1|           1|
    |or_ln46_173_fu_22644_p2       |        or|   0|  0|    2|           1|           1|
    |or_ln46_174_fu_22691_p2       |        or|   0|  0|    2|           1|           1|
    |or_ln46_175_fu_22738_p2       |        or|   0|  0|    2|           1|           1|
    |or_ln46_176_fu_22785_p2       |        or|   0|  0|    2|           1|           1|
    |or_ln46_177_fu_22832_p2       |        or|   0|  0|    2|           1|           1|
    |or_ln46_178_fu_22879_p2       |        or|   0|  0|    2|           1|           1|
    |or_ln46_179_fu_22926_p2       |        or|   0|  0|    2|           1|           1|
    |or_ln46_180_fu_22973_p2       |        or|   0|  0|    2|           1|           1|
    |or_ln46_181_fu_23020_p2       |        or|   0|  0|    2|           1|           1|
    |or_ln46_182_fu_23067_p2       |        or|   0|  0|    2|           1|           1|
    |or_ln46_183_fu_23114_p2       |        or|   0|  0|    2|           1|           1|
    |or_ln46_184_fu_23161_p2       |        or|   0|  0|    2|           1|           1|
    |or_ln46_185_fu_23208_p2       |        or|   0|  0|    2|           1|           1|
    |or_ln46_186_fu_23255_p2       |        or|   0|  0|    2|           1|           1|
    |or_ln46_187_fu_23302_p2       |        or|   0|  0|    2|           1|           1|
    |or_ln46_188_fu_23349_p2       |        or|   0|  0|    2|           1|           1|
    |or_ln46_189_fu_23396_p2       |        or|   0|  0|    2|           1|           1|
    |or_ln46_190_fu_23443_p2       |        or|   0|  0|    2|           1|           1|
    |or_ln46_191_fu_23490_p2       |        or|   0|  0|    2|           1|           1|
    |or_ln46_192_fu_23537_p2       |        or|   0|  0|    2|           1|           1|
    |or_ln46_193_fu_23584_p2       |        or|   0|  0|    2|           1|           1|
    |or_ln46_194_fu_23631_p2       |        or|   0|  0|    2|           1|           1|
    |or_ln46_195_fu_23678_p2       |        or|   0|  0|    2|           1|           1|
    |or_ln46_196_fu_23725_p2       |        or|   0|  0|    2|           1|           1|
    |or_ln46_197_fu_23772_p2       |        or|   0|  0|    2|           1|           1|
    |or_ln46_198_fu_23819_p2       |        or|   0|  0|    2|           1|           1|
    |or_ln46_199_fu_23866_p2       |        or|   0|  0|    2|           1|           1|
    |or_ln46_200_fu_23913_p2       |        or|   0|  0|    2|           1|           1|
    |or_ln46_201_fu_23960_p2       |        or|   0|  0|    2|           1|           1|
    |or_ln46_202_fu_24007_p2       |        or|   0|  0|    2|           1|           1|
    |or_ln46_203_fu_24054_p2       |        or|   0|  0|    2|           1|           1|
    |or_ln46_204_fu_24101_p2       |        or|   0|  0|    2|           1|           1|
    |or_ln46_205_fu_24148_p2       |        or|   0|  0|    2|           1|           1|
    |or_ln46_206_fu_24195_p2       |        or|   0|  0|    2|           1|           1|
    |or_ln46_207_fu_24242_p2       |        or|   0|  0|    2|           1|           1|
    |or_ln46_208_fu_24289_p2       |        or|   0|  0|    2|           1|           1|
    |or_ln46_209_fu_24336_p2       |        or|   0|  0|    2|           1|           1|
    |or_ln46_210_fu_24383_p2       |        or|   0|  0|    2|           1|           1|
    |or_ln46_211_fu_24430_p2       |        or|   0|  0|    2|           1|           1|
    |or_ln46_212_fu_24477_p2       |        or|   0|  0|    2|           1|           1|
    |or_ln46_213_fu_24524_p2       |        or|   0|  0|    2|           1|           1|
    |or_ln46_214_fu_24571_p2       |        or|   0|  0|    2|           1|           1|
    |or_ln46_215_fu_24618_p2       |        or|   0|  0|    2|           1|           1|
    |or_ln46_216_fu_24665_p2       |        or|   0|  0|    2|           1|           1|
    |or_ln46_217_fu_24712_p2       |        or|   0|  0|    2|           1|           1|
    |or_ln46_218_fu_24759_p2       |        or|   0|  0|    2|           1|           1|
    |or_ln46_219_fu_24806_p2       |        or|   0|  0|    2|           1|           1|
    |or_ln46_220_fu_24853_p2       |        or|   0|  0|    2|           1|           1|
    |or_ln46_221_fu_24900_p2       |        or|   0|  0|    2|           1|           1|
    |or_ln46_222_fu_24947_p2       |        or|   0|  0|    2|           1|           1|
    |or_ln46_223_fu_24994_p2       |        or|   0|  0|    2|           1|           1|
    |or_ln46_224_fu_25041_p2       |        or|   0|  0|    2|           1|           1|
    |or_ln46_225_fu_25088_p2       |        or|   0|  0|    2|           1|           1|
    |or_ln46_226_fu_25135_p2       |        or|   0|  0|    2|           1|           1|
    |or_ln46_227_fu_25182_p2       |        or|   0|  0|    2|           1|           1|
    |or_ln46_228_fu_25229_p2       |        or|   0|  0|    2|           1|           1|
    |or_ln46_229_fu_25276_p2       |        or|   0|  0|    2|           1|           1|
    |or_ln46_230_fu_25323_p2       |        or|   0|  0|    2|           1|           1|
    |or_ln46_231_fu_25370_p2       |        or|   0|  0|    2|           1|           1|
    |or_ln46_232_fu_25417_p2       |        or|   0|  0|    2|           1|           1|
    |or_ln46_233_fu_25464_p2       |        or|   0|  0|    2|           1|           1|
    |or_ln46_234_fu_25511_p2       |        or|   0|  0|    2|           1|           1|
    |or_ln46_235_fu_25558_p2       |        or|   0|  0|    2|           1|           1|
    |or_ln46_236_fu_25605_p2       |        or|   0|  0|    2|           1|           1|
    |or_ln46_237_fu_25652_p2       |        or|   0|  0|    2|           1|           1|
    |or_ln46_238_fu_25699_p2       |        or|   0|  0|    2|           1|           1|
    |or_ln46_239_fu_25746_p2       |        or|   0|  0|    2|           1|           1|
    |or_ln46_240_fu_25793_p2       |        or|   0|  0|    2|           1|           1|
    |or_ln46_241_fu_25840_p2       |        or|   0|  0|    2|           1|           1|
    |or_ln46_242_fu_25887_p2       |        or|   0|  0|    2|           1|           1|
    |or_ln46_243_fu_25934_p2       |        or|   0|  0|    2|           1|           1|
    |or_ln46_244_fu_25981_p2       |        or|   0|  0|    2|           1|           1|
    |or_ln46_245_fu_26028_p2       |        or|   0|  0|    2|           1|           1|
    |or_ln46_246_fu_26075_p2       |        or|   0|  0|    2|           1|           1|
    |or_ln46_247_fu_26122_p2       |        or|   0|  0|    2|           1|           1|
    |or_ln46_248_fu_26169_p2       |        or|   0|  0|    2|           1|           1|
    |or_ln46_249_fu_26216_p2       |        or|   0|  0|    2|           1|           1|
    |or_ln46_250_fu_26263_p2       |        or|   0|  0|    2|           1|           1|
    |or_ln46_251_fu_26310_p2       |        or|   0|  0|    2|           1|           1|
    |or_ln46_252_fu_26357_p2       |        or|   0|  0|    2|           1|           1|
    |or_ln46_253_fu_26404_p2       |        or|   0|  0|    2|           1|           1|
    |or_ln46_254_fu_26451_p2       |        or|   0|  0|    2|           1|           1|
    |or_ln46_255_fu_26498_p2       |        or|   0|  0|    2|           1|           1|
    |or_ln46_256_fu_26545_p2       |        or|   0|  0|    2|           1|           1|
    |or_ln46_257_fu_26592_p2       |        or|   0|  0|    2|           1|           1|
    |or_ln46_258_fu_26639_p2       |        or|   0|  0|    2|           1|           1|
    |or_ln46_259_fu_26686_p2       |        or|   0|  0|    2|           1|           1|
    |or_ln46_260_fu_26733_p2       |        or|   0|  0|    2|           1|           1|
    |or_ln46_261_fu_26780_p2       |        or|   0|  0|    2|           1|           1|
    |or_ln46_262_fu_26827_p2       |        or|   0|  0|    2|           1|           1|
    |or_ln46_263_fu_26874_p2       |        or|   0|  0|    2|           1|           1|
    |or_ln46_264_fu_26921_p2       |        or|   0|  0|    2|           1|           1|
    |or_ln46_265_fu_26968_p2       |        or|   0|  0|    2|           1|           1|
    |or_ln46_266_fu_27015_p2       |        or|   0|  0|    2|           1|           1|
    |or_ln46_267_fu_27062_p2       |        or|   0|  0|    2|           1|           1|
    |or_ln46_268_fu_27109_p2       |        or|   0|  0|    2|           1|           1|
    |or_ln46_269_fu_27156_p2       |        or|   0|  0|    2|           1|           1|
    |or_ln46_270_fu_27203_p2       |        or|   0|  0|    2|           1|           1|
    |or_ln46_271_fu_27250_p2       |        or|   0|  0|    2|           1|           1|
    |or_ln46_272_fu_27297_p2       |        or|   0|  0|    2|           1|           1|
    |or_ln46_273_fu_27344_p2       |        or|   0|  0|    2|           1|           1|
    |or_ln46_274_fu_27391_p2       |        or|   0|  0|    2|           1|           1|
    |or_ln46_275_fu_27438_p2       |        or|   0|  0|    2|           1|           1|
    |or_ln46_276_fu_27485_p2       |        or|   0|  0|    2|           1|           1|
    |or_ln46_277_fu_27532_p2       |        or|   0|  0|    2|           1|           1|
    |or_ln46_278_fu_27579_p2       |        or|   0|  0|    2|           1|           1|
    |or_ln46_279_fu_27626_p2       |        or|   0|  0|    2|           1|           1|
    |or_ln46_280_fu_27673_p2       |        or|   0|  0|    2|           1|           1|
    |or_ln46_281_fu_27720_p2       |        or|   0|  0|    2|           1|           1|
    |or_ln46_282_fu_27767_p2       |        or|   0|  0|    2|           1|           1|
    |or_ln46_283_fu_27814_p2       |        or|   0|  0|    2|           1|           1|
    |or_ln46_284_fu_27861_p2       |        or|   0|  0|    2|           1|           1|
    |or_ln46_285_fu_27908_p2       |        or|   0|  0|    2|           1|           1|
    |or_ln46_286_fu_27955_p2       |        or|   0|  0|    2|           1|           1|
    |or_ln46_287_fu_28002_p2       |        or|   0|  0|    2|           1|           1|
    |or_ln46_288_fu_28049_p2       |        or|   0|  0|    2|           1|           1|
    |or_ln46_289_fu_28096_p2       |        or|   0|  0|    2|           1|           1|
    |or_ln46_290_fu_28143_p2       |        or|   0|  0|    2|           1|           1|
    |or_ln46_291_fu_28190_p2       |        or|   0|  0|    2|           1|           1|
    |or_ln46_292_fu_28237_p2       |        or|   0|  0|    2|           1|           1|
    |or_ln46_293_fu_28284_p2       |        or|   0|  0|    2|           1|           1|
    |or_ln46_294_fu_28331_p2       |        or|   0|  0|    2|           1|           1|
    |or_ln46_295_fu_28378_p2       |        or|   0|  0|    2|           1|           1|
    |or_ln46_296_fu_28425_p2       |        or|   0|  0|    2|           1|           1|
    |or_ln46_297_fu_28472_p2       |        or|   0|  0|    2|           1|           1|
    |or_ln46_298_fu_28519_p2       |        or|   0|  0|    2|           1|           1|
    |or_ln46_299_fu_28566_p2       |        or|   0|  0|    2|           1|           1|
    |or_ln46_300_fu_28613_p2       |        or|   0|  0|    2|           1|           1|
    |or_ln46_301_fu_28660_p2       |        or|   0|  0|    2|           1|           1|
    |or_ln46_302_fu_28707_p2       |        or|   0|  0|    2|           1|           1|
    |or_ln46_303_fu_28754_p2       |        or|   0|  0|    2|           1|           1|
    |or_ln46_304_fu_28801_p2       |        or|   0|  0|    2|           1|           1|
    |or_ln46_305_fu_28848_p2       |        or|   0|  0|    2|           1|           1|
    |or_ln46_306_fu_28895_p2       |        or|   0|  0|    2|           1|           1|
    |or_ln46_307_fu_28942_p2       |        or|   0|  0|    2|           1|           1|
    |or_ln46_308_fu_28989_p2       |        or|   0|  0|    2|           1|           1|
    |or_ln46_309_fu_29036_p2       |        or|   0|  0|    2|           1|           1|
    |or_ln46_310_fu_29083_p2       |        or|   0|  0|    2|           1|           1|
    |or_ln46_311_fu_29130_p2       |        or|   0|  0|    2|           1|           1|
    |or_ln46_312_fu_29177_p2       |        or|   0|  0|    2|           1|           1|
    |or_ln46_313_fu_29224_p2       |        or|   0|  0|    2|           1|           1|
    |or_ln46_314_fu_29271_p2       |        or|   0|  0|    2|           1|           1|
    |or_ln46_315_fu_29318_p2       |        or|   0|  0|    2|           1|           1|
    |or_ln46_316_fu_29365_p2       |        or|   0|  0|    2|           1|           1|
    |or_ln46_317_fu_29412_p2       |        or|   0|  0|    2|           1|           1|
    |or_ln46_318_fu_29459_p2       |        or|   0|  0|    2|           1|           1|
    |or_ln46_319_fu_29506_p2       |        or|   0|  0|    2|           1|           1|
    |or_ln46_320_fu_29553_p2       |        or|   0|  0|    2|           1|           1|
    |or_ln46_321_fu_29600_p2       |        or|   0|  0|    2|           1|           1|
    |or_ln46_322_fu_29647_p2       |        or|   0|  0|    2|           1|           1|
    |or_ln46_323_fu_29694_p2       |        or|   0|  0|    2|           1|           1|
    |or_ln46_324_fu_29741_p2       |        or|   0|  0|    2|           1|           1|
    |or_ln46_325_fu_29788_p2       |        or|   0|  0|    2|           1|           1|
    |or_ln46_326_fu_29835_p2       |        or|   0|  0|    2|           1|           1|
    |or_ln46_327_fu_29882_p2       |        or|   0|  0|    2|           1|           1|
    |or_ln46_328_fu_29929_p2       |        or|   0|  0|    2|           1|           1|
    |or_ln46_329_fu_29976_p2       |        or|   0|  0|    2|           1|           1|
    |or_ln46_330_fu_30023_p2       |        or|   0|  0|    2|           1|           1|
    |or_ln46_331_fu_30070_p2       |        or|   0|  0|    2|           1|           1|
    |or_ln46_332_fu_30117_p2       |        or|   0|  0|    2|           1|           1|
    |or_ln46_333_fu_30164_p2       |        or|   0|  0|    2|           1|           1|
    |or_ln46_334_fu_30211_p2       |        or|   0|  0|    2|           1|           1|
    |or_ln46_335_fu_30258_p2       |        or|   0|  0|    2|           1|           1|
    |or_ln46_336_fu_30305_p2       |        or|   0|  0|    2|           1|           1|
    |or_ln46_337_fu_30352_p2       |        or|   0|  0|    2|           1|           1|
    |or_ln46_338_fu_30399_p2       |        or|   0|  0|    2|           1|           1|
    |or_ln46_339_fu_30446_p2       |        or|   0|  0|    2|           1|           1|
    |or_ln46_340_fu_30493_p2       |        or|   0|  0|    2|           1|           1|
    |or_ln46_341_fu_30540_p2       |        or|   0|  0|    2|           1|           1|
    |or_ln46_342_fu_30587_p2       |        or|   0|  0|    2|           1|           1|
    |or_ln46_343_fu_30634_p2       |        or|   0|  0|    2|           1|           1|
    |or_ln46_344_fu_30681_p2       |        or|   0|  0|    2|           1|           1|
    |or_ln46_345_fu_30728_p2       |        or|   0|  0|    2|           1|           1|
    |or_ln46_346_fu_30775_p2       |        or|   0|  0|    2|           1|           1|
    |or_ln46_347_fu_30822_p2       |        or|   0|  0|    2|           1|           1|
    |or_ln46_348_fu_30869_p2       |        or|   0|  0|    2|           1|           1|
    |or_ln46_349_fu_30916_p2       |        or|   0|  0|    2|           1|           1|
    |or_ln46_350_fu_30963_p2       |        or|   0|  0|    2|           1|           1|
    |or_ln46_351_fu_31010_p2       |        or|   0|  0|    2|           1|           1|
    |or_ln46_352_fu_31057_p2       |        or|   0|  0|    2|           1|           1|
    |or_ln46_353_fu_31104_p2       |        or|   0|  0|    2|           1|           1|
    |or_ln46_354_fu_31151_p2       |        or|   0|  0|    2|           1|           1|
    |or_ln46_355_fu_31198_p2       |        or|   0|  0|    2|           1|           1|
    |or_ln46_356_fu_31245_p2       |        or|   0|  0|    2|           1|           1|
    |or_ln46_357_fu_31292_p2       |        or|   0|  0|    2|           1|           1|
    |or_ln46_358_fu_31339_p2       |        or|   0|  0|    2|           1|           1|
    |or_ln46_359_fu_31386_p2       |        or|   0|  0|    2|           1|           1|
    |or_ln46_360_fu_31433_p2       |        or|   0|  0|    2|           1|           1|
    |or_ln46_361_fu_31480_p2       |        or|   0|  0|    2|           1|           1|
    |or_ln46_362_fu_31527_p2       |        or|   0|  0|    2|           1|           1|
    |or_ln46_363_fu_31574_p2       |        or|   0|  0|    2|           1|           1|
    |or_ln46_364_fu_31621_p2       |        or|   0|  0|    2|           1|           1|
    |or_ln46_365_fu_31668_p2       |        or|   0|  0|    2|           1|           1|
    |or_ln46_366_fu_31715_p2       |        or|   0|  0|    2|           1|           1|
    |or_ln46_367_fu_31762_p2       |        or|   0|  0|    2|           1|           1|
    |or_ln46_368_fu_31809_p2       |        or|   0|  0|    2|           1|           1|
    |or_ln46_369_fu_31856_p2       |        or|   0|  0|    2|           1|           1|
    |or_ln46_370_fu_31903_p2       |        or|   0|  0|    2|           1|           1|
    |or_ln46_371_fu_31950_p2       |        or|   0|  0|    2|           1|           1|
    |or_ln46_372_fu_31997_p2       |        or|   0|  0|    2|           1|           1|
    |or_ln46_373_fu_32044_p2       |        or|   0|  0|    2|           1|           1|
    |or_ln46_374_fu_32091_p2       |        or|   0|  0|    2|           1|           1|
    |or_ln46_375_fu_32138_p2       |        or|   0|  0|    2|           1|           1|
    |or_ln46_376_fu_32185_p2       |        or|   0|  0|    2|           1|           1|
    |or_ln46_377_fu_32232_p2       |        or|   0|  0|    2|           1|           1|
    |or_ln46_378_fu_32279_p2       |        or|   0|  0|    2|           1|           1|
    |or_ln46_379_fu_32326_p2       |        or|   0|  0|    2|           1|           1|
    |or_ln46_380_fu_32373_p2       |        or|   0|  0|    2|           1|           1|
    |or_ln46_381_fu_32420_p2       |        or|   0|  0|    2|           1|           1|
    |or_ln46_382_fu_32467_p2       |        or|   0|  0|    2|           1|           1|
    |or_ln46_383_fu_32514_p2       |        or|   0|  0|    2|           1|           1|
    |or_ln46_384_fu_32561_p2       |        or|   0|  0|    2|           1|           1|
    |or_ln46_385_fu_32608_p2       |        or|   0|  0|    2|           1|           1|
    |or_ln46_386_fu_32655_p2       |        or|   0|  0|    2|           1|           1|
    |or_ln46_387_fu_32702_p2       |        or|   0|  0|    2|           1|           1|
    |or_ln46_388_fu_32749_p2       |        or|   0|  0|    2|           1|           1|
    |or_ln46_389_fu_32796_p2       |        or|   0|  0|    2|           1|           1|
    |or_ln46_390_fu_32843_p2       |        or|   0|  0|    2|           1|           1|
    |or_ln46_391_fu_32890_p2       |        or|   0|  0|    2|           1|           1|
    |or_ln46_392_fu_32937_p2       |        or|   0|  0|    2|           1|           1|
    |or_ln46_393_fu_32984_p2       |        or|   0|  0|    2|           1|           1|
    |or_ln46_394_fu_33031_p2       |        or|   0|  0|    2|           1|           1|
    |or_ln46_395_fu_33078_p2       |        or|   0|  0|    2|           1|           1|
    |or_ln46_396_fu_33125_p2       |        or|   0|  0|    2|           1|           1|
    |or_ln46_397_fu_33172_p2       |        or|   0|  0|    2|           1|           1|
    |or_ln46_398_fu_33219_p2       |        or|   0|  0|    2|           1|           1|
    |or_ln46_399_fu_33266_p2       |        or|   0|  0|    2|           1|           1|
    |or_ln46_400_fu_33313_p2       |        or|   0|  0|    2|           1|           1|
    |or_ln46_401_fu_33360_p2       |        or|   0|  0|    2|           1|           1|
    |or_ln46_402_fu_33407_p2       |        or|   0|  0|    2|           1|           1|
    |or_ln46_403_fu_33454_p2       |        or|   0|  0|    2|           1|           1|
    |or_ln46_404_fu_33501_p2       |        or|   0|  0|    2|           1|           1|
    |or_ln46_405_fu_33548_p2       |        or|   0|  0|    2|           1|           1|
    |or_ln46_406_fu_33595_p2       |        or|   0|  0|    2|           1|           1|
    |or_ln46_407_fu_33642_p2       |        or|   0|  0|    2|           1|           1|
    |or_ln46_408_fu_33689_p2       |        or|   0|  0|    2|           1|           1|
    |or_ln46_409_fu_33736_p2       |        or|   0|  0|    2|           1|           1|
    |or_ln46_410_fu_33783_p2       |        or|   0|  0|    2|           1|           1|
    |or_ln46_411_fu_33830_p2       |        or|   0|  0|    2|           1|           1|
    |or_ln46_412_fu_33877_p2       |        or|   0|  0|    2|           1|           1|
    |or_ln46_413_fu_33924_p2       |        or|   0|  0|    2|           1|           1|
    |or_ln46_414_fu_33971_p2       |        or|   0|  0|    2|           1|           1|
    |or_ln46_415_fu_34018_p2       |        or|   0|  0|    2|           1|           1|
    |or_ln46_416_fu_34065_p2       |        or|   0|  0|    2|           1|           1|
    |or_ln46_417_fu_34112_p2       |        or|   0|  0|    2|           1|           1|
    |or_ln46_418_fu_34159_p2       |        or|   0|  0|    2|           1|           1|
    |or_ln46_419_fu_34206_p2       |        or|   0|  0|    2|           1|           1|
    |or_ln46_420_fu_34253_p2       |        or|   0|  0|    2|           1|           1|
    |or_ln46_421_fu_34300_p2       |        or|   0|  0|    2|           1|           1|
    |or_ln46_422_fu_34347_p2       |        or|   0|  0|    2|           1|           1|
    |or_ln46_423_fu_34394_p2       |        or|   0|  0|    2|           1|           1|
    |or_ln46_424_fu_34441_p2       |        or|   0|  0|    2|           1|           1|
    |or_ln46_425_fu_34488_p2       |        or|   0|  0|    2|           1|           1|
    |or_ln46_426_fu_34535_p2       |        or|   0|  0|    2|           1|           1|
    |or_ln46_427_fu_34582_p2       |        or|   0|  0|    2|           1|           1|
    |or_ln46_428_fu_34629_p2       |        or|   0|  0|    2|           1|           1|
    |or_ln46_429_fu_34676_p2       |        or|   0|  0|    2|           1|           1|
    |or_ln46_42_fu_16487_p2        |        or|   0|  0|    2|           1|           1|
    |or_ln46_430_fu_34723_p2       |        or|   0|  0|    2|           1|           1|
    |or_ln46_431_fu_34770_p2       |        or|   0|  0|    2|           1|           1|
    |or_ln46_432_fu_34817_p2       |        or|   0|  0|    2|           1|           1|
    |or_ln46_433_fu_34864_p2       |        or|   0|  0|    2|           1|           1|
    |or_ln46_434_fu_34911_p2       |        or|   0|  0|    2|           1|           1|
    |or_ln46_435_fu_34958_p2       |        or|   0|  0|    2|           1|           1|
    |or_ln46_436_fu_35005_p2       |        or|   0|  0|    2|           1|           1|
    |or_ln46_437_fu_35052_p2       |        or|   0|  0|    2|           1|           1|
    |or_ln46_438_fu_35099_p2       |        or|   0|  0|    2|           1|           1|
    |or_ln46_439_fu_35146_p2       |        or|   0|  0|    2|           1|           1|
    |or_ln46_43_fu_16534_p2        |        or|   0|  0|    2|           1|           1|
    |or_ln46_440_fu_35193_p2       |        or|   0|  0|    2|           1|           1|
    |or_ln46_441_fu_35240_p2       |        or|   0|  0|    2|           1|           1|
    |or_ln46_442_fu_35287_p2       |        or|   0|  0|    2|           1|           1|
    |or_ln46_443_fu_35334_p2       |        or|   0|  0|    2|           1|           1|
    |or_ln46_444_fu_35381_p2       |        or|   0|  0|    2|           1|           1|
    |or_ln46_445_fu_35428_p2       |        or|   0|  0|    2|           1|           1|
    |or_ln46_446_fu_35475_p2       |        or|   0|  0|    2|           1|           1|
    |or_ln46_447_fu_35522_p2       |        or|   0|  0|    2|           1|           1|
    |or_ln46_448_fu_35569_p2       |        or|   0|  0|    2|           1|           1|
    |or_ln46_449_fu_35616_p2       |        or|   0|  0|    2|           1|           1|
    |or_ln46_44_fu_16581_p2        |        or|   0|  0|    2|           1|           1|
    |or_ln46_450_fu_35663_p2       |        or|   0|  0|    2|           1|           1|
    |or_ln46_451_fu_35710_p2       |        or|   0|  0|    2|           1|           1|
    |or_ln46_452_fu_35757_p2       |        or|   0|  0|    2|           1|           1|
    |or_ln46_453_fu_35804_p2       |        or|   0|  0|    2|           1|           1|
    |or_ln46_454_fu_35851_p2       |        or|   0|  0|    2|           1|           1|
    |or_ln46_455_fu_35898_p2       |        or|   0|  0|    2|           1|           1|
    |or_ln46_456_fu_35945_p2       |        or|   0|  0|    2|           1|           1|
    |or_ln46_457_fu_35992_p2       |        or|   0|  0|    2|           1|           1|
    |or_ln46_458_fu_36039_p2       |        or|   0|  0|    2|           1|           1|
    |or_ln46_459_fu_36086_p2       |        or|   0|  0|    2|           1|           1|
    |or_ln46_45_fu_16628_p2        |        or|   0|  0|    2|           1|           1|
    |or_ln46_460_fu_36133_p2       |        or|   0|  0|    2|           1|           1|
    |or_ln46_461_fu_36180_p2       |        or|   0|  0|    2|           1|           1|
    |or_ln46_462_fu_36227_p2       |        or|   0|  0|    2|           1|           1|
    |or_ln46_463_fu_36274_p2       |        or|   0|  0|    2|           1|           1|
    |or_ln46_464_fu_36321_p2       |        or|   0|  0|    2|           1|           1|
    |or_ln46_465_fu_36368_p2       |        or|   0|  0|    2|           1|           1|
    |or_ln46_466_fu_36415_p2       |        or|   0|  0|    2|           1|           1|
    |or_ln46_467_fu_36462_p2       |        or|   0|  0|    2|           1|           1|
    |or_ln46_468_fu_36509_p2       |        or|   0|  0|    2|           1|           1|
    |or_ln46_469_fu_36556_p2       |        or|   0|  0|    2|           1|           1|
    |or_ln46_46_fu_16675_p2        |        or|   0|  0|    2|           1|           1|
    |or_ln46_470_fu_36603_p2       |        or|   0|  0|    2|           1|           1|
    |or_ln46_471_fu_36650_p2       |        or|   0|  0|    2|           1|           1|
    |or_ln46_472_fu_36697_p2       |        or|   0|  0|    2|           1|           1|
    |or_ln46_473_fu_36744_p2       |        or|   0|  0|    2|           1|           1|
    |or_ln46_474_fu_36791_p2       |        or|   0|  0|    2|           1|           1|
    |or_ln46_475_fu_36838_p2       |        or|   0|  0|    2|           1|           1|
    |or_ln46_476_fu_36885_p2       |        or|   0|  0|    2|           1|           1|
    |or_ln46_477_fu_36932_p2       |        or|   0|  0|    2|           1|           1|
    |or_ln46_478_fu_36979_p2       |        or|   0|  0|    2|           1|           1|
    |or_ln46_479_fu_37026_p2       |        or|   0|  0|    2|           1|           1|
    |or_ln46_47_fu_16722_p2        |        or|   0|  0|    2|           1|           1|
    |or_ln46_480_fu_37073_p2       |        or|   0|  0|    2|           1|           1|
    |or_ln46_481_fu_37120_p2       |        or|   0|  0|    2|           1|           1|
    |or_ln46_482_fu_37167_p2       |        or|   0|  0|    2|           1|           1|
    |or_ln46_483_fu_37214_p2       |        or|   0|  0|    2|           1|           1|
    |or_ln46_484_fu_37261_p2       |        or|   0|  0|    2|           1|           1|
    |or_ln46_485_fu_37308_p2       |        or|   0|  0|    2|           1|           1|
    |or_ln46_486_fu_37355_p2       |        or|   0|  0|    2|           1|           1|
    |or_ln46_487_fu_37402_p2       |        or|   0|  0|    2|           1|           1|
    |or_ln46_488_fu_37449_p2       |        or|   0|  0|    2|           1|           1|
    |or_ln46_489_fu_37496_p2       |        or|   0|  0|    2|           1|           1|
    |or_ln46_48_fu_16769_p2        |        or|   0|  0|    2|           1|           1|
    |or_ln46_490_fu_37543_p2       |        or|   0|  0|    2|           1|           1|
    |or_ln46_491_fu_37590_p2       |        or|   0|  0|    2|           1|           1|
    |or_ln46_492_fu_37637_p2       |        or|   0|  0|    2|           1|           1|
    |or_ln46_493_fu_37684_p2       |        or|   0|  0|    2|           1|           1|
    |or_ln46_494_fu_37731_p2       |        or|   0|  0|    2|           1|           1|
    |or_ln46_495_fu_37778_p2       |        or|   0|  0|    2|           1|           1|
    |or_ln46_496_fu_37825_p2       |        or|   0|  0|    2|           1|           1|
    |or_ln46_497_fu_37872_p2       |        or|   0|  0|    2|           1|           1|
    |or_ln46_498_fu_37919_p2       |        or|   0|  0|    2|           1|           1|
    |or_ln46_499_fu_37966_p2       |        or|   0|  0|    2|           1|           1|
    |or_ln46_49_fu_16816_p2        |        or|   0|  0|    2|           1|           1|
    |or_ln46_500_fu_38013_p2       |        or|   0|  0|    2|           1|           1|
    |or_ln46_501_fu_38060_p2       |        or|   0|  0|    2|           1|           1|
    |or_ln46_502_fu_38107_p2       |        or|   0|  0|    2|           1|           1|
    |or_ln46_503_fu_38154_p2       |        or|   0|  0|    2|           1|           1|
    |or_ln46_504_fu_38201_p2       |        or|   0|  0|    2|           1|           1|
    |or_ln46_505_fu_38248_p2       |        or|   0|  0|    2|           1|           1|
    |or_ln46_506_fu_38295_p2       |        or|   0|  0|    2|           1|           1|
    |or_ln46_507_fu_38342_p2       |        or|   0|  0|    2|           1|           1|
    |or_ln46_508_fu_38389_p2       |        or|   0|  0|    2|           1|           1|
    |or_ln46_509_fu_38436_p2       |        or|   0|  0|    2|           1|           1|
    |or_ln46_50_fu_16863_p2        |        or|   0|  0|    2|           1|           1|
    |or_ln46_510_fu_38483_p2       |        or|   0|  0|    2|           1|           1|
    |or_ln46_511_fu_38530_p2       |        or|   0|  0|    2|           1|           1|
    |or_ln46_512_fu_38577_p2       |        or|   0|  0|    2|           1|           1|
    |or_ln46_513_fu_38624_p2       |        or|   0|  0|    2|           1|           1|
    |or_ln46_514_fu_38671_p2       |        or|   0|  0|    2|           1|           1|
    |or_ln46_515_fu_38718_p2       |        or|   0|  0|    2|           1|           1|
    |or_ln46_516_fu_38765_p2       |        or|   0|  0|    2|           1|           1|
    |or_ln46_517_fu_38812_p2       |        or|   0|  0|    2|           1|           1|
    |or_ln46_518_fu_38859_p2       |        or|   0|  0|    2|           1|           1|
    |or_ln46_519_fu_38906_p2       |        or|   0|  0|    2|           1|           1|
    |or_ln46_51_fu_16910_p2        |        or|   0|  0|    2|           1|           1|
    |or_ln46_520_fu_38953_p2       |        or|   0|  0|    2|           1|           1|
    |or_ln46_521_fu_39000_p2       |        or|   0|  0|    2|           1|           1|
    |or_ln46_522_fu_39047_p2       |        or|   0|  0|    2|           1|           1|
    |or_ln46_523_fu_39094_p2       |        or|   0|  0|    2|           1|           1|
    |or_ln46_524_fu_39141_p2       |        or|   0|  0|    2|           1|           1|
    |or_ln46_525_fu_39188_p2       |        or|   0|  0|    2|           1|           1|
    |or_ln46_526_fu_39235_p2       |        or|   0|  0|    2|           1|           1|
    |or_ln46_527_fu_39282_p2       |        or|   0|  0|    2|           1|           1|
    |or_ln46_528_fu_39329_p2       |        or|   0|  0|    2|           1|           1|
    |or_ln46_529_fu_39376_p2       |        or|   0|  0|    2|           1|           1|
    |or_ln46_52_fu_16957_p2        |        or|   0|  0|    2|           1|           1|
    |or_ln46_530_fu_39423_p2       |        or|   0|  0|    2|           1|           1|
    |or_ln46_531_fu_39470_p2       |        or|   0|  0|    2|           1|           1|
    |or_ln46_532_fu_39517_p2       |        or|   0|  0|    2|           1|           1|
    |or_ln46_533_fu_39564_p2       |        or|   0|  0|    2|           1|           1|
    |or_ln46_534_fu_39611_p2       |        or|   0|  0|    2|           1|           1|
    |or_ln46_535_fu_39658_p2       |        or|   0|  0|    2|           1|           1|
    |or_ln46_536_fu_39705_p2       |        or|   0|  0|    2|           1|           1|
    |or_ln46_537_fu_39752_p2       |        or|   0|  0|    2|           1|           1|
    |or_ln46_538_fu_39799_p2       |        or|   0|  0|    2|           1|           1|
    |or_ln46_539_fu_39846_p2       |        or|   0|  0|    2|           1|           1|
    |or_ln46_53_fu_17004_p2        |        or|   0|  0|    2|           1|           1|
    |or_ln46_540_fu_39893_p2       |        or|   0|  0|    2|           1|           1|
    |or_ln46_541_fu_39940_p2       |        or|   0|  0|    2|           1|           1|
    |or_ln46_542_fu_39987_p2       |        or|   0|  0|    2|           1|           1|
    |or_ln46_543_fu_40034_p2       |        or|   0|  0|    2|           1|           1|
    |or_ln46_544_fu_40081_p2       |        or|   0|  0|    2|           1|           1|
    |or_ln46_545_fu_40128_p2       |        or|   0|  0|    2|           1|           1|
    |or_ln46_546_fu_40175_p2       |        or|   0|  0|    2|           1|           1|
    |or_ln46_547_fu_40222_p2       |        or|   0|  0|    2|           1|           1|
    |or_ln46_548_fu_40269_p2       |        or|   0|  0|    2|           1|           1|
    |or_ln46_549_fu_40316_p2       |        or|   0|  0|    2|           1|           1|
    |or_ln46_54_fu_17051_p2        |        or|   0|  0|    2|           1|           1|
    |or_ln46_550_fu_40363_p2       |        or|   0|  0|    2|           1|           1|
    |or_ln46_551_fu_40410_p2       |        or|   0|  0|    2|           1|           1|
    |or_ln46_552_fu_40457_p2       |        or|   0|  0|    2|           1|           1|
    |or_ln46_55_fu_17098_p2        |        or|   0|  0|    2|           1|           1|
    |or_ln46_56_fu_17145_p2        |        or|   0|  0|    2|           1|           1|
    |or_ln46_57_fu_17192_p2        |        or|   0|  0|    2|           1|           1|
    |or_ln46_58_fu_17239_p2        |        or|   0|  0|    2|           1|           1|
    |or_ln46_59_fu_17286_p2        |        or|   0|  0|    2|           1|           1|
    |or_ln46_60_fu_17333_p2        |        or|   0|  0|    2|           1|           1|
    |or_ln46_61_fu_17380_p2        |        or|   0|  0|    2|           1|           1|
    |or_ln46_62_fu_17427_p2        |        or|   0|  0|    2|           1|           1|
    |or_ln46_63_fu_17474_p2        |        or|   0|  0|    2|           1|           1|
    |or_ln46_64_fu_17521_p2        |        or|   0|  0|    2|           1|           1|
    |or_ln46_65_fu_17568_p2        |        or|   0|  0|    2|           1|           1|
    |or_ln46_66_fu_17615_p2        |        or|   0|  0|    2|           1|           1|
    |or_ln46_67_fu_17662_p2        |        or|   0|  0|    2|           1|           1|
    |or_ln46_68_fu_17709_p2        |        or|   0|  0|    2|           1|           1|
    |or_ln46_69_fu_17756_p2        |        or|   0|  0|    2|           1|           1|
    |or_ln46_70_fu_17803_p2        |        or|   0|  0|    2|           1|           1|
    |or_ln46_71_fu_17850_p2        |        or|   0|  0|    2|           1|           1|
    |or_ln46_72_fu_17897_p2        |        or|   0|  0|    2|           1|           1|
    |or_ln46_73_fu_17944_p2        |        or|   0|  0|    2|           1|           1|
    |or_ln46_74_fu_17991_p2        |        or|   0|  0|    2|           1|           1|
    |or_ln46_75_fu_18038_p2        |        or|   0|  0|    2|           1|           1|
    |or_ln46_76_fu_18085_p2        |        or|   0|  0|    2|           1|           1|
    |or_ln46_77_fu_18132_p2        |        or|   0|  0|    2|           1|           1|
    |or_ln46_78_fu_18179_p2        |        or|   0|  0|    2|           1|           1|
    |or_ln46_79_fu_18226_p2        |        or|   0|  0|    2|           1|           1|
    |or_ln46_80_fu_18273_p2        |        or|   0|  0|    2|           1|           1|
    |or_ln46_81_fu_18320_p2        |        or|   0|  0|    2|           1|           1|
    |or_ln46_82_fu_18367_p2        |        or|   0|  0|    2|           1|           1|
    |or_ln46_83_fu_18414_p2        |        or|   0|  0|    2|           1|           1|
    |or_ln46_84_fu_18461_p2        |        or|   0|  0|    2|           1|           1|
    |or_ln46_85_fu_18508_p2        |        or|   0|  0|    2|           1|           1|
    |or_ln46_86_fu_18555_p2        |        or|   0|  0|    2|           1|           1|
    |or_ln46_87_fu_18602_p2        |        or|   0|  0|    2|           1|           1|
    |or_ln46_88_fu_18649_p2        |        or|   0|  0|    2|           1|           1|
    |or_ln46_89_fu_18696_p2        |        or|   0|  0|    2|           1|           1|
    |or_ln46_90_fu_18743_p2        |        or|   0|  0|    2|           1|           1|
    |or_ln46_91_fu_18790_p2        |        or|   0|  0|    2|           1|           1|
    |or_ln46_92_fu_18837_p2        |        or|   0|  0|    2|           1|           1|
    |or_ln46_93_fu_18884_p2        |        or|   0|  0|    2|           1|           1|
    |or_ln46_94_fu_18931_p2        |        or|   0|  0|    2|           1|           1|
    |or_ln46_95_fu_18978_p2        |        or|   0|  0|    2|           1|           1|
    |or_ln46_96_fu_19025_p2        |        or|   0|  0|    2|           1|           1|
    |or_ln46_97_fu_19072_p2        |        or|   0|  0|    2|           1|           1|
    |or_ln46_98_fu_19119_p2        |        or|   0|  0|    2|           1|           1|
    |or_ln46_99_fu_19166_p2        |        or|   0|  0|    2|           1|           1|
    |or_ln46_fu_16440_p2           |        or|   0|  0|    2|           1|           1|
    |select_ln45_100_fu_20542_p3   |    select|   0|  0|    9|           1|           9|
    |select_ln45_101_fu_20589_p3   |    select|   0|  0|    9|           1|           9|
    |select_ln45_102_fu_20636_p3   |    select|   0|  0|    9|           1|           9|
    |select_ln45_103_fu_20683_p3   |    select|   0|  0|    9|           1|           9|
    |select_ln45_104_fu_20730_p3   |    select|   0|  0|    9|           1|           9|
    |select_ln45_105_fu_20777_p3   |    select|   0|  0|    9|           1|           9|
    |select_ln45_106_fu_20824_p3   |    select|   0|  0|    9|           1|           9|
    |select_ln45_107_fu_20871_p3   |    select|   0|  0|    9|           1|           9|
    |select_ln45_108_fu_20918_p3   |    select|   0|  0|    9|           1|           9|
    |select_ln45_109_fu_20965_p3   |    select|   0|  0|    9|           1|           9|
    |select_ln45_110_fu_21012_p3   |    select|   0|  0|    9|           1|           9|
    |select_ln45_111_fu_21059_p3   |    select|   0|  0|    9|           1|           9|
    |select_ln45_112_fu_21106_p3   |    select|   0|  0|    9|           1|           9|
    |select_ln45_113_fu_21153_p3   |    select|   0|  0|    9|           1|           9|
    |select_ln45_114_fu_21200_p3   |    select|   0|  0|    9|           1|           9|
    |select_ln45_115_fu_21247_p3   |    select|   0|  0|    9|           1|           9|
    |select_ln45_116_fu_21294_p3   |    select|   0|  0|    9|           1|           9|
    |select_ln45_117_fu_21341_p3   |    select|   0|  0|    9|           1|           9|
    |select_ln45_118_fu_21388_p3   |    select|   0|  0|    9|           1|           9|
    |select_ln45_119_fu_21435_p3   |    select|   0|  0|    9|           1|           9|
    |select_ln45_120_fu_21482_p3   |    select|   0|  0|    9|           1|           9|
    |select_ln45_121_fu_21529_p3   |    select|   0|  0|    9|           1|           9|
    |select_ln45_122_fu_21576_p3   |    select|   0|  0|    9|           1|           9|
    |select_ln45_123_fu_21623_p3   |    select|   0|  0|    9|           1|           9|
    |select_ln45_124_fu_21670_p3   |    select|   0|  0|    9|           1|           9|
    |select_ln45_125_fu_21717_p3   |    select|   0|  0|    9|           1|           9|
    |select_ln45_126_fu_21764_p3   |    select|   0|  0|    9|           1|           9|
    |select_ln45_127_fu_21811_p3   |    select|   0|  0|    9|           1|           9|
    |select_ln45_128_fu_21858_p3   |    select|   0|  0|    9|           1|           9|
    |select_ln45_129_fu_21905_p3   |    select|   0|  0|    9|           1|           9|
    |select_ln45_130_fu_21952_p3   |    select|   0|  0|    9|           1|           9|
    |select_ln45_131_fu_21999_p3   |    select|   0|  0|    9|           1|           9|
    |select_ln45_132_fu_22046_p3   |    select|   0|  0|    9|           1|           9|
    |select_ln45_133_fu_22093_p3   |    select|   0|  0|    9|           1|           9|
    |select_ln45_134_fu_22140_p3   |    select|   0|  0|    9|           1|           9|
    |select_ln45_135_fu_22187_p3   |    select|   0|  0|    9|           1|           9|
    |select_ln45_136_fu_22234_p3   |    select|   0|  0|    9|           1|           9|
    |select_ln45_137_fu_22281_p3   |    select|   0|  0|    9|           1|           9|
    |select_ln45_138_fu_22328_p3   |    select|   0|  0|    9|           1|           9|
    |select_ln45_139_fu_22375_p3   |    select|   0|  0|    9|           1|           9|
    |select_ln45_140_fu_22422_p3   |    select|   0|  0|    9|           1|           9|
    |select_ln45_141_fu_22469_p3   |    select|   0|  0|    9|           1|           9|
    |select_ln45_142_fu_22516_p3   |    select|   0|  0|    9|           1|           9|
    |select_ln45_143_fu_22563_p3   |    select|   0|  0|    9|           1|           9|
    |select_ln45_144_fu_22610_p3   |    select|   0|  0|    9|           1|           9|
    |select_ln45_145_fu_22657_p3   |    select|   0|  0|    9|           1|           9|
    |select_ln45_146_fu_22704_p3   |    select|   0|  0|    9|           1|           9|
    |select_ln45_147_fu_22751_p3   |    select|   0|  0|    9|           1|           9|
    |select_ln45_148_fu_22798_p3   |    select|   0|  0|    9|           1|           9|
    |select_ln45_149_fu_22845_p3   |    select|   0|  0|    9|           1|           9|
    |select_ln45_14_fu_16500_p3    |    select|   0|  0|    9|           1|           9|
    |select_ln45_150_fu_22892_p3   |    select|   0|  0|    9|           1|           9|
    |select_ln45_151_fu_22939_p3   |    select|   0|  0|    9|           1|           9|
    |select_ln45_152_fu_22986_p3   |    select|   0|  0|    9|           1|           9|
    |select_ln45_153_fu_23033_p3   |    select|   0|  0|    9|           1|           9|
    |select_ln45_154_fu_23080_p3   |    select|   0|  0|    9|           1|           9|
    |select_ln45_155_fu_23127_p3   |    select|   0|  0|    9|           1|           9|
    |select_ln45_156_fu_23174_p3   |    select|   0|  0|    9|           1|           9|
    |select_ln45_157_fu_23221_p3   |    select|   0|  0|    9|           1|           9|
    |select_ln45_158_fu_23268_p3   |    select|   0|  0|    9|           1|           9|
    |select_ln45_159_fu_23315_p3   |    select|   0|  0|    9|           1|           9|
    |select_ln45_15_fu_16547_p3    |    select|   0|  0|    9|           1|           9|
    |select_ln45_160_fu_23362_p3   |    select|   0|  0|    9|           1|           9|
    |select_ln45_161_fu_23409_p3   |    select|   0|  0|    9|           1|           9|
    |select_ln45_162_fu_23456_p3   |    select|   0|  0|    9|           1|           9|
    |select_ln45_163_fu_23503_p3   |    select|   0|  0|    9|           1|           9|
    |select_ln45_164_fu_23550_p3   |    select|   0|  0|    9|           1|           9|
    |select_ln45_165_fu_23597_p3   |    select|   0|  0|    9|           1|           9|
    |select_ln45_166_fu_23644_p3   |    select|   0|  0|    9|           1|           9|
    |select_ln45_167_fu_23691_p3   |    select|   0|  0|    9|           1|           9|
    |select_ln45_168_fu_23738_p3   |    select|   0|  0|    9|           1|           9|
    |select_ln45_169_fu_23785_p3   |    select|   0|  0|    9|           1|           9|
    |select_ln45_16_fu_16594_p3    |    select|   0|  0|    9|           1|           9|
    |select_ln45_170_fu_23832_p3   |    select|   0|  0|    9|           1|           9|
    |select_ln45_171_fu_23879_p3   |    select|   0|  0|    9|           1|           9|
    |select_ln45_172_fu_23926_p3   |    select|   0|  0|    9|           1|           9|
    |select_ln45_173_fu_23973_p3   |    select|   0|  0|    9|           1|           9|
    |select_ln45_174_fu_24020_p3   |    select|   0|  0|    9|           1|           9|
    |select_ln45_175_fu_24067_p3   |    select|   0|  0|    9|           1|           9|
    |select_ln45_176_fu_24114_p3   |    select|   0|  0|    9|           1|           9|
    |select_ln45_177_fu_24161_p3   |    select|   0|  0|    9|           1|           9|
    |select_ln45_178_fu_24208_p3   |    select|   0|  0|    9|           1|           9|
    |select_ln45_179_fu_24255_p3   |    select|   0|  0|    9|           1|           9|
    |select_ln45_17_fu_16641_p3    |    select|   0|  0|    9|           1|           9|
    |select_ln45_180_fu_24302_p3   |    select|   0|  0|    9|           1|           9|
    |select_ln45_181_fu_24349_p3   |    select|   0|  0|    9|           1|           9|
    |select_ln45_182_fu_24396_p3   |    select|   0|  0|    9|           1|           9|
    |select_ln45_183_fu_24443_p3   |    select|   0|  0|    9|           1|           9|
    |select_ln45_184_fu_24490_p3   |    select|   0|  0|    9|           1|           9|
    |select_ln45_185_fu_24537_p3   |    select|   0|  0|    9|           1|           9|
    |select_ln45_186_fu_24584_p3   |    select|   0|  0|    9|           1|           9|
    |select_ln45_187_fu_24631_p3   |    select|   0|  0|    9|           1|           9|
    |select_ln45_188_fu_24678_p3   |    select|   0|  0|    9|           1|           9|
    |select_ln45_189_fu_24725_p3   |    select|   0|  0|    9|           1|           9|
    |select_ln45_18_fu_16688_p3    |    select|   0|  0|    9|           1|           9|
    |select_ln45_190_fu_24772_p3   |    select|   0|  0|    9|           1|           9|
    |select_ln45_191_fu_24819_p3   |    select|   0|  0|    9|           1|           9|
    |select_ln45_192_fu_24866_p3   |    select|   0|  0|    9|           1|           9|
    |select_ln45_193_fu_24913_p3   |    select|   0|  0|    9|           1|           9|
    |select_ln45_194_fu_24960_p3   |    select|   0|  0|    9|           1|           9|
    |select_ln45_195_fu_25007_p3   |    select|   0|  0|    9|           1|           9|
    |select_ln45_196_fu_25054_p3   |    select|   0|  0|    9|           1|           9|
    |select_ln45_197_fu_25101_p3   |    select|   0|  0|    9|           1|           9|
    |select_ln45_198_fu_25148_p3   |    select|   0|  0|    9|           1|           9|
    |select_ln45_199_fu_25195_p3   |    select|   0|  0|    9|           1|           9|
    |select_ln45_19_fu_16735_p3    |    select|   0|  0|    9|           1|           9|
    |select_ln45_200_fu_25242_p3   |    select|   0|  0|    9|           1|           9|
    |select_ln45_201_fu_25289_p3   |    select|   0|  0|    9|           1|           9|
    |select_ln45_202_fu_25336_p3   |    select|   0|  0|    9|           1|           9|
    |select_ln45_203_fu_25383_p3   |    select|   0|  0|    9|           1|           9|
    |select_ln45_204_fu_25430_p3   |    select|   0|  0|    9|           1|           9|
    |select_ln45_205_fu_25477_p3   |    select|   0|  0|    9|           1|           9|
    |select_ln45_206_fu_25524_p3   |    select|   0|  0|    9|           1|           9|
    |select_ln45_207_fu_25571_p3   |    select|   0|  0|    9|           1|           9|
    |select_ln45_208_fu_25618_p3   |    select|   0|  0|    9|           1|           9|
    |select_ln45_209_fu_25665_p3   |    select|   0|  0|    9|           1|           9|
    |select_ln45_20_fu_16782_p3    |    select|   0|  0|    9|           1|           9|
    |select_ln45_210_fu_25712_p3   |    select|   0|  0|    9|           1|           9|
    |select_ln45_211_fu_25759_p3   |    select|   0|  0|    9|           1|           9|
    |select_ln45_212_fu_25806_p3   |    select|   0|  0|    9|           1|           9|
    |select_ln45_213_fu_25853_p3   |    select|   0|  0|    9|           1|           9|
    |select_ln45_214_fu_25900_p3   |    select|   0|  0|    9|           1|           9|
    |select_ln45_215_fu_25947_p3   |    select|   0|  0|    9|           1|           9|
    |select_ln45_216_fu_25994_p3   |    select|   0|  0|    9|           1|           9|
    |select_ln45_217_fu_26041_p3   |    select|   0|  0|    9|           1|           9|
    |select_ln45_218_fu_26088_p3   |    select|   0|  0|    9|           1|           9|
    |select_ln45_219_fu_26135_p3   |    select|   0|  0|    9|           1|           9|
    |select_ln45_21_fu_16829_p3    |    select|   0|  0|    9|           1|           9|
    |select_ln45_220_fu_26182_p3   |    select|   0|  0|    9|           1|           9|
    |select_ln45_221_fu_26229_p3   |    select|   0|  0|    9|           1|           9|
    |select_ln45_222_fu_26276_p3   |    select|   0|  0|    9|           1|           9|
    |select_ln45_223_fu_26323_p3   |    select|   0|  0|    9|           1|           9|
    |select_ln45_224_fu_26370_p3   |    select|   0|  0|    9|           1|           9|
    |select_ln45_225_fu_26417_p3   |    select|   0|  0|    9|           1|           9|
    |select_ln45_226_fu_26464_p3   |    select|   0|  0|    9|           1|           9|
    |select_ln45_227_fu_26511_p3   |    select|   0|  0|    9|           1|           9|
    |select_ln45_228_fu_26558_p3   |    select|   0|  0|    9|           1|           9|
    |select_ln45_229_fu_26605_p3   |    select|   0|  0|    9|           1|           9|
    |select_ln45_22_fu_16876_p3    |    select|   0|  0|    9|           1|           9|
    |select_ln45_230_fu_26652_p3   |    select|   0|  0|    9|           1|           9|
    |select_ln45_231_fu_26699_p3   |    select|   0|  0|    9|           1|           9|
    |select_ln45_232_fu_26746_p3   |    select|   0|  0|    9|           1|           9|
    |select_ln45_233_fu_26793_p3   |    select|   0|  0|    9|           1|           9|
    |select_ln45_234_fu_26840_p3   |    select|   0|  0|    9|           1|           9|
    |select_ln45_235_fu_26887_p3   |    select|   0|  0|    9|           1|           9|
    |select_ln45_236_fu_26934_p3   |    select|   0|  0|    9|           1|           9|
    |select_ln45_237_fu_26981_p3   |    select|   0|  0|    9|           1|           9|
    |select_ln45_238_fu_27028_p3   |    select|   0|  0|    9|           1|           9|
    |select_ln45_239_fu_27075_p3   |    select|   0|  0|    9|           1|           9|
    |select_ln45_23_fu_16923_p3    |    select|   0|  0|    9|           1|           9|
    |select_ln45_240_fu_27122_p3   |    select|   0|  0|    9|           1|           9|
    |select_ln45_241_fu_27169_p3   |    select|   0|  0|    9|           1|           9|
    |select_ln45_242_fu_27216_p3   |    select|   0|  0|    9|           1|           9|
    |select_ln45_243_fu_27263_p3   |    select|   0|  0|    9|           1|           9|
    |select_ln45_244_fu_27310_p3   |    select|   0|  0|    9|           1|           9|
    |select_ln45_245_fu_27357_p3   |    select|   0|  0|    9|           1|           9|
    |select_ln45_246_fu_27404_p3   |    select|   0|  0|    9|           1|           9|
    |select_ln45_247_fu_27451_p3   |    select|   0|  0|    9|           1|           9|
    |select_ln45_248_fu_27498_p3   |    select|   0|  0|    9|           1|           9|
    |select_ln45_249_fu_27545_p3   |    select|   0|  0|    9|           1|           9|
    |select_ln45_24_fu_16970_p3    |    select|   0|  0|    9|           1|           9|
    |select_ln45_250_fu_27592_p3   |    select|   0|  0|    9|           1|           9|
    |select_ln45_251_fu_27639_p3   |    select|   0|  0|    9|           1|           9|
    |select_ln45_252_fu_27686_p3   |    select|   0|  0|    9|           1|           9|
    |select_ln45_253_fu_27733_p3   |    select|   0|  0|    9|           1|           9|
    |select_ln45_254_fu_27780_p3   |    select|   0|  0|    9|           1|           9|
    |select_ln45_255_fu_27827_p3   |    select|   0|  0|    9|           1|           9|
    |select_ln45_256_fu_27874_p3   |    select|   0|  0|    9|           1|           9|
    |select_ln45_257_fu_27921_p3   |    select|   0|  0|    9|           1|           9|
    |select_ln45_258_fu_27968_p3   |    select|   0|  0|    9|           1|           9|
    |select_ln45_259_fu_28015_p3   |    select|   0|  0|    9|           1|           9|
    |select_ln45_25_fu_17017_p3    |    select|   0|  0|    9|           1|           9|
    |select_ln45_260_fu_28062_p3   |    select|   0|  0|    9|           1|           9|
    |select_ln45_261_fu_28109_p3   |    select|   0|  0|    9|           1|           9|
    |select_ln45_262_fu_28156_p3   |    select|   0|  0|    9|           1|           9|
    |select_ln45_263_fu_28203_p3   |    select|   0|  0|    9|           1|           9|
    |select_ln45_264_fu_28250_p3   |    select|   0|  0|    9|           1|           9|
    |select_ln45_265_fu_28297_p3   |    select|   0|  0|    9|           1|           9|
    |select_ln45_266_fu_28344_p3   |    select|   0|  0|    9|           1|           9|
    |select_ln45_267_fu_28391_p3   |    select|   0|  0|    9|           1|           9|
    |select_ln45_268_fu_28438_p3   |    select|   0|  0|    9|           1|           9|
    |select_ln45_269_fu_28485_p3   |    select|   0|  0|    9|           1|           9|
    |select_ln45_26_fu_17064_p3    |    select|   0|  0|    9|           1|           9|
    |select_ln45_270_fu_28532_p3   |    select|   0|  0|    9|           1|           9|
    |select_ln45_271_fu_28579_p3   |    select|   0|  0|    9|           1|           9|
    |select_ln45_272_fu_28626_p3   |    select|   0|  0|    9|           1|           9|
    |select_ln45_273_fu_28673_p3   |    select|   0|  0|    9|           1|           9|
    |select_ln45_274_fu_28720_p3   |    select|   0|  0|    9|           1|           9|
    |select_ln45_275_fu_28767_p3   |    select|   0|  0|    9|           1|           9|
    |select_ln45_276_fu_28814_p3   |    select|   0|  0|    9|           1|           9|
    |select_ln45_277_fu_28861_p3   |    select|   0|  0|    9|           1|           9|
    |select_ln45_278_fu_28908_p3   |    select|   0|  0|    9|           1|           9|
    |select_ln45_279_fu_28955_p3   |    select|   0|  0|    9|           1|           9|
    |select_ln45_27_fu_17111_p3    |    select|   0|  0|    9|           1|           9|
    |select_ln45_280_fu_29002_p3   |    select|   0|  0|    9|           1|           9|
    |select_ln45_281_fu_29049_p3   |    select|   0|  0|    9|           1|           9|
    |select_ln45_282_fu_29096_p3   |    select|   0|  0|    9|           1|           9|
    |select_ln45_283_fu_29143_p3   |    select|   0|  0|    9|           1|           9|
    |select_ln45_284_fu_29190_p3   |    select|   0|  0|    9|           1|           9|
    |select_ln45_285_fu_29237_p3   |    select|   0|  0|    9|           1|           9|
    |select_ln45_286_fu_29284_p3   |    select|   0|  0|    9|           1|           9|
    |select_ln45_287_fu_29331_p3   |    select|   0|  0|    9|           1|           9|
    |select_ln45_288_fu_29378_p3   |    select|   0|  0|    9|           1|           9|
    |select_ln45_289_fu_29425_p3   |    select|   0|  0|    9|           1|           9|
    |select_ln45_28_fu_17158_p3    |    select|   0|  0|    9|           1|           9|
    |select_ln45_290_fu_29472_p3   |    select|   0|  0|    9|           1|           9|
    |select_ln45_291_fu_29519_p3   |    select|   0|  0|    9|           1|           9|
    |select_ln45_292_fu_29566_p3   |    select|   0|  0|    9|           1|           9|
    |select_ln45_293_fu_29613_p3   |    select|   0|  0|    9|           1|           9|
    |select_ln45_294_fu_29660_p3   |    select|   0|  0|    9|           1|           9|
    |select_ln45_295_fu_29707_p3   |    select|   0|  0|    9|           1|           9|
    |select_ln45_296_fu_29754_p3   |    select|   0|  0|    9|           1|           9|
    |select_ln45_297_fu_29801_p3   |    select|   0|  0|    9|           1|           9|
    |select_ln45_298_fu_29848_p3   |    select|   0|  0|    9|           1|           9|
    |select_ln45_299_fu_29895_p3   |    select|   0|  0|    9|           1|           9|
    |select_ln45_29_fu_17205_p3    |    select|   0|  0|    9|           1|           9|
    |select_ln45_300_fu_29942_p3   |    select|   0|  0|    9|           1|           9|
    |select_ln45_301_fu_29989_p3   |    select|   0|  0|    9|           1|           9|
    |select_ln45_302_fu_30036_p3   |    select|   0|  0|    9|           1|           9|
    |select_ln45_303_fu_30083_p3   |    select|   0|  0|    9|           1|           9|
    |select_ln45_304_fu_30130_p3   |    select|   0|  0|    9|           1|           9|
    |select_ln45_305_fu_30177_p3   |    select|   0|  0|    9|           1|           9|
    |select_ln45_306_fu_30224_p3   |    select|   0|  0|    9|           1|           9|
    |select_ln45_307_fu_30271_p3   |    select|   0|  0|    9|           1|           9|
    |select_ln45_308_fu_30318_p3   |    select|   0|  0|    9|           1|           9|
    |select_ln45_309_fu_30365_p3   |    select|   0|  0|    9|           1|           9|
    |select_ln45_30_fu_17252_p3    |    select|   0|  0|    9|           1|           9|
    |select_ln45_310_fu_30412_p3   |    select|   0|  0|    9|           1|           9|
    |select_ln45_311_fu_30459_p3   |    select|   0|  0|    9|           1|           9|
    |select_ln45_312_fu_30506_p3   |    select|   0|  0|    9|           1|           9|
    |select_ln45_313_fu_30553_p3   |    select|   0|  0|    9|           1|           9|
    |select_ln45_314_fu_30600_p3   |    select|   0|  0|    9|           1|           9|
    |select_ln45_315_fu_30647_p3   |    select|   0|  0|    9|           1|           9|
    |select_ln45_316_fu_30694_p3   |    select|   0|  0|    9|           1|           9|
    |select_ln45_317_fu_30741_p3   |    select|   0|  0|    9|           1|           9|
    |select_ln45_318_fu_30788_p3   |    select|   0|  0|    9|           1|           9|
    |select_ln45_319_fu_30835_p3   |    select|   0|  0|    9|           1|           9|
    |select_ln45_31_fu_17299_p3    |    select|   0|  0|    9|           1|           9|
    |select_ln45_320_fu_30882_p3   |    select|   0|  0|    9|           1|           9|
    |select_ln45_321_fu_30929_p3   |    select|   0|  0|    9|           1|           9|
    |select_ln45_322_fu_30976_p3   |    select|   0|  0|    9|           1|           9|
    |select_ln45_323_fu_31023_p3   |    select|   0|  0|    9|           1|           9|
    |select_ln45_324_fu_31070_p3   |    select|   0|  0|    9|           1|           9|
    |select_ln45_325_fu_31117_p3   |    select|   0|  0|    9|           1|           9|
    |select_ln45_326_fu_31164_p3   |    select|   0|  0|    9|           1|           9|
    |select_ln45_327_fu_31211_p3   |    select|   0|  0|    9|           1|           9|
    |select_ln45_328_fu_31258_p3   |    select|   0|  0|    9|           1|           9|
    |select_ln45_329_fu_31305_p3   |    select|   0|  0|    9|           1|           9|
    |select_ln45_32_fu_17346_p3    |    select|   0|  0|    9|           1|           9|
    |select_ln45_330_fu_31352_p3   |    select|   0|  0|    9|           1|           9|
    |select_ln45_331_fu_31399_p3   |    select|   0|  0|    9|           1|           9|
    |select_ln45_332_fu_31446_p3   |    select|   0|  0|    9|           1|           9|
    |select_ln45_333_fu_31493_p3   |    select|   0|  0|    9|           1|           9|
    |select_ln45_334_fu_31540_p3   |    select|   0|  0|    9|           1|           9|
    |select_ln45_335_fu_31587_p3   |    select|   0|  0|    9|           1|           9|
    |select_ln45_336_fu_31634_p3   |    select|   0|  0|    9|           1|           9|
    |select_ln45_337_fu_31681_p3   |    select|   0|  0|    9|           1|           9|
    |select_ln45_338_fu_31728_p3   |    select|   0|  0|    9|           1|           9|
    |select_ln45_339_fu_31775_p3   |    select|   0|  0|    9|           1|           9|
    |select_ln45_33_fu_17393_p3    |    select|   0|  0|    9|           1|           9|
    |select_ln45_340_fu_31822_p3   |    select|   0|  0|    9|           1|           9|
    |select_ln45_341_fu_31869_p3   |    select|   0|  0|    9|           1|           9|
    |select_ln45_342_fu_31916_p3   |    select|   0|  0|    9|           1|           9|
    |select_ln45_343_fu_31963_p3   |    select|   0|  0|    9|           1|           9|
    |select_ln45_344_fu_32010_p3   |    select|   0|  0|    9|           1|           9|
    |select_ln45_345_fu_32057_p3   |    select|   0|  0|    9|           1|           9|
    |select_ln45_346_fu_32104_p3   |    select|   0|  0|    9|           1|           9|
    |select_ln45_347_fu_32151_p3   |    select|   0|  0|    9|           1|           9|
    |select_ln45_348_fu_32198_p3   |    select|   0|  0|    9|           1|           9|
    |select_ln45_349_fu_32245_p3   |    select|   0|  0|    9|           1|           9|
    |select_ln45_34_fu_17440_p3    |    select|   0|  0|    9|           1|           9|
    |select_ln45_350_fu_32292_p3   |    select|   0|  0|    9|           1|           9|
    |select_ln45_351_fu_32339_p3   |    select|   0|  0|    9|           1|           9|
    |select_ln45_352_fu_32386_p3   |    select|   0|  0|    9|           1|           9|
    |select_ln45_353_fu_32433_p3   |    select|   0|  0|    9|           1|           9|
    |select_ln45_354_fu_32480_p3   |    select|   0|  0|    9|           1|           9|
    |select_ln45_355_fu_32527_p3   |    select|   0|  0|    9|           1|           9|
    |select_ln45_356_fu_32574_p3   |    select|   0|  0|    9|           1|           9|
    |select_ln45_357_fu_32621_p3   |    select|   0|  0|    9|           1|           9|
    |select_ln45_358_fu_32668_p3   |    select|   0|  0|    9|           1|           9|
    |select_ln45_359_fu_32715_p3   |    select|   0|  0|    9|           1|           9|
    |select_ln45_35_fu_17487_p3    |    select|   0|  0|    9|           1|           9|
    |select_ln45_360_fu_32762_p3   |    select|   0|  0|    9|           1|           9|
    |select_ln45_361_fu_32809_p3   |    select|   0|  0|    9|           1|           9|
    |select_ln45_362_fu_32856_p3   |    select|   0|  0|    9|           1|           9|
    |select_ln45_363_fu_32903_p3   |    select|   0|  0|    9|           1|           9|
    |select_ln45_364_fu_32950_p3   |    select|   0|  0|    9|           1|           9|
    |select_ln45_365_fu_32997_p3   |    select|   0|  0|    9|           1|           9|
    |select_ln45_366_fu_33044_p3   |    select|   0|  0|    9|           1|           9|
    |select_ln45_367_fu_33091_p3   |    select|   0|  0|    9|           1|           9|
    |select_ln45_368_fu_33138_p3   |    select|   0|  0|    9|           1|           9|
    |select_ln45_369_fu_33185_p3   |    select|   0|  0|    9|           1|           9|
    |select_ln45_36_fu_17534_p3    |    select|   0|  0|    9|           1|           9|
    |select_ln45_370_fu_33232_p3   |    select|   0|  0|    9|           1|           9|
    |select_ln45_371_fu_33279_p3   |    select|   0|  0|    9|           1|           9|
    |select_ln45_372_fu_33326_p3   |    select|   0|  0|    9|           1|           9|
    |select_ln45_373_fu_33373_p3   |    select|   0|  0|    9|           1|           9|
    |select_ln45_374_fu_33420_p3   |    select|   0|  0|    9|           1|           9|
    |select_ln45_375_fu_33467_p3   |    select|   0|  0|    9|           1|           9|
    |select_ln45_376_fu_33514_p3   |    select|   0|  0|    9|           1|           9|
    |select_ln45_377_fu_33561_p3   |    select|   0|  0|    9|           1|           9|
    |select_ln45_378_fu_33608_p3   |    select|   0|  0|    9|           1|           9|
    |select_ln45_379_fu_33655_p3   |    select|   0|  0|    9|           1|           9|
    |select_ln45_37_fu_17581_p3    |    select|   0|  0|    9|           1|           9|
    |select_ln45_380_fu_33702_p3   |    select|   0|  0|    9|           1|           9|
    |select_ln45_381_fu_33749_p3   |    select|   0|  0|    9|           1|           9|
    |select_ln45_382_fu_33796_p3   |    select|   0|  0|    9|           1|           9|
    |select_ln45_383_fu_33843_p3   |    select|   0|  0|    9|           1|           9|
    |select_ln45_384_fu_33890_p3   |    select|   0|  0|    9|           1|           9|
    |select_ln45_385_fu_33937_p3   |    select|   0|  0|    9|           1|           9|
    |select_ln45_386_fu_33984_p3   |    select|   0|  0|    9|           1|           9|
    |select_ln45_387_fu_34031_p3   |    select|   0|  0|    9|           1|           9|
    |select_ln45_388_fu_34078_p3   |    select|   0|  0|    9|           1|           9|
    |select_ln45_389_fu_34125_p3   |    select|   0|  0|    9|           1|           9|
    |select_ln45_38_fu_17628_p3    |    select|   0|  0|    9|           1|           9|
    |select_ln45_390_fu_34172_p3   |    select|   0|  0|    9|           1|           9|
    |select_ln45_391_fu_34219_p3   |    select|   0|  0|    9|           1|           9|
    |select_ln45_392_fu_34266_p3   |    select|   0|  0|    9|           1|           9|
    |select_ln45_393_fu_34313_p3   |    select|   0|  0|    9|           1|           9|
    |select_ln45_394_fu_34360_p3   |    select|   0|  0|    9|           1|           9|
    |select_ln45_395_fu_34407_p3   |    select|   0|  0|    9|           1|           9|
    |select_ln45_396_fu_34454_p3   |    select|   0|  0|    9|           1|           9|
    |select_ln45_397_fu_34501_p3   |    select|   0|  0|    9|           1|           9|
    |select_ln45_398_fu_34548_p3   |    select|   0|  0|    9|           1|           9|
    |select_ln45_399_fu_34595_p3   |    select|   0|  0|    9|           1|           9|
    |select_ln45_39_fu_17675_p3    |    select|   0|  0|    9|           1|           9|
    |select_ln45_400_fu_34642_p3   |    select|   0|  0|    9|           1|           9|
    |select_ln45_401_fu_34689_p3   |    select|   0|  0|    9|           1|           9|
    |select_ln45_402_fu_34736_p3   |    select|   0|  0|    9|           1|           9|
    |select_ln45_403_fu_34783_p3   |    select|   0|  0|    9|           1|           9|
    |select_ln45_404_fu_34830_p3   |    select|   0|  0|    9|           1|           9|
    |select_ln45_405_fu_34877_p3   |    select|   0|  0|    9|           1|           9|
    |select_ln45_406_fu_34924_p3   |    select|   0|  0|    9|           1|           9|
    |select_ln45_407_fu_34971_p3   |    select|   0|  0|    9|           1|           9|
    |select_ln45_408_fu_35018_p3   |    select|   0|  0|    9|           1|           9|
    |select_ln45_409_fu_35065_p3   |    select|   0|  0|    9|           1|           9|
    |select_ln45_40_fu_17722_p3    |    select|   0|  0|    9|           1|           9|
    |select_ln45_410_fu_35112_p3   |    select|   0|  0|    9|           1|           9|
    |select_ln45_411_fu_35159_p3   |    select|   0|  0|    9|           1|           9|
    |select_ln45_412_fu_35206_p3   |    select|   0|  0|    9|           1|           9|
    |select_ln45_413_fu_35253_p3   |    select|   0|  0|    9|           1|           9|
    |select_ln45_414_fu_35300_p3   |    select|   0|  0|    9|           1|           9|
    |select_ln45_415_fu_35347_p3   |    select|   0|  0|    9|           1|           9|
    |select_ln45_416_fu_35394_p3   |    select|   0|  0|    9|           1|           9|
    |select_ln45_417_fu_35441_p3   |    select|   0|  0|    9|           1|           9|
    |select_ln45_418_fu_35488_p3   |    select|   0|  0|    9|           1|           9|
    |select_ln45_419_fu_35535_p3   |    select|   0|  0|    9|           1|           9|
    |select_ln45_41_fu_17769_p3    |    select|   0|  0|    9|           1|           9|
    |select_ln45_420_fu_35582_p3   |    select|   0|  0|    9|           1|           9|
    |select_ln45_421_fu_35629_p3   |    select|   0|  0|    9|           1|           9|
    |select_ln45_422_fu_35676_p3   |    select|   0|  0|    9|           1|           9|
    |select_ln45_423_fu_35723_p3   |    select|   0|  0|    9|           1|           9|
    |select_ln45_424_fu_35770_p3   |    select|   0|  0|    9|           1|           9|
    |select_ln45_425_fu_35817_p3   |    select|   0|  0|    9|           1|           9|
    |select_ln45_426_fu_35864_p3   |    select|   0|  0|    9|           1|           9|
    |select_ln45_427_fu_35911_p3   |    select|   0|  0|    9|           1|           9|
    |select_ln45_428_fu_35958_p3   |    select|   0|  0|    9|           1|           9|
    |select_ln45_429_fu_36005_p3   |    select|   0|  0|    9|           1|           9|
    |select_ln45_42_fu_17816_p3    |    select|   0|  0|    9|           1|           9|
    |select_ln45_430_fu_36052_p3   |    select|   0|  0|    9|           1|           9|
    |select_ln45_431_fu_36099_p3   |    select|   0|  0|    9|           1|           9|
    |select_ln45_432_fu_36146_p3   |    select|   0|  0|    9|           1|           9|
    |select_ln45_433_fu_36193_p3   |    select|   0|  0|    9|           1|           9|
    |select_ln45_434_fu_36240_p3   |    select|   0|  0|    9|           1|           9|
    |select_ln45_435_fu_36287_p3   |    select|   0|  0|    9|           1|           9|
    |select_ln45_436_fu_36334_p3   |    select|   0|  0|    9|           1|           9|
    |select_ln45_437_fu_36381_p3   |    select|   0|  0|    9|           1|           9|
    |select_ln45_438_fu_36428_p3   |    select|   0|  0|    9|           1|           9|
    |select_ln45_439_fu_36475_p3   |    select|   0|  0|    9|           1|           9|
    |select_ln45_43_fu_17863_p3    |    select|   0|  0|    9|           1|           9|
    |select_ln45_440_fu_36522_p3   |    select|   0|  0|    9|           1|           9|
    |select_ln45_441_fu_36569_p3   |    select|   0|  0|    9|           1|           9|
    |select_ln45_442_fu_36616_p3   |    select|   0|  0|    9|           1|           9|
    |select_ln45_443_fu_36663_p3   |    select|   0|  0|    9|           1|           9|
    |select_ln45_444_fu_36710_p3   |    select|   0|  0|    9|           1|           9|
    |select_ln45_445_fu_36757_p3   |    select|   0|  0|    9|           1|           9|
    |select_ln45_446_fu_36804_p3   |    select|   0|  0|    9|           1|           9|
    |select_ln45_447_fu_36851_p3   |    select|   0|  0|    9|           1|           9|
    |select_ln45_448_fu_36898_p3   |    select|   0|  0|    9|           1|           9|
    |select_ln45_449_fu_36945_p3   |    select|   0|  0|    9|           1|           9|
    |select_ln45_44_fu_17910_p3    |    select|   0|  0|    9|           1|           9|
    |select_ln45_450_fu_36992_p3   |    select|   0|  0|    9|           1|           9|
    |select_ln45_451_fu_37039_p3   |    select|   0|  0|    9|           1|           9|
    |select_ln45_452_fu_37086_p3   |    select|   0|  0|    9|           1|           9|
    |select_ln45_453_fu_37133_p3   |    select|   0|  0|    9|           1|           9|
    |select_ln45_454_fu_37180_p3   |    select|   0|  0|    9|           1|           9|
    |select_ln45_455_fu_37227_p3   |    select|   0|  0|    9|           1|           9|
    |select_ln45_456_fu_37274_p3   |    select|   0|  0|    9|           1|           9|
    |select_ln45_457_fu_37321_p3   |    select|   0|  0|    9|           1|           9|
    |select_ln45_458_fu_37368_p3   |    select|   0|  0|    9|           1|           9|
    |select_ln45_459_fu_37415_p3   |    select|   0|  0|    9|           1|           9|
    |select_ln45_45_fu_17957_p3    |    select|   0|  0|    9|           1|           9|
    |select_ln45_460_fu_37462_p3   |    select|   0|  0|    9|           1|           9|
    |select_ln45_461_fu_37509_p3   |    select|   0|  0|    9|           1|           9|
    |select_ln45_462_fu_37556_p3   |    select|   0|  0|    9|           1|           9|
    |select_ln45_463_fu_37603_p3   |    select|   0|  0|    9|           1|           9|
    |select_ln45_464_fu_37650_p3   |    select|   0|  0|    9|           1|           9|
    |select_ln45_465_fu_37697_p3   |    select|   0|  0|    9|           1|           9|
    |select_ln45_466_fu_37744_p3   |    select|   0|  0|    9|           1|           9|
    |select_ln45_467_fu_37791_p3   |    select|   0|  0|    9|           1|           9|
    |select_ln45_468_fu_37838_p3   |    select|   0|  0|    9|           1|           9|
    |select_ln45_469_fu_37885_p3   |    select|   0|  0|    9|           1|           9|
    |select_ln45_46_fu_18004_p3    |    select|   0|  0|    9|           1|           9|
    |select_ln45_470_fu_37932_p3   |    select|   0|  0|    9|           1|           9|
    |select_ln45_471_fu_37979_p3   |    select|   0|  0|    9|           1|           9|
    |select_ln45_472_fu_38026_p3   |    select|   0|  0|    9|           1|           9|
    |select_ln45_473_fu_38073_p3   |    select|   0|  0|    9|           1|           9|
    |select_ln45_474_fu_38120_p3   |    select|   0|  0|    9|           1|           9|
    |select_ln45_475_fu_38167_p3   |    select|   0|  0|    9|           1|           9|
    |select_ln45_476_fu_38214_p3   |    select|   0|  0|    9|           1|           9|
    |select_ln45_477_fu_38261_p3   |    select|   0|  0|    9|           1|           9|
    |select_ln45_478_fu_38308_p3   |    select|   0|  0|    9|           1|           9|
    |select_ln45_479_fu_38355_p3   |    select|   0|  0|    9|           1|           9|
    |select_ln45_47_fu_18051_p3    |    select|   0|  0|    9|           1|           9|
    |select_ln45_480_fu_38402_p3   |    select|   0|  0|    9|           1|           9|
    |select_ln45_481_fu_38449_p3   |    select|   0|  0|    9|           1|           9|
    |select_ln45_482_fu_38496_p3   |    select|   0|  0|    9|           1|           9|
    |select_ln45_483_fu_38543_p3   |    select|   0|  0|    9|           1|           9|
    |select_ln45_484_fu_38590_p3   |    select|   0|  0|    9|           1|           9|
    |select_ln45_485_fu_38637_p3   |    select|   0|  0|    9|           1|           9|
    |select_ln45_486_fu_38684_p3   |    select|   0|  0|    9|           1|           9|
    |select_ln45_487_fu_38731_p3   |    select|   0|  0|    9|           1|           9|
    |select_ln45_488_fu_38778_p3   |    select|   0|  0|    9|           1|           9|
    |select_ln45_489_fu_38825_p3   |    select|   0|  0|    9|           1|           9|
    |select_ln45_48_fu_18098_p3    |    select|   0|  0|    9|           1|           9|
    |select_ln45_490_fu_38872_p3   |    select|   0|  0|    9|           1|           9|
    |select_ln45_491_fu_38919_p3   |    select|   0|  0|    9|           1|           9|
    |select_ln45_492_fu_38966_p3   |    select|   0|  0|    9|           1|           9|
    |select_ln45_493_fu_39013_p3   |    select|   0|  0|    9|           1|           9|
    |select_ln45_494_fu_39060_p3   |    select|   0|  0|    9|           1|           9|
    |select_ln45_495_fu_39107_p3   |    select|   0|  0|    9|           1|           9|
    |select_ln45_496_fu_39154_p3   |    select|   0|  0|    9|           1|           9|
    |select_ln45_497_fu_39201_p3   |    select|   0|  0|    9|           1|           9|
    |select_ln45_498_fu_39248_p3   |    select|   0|  0|    9|           1|           9|
    |select_ln45_499_fu_39295_p3   |    select|   0|  0|    9|           1|           9|
    |select_ln45_49_fu_18145_p3    |    select|   0|  0|    9|           1|           9|
    |select_ln45_500_fu_39342_p3   |    select|   0|  0|    9|           1|           9|
    |select_ln45_501_fu_39389_p3   |    select|   0|  0|    9|           1|           9|
    |select_ln45_502_fu_39436_p3   |    select|   0|  0|    9|           1|           9|
    |select_ln45_503_fu_39483_p3   |    select|   0|  0|    9|           1|           9|
    |select_ln45_504_fu_39530_p3   |    select|   0|  0|    9|           1|           9|
    |select_ln45_505_fu_39577_p3   |    select|   0|  0|    9|           1|           9|
    |select_ln45_506_fu_39624_p3   |    select|   0|  0|    9|           1|           9|
    |select_ln45_507_fu_39671_p3   |    select|   0|  0|    9|           1|           9|
    |select_ln45_508_fu_39718_p3   |    select|   0|  0|    9|           1|           9|
    |select_ln45_509_fu_39765_p3   |    select|   0|  0|    9|           1|           9|
    |select_ln45_50_fu_18192_p3    |    select|   0|  0|    9|           1|           9|
    |select_ln45_510_fu_39812_p3   |    select|   0|  0|    9|           1|           9|
    |select_ln45_511_fu_39859_p3   |    select|   0|  0|    9|           1|           9|
    |select_ln45_512_fu_39906_p3   |    select|   0|  0|    9|           1|           9|
    |select_ln45_513_fu_39953_p3   |    select|   0|  0|    9|           1|           9|
    |select_ln45_514_fu_40000_p3   |    select|   0|  0|    9|           1|           9|
    |select_ln45_515_fu_40047_p3   |    select|   0|  0|    9|           1|           9|
    |select_ln45_516_fu_40094_p3   |    select|   0|  0|    9|           1|           9|
    |select_ln45_517_fu_40141_p3   |    select|   0|  0|    9|           1|           9|
    |select_ln45_518_fu_40188_p3   |    select|   0|  0|    9|           1|           9|
    |select_ln45_519_fu_40235_p3   |    select|   0|  0|    9|           1|           9|
    |select_ln45_51_fu_18239_p3    |    select|   0|  0|    9|           1|           9|
    |select_ln45_520_fu_40282_p3   |    select|   0|  0|    9|           1|           9|
    |select_ln45_521_fu_40329_p3   |    select|   0|  0|    9|           1|           9|
    |select_ln45_522_fu_40376_p3   |    select|   0|  0|    9|           1|           9|
    |select_ln45_523_fu_40423_p3   |    select|   0|  0|    9|           1|           9|
    |select_ln45_524_fu_40470_p3   |    select|   0|  0|    9|           1|           9|
    |select_ln45_52_fu_18286_p3    |    select|   0|  0|    9|           1|           9|
    |select_ln45_53_fu_18333_p3    |    select|   0|  0|    9|           1|           9|
    |select_ln45_54_fu_18380_p3    |    select|   0|  0|    9|           1|           9|
    |select_ln45_55_fu_18427_p3    |    select|   0|  0|    9|           1|           9|
    |select_ln45_56_fu_18474_p3    |    select|   0|  0|    9|           1|           9|
    |select_ln45_57_fu_18521_p3    |    select|   0|  0|    9|           1|           9|
    |select_ln45_58_fu_18568_p3    |    select|   0|  0|    9|           1|           9|
    |select_ln45_59_fu_18615_p3    |    select|   0|  0|    9|           1|           9|
    |select_ln45_60_fu_18662_p3    |    select|   0|  0|    9|           1|           9|
    |select_ln45_61_fu_18709_p3    |    select|   0|  0|    9|           1|           9|
    |select_ln45_62_fu_18756_p3    |    select|   0|  0|    9|           1|           9|
    |select_ln45_63_fu_18803_p3    |    select|   0|  0|    9|           1|           9|
    |select_ln45_64_fu_18850_p3    |    select|   0|  0|    9|           1|           9|
    |select_ln45_65_fu_18897_p3    |    select|   0|  0|    9|           1|           9|
    |select_ln45_66_fu_18944_p3    |    select|   0|  0|    9|           1|           9|
    |select_ln45_67_fu_18991_p3    |    select|   0|  0|    9|           1|           9|
    |select_ln45_68_fu_19038_p3    |    select|   0|  0|    9|           1|           9|
    |select_ln45_69_fu_19085_p3    |    select|   0|  0|    9|           1|           9|
    |select_ln45_70_fu_19132_p3    |    select|   0|  0|    9|           1|           9|
    |select_ln45_71_fu_19179_p3    |    select|   0|  0|    9|           1|           9|
    |select_ln45_72_fu_19226_p3    |    select|   0|  0|    9|           1|           9|
    |select_ln45_73_fu_19273_p3    |    select|   0|  0|    9|           1|           9|
    |select_ln45_74_fu_19320_p3    |    select|   0|  0|    9|           1|           9|
    |select_ln45_75_fu_19367_p3    |    select|   0|  0|    9|           1|           9|
    |select_ln45_76_fu_19414_p3    |    select|   0|  0|    9|           1|           9|
    |select_ln45_77_fu_19461_p3    |    select|   0|  0|    9|           1|           9|
    |select_ln45_78_fu_19508_p3    |    select|   0|  0|    9|           1|           9|
    |select_ln45_79_fu_19555_p3    |    select|   0|  0|    9|           1|           9|
    |select_ln45_80_fu_19602_p3    |    select|   0|  0|    9|           1|           9|
    |select_ln45_81_fu_19649_p3    |    select|   0|  0|    9|           1|           9|
    |select_ln45_82_fu_19696_p3    |    select|   0|  0|    9|           1|           9|
    |select_ln45_83_fu_19743_p3    |    select|   0|  0|    9|           1|           9|
    |select_ln45_84_fu_19790_p3    |    select|   0|  0|    9|           1|           9|
    |select_ln45_85_fu_19837_p3    |    select|   0|  0|    9|           1|           9|
    |select_ln45_86_fu_19884_p3    |    select|   0|  0|    9|           1|           9|
    |select_ln45_87_fu_19931_p3    |    select|   0|  0|    9|           1|           9|
    |select_ln45_88_fu_19978_p3    |    select|   0|  0|    9|           1|           9|
    |select_ln45_89_fu_20025_p3    |    select|   0|  0|    9|           1|           9|
    |select_ln45_90_fu_20072_p3    |    select|   0|  0|    9|           1|           9|
    |select_ln45_91_fu_20119_p3    |    select|   0|  0|    9|           1|           9|
    |select_ln45_92_fu_20166_p3    |    select|   0|  0|    9|           1|           9|
    |select_ln45_93_fu_20213_p3    |    select|   0|  0|    9|           1|           9|
    |select_ln45_94_fu_20260_p3    |    select|   0|  0|    9|           1|           9|
    |select_ln45_95_fu_20307_p3    |    select|   0|  0|    9|           1|           9|
    |select_ln45_96_fu_20354_p3    |    select|   0|  0|    9|           1|           9|
    |select_ln45_97_fu_20401_p3    |    select|   0|  0|    9|           1|           9|
    |select_ln45_98_fu_20448_p3    |    select|   0|  0|    9|           1|           9|
    |select_ln45_99_fu_20495_p3    |    select|   0|  0|    9|           1|           9|
    |select_ln45_fu_16453_p3       |    select|   0|  0|    9|           1|           9|
    |select_ln46_1000_fu_37441_p3  |    select|   0|  0|    2|           1|           2|
    |select_ln46_1001_fu_37488_p3  |    select|   0|  0|    2|           1|           2|
    |select_ln46_1002_fu_37535_p3  |    select|   0|  0|    2|           1|           2|
    |select_ln46_1003_fu_37582_p3  |    select|   0|  0|    2|           1|           2|
    |select_ln46_1004_fu_37629_p3  |    select|   0|  0|    2|           1|           2|
    |select_ln46_1005_fu_37676_p3  |    select|   0|  0|    2|           1|           2|
    |select_ln46_1006_fu_37723_p3  |    select|   0|  0|    2|           1|           2|
    |select_ln46_1007_fu_37770_p3  |    select|   0|  0|    2|           1|           2|
    |select_ln46_1008_fu_37817_p3  |    select|   0|  0|    2|           1|           2|
    |select_ln46_1009_fu_37864_p3  |    select|   0|  0|    2|           1|           2|
    |select_ln46_100_fu_19218_p3   |    select|   0|  0|    9|           1|           9|
    |select_ln46_1010_fu_37911_p3  |    select|   0|  0|    2|           1|           2|
    |select_ln46_1011_fu_37958_p3  |    select|   0|  0|    2|           1|           2|
    |select_ln46_1012_fu_38005_p3  |    select|   0|  0|    2|           1|           2|
    |select_ln46_1013_fu_38052_p3  |    select|   0|  0|    2|           1|           2|
    |select_ln46_1014_fu_38099_p3  |    select|   0|  0|    2|           1|           2|
    |select_ln46_1015_fu_38146_p3  |    select|   0|  0|    2|           1|           2|
    |select_ln46_1016_fu_38193_p3  |    select|   0|  0|    2|           1|           2|
    |select_ln46_1017_fu_38240_p3  |    select|   0|  0|    2|           1|           2|
    |select_ln46_1018_fu_38287_p3  |    select|   0|  0|    2|           1|           2|
    |select_ln46_1019_fu_38334_p3  |    select|   0|  0|    2|           1|           2|
    |select_ln46_101_fu_19265_p3   |    select|   0|  0|    9|           1|           9|
    |select_ln46_1020_fu_38381_p3  |    select|   0|  0|    2|           1|           2|
    |select_ln46_1021_fu_38428_p3  |    select|   0|  0|    2|           1|           2|
    |select_ln46_1022_fu_38475_p3  |    select|   0|  0|    2|           1|           2|
    |select_ln46_1023_fu_38522_p3  |    select|   0|  0|    2|           1|           2|
    |select_ln46_1024_fu_38569_p3  |    select|   0|  0|    2|           1|           2|
    |select_ln46_1025_fu_38616_p3  |    select|   0|  0|    2|           1|           2|
    |select_ln46_1026_fu_38663_p3  |    select|   0|  0|    2|           1|           2|
    |select_ln46_1027_fu_38710_p3  |    select|   0|  0|    2|           1|           2|
    |select_ln46_1028_fu_38757_p3  |    select|   0|  0|    2|           1|           2|
    |select_ln46_1029_fu_38804_p3  |    select|   0|  0|    2|           1|           2|
    |select_ln46_102_fu_19312_p3   |    select|   0|  0|    9|           1|           9|
    |select_ln46_1030_fu_38851_p3  |    select|   0|  0|    2|           1|           2|
    |select_ln46_1031_fu_38898_p3  |    select|   0|  0|    2|           1|           2|
    |select_ln46_1032_fu_38945_p3  |    select|   0|  0|    2|           1|           2|
    |select_ln46_1033_fu_38992_p3  |    select|   0|  0|    2|           1|           2|
    |select_ln46_1034_fu_39039_p3  |    select|   0|  0|    2|           1|           2|
    |select_ln46_1035_fu_39086_p3  |    select|   0|  0|    2|           1|           2|
    |select_ln46_1036_fu_39133_p3  |    select|   0|  0|    2|           1|           2|
    |select_ln46_1037_fu_39180_p3  |    select|   0|  0|    2|           1|           2|
    |select_ln46_1038_fu_39227_p3  |    select|   0|  0|    2|           1|           2|
    |select_ln46_1039_fu_39274_p3  |    select|   0|  0|    2|           1|           2|
    |select_ln46_103_fu_19359_p3   |    select|   0|  0|    9|           1|           9|
    |select_ln46_1040_fu_39321_p3  |    select|   0|  0|    2|           1|           2|
    |select_ln46_1041_fu_39368_p3  |    select|   0|  0|    2|           1|           2|
    |select_ln46_1042_fu_39415_p3  |    select|   0|  0|    2|           1|           2|
    |select_ln46_1043_fu_39462_p3  |    select|   0|  0|    2|           1|           2|
    |select_ln46_1044_fu_39509_p3  |    select|   0|  0|    2|           1|           2|
    |select_ln46_1045_fu_39556_p3  |    select|   0|  0|    2|           1|           2|
    |select_ln46_1046_fu_39603_p3  |    select|   0|  0|    2|           1|           2|
    |select_ln46_1047_fu_39650_p3  |    select|   0|  0|    2|           1|           2|
    |select_ln46_1048_fu_39697_p3  |    select|   0|  0|    2|           1|           2|
    |select_ln46_1049_fu_39744_p3  |    select|   0|  0|    2|           1|           2|
    |select_ln46_104_fu_19406_p3   |    select|   0|  0|    9|           1|           9|
    |select_ln46_1050_fu_39791_p3  |    select|   0|  0|    2|           1|           2|
    |select_ln46_1051_fu_39838_p3  |    select|   0|  0|    2|           1|           2|
    |select_ln46_1052_fu_39885_p3  |    select|   0|  0|    2|           1|           2|
    |select_ln46_1053_fu_39932_p3  |    select|   0|  0|    2|           1|           2|
    |select_ln46_1054_fu_39979_p3  |    select|   0|  0|    2|           1|           2|
    |select_ln46_1055_fu_40026_p3  |    select|   0|  0|    2|           1|           2|
    |select_ln46_1056_fu_40073_p3  |    select|   0|  0|    2|           1|           2|
    |select_ln46_1057_fu_40120_p3  |    select|   0|  0|    2|           1|           2|
    |select_ln46_1058_fu_40167_p3  |    select|   0|  0|    2|           1|           2|
    |select_ln46_1059_fu_40214_p3  |    select|   0|  0|    2|           1|           2|
    |select_ln46_105_fu_19453_p3   |    select|   0|  0|    9|           1|           9|
    |select_ln46_1060_fu_40261_p3  |    select|   0|  0|    2|           1|           2|
    |select_ln46_1061_fu_40308_p3  |    select|   0|  0|    2|           1|           2|
    |select_ln46_1062_fu_40355_p3  |    select|   0|  0|    2|           1|           2|
    |select_ln46_1063_fu_40402_p3  |    select|   0|  0|    2|           1|           2|
    |select_ln46_1064_fu_40449_p3  |    select|   0|  0|    2|           1|           2|
    |select_ln46_106_fu_19500_p3   |    select|   0|  0|    9|           1|           9|
    |select_ln46_107_fu_19547_p3   |    select|   0|  0|    9|           1|           9|
    |select_ln46_108_fu_19594_p3   |    select|   0|  0|    9|           1|           9|
    |select_ln46_109_fu_19641_p3   |    select|   0|  0|    9|           1|           9|
    |select_ln46_110_fu_19688_p3   |    select|   0|  0|    9|           1|           9|
    |select_ln46_111_fu_19735_p3   |    select|   0|  0|    9|           1|           9|
    |select_ln46_112_fu_19782_p3   |    select|   0|  0|    9|           1|           9|
    |select_ln46_113_fu_19829_p3   |    select|   0|  0|    9|           1|           9|
    |select_ln46_114_fu_19876_p3   |    select|   0|  0|    9|           1|           9|
    |select_ln46_115_fu_19923_p3   |    select|   0|  0|    9|           1|           9|
    |select_ln46_116_fu_19970_p3   |    select|   0|  0|    9|           1|           9|
    |select_ln46_117_fu_20017_p3   |    select|   0|  0|    9|           1|           9|
    |select_ln46_118_fu_20064_p3   |    select|   0|  0|    9|           1|           9|
    |select_ln46_119_fu_20111_p3   |    select|   0|  0|    9|           1|           9|
    |select_ln46_120_fu_20158_p3   |    select|   0|  0|    9|           1|           9|
    |select_ln46_121_fu_20205_p3   |    select|   0|  0|    9|           1|           9|
    |select_ln46_122_fu_20252_p3   |    select|   0|  0|    9|           1|           9|
    |select_ln46_123_fu_20299_p3   |    select|   0|  0|    9|           1|           9|
    |select_ln46_124_fu_20346_p3   |    select|   0|  0|    9|           1|           9|
    |select_ln46_125_fu_20393_p3   |    select|   0|  0|    9|           1|           9|
    |select_ln46_126_fu_20440_p3   |    select|   0|  0|    9|           1|           9|
    |select_ln46_127_fu_20487_p3   |    select|   0|  0|    9|           1|           9|
    |select_ln46_128_fu_20534_p3   |    select|   0|  0|    9|           1|           9|
    |select_ln46_129_fu_20581_p3   |    select|   0|  0|    9|           1|           9|
    |select_ln46_130_fu_20628_p3   |    select|   0|  0|    9|           1|           9|
    |select_ln46_131_fu_20675_p3   |    select|   0|  0|    9|           1|           9|
    |select_ln46_132_fu_20722_p3   |    select|   0|  0|    9|           1|           9|
    |select_ln46_133_fu_20769_p3   |    select|   0|  0|    9|           1|           9|
    |select_ln46_134_fu_20816_p3   |    select|   0|  0|    9|           1|           9|
    |select_ln46_135_fu_20863_p3   |    select|   0|  0|    9|           1|           9|
    |select_ln46_136_fu_20910_p3   |    select|   0|  0|    9|           1|           9|
    |select_ln46_137_fu_20957_p3   |    select|   0|  0|    9|           1|           9|
    |select_ln46_138_fu_21004_p3   |    select|   0|  0|    9|           1|           9|
    |select_ln46_139_fu_21051_p3   |    select|   0|  0|    9|           1|           9|
    |select_ln46_140_fu_21098_p3   |    select|   0|  0|    9|           1|           9|
    |select_ln46_141_fu_21145_p3   |    select|   0|  0|    9|           1|           9|
    |select_ln46_142_fu_21192_p3   |    select|   0|  0|    9|           1|           9|
    |select_ln46_143_fu_21239_p3   |    select|   0|  0|    9|           1|           9|
    |select_ln46_144_fu_21286_p3   |    select|   0|  0|    9|           1|           9|
    |select_ln46_145_fu_21333_p3   |    select|   0|  0|    9|           1|           9|
    |select_ln46_146_fu_21380_p3   |    select|   0|  0|    9|           1|           9|
    |select_ln46_147_fu_21427_p3   |    select|   0|  0|    9|           1|           9|
    |select_ln46_148_fu_21474_p3   |    select|   0|  0|    9|           1|           9|
    |select_ln46_149_fu_21521_p3   |    select|   0|  0|    9|           1|           9|
    |select_ln46_150_fu_21568_p3   |    select|   0|  0|    9|           1|           9|
    |select_ln46_151_fu_21615_p3   |    select|   0|  0|    9|           1|           9|
    |select_ln46_152_fu_21662_p3   |    select|   0|  0|    9|           1|           9|
    |select_ln46_153_fu_21709_p3   |    select|   0|  0|    9|           1|           9|
    |select_ln46_154_fu_21756_p3   |    select|   0|  0|    9|           1|           9|
    |select_ln46_155_fu_21803_p3   |    select|   0|  0|    9|           1|           9|
    |select_ln46_156_fu_21850_p3   |    select|   0|  0|    9|           1|           9|
    |select_ln46_157_fu_21897_p3   |    select|   0|  0|    9|           1|           9|
    |select_ln46_158_fu_21944_p3   |    select|   0|  0|    9|           1|           9|
    |select_ln46_159_fu_21991_p3   |    select|   0|  0|    9|           1|           9|
    |select_ln46_160_fu_22038_p3   |    select|   0|  0|    9|           1|           9|
    |select_ln46_161_fu_22085_p3   |    select|   0|  0|    9|           1|           9|
    |select_ln46_162_fu_22132_p3   |    select|   0|  0|    9|           1|           9|
    |select_ln46_163_fu_22179_p3   |    select|   0|  0|    9|           1|           9|
    |select_ln46_164_fu_22226_p3   |    select|   0|  0|    9|           1|           9|
    |select_ln46_165_fu_22273_p3   |    select|   0|  0|    9|           1|           9|
    |select_ln46_166_fu_22320_p3   |    select|   0|  0|    9|           1|           9|
    |select_ln46_167_fu_22367_p3   |    select|   0|  0|    9|           1|           9|
    |select_ln46_168_fu_22414_p3   |    select|   0|  0|    9|           1|           9|
    |select_ln46_169_fu_22461_p3   |    select|   0|  0|    9|           1|           9|
    |select_ln46_170_fu_22508_p3   |    select|   0|  0|    9|           1|           9|
    |select_ln46_171_fu_22555_p3   |    select|   0|  0|    9|           1|           9|
    |select_ln46_172_fu_22602_p3   |    select|   0|  0|    9|           1|           9|
    |select_ln46_173_fu_22649_p3   |    select|   0|  0|    9|           1|           9|
    |select_ln46_174_fu_22696_p3   |    select|   0|  0|    9|           1|           9|
    |select_ln46_175_fu_22743_p3   |    select|   0|  0|    9|           1|           9|
    |select_ln46_176_fu_22790_p3   |    select|   0|  0|    9|           1|           9|
    |select_ln46_177_fu_22837_p3   |    select|   0|  0|    9|           1|           9|
    |select_ln46_178_fu_22884_p3   |    select|   0|  0|    9|           1|           9|
    |select_ln46_179_fu_22931_p3   |    select|   0|  0|    9|           1|           9|
    |select_ln46_180_fu_22978_p3   |    select|   0|  0|    9|           1|           9|
    |select_ln46_181_fu_23025_p3   |    select|   0|  0|    9|           1|           9|
    |select_ln46_182_fu_23072_p3   |    select|   0|  0|    9|           1|           9|
    |select_ln46_183_fu_23119_p3   |    select|   0|  0|    9|           1|           9|
    |select_ln46_184_fu_23166_p3   |    select|   0|  0|    9|           1|           9|
    |select_ln46_185_fu_23213_p3   |    select|   0|  0|    9|           1|           9|
    |select_ln46_186_fu_23260_p3   |    select|   0|  0|    9|           1|           9|
    |select_ln46_187_fu_23307_p3   |    select|   0|  0|    9|           1|           9|
    |select_ln46_188_fu_23354_p3   |    select|   0|  0|    9|           1|           9|
    |select_ln46_189_fu_23401_p3   |    select|   0|  0|    9|           1|           9|
    |select_ln46_190_fu_23448_p3   |    select|   0|  0|    9|           1|           9|
    |select_ln46_191_fu_23495_p3   |    select|   0|  0|    9|           1|           9|
    |select_ln46_192_fu_23542_p3   |    select|   0|  0|    9|           1|           9|
    |select_ln46_193_fu_23589_p3   |    select|   0|  0|    9|           1|           9|
    |select_ln46_194_fu_23636_p3   |    select|   0|  0|    9|           1|           9|
    |select_ln46_195_fu_23683_p3   |    select|   0|  0|    9|           1|           9|
    |select_ln46_196_fu_23730_p3   |    select|   0|  0|    9|           1|           9|
    |select_ln46_197_fu_23777_p3   |    select|   0|  0|    9|           1|           9|
    |select_ln46_198_fu_23824_p3   |    select|   0|  0|    9|           1|           9|
    |select_ln46_199_fu_23871_p3   |    select|   0|  0|    9|           1|           9|
    |select_ln46_200_fu_23918_p3   |    select|   0|  0|    9|           1|           9|
    |select_ln46_201_fu_23965_p3   |    select|   0|  0|    9|           1|           9|
    |select_ln46_202_fu_24012_p3   |    select|   0|  0|    9|           1|           9|
    |select_ln46_203_fu_24059_p3   |    select|   0|  0|    9|           1|           9|
    |select_ln46_204_fu_24106_p3   |    select|   0|  0|    9|           1|           9|
    |select_ln46_205_fu_24153_p3   |    select|   0|  0|    9|           1|           9|
    |select_ln46_206_fu_24200_p3   |    select|   0|  0|    9|           1|           9|
    |select_ln46_207_fu_24247_p3   |    select|   0|  0|    9|           1|           9|
    |select_ln46_208_fu_24294_p3   |    select|   0|  0|    9|           1|           9|
    |select_ln46_209_fu_24341_p3   |    select|   0|  0|    9|           1|           9|
    |select_ln46_210_fu_24388_p3   |    select|   0|  0|    9|           1|           9|
    |select_ln46_211_fu_24435_p3   |    select|   0|  0|    9|           1|           9|
    |select_ln46_212_fu_24482_p3   |    select|   0|  0|    9|           1|           9|
    |select_ln46_213_fu_24529_p3   |    select|   0|  0|    9|           1|           9|
    |select_ln46_214_fu_24576_p3   |    select|   0|  0|    9|           1|           9|
    |select_ln46_215_fu_24623_p3   |    select|   0|  0|    9|           1|           9|
    |select_ln46_216_fu_24670_p3   |    select|   0|  0|    9|           1|           9|
    |select_ln46_217_fu_24717_p3   |    select|   0|  0|    9|           1|           9|
    |select_ln46_218_fu_24764_p3   |    select|   0|  0|    9|           1|           9|
    |select_ln46_219_fu_24811_p3   |    select|   0|  0|    9|           1|           9|
    |select_ln46_220_fu_24858_p3   |    select|   0|  0|    9|           1|           9|
    |select_ln46_221_fu_24905_p3   |    select|   0|  0|    9|           1|           9|
    |select_ln46_222_fu_24952_p3   |    select|   0|  0|    9|           1|           9|
    |select_ln46_223_fu_24999_p3   |    select|   0|  0|    9|           1|           9|
    |select_ln46_224_fu_25046_p3   |    select|   0|  0|    9|           1|           9|
    |select_ln46_225_fu_25093_p3   |    select|   0|  0|    9|           1|           9|
    |select_ln46_226_fu_25140_p3   |    select|   0|  0|    9|           1|           9|
    |select_ln46_227_fu_25187_p3   |    select|   0|  0|    9|           1|           9|
    |select_ln46_228_fu_25234_p3   |    select|   0|  0|    9|           1|           9|
    |select_ln46_229_fu_25281_p3   |    select|   0|  0|    9|           1|           9|
    |select_ln46_230_fu_25328_p3   |    select|   0|  0|    9|           1|           9|
    |select_ln46_231_fu_25375_p3   |    select|   0|  0|    9|           1|           9|
    |select_ln46_232_fu_25422_p3   |    select|   0|  0|    9|           1|           9|
    |select_ln46_233_fu_25469_p3   |    select|   0|  0|    9|           1|           9|
    |select_ln46_234_fu_25516_p3   |    select|   0|  0|    9|           1|           9|
    |select_ln46_235_fu_25563_p3   |    select|   0|  0|    9|           1|           9|
    |select_ln46_236_fu_25610_p3   |    select|   0|  0|    9|           1|           9|
    |select_ln46_237_fu_25657_p3   |    select|   0|  0|    9|           1|           9|
    |select_ln46_238_fu_25704_p3   |    select|   0|  0|    9|           1|           9|
    |select_ln46_239_fu_25751_p3   |    select|   0|  0|    9|           1|           9|
    |select_ln46_240_fu_25798_p3   |    select|   0|  0|    9|           1|           9|
    |select_ln46_241_fu_25845_p3   |    select|   0|  0|    9|           1|           9|
    |select_ln46_242_fu_25892_p3   |    select|   0|  0|    9|           1|           9|
    |select_ln46_243_fu_25939_p3   |    select|   0|  0|    9|           1|           9|
    |select_ln46_244_fu_25986_p3   |    select|   0|  0|    9|           1|           9|
    |select_ln46_245_fu_26033_p3   |    select|   0|  0|    9|           1|           9|
    |select_ln46_246_fu_26080_p3   |    select|   0|  0|    9|           1|           9|
    |select_ln46_247_fu_26127_p3   |    select|   0|  0|    9|           1|           9|
    |select_ln46_248_fu_26174_p3   |    select|   0|  0|    9|           1|           9|
    |select_ln46_249_fu_26221_p3   |    select|   0|  0|    9|           1|           9|
    |select_ln46_250_fu_26268_p3   |    select|   0|  0|    9|           1|           9|
    |select_ln46_251_fu_26315_p3   |    select|   0|  0|    9|           1|           9|
    |select_ln46_252_fu_26362_p3   |    select|   0|  0|    9|           1|           9|
    |select_ln46_253_fu_26409_p3   |    select|   0|  0|    9|           1|           9|
    |select_ln46_254_fu_26456_p3   |    select|   0|  0|    9|           1|           9|
    |select_ln46_255_fu_26503_p3   |    select|   0|  0|    9|           1|           9|
    |select_ln46_256_fu_26550_p3   |    select|   0|  0|    9|           1|           9|
    |select_ln46_257_fu_26597_p3   |    select|   0|  0|    9|           1|           9|
    |select_ln46_258_fu_26644_p3   |    select|   0|  0|    9|           1|           9|
    |select_ln46_259_fu_26691_p3   |    select|   0|  0|    9|           1|           9|
    |select_ln46_260_fu_26738_p3   |    select|   0|  0|    9|           1|           9|
    |select_ln46_261_fu_26785_p3   |    select|   0|  0|    9|           1|           9|
    |select_ln46_262_fu_26832_p3   |    select|   0|  0|    9|           1|           9|
    |select_ln46_263_fu_26879_p3   |    select|   0|  0|    9|           1|           9|
    |select_ln46_264_fu_26926_p3   |    select|   0|  0|    9|           1|           9|
    |select_ln46_265_fu_26973_p3   |    select|   0|  0|    9|           1|           9|
    |select_ln46_266_fu_27020_p3   |    select|   0|  0|    9|           1|           9|
    |select_ln46_267_fu_27067_p3   |    select|   0|  0|    9|           1|           9|
    |select_ln46_268_fu_27114_p3   |    select|   0|  0|    9|           1|           9|
    |select_ln46_269_fu_27161_p3   |    select|   0|  0|    9|           1|           9|
    |select_ln46_270_fu_27208_p3   |    select|   0|  0|    9|           1|           9|
    |select_ln46_271_fu_27255_p3   |    select|   0|  0|    9|           1|           9|
    |select_ln46_272_fu_27302_p3   |    select|   0|  0|    9|           1|           9|
    |select_ln46_273_fu_27349_p3   |    select|   0|  0|    9|           1|           9|
    |select_ln46_274_fu_27396_p3   |    select|   0|  0|    9|           1|           9|
    |select_ln46_275_fu_27443_p3   |    select|   0|  0|    9|           1|           9|
    |select_ln46_276_fu_27490_p3   |    select|   0|  0|    9|           1|           9|
    |select_ln46_277_fu_27537_p3   |    select|   0|  0|    9|           1|           9|
    |select_ln46_278_fu_27584_p3   |    select|   0|  0|    9|           1|           9|
    |select_ln46_279_fu_27631_p3   |    select|   0|  0|    9|           1|           9|
    |select_ln46_280_fu_27678_p3   |    select|   0|  0|    9|           1|           9|
    |select_ln46_281_fu_27725_p3   |    select|   0|  0|    9|           1|           9|
    |select_ln46_282_fu_27772_p3   |    select|   0|  0|    9|           1|           9|
    |select_ln46_283_fu_27819_p3   |    select|   0|  0|    9|           1|           9|
    |select_ln46_284_fu_27866_p3   |    select|   0|  0|    9|           1|           9|
    |select_ln46_285_fu_27913_p3   |    select|   0|  0|    9|           1|           9|
    |select_ln46_286_fu_27960_p3   |    select|   0|  0|    9|           1|           9|
    |select_ln46_287_fu_28007_p3   |    select|   0|  0|    9|           1|           9|
    |select_ln46_288_fu_28054_p3   |    select|   0|  0|    9|           1|           9|
    |select_ln46_289_fu_28101_p3   |    select|   0|  0|    9|           1|           9|
    |select_ln46_290_fu_28148_p3   |    select|   0|  0|    9|           1|           9|
    |select_ln46_291_fu_28195_p3   |    select|   0|  0|    9|           1|           9|
    |select_ln46_292_fu_28242_p3   |    select|   0|  0|    9|           1|           9|
    |select_ln46_293_fu_28289_p3   |    select|   0|  0|    9|           1|           9|
    |select_ln46_294_fu_28336_p3   |    select|   0|  0|    9|           1|           9|
    |select_ln46_295_fu_28383_p3   |    select|   0|  0|    9|           1|           9|
    |select_ln46_296_fu_28430_p3   |    select|   0|  0|    9|           1|           9|
    |select_ln46_297_fu_28477_p3   |    select|   0|  0|    9|           1|           9|
    |select_ln46_298_fu_28524_p3   |    select|   0|  0|    9|           1|           9|
    |select_ln46_299_fu_28571_p3   |    select|   0|  0|    9|           1|           9|
    |select_ln46_300_fu_28618_p3   |    select|   0|  0|    9|           1|           9|
    |select_ln46_301_fu_28665_p3   |    select|   0|  0|    9|           1|           9|
    |select_ln46_302_fu_28712_p3   |    select|   0|  0|    9|           1|           9|
    |select_ln46_303_fu_28759_p3   |    select|   0|  0|    9|           1|           9|
    |select_ln46_304_fu_28806_p3   |    select|   0|  0|    9|           1|           9|
    |select_ln46_305_fu_28853_p3   |    select|   0|  0|    9|           1|           9|
    |select_ln46_306_fu_28900_p3   |    select|   0|  0|    9|           1|           9|
    |select_ln46_307_fu_28947_p3   |    select|   0|  0|    9|           1|           9|
    |select_ln46_308_fu_28994_p3   |    select|   0|  0|    9|           1|           9|
    |select_ln46_309_fu_29041_p3   |    select|   0|  0|    9|           1|           9|
    |select_ln46_310_fu_29088_p3   |    select|   0|  0|    9|           1|           9|
    |select_ln46_311_fu_29135_p3   |    select|   0|  0|    9|           1|           9|
    |select_ln46_312_fu_29182_p3   |    select|   0|  0|    9|           1|           9|
    |select_ln46_313_fu_29229_p3   |    select|   0|  0|    9|           1|           9|
    |select_ln46_314_fu_29276_p3   |    select|   0|  0|    9|           1|           9|
    |select_ln46_315_fu_29323_p3   |    select|   0|  0|    9|           1|           9|
    |select_ln46_316_fu_29370_p3   |    select|   0|  0|    9|           1|           9|
    |select_ln46_317_fu_29417_p3   |    select|   0|  0|    9|           1|           9|
    |select_ln46_318_fu_29464_p3   |    select|   0|  0|    9|           1|           9|
    |select_ln46_319_fu_29511_p3   |    select|   0|  0|    9|           1|           9|
    |select_ln46_320_fu_29558_p3   |    select|   0|  0|    9|           1|           9|
    |select_ln46_321_fu_29605_p3   |    select|   0|  0|    9|           1|           9|
    |select_ln46_322_fu_29652_p3   |    select|   0|  0|    9|           1|           9|
    |select_ln46_323_fu_29699_p3   |    select|   0|  0|    9|           1|           9|
    |select_ln46_324_fu_29746_p3   |    select|   0|  0|    9|           1|           9|
    |select_ln46_325_fu_29793_p3   |    select|   0|  0|    9|           1|           9|
    |select_ln46_326_fu_29840_p3   |    select|   0|  0|    9|           1|           9|
    |select_ln46_327_fu_29887_p3   |    select|   0|  0|    9|           1|           9|
    |select_ln46_328_fu_29934_p3   |    select|   0|  0|    9|           1|           9|
    |select_ln46_329_fu_29981_p3   |    select|   0|  0|    9|           1|           9|
    |select_ln46_330_fu_30028_p3   |    select|   0|  0|    9|           1|           9|
    |select_ln46_331_fu_30075_p3   |    select|   0|  0|    9|           1|           9|
    |select_ln46_332_fu_30122_p3   |    select|   0|  0|    9|           1|           9|
    |select_ln46_333_fu_30169_p3   |    select|   0|  0|    9|           1|           9|
    |select_ln46_334_fu_30216_p3   |    select|   0|  0|    9|           1|           9|
    |select_ln46_335_fu_30263_p3   |    select|   0|  0|    9|           1|           9|
    |select_ln46_336_fu_30310_p3   |    select|   0|  0|    9|           1|           9|
    |select_ln46_337_fu_30357_p3   |    select|   0|  0|    9|           1|           9|
    |select_ln46_338_fu_30404_p3   |    select|   0|  0|    9|           1|           9|
    |select_ln46_339_fu_30451_p3   |    select|   0|  0|    9|           1|           9|
    |select_ln46_340_fu_30498_p3   |    select|   0|  0|    9|           1|           9|
    |select_ln46_341_fu_30545_p3   |    select|   0|  0|    9|           1|           9|
    |select_ln46_342_fu_30592_p3   |    select|   0|  0|    9|           1|           9|
    |select_ln46_343_fu_30639_p3   |    select|   0|  0|    9|           1|           9|
    |select_ln46_344_fu_30686_p3   |    select|   0|  0|    9|           1|           9|
    |select_ln46_345_fu_30733_p3   |    select|   0|  0|    9|           1|           9|
    |select_ln46_346_fu_30780_p3   |    select|   0|  0|    9|           1|           9|
    |select_ln46_347_fu_30827_p3   |    select|   0|  0|    9|           1|           9|
    |select_ln46_348_fu_30874_p3   |    select|   0|  0|    9|           1|           9|
    |select_ln46_349_fu_30921_p3   |    select|   0|  0|    9|           1|           9|
    |select_ln46_350_fu_30968_p3   |    select|   0|  0|    9|           1|           9|
    |select_ln46_351_fu_31015_p3   |    select|   0|  0|    9|           1|           9|
    |select_ln46_352_fu_31062_p3   |    select|   0|  0|    9|           1|           9|
    |select_ln46_353_fu_31109_p3   |    select|   0|  0|    9|           1|           9|
    |select_ln46_354_fu_31156_p3   |    select|   0|  0|    9|           1|           9|
    |select_ln46_355_fu_31203_p3   |    select|   0|  0|    9|           1|           9|
    |select_ln46_356_fu_31250_p3   |    select|   0|  0|    9|           1|           9|
    |select_ln46_357_fu_31297_p3   |    select|   0|  0|    9|           1|           9|
    |select_ln46_358_fu_31344_p3   |    select|   0|  0|    9|           1|           9|
    |select_ln46_359_fu_31391_p3   |    select|   0|  0|    9|           1|           9|
    |select_ln46_360_fu_31438_p3   |    select|   0|  0|    9|           1|           9|
    |select_ln46_361_fu_31485_p3   |    select|   0|  0|    9|           1|           9|
    |select_ln46_362_fu_31532_p3   |    select|   0|  0|    9|           1|           9|
    |select_ln46_363_fu_31579_p3   |    select|   0|  0|    9|           1|           9|
    |select_ln46_364_fu_31626_p3   |    select|   0|  0|    9|           1|           9|
    |select_ln46_365_fu_31673_p3   |    select|   0|  0|    9|           1|           9|
    |select_ln46_366_fu_31720_p3   |    select|   0|  0|    9|           1|           9|
    |select_ln46_367_fu_31767_p3   |    select|   0|  0|    9|           1|           9|
    |select_ln46_368_fu_31814_p3   |    select|   0|  0|    9|           1|           9|
    |select_ln46_369_fu_31861_p3   |    select|   0|  0|    9|           1|           9|
    |select_ln46_370_fu_31908_p3   |    select|   0|  0|    9|           1|           9|
    |select_ln46_371_fu_31955_p3   |    select|   0|  0|    9|           1|           9|
    |select_ln46_372_fu_32002_p3   |    select|   0|  0|    9|           1|           9|
    |select_ln46_373_fu_32049_p3   |    select|   0|  0|    9|           1|           9|
    |select_ln46_374_fu_32096_p3   |    select|   0|  0|    9|           1|           9|
    |select_ln46_375_fu_32143_p3   |    select|   0|  0|    9|           1|           9|
    |select_ln46_376_fu_32190_p3   |    select|   0|  0|    9|           1|           9|
    |select_ln46_377_fu_32237_p3   |    select|   0|  0|    9|           1|           9|
    |select_ln46_378_fu_32284_p3   |    select|   0|  0|    9|           1|           9|
    |select_ln46_379_fu_32331_p3   |    select|   0|  0|    9|           1|           9|
    |select_ln46_380_fu_32378_p3   |    select|   0|  0|    9|           1|           9|
    |select_ln46_381_fu_32425_p3   |    select|   0|  0|    9|           1|           9|
    |select_ln46_382_fu_32472_p3   |    select|   0|  0|    9|           1|           9|
    |select_ln46_383_fu_32519_p3   |    select|   0|  0|    9|           1|           9|
    |select_ln46_384_fu_32566_p3   |    select|   0|  0|    9|           1|           9|
    |select_ln46_385_fu_32613_p3   |    select|   0|  0|    9|           1|           9|
    |select_ln46_386_fu_32660_p3   |    select|   0|  0|    9|           1|           9|
    |select_ln46_387_fu_32707_p3   |    select|   0|  0|    9|           1|           9|
    |select_ln46_388_fu_32754_p3   |    select|   0|  0|    9|           1|           9|
    |select_ln46_389_fu_32801_p3   |    select|   0|  0|    9|           1|           9|
    |select_ln46_390_fu_32848_p3   |    select|   0|  0|    9|           1|           9|
    |select_ln46_391_fu_32895_p3   |    select|   0|  0|    9|           1|           9|
    |select_ln46_392_fu_32942_p3   |    select|   0|  0|    9|           1|           9|
    |select_ln46_393_fu_32989_p3   |    select|   0|  0|    9|           1|           9|
    |select_ln46_394_fu_33036_p3   |    select|   0|  0|    9|           1|           9|
    |select_ln46_395_fu_33083_p3   |    select|   0|  0|    9|           1|           9|
    |select_ln46_396_fu_33130_p3   |    select|   0|  0|    9|           1|           9|
    |select_ln46_397_fu_33177_p3   |    select|   0|  0|    9|           1|           9|
    |select_ln46_398_fu_33224_p3   |    select|   0|  0|    9|           1|           9|
    |select_ln46_399_fu_33271_p3   |    select|   0|  0|    9|           1|           9|
    |select_ln46_400_fu_33318_p3   |    select|   0|  0|    9|           1|           9|
    |select_ln46_401_fu_33365_p3   |    select|   0|  0|    9|           1|           9|
    |select_ln46_402_fu_33412_p3   |    select|   0|  0|    9|           1|           9|
    |select_ln46_403_fu_33459_p3   |    select|   0|  0|    9|           1|           9|
    |select_ln46_404_fu_33506_p3   |    select|   0|  0|    9|           1|           9|
    |select_ln46_405_fu_33553_p3   |    select|   0|  0|    9|           1|           9|
    |select_ln46_406_fu_33600_p3   |    select|   0|  0|    9|           1|           9|
    |select_ln46_407_fu_33647_p3   |    select|   0|  0|    9|           1|           9|
    |select_ln46_408_fu_33694_p3   |    select|   0|  0|    9|           1|           9|
    |select_ln46_409_fu_33741_p3   |    select|   0|  0|    9|           1|           9|
    |select_ln46_410_fu_33788_p3   |    select|   0|  0|    9|           1|           9|
    |select_ln46_411_fu_33835_p3   |    select|   0|  0|    9|           1|           9|
    |select_ln46_412_fu_33882_p3   |    select|   0|  0|    9|           1|           9|
    |select_ln46_413_fu_33929_p3   |    select|   0|  0|    9|           1|           9|
    |select_ln46_414_fu_33976_p3   |    select|   0|  0|    9|           1|           9|
    |select_ln46_415_fu_34023_p3   |    select|   0|  0|    9|           1|           9|
    |select_ln46_416_fu_34070_p3   |    select|   0|  0|    9|           1|           9|
    |select_ln46_417_fu_34117_p3   |    select|   0|  0|    9|           1|           9|
    |select_ln46_418_fu_34164_p3   |    select|   0|  0|    9|           1|           9|
    |select_ln46_419_fu_34211_p3   |    select|   0|  0|    9|           1|           9|
    |select_ln46_420_fu_34258_p3   |    select|   0|  0|    9|           1|           9|
    |select_ln46_421_fu_34305_p3   |    select|   0|  0|    9|           1|           9|
    |select_ln46_422_fu_34352_p3   |    select|   0|  0|    9|           1|           9|
    |select_ln46_423_fu_34399_p3   |    select|   0|  0|    9|           1|           9|
    |select_ln46_424_fu_34446_p3   |    select|   0|  0|    9|           1|           9|
    |select_ln46_425_fu_34493_p3   |    select|   0|  0|    9|           1|           9|
    |select_ln46_426_fu_34540_p3   |    select|   0|  0|    9|           1|           9|
    |select_ln46_427_fu_34587_p3   |    select|   0|  0|    9|           1|           9|
    |select_ln46_428_fu_34634_p3   |    select|   0|  0|    9|           1|           9|
    |select_ln46_429_fu_34681_p3   |    select|   0|  0|    9|           1|           9|
    |select_ln46_42_fu_16492_p3    |    select|   0|  0|    9|           1|           9|
    |select_ln46_430_fu_34728_p3   |    select|   0|  0|    9|           1|           9|
    |select_ln46_431_fu_34775_p3   |    select|   0|  0|    9|           1|           9|
    |select_ln46_432_fu_34822_p3   |    select|   0|  0|    9|           1|           9|
    |select_ln46_433_fu_34869_p3   |    select|   0|  0|    9|           1|           9|
    |select_ln46_434_fu_34916_p3   |    select|   0|  0|    9|           1|           9|
    |select_ln46_435_fu_34963_p3   |    select|   0|  0|    9|           1|           9|
    |select_ln46_436_fu_35010_p3   |    select|   0|  0|    9|           1|           9|
    |select_ln46_437_fu_35057_p3   |    select|   0|  0|    9|           1|           9|
    |select_ln46_438_fu_35104_p3   |    select|   0|  0|    9|           1|           9|
    |select_ln46_439_fu_35151_p3   |    select|   0|  0|    9|           1|           9|
    |select_ln46_43_fu_16539_p3    |    select|   0|  0|    9|           1|           9|
    |select_ln46_440_fu_35198_p3   |    select|   0|  0|    9|           1|           9|
    |select_ln46_441_fu_35245_p3   |    select|   0|  0|    9|           1|           9|
    |select_ln46_442_fu_35292_p3   |    select|   0|  0|    9|           1|           9|
    |select_ln46_443_fu_35339_p3   |    select|   0|  0|    9|           1|           9|
    |select_ln46_444_fu_35386_p3   |    select|   0|  0|    9|           1|           9|
    |select_ln46_445_fu_35433_p3   |    select|   0|  0|    9|           1|           9|
    |select_ln46_446_fu_35480_p3   |    select|   0|  0|    9|           1|           9|
    |select_ln46_447_fu_35527_p3   |    select|   0|  0|    9|           1|           9|
    |select_ln46_448_fu_35574_p3   |    select|   0|  0|    9|           1|           9|
    |select_ln46_449_fu_35621_p3   |    select|   0|  0|    9|           1|           9|
    |select_ln46_44_fu_16586_p3    |    select|   0|  0|    9|           1|           9|
    |select_ln46_450_fu_35668_p3   |    select|   0|  0|    9|           1|           9|
    |select_ln46_451_fu_35715_p3   |    select|   0|  0|    9|           1|           9|
    |select_ln46_452_fu_35762_p3   |    select|   0|  0|    9|           1|           9|
    |select_ln46_453_fu_35809_p3   |    select|   0|  0|    9|           1|           9|
    |select_ln46_454_fu_35856_p3   |    select|   0|  0|    9|           1|           9|
    |select_ln46_455_fu_35903_p3   |    select|   0|  0|    9|           1|           9|
    |select_ln46_456_fu_35950_p3   |    select|   0|  0|    9|           1|           9|
    |select_ln46_457_fu_35997_p3   |    select|   0|  0|    9|           1|           9|
    |select_ln46_458_fu_36044_p3   |    select|   0|  0|    9|           1|           9|
    |select_ln46_459_fu_36091_p3   |    select|   0|  0|    9|           1|           9|
    |select_ln46_45_fu_16633_p3    |    select|   0|  0|    9|           1|           9|
    |select_ln46_460_fu_36138_p3   |    select|   0|  0|    9|           1|           9|
    |select_ln46_461_fu_36185_p3   |    select|   0|  0|    9|           1|           9|
    |select_ln46_462_fu_36232_p3   |    select|   0|  0|    9|           1|           9|
    |select_ln46_463_fu_36279_p3   |    select|   0|  0|    9|           1|           9|
    |select_ln46_464_fu_36326_p3   |    select|   0|  0|    9|           1|           9|
    |select_ln46_465_fu_36373_p3   |    select|   0|  0|    9|           1|           9|
    |select_ln46_466_fu_36420_p3   |    select|   0|  0|    9|           1|           9|
    |select_ln46_467_fu_36467_p3   |    select|   0|  0|    9|           1|           9|
    |select_ln46_468_fu_36514_p3   |    select|   0|  0|    9|           1|           9|
    |select_ln46_469_fu_36561_p3   |    select|   0|  0|    9|           1|           9|
    |select_ln46_46_fu_16680_p3    |    select|   0|  0|    9|           1|           9|
    |select_ln46_470_fu_36608_p3   |    select|   0|  0|    9|           1|           9|
    |select_ln46_471_fu_36655_p3   |    select|   0|  0|    9|           1|           9|
    |select_ln46_472_fu_36702_p3   |    select|   0|  0|    9|           1|           9|
    |select_ln46_473_fu_36749_p3   |    select|   0|  0|    9|           1|           9|
    |select_ln46_474_fu_36796_p3   |    select|   0|  0|    9|           1|           9|
    |select_ln46_475_fu_36843_p3   |    select|   0|  0|    9|           1|           9|
    |select_ln46_476_fu_36890_p3   |    select|   0|  0|    9|           1|           9|
    |select_ln46_477_fu_36937_p3   |    select|   0|  0|    9|           1|           9|
    |select_ln46_478_fu_36984_p3   |    select|   0|  0|    9|           1|           9|
    |select_ln46_479_fu_37031_p3   |    select|   0|  0|    9|           1|           9|
    |select_ln46_47_fu_16727_p3    |    select|   0|  0|    9|           1|           9|
    |select_ln46_480_fu_37078_p3   |    select|   0|  0|    9|           1|           9|
    |select_ln46_481_fu_37125_p3   |    select|   0|  0|    9|           1|           9|
    |select_ln46_482_fu_37172_p3   |    select|   0|  0|    9|           1|           9|
    |select_ln46_483_fu_37219_p3   |    select|   0|  0|    9|           1|           9|
    |select_ln46_484_fu_37266_p3   |    select|   0|  0|    9|           1|           9|
    |select_ln46_485_fu_37313_p3   |    select|   0|  0|    9|           1|           9|
    |select_ln46_486_fu_37360_p3   |    select|   0|  0|    9|           1|           9|
    |select_ln46_487_fu_37407_p3   |    select|   0|  0|    9|           1|           9|
    |select_ln46_488_fu_37454_p3   |    select|   0|  0|    9|           1|           9|
    |select_ln46_489_fu_37501_p3   |    select|   0|  0|    9|           1|           9|
    |select_ln46_48_fu_16774_p3    |    select|   0|  0|    9|           1|           9|
    |select_ln46_490_fu_37548_p3   |    select|   0|  0|    9|           1|           9|
    |select_ln46_491_fu_37595_p3   |    select|   0|  0|    9|           1|           9|
    |select_ln46_492_fu_37642_p3   |    select|   0|  0|    9|           1|           9|
    |select_ln46_493_fu_37689_p3   |    select|   0|  0|    9|           1|           9|
    |select_ln46_494_fu_37736_p3   |    select|   0|  0|    9|           1|           9|
    |select_ln46_495_fu_37783_p3   |    select|   0|  0|    9|           1|           9|
    |select_ln46_496_fu_37830_p3   |    select|   0|  0|    9|           1|           9|
    |select_ln46_497_fu_37877_p3   |    select|   0|  0|    9|           1|           9|
    |select_ln46_498_fu_37924_p3   |    select|   0|  0|    9|           1|           9|
    |select_ln46_499_fu_37971_p3   |    select|   0|  0|    9|           1|           9|
    |select_ln46_49_fu_16821_p3    |    select|   0|  0|    9|           1|           9|
    |select_ln46_500_fu_38018_p3   |    select|   0|  0|    9|           1|           9|
    |select_ln46_501_fu_38065_p3   |    select|   0|  0|    9|           1|           9|
    |select_ln46_502_fu_38112_p3   |    select|   0|  0|    9|           1|           9|
    |select_ln46_503_fu_38159_p3   |    select|   0|  0|    9|           1|           9|
    |select_ln46_504_fu_38206_p3   |    select|   0|  0|    9|           1|           9|
    |select_ln46_505_fu_38253_p3   |    select|   0|  0|    9|           1|           9|
    |select_ln46_506_fu_38300_p3   |    select|   0|  0|    9|           1|           9|
    |select_ln46_507_fu_38347_p3   |    select|   0|  0|    9|           1|           9|
    |select_ln46_508_fu_38394_p3   |    select|   0|  0|    9|           1|           9|
    |select_ln46_509_fu_38441_p3   |    select|   0|  0|    9|           1|           9|
    |select_ln46_50_fu_16868_p3    |    select|   0|  0|    9|           1|           9|
    |select_ln46_510_fu_38488_p3   |    select|   0|  0|    9|           1|           9|
    |select_ln46_511_fu_38535_p3   |    select|   0|  0|    9|           1|           9|
    |select_ln46_512_fu_38582_p3   |    select|   0|  0|    9|           1|           9|
    |select_ln46_513_fu_38629_p3   |    select|   0|  0|    9|           1|           9|
    |select_ln46_514_fu_38676_p3   |    select|   0|  0|    9|           1|           9|
    |select_ln46_515_fu_38723_p3   |    select|   0|  0|    9|           1|           9|
    |select_ln46_516_fu_38770_p3   |    select|   0|  0|    9|           1|           9|
    |select_ln46_517_fu_38817_p3   |    select|   0|  0|    9|           1|           9|
    |select_ln46_518_fu_38864_p3   |    select|   0|  0|    9|           1|           9|
    |select_ln46_519_fu_38911_p3   |    select|   0|  0|    9|           1|           9|
    |select_ln46_51_fu_16915_p3    |    select|   0|  0|    9|           1|           9|
    |select_ln46_520_fu_38958_p3   |    select|   0|  0|    9|           1|           9|
    |select_ln46_521_fu_39005_p3   |    select|   0|  0|    9|           1|           9|
    |select_ln46_522_fu_39052_p3   |    select|   0|  0|    9|           1|           9|
    |select_ln46_523_fu_39099_p3   |    select|   0|  0|    9|           1|           9|
    |select_ln46_524_fu_39146_p3   |    select|   0|  0|    9|           1|           9|
    |select_ln46_525_fu_39193_p3   |    select|   0|  0|    9|           1|           9|
    |select_ln46_526_fu_39240_p3   |    select|   0|  0|    9|           1|           9|
    |select_ln46_527_fu_39287_p3   |    select|   0|  0|    9|           1|           9|
    |select_ln46_528_fu_39334_p3   |    select|   0|  0|    9|           1|           9|
    |select_ln46_529_fu_39381_p3   |    select|   0|  0|    9|           1|           9|
    |select_ln46_52_fu_16962_p3    |    select|   0|  0|    9|           1|           9|
    |select_ln46_530_fu_39428_p3   |    select|   0|  0|    9|           1|           9|
    |select_ln46_531_fu_39475_p3   |    select|   0|  0|    9|           1|           9|
    |select_ln46_532_fu_39522_p3   |    select|   0|  0|    9|           1|           9|
    |select_ln46_533_fu_39569_p3   |    select|   0|  0|    9|           1|           9|
    |select_ln46_534_fu_39616_p3   |    select|   0|  0|    9|           1|           9|
    |select_ln46_535_fu_39663_p3   |    select|   0|  0|    9|           1|           9|
    |select_ln46_536_fu_39710_p3   |    select|   0|  0|    9|           1|           9|
    |select_ln46_537_fu_39757_p3   |    select|   0|  0|    9|           1|           9|
    |select_ln46_538_fu_39804_p3   |    select|   0|  0|    9|           1|           9|
    |select_ln46_539_fu_39851_p3   |    select|   0|  0|    9|           1|           9|
    |select_ln46_53_fu_17009_p3    |    select|   0|  0|    9|           1|           9|
    |select_ln46_540_fu_39898_p3   |    select|   0|  0|    9|           1|           9|
    |select_ln46_541_fu_39945_p3   |    select|   0|  0|    9|           1|           9|
    |select_ln46_542_fu_39992_p3   |    select|   0|  0|    9|           1|           9|
    |select_ln46_543_fu_40039_p3   |    select|   0|  0|    9|           1|           9|
    |select_ln46_544_fu_40086_p3   |    select|   0|  0|    9|           1|           9|
    |select_ln46_545_fu_40133_p3   |    select|   0|  0|    9|           1|           9|
    |select_ln46_546_fu_40180_p3   |    select|   0|  0|    9|           1|           9|
    |select_ln46_547_fu_40227_p3   |    select|   0|  0|    9|           1|           9|
    |select_ln46_548_fu_40274_p3   |    select|   0|  0|    9|           1|           9|
    |select_ln46_549_fu_40321_p3   |    select|   0|  0|    9|           1|           9|
    |select_ln46_54_fu_17056_p3    |    select|   0|  0|    9|           1|           9|
    |select_ln46_550_fu_40368_p3   |    select|   0|  0|    9|           1|           9|
    |select_ln46_551_fu_40415_p3   |    select|   0|  0|    9|           1|           9|
    |select_ln46_552_fu_40462_p3   |    select|   0|  0|    9|           1|           9|
    |select_ln46_553_fu_16432_p3   |    select|   0|  0|    2|           1|           2|
    |select_ln46_554_fu_16479_p3   |    select|   0|  0|    2|           1|           2|
    |select_ln46_555_fu_16526_p3   |    select|   0|  0|    2|           1|           2|
    |select_ln46_556_fu_16573_p3   |    select|   0|  0|    2|           1|           2|
    |select_ln46_557_fu_16620_p3   |    select|   0|  0|    2|           1|           2|
    |select_ln46_558_fu_16667_p3   |    select|   0|  0|    2|           1|           2|
    |select_ln46_559_fu_16714_p3   |    select|   0|  0|    2|           1|           2|
    |select_ln46_55_fu_17103_p3    |    select|   0|  0|    9|           1|           9|
    |select_ln46_560_fu_16761_p3   |    select|   0|  0|    2|           1|           2|
    |select_ln46_561_fu_16808_p3   |    select|   0|  0|    2|           1|           2|
    |select_ln46_562_fu_16855_p3   |    select|   0|  0|    2|           1|           2|
    |select_ln46_563_fu_16902_p3   |    select|   0|  0|    2|           1|           2|
    |select_ln46_564_fu_16949_p3   |    select|   0|  0|    2|           1|           2|
    |select_ln46_565_fu_16996_p3   |    select|   0|  0|    2|           1|           2|
    |select_ln46_566_fu_17043_p3   |    select|   0|  0|    2|           1|           2|
    |select_ln46_567_fu_17090_p3   |    select|   0|  0|    2|           1|           2|
    |select_ln46_568_fu_17137_p3   |    select|   0|  0|    2|           1|           2|
    |select_ln46_569_fu_17184_p3   |    select|   0|  0|    2|           1|           2|
    |select_ln46_56_fu_17150_p3    |    select|   0|  0|    9|           1|           9|
    |select_ln46_570_fu_17231_p3   |    select|   0|  0|    2|           1|           2|
    |select_ln46_571_fu_17278_p3   |    select|   0|  0|    2|           1|           2|
    |select_ln46_572_fu_17325_p3   |    select|   0|  0|    2|           1|           2|
    |select_ln46_573_fu_17372_p3   |    select|   0|  0|    2|           1|           2|
    |select_ln46_574_fu_17419_p3   |    select|   0|  0|    2|           1|           2|
    |select_ln46_575_fu_17466_p3   |    select|   0|  0|    2|           1|           2|
    |select_ln46_576_fu_17513_p3   |    select|   0|  0|    2|           1|           2|
    |select_ln46_577_fu_17560_p3   |    select|   0|  0|    2|           1|           2|
    |select_ln46_578_fu_17607_p3   |    select|   0|  0|    2|           1|           2|
    |select_ln46_579_fu_17654_p3   |    select|   0|  0|    2|           1|           2|
    |select_ln46_57_fu_17197_p3    |    select|   0|  0|    9|           1|           9|
    |select_ln46_580_fu_17701_p3   |    select|   0|  0|    2|           1|           2|
    |select_ln46_581_fu_17748_p3   |    select|   0|  0|    2|           1|           2|
    |select_ln46_582_fu_17795_p3   |    select|   0|  0|    2|           1|           2|
    |select_ln46_583_fu_17842_p3   |    select|   0|  0|    2|           1|           2|
    |select_ln46_584_fu_17889_p3   |    select|   0|  0|    2|           1|           2|
    |select_ln46_585_fu_17936_p3   |    select|   0|  0|    2|           1|           2|
    |select_ln46_586_fu_17983_p3   |    select|   0|  0|    2|           1|           2|
    |select_ln46_587_fu_18030_p3   |    select|   0|  0|    2|           1|           2|
    |select_ln46_588_fu_18077_p3   |    select|   0|  0|    2|           1|           2|
    |select_ln46_589_fu_18124_p3   |    select|   0|  0|    2|           1|           2|
    |select_ln46_58_fu_17244_p3    |    select|   0|  0|    9|           1|           9|
    |select_ln46_590_fu_18171_p3   |    select|   0|  0|    2|           1|           2|
    |select_ln46_591_fu_18218_p3   |    select|   0|  0|    2|           1|           2|
    |select_ln46_592_fu_18265_p3   |    select|   0|  0|    2|           1|           2|
    |select_ln46_593_fu_18312_p3   |    select|   0|  0|    2|           1|           2|
    |select_ln46_594_fu_18359_p3   |    select|   0|  0|    2|           1|           2|
    |select_ln46_595_fu_18406_p3   |    select|   0|  0|    2|           1|           2|
    |select_ln46_596_fu_18453_p3   |    select|   0|  0|    2|           1|           2|
    |select_ln46_597_fu_18500_p3   |    select|   0|  0|    2|           1|           2|
    |select_ln46_598_fu_18547_p3   |    select|   0|  0|    2|           1|           2|
    |select_ln46_599_fu_18594_p3   |    select|   0|  0|    2|           1|           2|
    |select_ln46_59_fu_17291_p3    |    select|   0|  0|    9|           1|           9|
    |select_ln46_600_fu_18641_p3   |    select|   0|  0|    2|           1|           2|
    |select_ln46_601_fu_18688_p3   |    select|   0|  0|    2|           1|           2|
    |select_ln46_602_fu_18735_p3   |    select|   0|  0|    2|           1|           2|
    |select_ln46_603_fu_18782_p3   |    select|   0|  0|    2|           1|           2|
    |select_ln46_604_fu_18829_p3   |    select|   0|  0|    2|           1|           2|
    |select_ln46_605_fu_18876_p3   |    select|   0|  0|    2|           1|           2|
    |select_ln46_606_fu_18923_p3   |    select|   0|  0|    2|           1|           2|
    |select_ln46_607_fu_18970_p3   |    select|   0|  0|    2|           1|           2|
    |select_ln46_608_fu_19017_p3   |    select|   0|  0|    2|           1|           2|
    |select_ln46_609_fu_19064_p3   |    select|   0|  0|    2|           1|           2|
    |select_ln46_60_fu_17338_p3    |    select|   0|  0|    9|           1|           9|
    |select_ln46_610_fu_19111_p3   |    select|   0|  0|    2|           1|           2|
    |select_ln46_611_fu_19158_p3   |    select|   0|  0|    2|           1|           2|
    |select_ln46_612_fu_19205_p3   |    select|   0|  0|    2|           1|           2|
    |select_ln46_613_fu_19252_p3   |    select|   0|  0|    2|           1|           2|
    |select_ln46_614_fu_19299_p3   |    select|   0|  0|    2|           1|           2|
    |select_ln46_615_fu_19346_p3   |    select|   0|  0|    2|           1|           2|
    |select_ln46_616_fu_19393_p3   |    select|   0|  0|    2|           1|           2|
    |select_ln46_617_fu_19440_p3   |    select|   0|  0|    2|           1|           2|
    |select_ln46_618_fu_19487_p3   |    select|   0|  0|    2|           1|           2|
    |select_ln46_619_fu_19534_p3   |    select|   0|  0|    2|           1|           2|
    |select_ln46_61_fu_17385_p3    |    select|   0|  0|    9|           1|           9|
    |select_ln46_620_fu_19581_p3   |    select|   0|  0|    2|           1|           2|
    |select_ln46_621_fu_19628_p3   |    select|   0|  0|    2|           1|           2|
    |select_ln46_622_fu_19675_p3   |    select|   0|  0|    2|           1|           2|
    |select_ln46_623_fu_19722_p3   |    select|   0|  0|    2|           1|           2|
    |select_ln46_624_fu_19769_p3   |    select|   0|  0|    2|           1|           2|
    |select_ln46_625_fu_19816_p3   |    select|   0|  0|    2|           1|           2|
    |select_ln46_626_fu_19863_p3   |    select|   0|  0|    2|           1|           2|
    |select_ln46_627_fu_19910_p3   |    select|   0|  0|    2|           1|           2|
    |select_ln46_628_fu_19957_p3   |    select|   0|  0|    2|           1|           2|
    |select_ln46_629_fu_20004_p3   |    select|   0|  0|    2|           1|           2|
    |select_ln46_62_fu_17432_p3    |    select|   0|  0|    9|           1|           9|
    |select_ln46_630_fu_20051_p3   |    select|   0|  0|    2|           1|           2|
    |select_ln46_631_fu_20098_p3   |    select|   0|  0|    2|           1|           2|
    |select_ln46_632_fu_20145_p3   |    select|   0|  0|    2|           1|           2|
    |select_ln46_633_fu_20192_p3   |    select|   0|  0|    2|           1|           2|
    |select_ln46_634_fu_20239_p3   |    select|   0|  0|    2|           1|           2|
    |select_ln46_635_fu_20286_p3   |    select|   0|  0|    2|           1|           2|
    |select_ln46_636_fu_20333_p3   |    select|   0|  0|    2|           1|           2|
    |select_ln46_637_fu_20380_p3   |    select|   0|  0|    2|           1|           2|
    |select_ln46_638_fu_20427_p3   |    select|   0|  0|    2|           1|           2|
    |select_ln46_639_fu_20474_p3   |    select|   0|  0|    2|           1|           2|
    |select_ln46_63_fu_17479_p3    |    select|   0|  0|    9|           1|           9|
    |select_ln46_640_fu_20521_p3   |    select|   0|  0|    2|           1|           2|
    |select_ln46_641_fu_20568_p3   |    select|   0|  0|    2|           1|           2|
    |select_ln46_642_fu_20615_p3   |    select|   0|  0|    2|           1|           2|
    |select_ln46_643_fu_20662_p3   |    select|   0|  0|    2|           1|           2|
    |select_ln46_644_fu_20709_p3   |    select|   0|  0|    2|           1|           2|
    |select_ln46_645_fu_20756_p3   |    select|   0|  0|    2|           1|           2|
    |select_ln46_646_fu_20803_p3   |    select|   0|  0|    2|           1|           2|
    |select_ln46_647_fu_20850_p3   |    select|   0|  0|    2|           1|           2|
    |select_ln46_648_fu_20897_p3   |    select|   0|  0|    2|           1|           2|
    |select_ln46_649_fu_20944_p3   |    select|   0|  0|    2|           1|           2|
    |select_ln46_64_fu_17526_p3    |    select|   0|  0|    9|           1|           9|
    |select_ln46_650_fu_20991_p3   |    select|   0|  0|    2|           1|           2|
    |select_ln46_651_fu_21038_p3   |    select|   0|  0|    2|           1|           2|
    |select_ln46_652_fu_21085_p3   |    select|   0|  0|    2|           1|           2|
    |select_ln46_653_fu_21132_p3   |    select|   0|  0|    2|           1|           2|
    |select_ln46_654_fu_21179_p3   |    select|   0|  0|    2|           1|           2|
    |select_ln46_655_fu_21226_p3   |    select|   0|  0|    2|           1|           2|
    |select_ln46_656_fu_21273_p3   |    select|   0|  0|    2|           1|           2|
    |select_ln46_657_fu_21320_p3   |    select|   0|  0|    2|           1|           2|
    |select_ln46_658_fu_21367_p3   |    select|   0|  0|    2|           1|           2|
    |select_ln46_659_fu_21414_p3   |    select|   0|  0|    2|           1|           2|
    |select_ln46_65_fu_17573_p3    |    select|   0|  0|    9|           1|           9|
    |select_ln46_660_fu_21461_p3   |    select|   0|  0|    2|           1|           2|
    |select_ln46_661_fu_21508_p3   |    select|   0|  0|    2|           1|           2|
    |select_ln46_662_fu_21555_p3   |    select|   0|  0|    2|           1|           2|
    |select_ln46_663_fu_21602_p3   |    select|   0|  0|    2|           1|           2|
    |select_ln46_664_fu_21649_p3   |    select|   0|  0|    2|           1|           2|
    |select_ln46_665_fu_21696_p3   |    select|   0|  0|    2|           1|           2|
    |select_ln46_666_fu_21743_p3   |    select|   0|  0|    2|           1|           2|
    |select_ln46_667_fu_21790_p3   |    select|   0|  0|    2|           1|           2|
    |select_ln46_668_fu_21837_p3   |    select|   0|  0|    2|           1|           2|
    |select_ln46_669_fu_21884_p3   |    select|   0|  0|    2|           1|           2|
    |select_ln46_66_fu_17620_p3    |    select|   0|  0|    9|           1|           9|
    |select_ln46_670_fu_21931_p3   |    select|   0|  0|    2|           1|           2|
    |select_ln46_671_fu_21978_p3   |    select|   0|  0|    2|           1|           2|
    |select_ln46_672_fu_22025_p3   |    select|   0|  0|    2|           1|           2|
    |select_ln46_673_fu_22072_p3   |    select|   0|  0|    2|           1|           2|
    |select_ln46_674_fu_22119_p3   |    select|   0|  0|    2|           1|           2|
    |select_ln46_675_fu_22166_p3   |    select|   0|  0|    2|           1|           2|
    |select_ln46_676_fu_22213_p3   |    select|   0|  0|    2|           1|           2|
    |select_ln46_677_fu_22260_p3   |    select|   0|  0|    2|           1|           2|
    |select_ln46_678_fu_22307_p3   |    select|   0|  0|    2|           1|           2|
    |select_ln46_679_fu_22354_p3   |    select|   0|  0|    2|           1|           2|
    |select_ln46_67_fu_17667_p3    |    select|   0|  0|    9|           1|           9|
    |select_ln46_680_fu_22401_p3   |    select|   0|  0|    2|           1|           2|
    |select_ln46_681_fu_22448_p3   |    select|   0|  0|    2|           1|           2|
    |select_ln46_682_fu_22495_p3   |    select|   0|  0|    2|           1|           2|
    |select_ln46_683_fu_22542_p3   |    select|   0|  0|    2|           1|           2|
    |select_ln46_684_fu_22589_p3   |    select|   0|  0|    2|           1|           2|
    |select_ln46_685_fu_22636_p3   |    select|   0|  0|    2|           1|           2|
    |select_ln46_686_fu_22683_p3   |    select|   0|  0|    2|           1|           2|
    |select_ln46_687_fu_22730_p3   |    select|   0|  0|    2|           1|           2|
    |select_ln46_688_fu_22777_p3   |    select|   0|  0|    2|           1|           2|
    |select_ln46_689_fu_22824_p3   |    select|   0|  0|    2|           1|           2|
    |select_ln46_68_fu_17714_p3    |    select|   0|  0|    9|           1|           9|
    |select_ln46_690_fu_22871_p3   |    select|   0|  0|    2|           1|           2|
    |select_ln46_691_fu_22918_p3   |    select|   0|  0|    2|           1|           2|
    |select_ln46_692_fu_22965_p3   |    select|   0|  0|    2|           1|           2|
    |select_ln46_693_fu_23012_p3   |    select|   0|  0|    2|           1|           2|
    |select_ln46_694_fu_23059_p3   |    select|   0|  0|    2|           1|           2|
    |select_ln46_695_fu_23106_p3   |    select|   0|  0|    2|           1|           2|
    |select_ln46_696_fu_23153_p3   |    select|   0|  0|    2|           1|           2|
    |select_ln46_697_fu_23200_p3   |    select|   0|  0|    2|           1|           2|
    |select_ln46_698_fu_23247_p3   |    select|   0|  0|    2|           1|           2|
    |select_ln46_699_fu_23294_p3   |    select|   0|  0|    2|           1|           2|
    |select_ln46_69_fu_17761_p3    |    select|   0|  0|    9|           1|           9|
    |select_ln46_700_fu_23341_p3   |    select|   0|  0|    2|           1|           2|
    |select_ln46_701_fu_23388_p3   |    select|   0|  0|    2|           1|           2|
    |select_ln46_702_fu_23435_p3   |    select|   0|  0|    2|           1|           2|
    |select_ln46_703_fu_23482_p3   |    select|   0|  0|    2|           1|           2|
    |select_ln46_704_fu_23529_p3   |    select|   0|  0|    2|           1|           2|
    |select_ln46_705_fu_23576_p3   |    select|   0|  0|    2|           1|           2|
    |select_ln46_706_fu_23623_p3   |    select|   0|  0|    2|           1|           2|
    |select_ln46_707_fu_23670_p3   |    select|   0|  0|    2|           1|           2|
    |select_ln46_708_fu_23717_p3   |    select|   0|  0|    2|           1|           2|
    |select_ln46_709_fu_23764_p3   |    select|   0|  0|    2|           1|           2|
    |select_ln46_70_fu_17808_p3    |    select|   0|  0|    9|           1|           9|
    |select_ln46_710_fu_23811_p3   |    select|   0|  0|    2|           1|           2|
    |select_ln46_711_fu_23858_p3   |    select|   0|  0|    2|           1|           2|
    |select_ln46_712_fu_23905_p3   |    select|   0|  0|    2|           1|           2|
    |select_ln46_713_fu_23952_p3   |    select|   0|  0|    2|           1|           2|
    |select_ln46_714_fu_23999_p3   |    select|   0|  0|    2|           1|           2|
    |select_ln46_715_fu_24046_p3   |    select|   0|  0|    2|           1|           2|
    |select_ln46_716_fu_24093_p3   |    select|   0|  0|    2|           1|           2|
    |select_ln46_717_fu_24140_p3   |    select|   0|  0|    2|           1|           2|
    |select_ln46_718_fu_24187_p3   |    select|   0|  0|    2|           1|           2|
    |select_ln46_719_fu_24234_p3   |    select|   0|  0|    2|           1|           2|
    |select_ln46_71_fu_17855_p3    |    select|   0|  0|    9|           1|           9|
    |select_ln46_720_fu_24281_p3   |    select|   0|  0|    2|           1|           2|
    |select_ln46_721_fu_24328_p3   |    select|   0|  0|    2|           1|           2|
    |select_ln46_722_fu_24375_p3   |    select|   0|  0|    2|           1|           2|
    |select_ln46_723_fu_24422_p3   |    select|   0|  0|    2|           1|           2|
    |select_ln46_724_fu_24469_p3   |    select|   0|  0|    2|           1|           2|
    |select_ln46_725_fu_24516_p3   |    select|   0|  0|    2|           1|           2|
    |select_ln46_726_fu_24563_p3   |    select|   0|  0|    2|           1|           2|
    |select_ln46_727_fu_24610_p3   |    select|   0|  0|    2|           1|           2|
    |select_ln46_728_fu_24657_p3   |    select|   0|  0|    2|           1|           2|
    |select_ln46_729_fu_24704_p3   |    select|   0|  0|    2|           1|           2|
    |select_ln46_72_fu_17902_p3    |    select|   0|  0|    9|           1|           9|
    |select_ln46_730_fu_24751_p3   |    select|   0|  0|    2|           1|           2|
    |select_ln46_731_fu_24798_p3   |    select|   0|  0|    2|           1|           2|
    |select_ln46_732_fu_24845_p3   |    select|   0|  0|    2|           1|           2|
    |select_ln46_733_fu_24892_p3   |    select|   0|  0|    2|           1|           2|
    |select_ln46_734_fu_24939_p3   |    select|   0|  0|    2|           1|           2|
    |select_ln46_735_fu_24986_p3   |    select|   0|  0|    2|           1|           2|
    |select_ln46_736_fu_25033_p3   |    select|   0|  0|    2|           1|           2|
    |select_ln46_737_fu_25080_p3   |    select|   0|  0|    2|           1|           2|
    |select_ln46_738_fu_25127_p3   |    select|   0|  0|    2|           1|           2|
    |select_ln46_739_fu_25174_p3   |    select|   0|  0|    2|           1|           2|
    |select_ln46_73_fu_17949_p3    |    select|   0|  0|    9|           1|           9|
    |select_ln46_740_fu_25221_p3   |    select|   0|  0|    2|           1|           2|
    |select_ln46_741_fu_25268_p3   |    select|   0|  0|    2|           1|           2|
    |select_ln46_742_fu_25315_p3   |    select|   0|  0|    2|           1|           2|
    |select_ln46_743_fu_25362_p3   |    select|   0|  0|    2|           1|           2|
    |select_ln46_744_fu_25409_p3   |    select|   0|  0|    2|           1|           2|
    |select_ln46_745_fu_25456_p3   |    select|   0|  0|    2|           1|           2|
    |select_ln46_746_fu_25503_p3   |    select|   0|  0|    2|           1|           2|
    |select_ln46_747_fu_25550_p3   |    select|   0|  0|    2|           1|           2|
    |select_ln46_748_fu_25597_p3   |    select|   0|  0|    2|           1|           2|
    |select_ln46_749_fu_25644_p3   |    select|   0|  0|    2|           1|           2|
    |select_ln46_74_fu_17996_p3    |    select|   0|  0|    9|           1|           9|
    |select_ln46_750_fu_25691_p3   |    select|   0|  0|    2|           1|           2|
    |select_ln46_751_fu_25738_p3   |    select|   0|  0|    2|           1|           2|
    |select_ln46_752_fu_25785_p3   |    select|   0|  0|    2|           1|           2|
    |select_ln46_753_fu_25832_p3   |    select|   0|  0|    2|           1|           2|
    |select_ln46_754_fu_25879_p3   |    select|   0|  0|    2|           1|           2|
    |select_ln46_755_fu_25926_p3   |    select|   0|  0|    2|           1|           2|
    |select_ln46_756_fu_25973_p3   |    select|   0|  0|    2|           1|           2|
    |select_ln46_757_fu_26020_p3   |    select|   0|  0|    2|           1|           2|
    |select_ln46_758_fu_26067_p3   |    select|   0|  0|    2|           1|           2|
    |select_ln46_759_fu_26114_p3   |    select|   0|  0|    2|           1|           2|
    |select_ln46_75_fu_18043_p3    |    select|   0|  0|    9|           1|           9|
    |select_ln46_760_fu_26161_p3   |    select|   0|  0|    2|           1|           2|
    |select_ln46_761_fu_26208_p3   |    select|   0|  0|    2|           1|           2|
    |select_ln46_762_fu_26255_p3   |    select|   0|  0|    2|           1|           2|
    |select_ln46_763_fu_26302_p3   |    select|   0|  0|    2|           1|           2|
    |select_ln46_764_fu_26349_p3   |    select|   0|  0|    2|           1|           2|
    |select_ln46_765_fu_26396_p3   |    select|   0|  0|    2|           1|           2|
    |select_ln46_766_fu_26443_p3   |    select|   0|  0|    2|           1|           2|
    |select_ln46_767_fu_26490_p3   |    select|   0|  0|    2|           1|           2|
    |select_ln46_768_fu_26537_p3   |    select|   0|  0|    2|           1|           2|
    |select_ln46_769_fu_26584_p3   |    select|   0|  0|    2|           1|           2|
    |select_ln46_76_fu_18090_p3    |    select|   0|  0|    9|           1|           9|
    |select_ln46_770_fu_26631_p3   |    select|   0|  0|    2|           1|           2|
    |select_ln46_771_fu_26678_p3   |    select|   0|  0|    2|           1|           2|
    |select_ln46_772_fu_26725_p3   |    select|   0|  0|    2|           1|           2|
    |select_ln46_773_fu_26772_p3   |    select|   0|  0|    2|           1|           2|
    |select_ln46_774_fu_26819_p3   |    select|   0|  0|    2|           1|           2|
    |select_ln46_775_fu_26866_p3   |    select|   0|  0|    2|           1|           2|
    |select_ln46_776_fu_26913_p3   |    select|   0|  0|    2|           1|           2|
    |select_ln46_777_fu_26960_p3   |    select|   0|  0|    2|           1|           2|
    |select_ln46_778_fu_27007_p3   |    select|   0|  0|    2|           1|           2|
    |select_ln46_779_fu_27054_p3   |    select|   0|  0|    2|           1|           2|
    |select_ln46_77_fu_18137_p3    |    select|   0|  0|    9|           1|           9|
    |select_ln46_780_fu_27101_p3   |    select|   0|  0|    2|           1|           2|
    |select_ln46_781_fu_27148_p3   |    select|   0|  0|    2|           1|           2|
    |select_ln46_782_fu_27195_p3   |    select|   0|  0|    2|           1|           2|
    |select_ln46_783_fu_27242_p3   |    select|   0|  0|    2|           1|           2|
    |select_ln46_784_fu_27289_p3   |    select|   0|  0|    2|           1|           2|
    |select_ln46_785_fu_27336_p3   |    select|   0|  0|    2|           1|           2|
    |select_ln46_786_fu_27383_p3   |    select|   0|  0|    2|           1|           2|
    |select_ln46_787_fu_27430_p3   |    select|   0|  0|    2|           1|           2|
    |select_ln46_788_fu_27477_p3   |    select|   0|  0|    2|           1|           2|
    |select_ln46_789_fu_27524_p3   |    select|   0|  0|    2|           1|           2|
    |select_ln46_78_fu_18184_p3    |    select|   0|  0|    9|           1|           9|
    |select_ln46_790_fu_27571_p3   |    select|   0|  0|    2|           1|           2|
    |select_ln46_791_fu_27618_p3   |    select|   0|  0|    2|           1|           2|
    |select_ln46_792_fu_27665_p3   |    select|   0|  0|    2|           1|           2|
    |select_ln46_793_fu_27712_p3   |    select|   0|  0|    2|           1|           2|
    |select_ln46_794_fu_27759_p3   |    select|   0|  0|    2|           1|           2|
    |select_ln46_795_fu_27806_p3   |    select|   0|  0|    2|           1|           2|
    |select_ln46_796_fu_27853_p3   |    select|   0|  0|    2|           1|           2|
    |select_ln46_797_fu_27900_p3   |    select|   0|  0|    2|           1|           2|
    |select_ln46_798_fu_27947_p3   |    select|   0|  0|    2|           1|           2|
    |select_ln46_799_fu_27994_p3   |    select|   0|  0|    2|           1|           2|
    |select_ln46_79_fu_18231_p3    |    select|   0|  0|    9|           1|           9|
    |select_ln46_800_fu_28041_p3   |    select|   0|  0|    2|           1|           2|
    |select_ln46_801_fu_28088_p3   |    select|   0|  0|    2|           1|           2|
    |select_ln46_802_fu_28135_p3   |    select|   0|  0|    2|           1|           2|
    |select_ln46_803_fu_28182_p3   |    select|   0|  0|    2|           1|           2|
    |select_ln46_804_fu_28229_p3   |    select|   0|  0|    2|           1|           2|
    |select_ln46_805_fu_28276_p3   |    select|   0|  0|    2|           1|           2|
    |select_ln46_806_fu_28323_p3   |    select|   0|  0|    2|           1|           2|
    |select_ln46_807_fu_28370_p3   |    select|   0|  0|    2|           1|           2|
    |select_ln46_808_fu_28417_p3   |    select|   0|  0|    2|           1|           2|
    |select_ln46_809_fu_28464_p3   |    select|   0|  0|    2|           1|           2|
    |select_ln46_80_fu_18278_p3    |    select|   0|  0|    9|           1|           9|
    |select_ln46_810_fu_28511_p3   |    select|   0|  0|    2|           1|           2|
    |select_ln46_811_fu_28558_p3   |    select|   0|  0|    2|           1|           2|
    |select_ln46_812_fu_28605_p3   |    select|   0|  0|    2|           1|           2|
    |select_ln46_813_fu_28652_p3   |    select|   0|  0|    2|           1|           2|
    |select_ln46_814_fu_28699_p3   |    select|   0|  0|    2|           1|           2|
    |select_ln46_815_fu_28746_p3   |    select|   0|  0|    2|           1|           2|
    |select_ln46_816_fu_28793_p3   |    select|   0|  0|    2|           1|           2|
    |select_ln46_817_fu_28840_p3   |    select|   0|  0|    2|           1|           2|
    |select_ln46_818_fu_28887_p3   |    select|   0|  0|    2|           1|           2|
    |select_ln46_819_fu_28934_p3   |    select|   0|  0|    2|           1|           2|
    |select_ln46_81_fu_18325_p3    |    select|   0|  0|    9|           1|           9|
    |select_ln46_820_fu_28981_p3   |    select|   0|  0|    2|           1|           2|
    |select_ln46_821_fu_29028_p3   |    select|   0|  0|    2|           1|           2|
    |select_ln46_822_fu_29075_p3   |    select|   0|  0|    2|           1|           2|
    |select_ln46_823_fu_29122_p3   |    select|   0|  0|    2|           1|           2|
    |select_ln46_824_fu_29169_p3   |    select|   0|  0|    2|           1|           2|
    |select_ln46_825_fu_29216_p3   |    select|   0|  0|    2|           1|           2|
    |select_ln46_826_fu_29263_p3   |    select|   0|  0|    2|           1|           2|
    |select_ln46_827_fu_29310_p3   |    select|   0|  0|    2|           1|           2|
    |select_ln46_828_fu_29357_p3   |    select|   0|  0|    2|           1|           2|
    |select_ln46_829_fu_29404_p3   |    select|   0|  0|    2|           1|           2|
    |select_ln46_82_fu_18372_p3    |    select|   0|  0|    9|           1|           9|
    |select_ln46_830_fu_29451_p3   |    select|   0|  0|    2|           1|           2|
    |select_ln46_831_fu_29498_p3   |    select|   0|  0|    2|           1|           2|
    |select_ln46_832_fu_29545_p3   |    select|   0|  0|    2|           1|           2|
    |select_ln46_833_fu_29592_p3   |    select|   0|  0|    2|           1|           2|
    |select_ln46_834_fu_29639_p3   |    select|   0|  0|    2|           1|           2|
    |select_ln46_835_fu_29686_p3   |    select|   0|  0|    2|           1|           2|
    |select_ln46_836_fu_29733_p3   |    select|   0|  0|    2|           1|           2|
    |select_ln46_837_fu_29780_p3   |    select|   0|  0|    2|           1|           2|
    |select_ln46_838_fu_29827_p3   |    select|   0|  0|    2|           1|           2|
    |select_ln46_839_fu_29874_p3   |    select|   0|  0|    2|           1|           2|
    |select_ln46_83_fu_18419_p3    |    select|   0|  0|    9|           1|           9|
    |select_ln46_840_fu_29921_p3   |    select|   0|  0|    2|           1|           2|
    |select_ln46_841_fu_29968_p3   |    select|   0|  0|    2|           1|           2|
    |select_ln46_842_fu_30015_p3   |    select|   0|  0|    2|           1|           2|
    |select_ln46_843_fu_30062_p3   |    select|   0|  0|    2|           1|           2|
    |select_ln46_844_fu_30109_p3   |    select|   0|  0|    2|           1|           2|
    |select_ln46_845_fu_30156_p3   |    select|   0|  0|    2|           1|           2|
    |select_ln46_846_fu_30203_p3   |    select|   0|  0|    2|           1|           2|
    |select_ln46_847_fu_30250_p3   |    select|   0|  0|    2|           1|           2|
    |select_ln46_848_fu_30297_p3   |    select|   0|  0|    2|           1|           2|
    |select_ln46_849_fu_30344_p3   |    select|   0|  0|    2|           1|           2|
    |select_ln46_84_fu_18466_p3    |    select|   0|  0|    9|           1|           9|
    |select_ln46_850_fu_30391_p3   |    select|   0|  0|    2|           1|           2|
    |select_ln46_851_fu_30438_p3   |    select|   0|  0|    2|           1|           2|
    |select_ln46_852_fu_30485_p3   |    select|   0|  0|    2|           1|           2|
    |select_ln46_853_fu_30532_p3   |    select|   0|  0|    2|           1|           2|
    |select_ln46_854_fu_30579_p3   |    select|   0|  0|    2|           1|           2|
    |select_ln46_855_fu_30626_p3   |    select|   0|  0|    2|           1|           2|
    |select_ln46_856_fu_30673_p3   |    select|   0|  0|    2|           1|           2|
    |select_ln46_857_fu_30720_p3   |    select|   0|  0|    2|           1|           2|
    |select_ln46_858_fu_30767_p3   |    select|   0|  0|    2|           1|           2|
    |select_ln46_859_fu_30814_p3   |    select|   0|  0|    2|           1|           2|
    |select_ln46_85_fu_18513_p3    |    select|   0|  0|    9|           1|           9|
    |select_ln46_860_fu_30861_p3   |    select|   0|  0|    2|           1|           2|
    |select_ln46_861_fu_30908_p3   |    select|   0|  0|    2|           1|           2|
    |select_ln46_862_fu_30955_p3   |    select|   0|  0|    2|           1|           2|
    |select_ln46_863_fu_31002_p3   |    select|   0|  0|    2|           1|           2|
    |select_ln46_864_fu_31049_p3   |    select|   0|  0|    2|           1|           2|
    |select_ln46_865_fu_31096_p3   |    select|   0|  0|    2|           1|           2|
    |select_ln46_866_fu_31143_p3   |    select|   0|  0|    2|           1|           2|
    |select_ln46_867_fu_31190_p3   |    select|   0|  0|    2|           1|           2|
    |select_ln46_868_fu_31237_p3   |    select|   0|  0|    2|           1|           2|
    |select_ln46_869_fu_31284_p3   |    select|   0|  0|    2|           1|           2|
    |select_ln46_86_fu_18560_p3    |    select|   0|  0|    9|           1|           9|
    |select_ln46_870_fu_31331_p3   |    select|   0|  0|    2|           1|           2|
    |select_ln46_871_fu_31378_p3   |    select|   0|  0|    2|           1|           2|
    |select_ln46_872_fu_31425_p3   |    select|   0|  0|    2|           1|           2|
    |select_ln46_873_fu_31472_p3   |    select|   0|  0|    2|           1|           2|
    |select_ln46_874_fu_31519_p3   |    select|   0|  0|    2|           1|           2|
    |select_ln46_875_fu_31566_p3   |    select|   0|  0|    2|           1|           2|
    |select_ln46_876_fu_31613_p3   |    select|   0|  0|    2|           1|           2|
    |select_ln46_877_fu_31660_p3   |    select|   0|  0|    2|           1|           2|
    |select_ln46_878_fu_31707_p3   |    select|   0|  0|    2|           1|           2|
    |select_ln46_879_fu_31754_p3   |    select|   0|  0|    2|           1|           2|
    |select_ln46_87_fu_18607_p3    |    select|   0|  0|    9|           1|           9|
    |select_ln46_880_fu_31801_p3   |    select|   0|  0|    2|           1|           2|
    |select_ln46_881_fu_31848_p3   |    select|   0|  0|    2|           1|           2|
    |select_ln46_882_fu_31895_p3   |    select|   0|  0|    2|           1|           2|
    |select_ln46_883_fu_31942_p3   |    select|   0|  0|    2|           1|           2|
    |select_ln46_884_fu_31989_p3   |    select|   0|  0|    2|           1|           2|
    |select_ln46_885_fu_32036_p3   |    select|   0|  0|    2|           1|           2|
    |select_ln46_886_fu_32083_p3   |    select|   0|  0|    2|           1|           2|
    |select_ln46_887_fu_32130_p3   |    select|   0|  0|    2|           1|           2|
    |select_ln46_888_fu_32177_p3   |    select|   0|  0|    2|           1|           2|
    |select_ln46_889_fu_32224_p3   |    select|   0|  0|    2|           1|           2|
    |select_ln46_88_fu_18654_p3    |    select|   0|  0|    9|           1|           9|
    |select_ln46_890_fu_32271_p3   |    select|   0|  0|    2|           1|           2|
    |select_ln46_891_fu_32318_p3   |    select|   0|  0|    2|           1|           2|
    |select_ln46_892_fu_32365_p3   |    select|   0|  0|    2|           1|           2|
    |select_ln46_893_fu_32412_p3   |    select|   0|  0|    2|           1|           2|
    |select_ln46_894_fu_32459_p3   |    select|   0|  0|    2|           1|           2|
    |select_ln46_895_fu_32506_p3   |    select|   0|  0|    2|           1|           2|
    |select_ln46_896_fu_32553_p3   |    select|   0|  0|    2|           1|           2|
    |select_ln46_897_fu_32600_p3   |    select|   0|  0|    2|           1|           2|
    |select_ln46_898_fu_32647_p3   |    select|   0|  0|    2|           1|           2|
    |select_ln46_899_fu_32694_p3   |    select|   0|  0|    2|           1|           2|
    |select_ln46_89_fu_18701_p3    |    select|   0|  0|    9|           1|           9|
    |select_ln46_900_fu_32741_p3   |    select|   0|  0|    2|           1|           2|
    |select_ln46_901_fu_32788_p3   |    select|   0|  0|    2|           1|           2|
    |select_ln46_902_fu_32835_p3   |    select|   0|  0|    2|           1|           2|
    |select_ln46_903_fu_32882_p3   |    select|   0|  0|    2|           1|           2|
    |select_ln46_904_fu_32929_p3   |    select|   0|  0|    2|           1|           2|
    |select_ln46_905_fu_32976_p3   |    select|   0|  0|    2|           1|           2|
    |select_ln46_906_fu_33023_p3   |    select|   0|  0|    2|           1|           2|
    |select_ln46_907_fu_33070_p3   |    select|   0|  0|    2|           1|           2|
    |select_ln46_908_fu_33117_p3   |    select|   0|  0|    2|           1|           2|
    |select_ln46_909_fu_33164_p3   |    select|   0|  0|    2|           1|           2|
    |select_ln46_90_fu_18748_p3    |    select|   0|  0|    9|           1|           9|
    |select_ln46_910_fu_33211_p3   |    select|   0|  0|    2|           1|           2|
    |select_ln46_911_fu_33258_p3   |    select|   0|  0|    2|           1|           2|
    |select_ln46_912_fu_33305_p3   |    select|   0|  0|    2|           1|           2|
    |select_ln46_913_fu_33352_p3   |    select|   0|  0|    2|           1|           2|
    |select_ln46_914_fu_33399_p3   |    select|   0|  0|    2|           1|           2|
    |select_ln46_915_fu_33446_p3   |    select|   0|  0|    2|           1|           2|
    |select_ln46_916_fu_33493_p3   |    select|   0|  0|    2|           1|           2|
    |select_ln46_917_fu_33540_p3   |    select|   0|  0|    2|           1|           2|
    |select_ln46_918_fu_33587_p3   |    select|   0|  0|    2|           1|           2|
    |select_ln46_919_fu_33634_p3   |    select|   0|  0|    2|           1|           2|
    |select_ln46_91_fu_18795_p3    |    select|   0|  0|    9|           1|           9|
    |select_ln46_920_fu_33681_p3   |    select|   0|  0|    2|           1|           2|
    |select_ln46_921_fu_33728_p3   |    select|   0|  0|    2|           1|           2|
    |select_ln46_922_fu_33775_p3   |    select|   0|  0|    2|           1|           2|
    |select_ln46_923_fu_33822_p3   |    select|   0|  0|    2|           1|           2|
    |select_ln46_924_fu_33869_p3   |    select|   0|  0|    2|           1|           2|
    |select_ln46_925_fu_33916_p3   |    select|   0|  0|    2|           1|           2|
    |select_ln46_926_fu_33963_p3   |    select|   0|  0|    2|           1|           2|
    |select_ln46_927_fu_34010_p3   |    select|   0|  0|    2|           1|           2|
    |select_ln46_928_fu_34057_p3   |    select|   0|  0|    2|           1|           2|
    |select_ln46_929_fu_34104_p3   |    select|   0|  0|    2|           1|           2|
    |select_ln46_92_fu_18842_p3    |    select|   0|  0|    9|           1|           9|
    |select_ln46_930_fu_34151_p3   |    select|   0|  0|    2|           1|           2|
    |select_ln46_931_fu_34198_p3   |    select|   0|  0|    2|           1|           2|
    |select_ln46_932_fu_34245_p3   |    select|   0|  0|    2|           1|           2|
    |select_ln46_933_fu_34292_p3   |    select|   0|  0|    2|           1|           2|
    |select_ln46_934_fu_34339_p3   |    select|   0|  0|    2|           1|           2|
    |select_ln46_935_fu_34386_p3   |    select|   0|  0|    2|           1|           2|
    |select_ln46_936_fu_34433_p3   |    select|   0|  0|    2|           1|           2|
    |select_ln46_937_fu_34480_p3   |    select|   0|  0|    2|           1|           2|
    |select_ln46_938_fu_34527_p3   |    select|   0|  0|    2|           1|           2|
    |select_ln46_939_fu_34574_p3   |    select|   0|  0|    2|           1|           2|
    |select_ln46_93_fu_18889_p3    |    select|   0|  0|    9|           1|           9|
    |select_ln46_940_fu_34621_p3   |    select|   0|  0|    2|           1|           2|
    |select_ln46_941_fu_34668_p3   |    select|   0|  0|    2|           1|           2|
    |select_ln46_942_fu_34715_p3   |    select|   0|  0|    2|           1|           2|
    |select_ln46_943_fu_34762_p3   |    select|   0|  0|    2|           1|           2|
    |select_ln46_944_fu_34809_p3   |    select|   0|  0|    2|           1|           2|
    |select_ln46_945_fu_34856_p3   |    select|   0|  0|    2|           1|           2|
    |select_ln46_946_fu_34903_p3   |    select|   0|  0|    2|           1|           2|
    |select_ln46_947_fu_34950_p3   |    select|   0|  0|    2|           1|           2|
    |select_ln46_948_fu_34997_p3   |    select|   0|  0|    2|           1|           2|
    |select_ln46_949_fu_35044_p3   |    select|   0|  0|    2|           1|           2|
    |select_ln46_94_fu_18936_p3    |    select|   0|  0|    9|           1|           9|
    |select_ln46_950_fu_35091_p3   |    select|   0|  0|    2|           1|           2|
    |select_ln46_951_fu_35138_p3   |    select|   0|  0|    2|           1|           2|
    |select_ln46_952_fu_35185_p3   |    select|   0|  0|    2|           1|           2|
    |select_ln46_953_fu_35232_p3   |    select|   0|  0|    2|           1|           2|
    |select_ln46_954_fu_35279_p3   |    select|   0|  0|    2|           1|           2|
    |select_ln46_955_fu_35326_p3   |    select|   0|  0|    2|           1|           2|
    |select_ln46_956_fu_35373_p3   |    select|   0|  0|    2|           1|           2|
    |select_ln46_957_fu_35420_p3   |    select|   0|  0|    2|           1|           2|
    |select_ln46_958_fu_35467_p3   |    select|   0|  0|    2|           1|           2|
    |select_ln46_959_fu_35514_p3   |    select|   0|  0|    2|           1|           2|
    |select_ln46_95_fu_18983_p3    |    select|   0|  0|    9|           1|           9|
    |select_ln46_960_fu_35561_p3   |    select|   0|  0|    2|           1|           2|
    |select_ln46_961_fu_35608_p3   |    select|   0|  0|    2|           1|           2|
    |select_ln46_962_fu_35655_p3   |    select|   0|  0|    2|           1|           2|
    |select_ln46_963_fu_35702_p3   |    select|   0|  0|    2|           1|           2|
    |select_ln46_964_fu_35749_p3   |    select|   0|  0|    2|           1|           2|
    |select_ln46_965_fu_35796_p3   |    select|   0|  0|    2|           1|           2|
    |select_ln46_966_fu_35843_p3   |    select|   0|  0|    2|           1|           2|
    |select_ln46_967_fu_35890_p3   |    select|   0|  0|    2|           1|           2|
    |select_ln46_968_fu_35937_p3   |    select|   0|  0|    2|           1|           2|
    |select_ln46_969_fu_35984_p3   |    select|   0|  0|    2|           1|           2|
    |select_ln46_96_fu_19030_p3    |    select|   0|  0|    9|           1|           9|
    |select_ln46_970_fu_36031_p3   |    select|   0|  0|    2|           1|           2|
    |select_ln46_971_fu_36078_p3   |    select|   0|  0|    2|           1|           2|
    |select_ln46_972_fu_36125_p3   |    select|   0|  0|    2|           1|           2|
    |select_ln46_973_fu_36172_p3   |    select|   0|  0|    2|           1|           2|
    |select_ln46_974_fu_36219_p3   |    select|   0|  0|    2|           1|           2|
    |select_ln46_975_fu_36266_p3   |    select|   0|  0|    2|           1|           2|
    |select_ln46_976_fu_36313_p3   |    select|   0|  0|    2|           1|           2|
    |select_ln46_977_fu_36360_p3   |    select|   0|  0|    2|           1|           2|
    |select_ln46_978_fu_36407_p3   |    select|   0|  0|    2|           1|           2|
    |select_ln46_979_fu_36454_p3   |    select|   0|  0|    2|           1|           2|
    |select_ln46_97_fu_19077_p3    |    select|   0|  0|    9|           1|           9|
    |select_ln46_980_fu_36501_p3   |    select|   0|  0|    2|           1|           2|
    |select_ln46_981_fu_36548_p3   |    select|   0|  0|    2|           1|           2|
    |select_ln46_982_fu_36595_p3   |    select|   0|  0|    2|           1|           2|
    |select_ln46_983_fu_36642_p3   |    select|   0|  0|    2|           1|           2|
    |select_ln46_984_fu_36689_p3   |    select|   0|  0|    2|           1|           2|
    |select_ln46_985_fu_36736_p3   |    select|   0|  0|    2|           1|           2|
    |select_ln46_986_fu_36783_p3   |    select|   0|  0|    2|           1|           2|
    |select_ln46_987_fu_36830_p3   |    select|   0|  0|    2|           1|           2|
    |select_ln46_988_fu_36877_p3   |    select|   0|  0|    2|           1|           2|
    |select_ln46_989_fu_36924_p3   |    select|   0|  0|    2|           1|           2|
    |select_ln46_98_fu_19124_p3    |    select|   0|  0|    9|           1|           9|
    |select_ln46_990_fu_36971_p3   |    select|   0|  0|    2|           1|           2|
    |select_ln46_991_fu_37018_p3   |    select|   0|  0|    2|           1|           2|
    |select_ln46_992_fu_37065_p3   |    select|   0|  0|    2|           1|           2|
    |select_ln46_993_fu_37112_p3   |    select|   0|  0|    2|           1|           2|
    |select_ln46_994_fu_37159_p3   |    select|   0|  0|    2|           1|           2|
    |select_ln46_995_fu_37206_p3   |    select|   0|  0|    2|           1|           2|
    |select_ln46_996_fu_37253_p3   |    select|   0|  0|    2|           1|           2|
    |select_ln46_997_fu_37300_p3   |    select|   0|  0|    2|           1|           2|
    |select_ln46_998_fu_37347_p3   |    select|   0|  0|    2|           1|           2|
    |select_ln46_999_fu_37394_p3   |    select|   0|  0|    2|           1|           2|
    |select_ln46_99_fu_19171_p3    |    select|   0|  0|    9|           1|           9|
    |select_ln46_fu_16445_p3       |    select|   0|  0|    9|           1|           9|
    |ap_enable_pp0                 |       xor|   0|  0|    2|           1|           2|
    |xor_ln46_100_fu_19853_p2      |       xor|   0|  0|    2|           1|           2|
    |xor_ln46_101_fu_19900_p2      |       xor|   0|  0|    2|           1|           2|
    |xor_ln46_102_fu_19947_p2      |       xor|   0|  0|    2|           1|           2|
    |xor_ln46_103_fu_19994_p2      |       xor|   0|  0|    2|           1|           2|
    |xor_ln46_104_fu_20041_p2      |       xor|   0|  0|    2|           1|           2|
    |xor_ln46_105_fu_20088_p2      |       xor|   0|  0|    2|           1|           2|
    |xor_ln46_106_fu_20135_p2      |       xor|   0|  0|    2|           1|           2|
    |xor_ln46_107_fu_20182_p2      |       xor|   0|  0|    2|           1|           2|
    |xor_ln46_108_fu_20229_p2      |       xor|   0|  0|    2|           1|           2|
    |xor_ln46_109_fu_20276_p2      |       xor|   0|  0|    2|           1|           2|
    |xor_ln46_110_fu_20323_p2      |       xor|   0|  0|    2|           1|           2|
    |xor_ln46_111_fu_20370_p2      |       xor|   0|  0|    2|           1|           2|
    |xor_ln46_112_fu_20417_p2      |       xor|   0|  0|    2|           1|           2|
    |xor_ln46_113_fu_20464_p2      |       xor|   0|  0|    2|           1|           2|
    |xor_ln46_114_fu_20511_p2      |       xor|   0|  0|    2|           1|           2|
    |xor_ln46_115_fu_20558_p2      |       xor|   0|  0|    2|           1|           2|
    |xor_ln46_116_fu_20605_p2      |       xor|   0|  0|    2|           1|           2|
    |xor_ln46_117_fu_20652_p2      |       xor|   0|  0|    2|           1|           2|
    |xor_ln46_118_fu_20699_p2      |       xor|   0|  0|    2|           1|           2|
    |xor_ln46_119_fu_20746_p2      |       xor|   0|  0|    2|           1|           2|
    |xor_ln46_120_fu_20793_p2      |       xor|   0|  0|    2|           1|           2|
    |xor_ln46_121_fu_20840_p2      |       xor|   0|  0|    2|           1|           2|
    |xor_ln46_122_fu_20887_p2      |       xor|   0|  0|    2|           1|           2|
    |xor_ln46_123_fu_20934_p2      |       xor|   0|  0|    2|           1|           2|
    |xor_ln46_124_fu_20981_p2      |       xor|   0|  0|    2|           1|           2|
    |xor_ln46_125_fu_21028_p2      |       xor|   0|  0|    2|           1|           2|
    |xor_ln46_126_fu_21075_p2      |       xor|   0|  0|    2|           1|           2|
    |xor_ln46_127_fu_21122_p2      |       xor|   0|  0|    2|           1|           2|
    |xor_ln46_128_fu_21169_p2      |       xor|   0|  0|    2|           1|           2|
    |xor_ln46_129_fu_21216_p2      |       xor|   0|  0|    2|           1|           2|
    |xor_ln46_130_fu_21263_p2      |       xor|   0|  0|    2|           1|           2|
    |xor_ln46_131_fu_21310_p2      |       xor|   0|  0|    2|           1|           2|
    |xor_ln46_132_fu_21357_p2      |       xor|   0|  0|    2|           1|           2|
    |xor_ln46_133_fu_21404_p2      |       xor|   0|  0|    2|           1|           2|
    |xor_ln46_134_fu_21451_p2      |       xor|   0|  0|    2|           1|           2|
    |xor_ln46_135_fu_21498_p2      |       xor|   0|  0|    2|           1|           2|
    |xor_ln46_136_fu_21545_p2      |       xor|   0|  0|    2|           1|           2|
    |xor_ln46_137_fu_21592_p2      |       xor|   0|  0|    2|           1|           2|
    |xor_ln46_138_fu_21639_p2      |       xor|   0|  0|    2|           1|           2|
    |xor_ln46_139_fu_21686_p2      |       xor|   0|  0|    2|           1|           2|
    |xor_ln46_140_fu_21733_p2      |       xor|   0|  0|    2|           1|           2|
    |xor_ln46_141_fu_21780_p2      |       xor|   0|  0|    2|           1|           2|
    |xor_ln46_142_fu_21827_p2      |       xor|   0|  0|    2|           1|           2|
    |xor_ln46_143_fu_21874_p2      |       xor|   0|  0|    2|           1|           2|
    |xor_ln46_144_fu_21921_p2      |       xor|   0|  0|    2|           1|           2|
    |xor_ln46_145_fu_21968_p2      |       xor|   0|  0|    2|           1|           2|
    |xor_ln46_146_fu_22015_p2      |       xor|   0|  0|    2|           1|           2|
    |xor_ln46_147_fu_22062_p2      |       xor|   0|  0|    2|           1|           2|
    |xor_ln46_148_fu_22109_p2      |       xor|   0|  0|    2|           1|           2|
    |xor_ln46_149_fu_22156_p2      |       xor|   0|  0|    2|           1|           2|
    |xor_ln46_150_fu_22203_p2      |       xor|   0|  0|    2|           1|           2|
    |xor_ln46_151_fu_22250_p2      |       xor|   0|  0|    2|           1|           2|
    |xor_ln46_152_fu_22297_p2      |       xor|   0|  0|    2|           1|           2|
    |xor_ln46_153_fu_22344_p2      |       xor|   0|  0|    2|           1|           2|
    |xor_ln46_154_fu_22391_p2      |       xor|   0|  0|    2|           1|           2|
    |xor_ln46_155_fu_22438_p2      |       xor|   0|  0|    2|           1|           2|
    |xor_ln46_156_fu_22485_p2      |       xor|   0|  0|    2|           1|           2|
    |xor_ln46_157_fu_22532_p2      |       xor|   0|  0|    2|           1|           2|
    |xor_ln46_158_fu_22579_p2      |       xor|   0|  0|    2|           1|           2|
    |xor_ln46_159_fu_22626_p2      |       xor|   0|  0|    2|           1|           2|
    |xor_ln46_160_fu_22673_p2      |       xor|   0|  0|    2|           1|           2|
    |xor_ln46_161_fu_22720_p2      |       xor|   0|  0|    2|           1|           2|
    |xor_ln46_162_fu_22767_p2      |       xor|   0|  0|    2|           1|           2|
    |xor_ln46_163_fu_22814_p2      |       xor|   0|  0|    2|           1|           2|
    |xor_ln46_164_fu_22861_p2      |       xor|   0|  0|    2|           1|           2|
    |xor_ln46_165_fu_22908_p2      |       xor|   0|  0|    2|           1|           2|
    |xor_ln46_166_fu_22955_p2      |       xor|   0|  0|    2|           1|           2|
    |xor_ln46_167_fu_23002_p2      |       xor|   0|  0|    2|           1|           2|
    |xor_ln46_168_fu_23049_p2      |       xor|   0|  0|    2|           1|           2|
    |xor_ln46_169_fu_23096_p2      |       xor|   0|  0|    2|           1|           2|
    |xor_ln46_170_fu_23143_p2      |       xor|   0|  0|    2|           1|           2|
    |xor_ln46_171_fu_23190_p2      |       xor|   0|  0|    2|           1|           2|
    |xor_ln46_172_fu_23237_p2      |       xor|   0|  0|    2|           1|           2|
    |xor_ln46_173_fu_23284_p2      |       xor|   0|  0|    2|           1|           2|
    |xor_ln46_174_fu_23331_p2      |       xor|   0|  0|    2|           1|           2|
    |xor_ln46_175_fu_23378_p2      |       xor|   0|  0|    2|           1|           2|
    |xor_ln46_176_fu_23425_p2      |       xor|   0|  0|    2|           1|           2|
    |xor_ln46_177_fu_23472_p2      |       xor|   0|  0|    2|           1|           2|
    |xor_ln46_178_fu_23519_p2      |       xor|   0|  0|    2|           1|           2|
    |xor_ln46_179_fu_23566_p2      |       xor|   0|  0|    2|           1|           2|
    |xor_ln46_180_fu_23613_p2      |       xor|   0|  0|    2|           1|           2|
    |xor_ln46_181_fu_23660_p2      |       xor|   0|  0|    2|           1|           2|
    |xor_ln46_182_fu_23707_p2      |       xor|   0|  0|    2|           1|           2|
    |xor_ln46_183_fu_23754_p2      |       xor|   0|  0|    2|           1|           2|
    |xor_ln46_184_fu_23801_p2      |       xor|   0|  0|    2|           1|           2|
    |xor_ln46_185_fu_23848_p2      |       xor|   0|  0|    2|           1|           2|
    |xor_ln46_186_fu_23895_p2      |       xor|   0|  0|    2|           1|           2|
    |xor_ln46_187_fu_23942_p2      |       xor|   0|  0|    2|           1|           2|
    |xor_ln46_188_fu_23989_p2      |       xor|   0|  0|    2|           1|           2|
    |xor_ln46_189_fu_24036_p2      |       xor|   0|  0|    2|           1|           2|
    |xor_ln46_190_fu_24083_p2      |       xor|   0|  0|    2|           1|           2|
    |xor_ln46_191_fu_24130_p2      |       xor|   0|  0|    2|           1|           2|
    |xor_ln46_192_fu_24177_p2      |       xor|   0|  0|    2|           1|           2|
    |xor_ln46_193_fu_24224_p2      |       xor|   0|  0|    2|           1|           2|
    |xor_ln46_194_fu_24271_p2      |       xor|   0|  0|    2|           1|           2|
    |xor_ln46_195_fu_24318_p2      |       xor|   0|  0|    2|           1|           2|
    |xor_ln46_196_fu_24365_p2      |       xor|   0|  0|    2|           1|           2|
    |xor_ln46_197_fu_24412_p2      |       xor|   0|  0|    2|           1|           2|
    |xor_ln46_198_fu_24459_p2      |       xor|   0|  0|    2|           1|           2|
    |xor_ln46_199_fu_24506_p2      |       xor|   0|  0|    2|           1|           2|
    |xor_ln46_200_fu_24553_p2      |       xor|   0|  0|    2|           1|           2|
    |xor_ln46_201_fu_24600_p2      |       xor|   0|  0|    2|           1|           2|
    |xor_ln46_202_fu_24647_p2      |       xor|   0|  0|    2|           1|           2|
    |xor_ln46_203_fu_24694_p2      |       xor|   0|  0|    2|           1|           2|
    |xor_ln46_204_fu_24741_p2      |       xor|   0|  0|    2|           1|           2|
    |xor_ln46_205_fu_24788_p2      |       xor|   0|  0|    2|           1|           2|
    |xor_ln46_206_fu_24835_p2      |       xor|   0|  0|    2|           1|           2|
    |xor_ln46_207_fu_24882_p2      |       xor|   0|  0|    2|           1|           2|
    |xor_ln46_208_fu_24929_p2      |       xor|   0|  0|    2|           1|           2|
    |xor_ln46_209_fu_24976_p2      |       xor|   0|  0|    2|           1|           2|
    |xor_ln46_210_fu_25023_p2      |       xor|   0|  0|    2|           1|           2|
    |xor_ln46_211_fu_25070_p2      |       xor|   0|  0|    2|           1|           2|
    |xor_ln46_212_fu_25117_p2      |       xor|   0|  0|    2|           1|           2|
    |xor_ln46_213_fu_25164_p2      |       xor|   0|  0|    2|           1|           2|
    |xor_ln46_214_fu_25211_p2      |       xor|   0|  0|    2|           1|           2|
    |xor_ln46_215_fu_25258_p2      |       xor|   0|  0|    2|           1|           2|
    |xor_ln46_216_fu_25305_p2      |       xor|   0|  0|    2|           1|           2|
    |xor_ln46_217_fu_25352_p2      |       xor|   0|  0|    2|           1|           2|
    |xor_ln46_218_fu_25399_p2      |       xor|   0|  0|    2|           1|           2|
    |xor_ln46_219_fu_25446_p2      |       xor|   0|  0|    2|           1|           2|
    |xor_ln46_220_fu_25493_p2      |       xor|   0|  0|    2|           1|           2|
    |xor_ln46_221_fu_25540_p2      |       xor|   0|  0|    2|           1|           2|
    |xor_ln46_222_fu_25587_p2      |       xor|   0|  0|    2|           1|           2|
    |xor_ln46_223_fu_25634_p2      |       xor|   0|  0|    2|           1|           2|
    |xor_ln46_224_fu_25681_p2      |       xor|   0|  0|    2|           1|           2|
    |xor_ln46_225_fu_25728_p2      |       xor|   0|  0|    2|           1|           2|
    |xor_ln46_226_fu_25775_p2      |       xor|   0|  0|    2|           1|           2|
    |xor_ln46_227_fu_25822_p2      |       xor|   0|  0|    2|           1|           2|
    |xor_ln46_228_fu_25869_p2      |       xor|   0|  0|    2|           1|           2|
    |xor_ln46_229_fu_25916_p2      |       xor|   0|  0|    2|           1|           2|
    |xor_ln46_230_fu_25963_p2      |       xor|   0|  0|    2|           1|           2|
    |xor_ln46_231_fu_26010_p2      |       xor|   0|  0|    2|           1|           2|
    |xor_ln46_232_fu_26057_p2      |       xor|   0|  0|    2|           1|           2|
    |xor_ln46_233_fu_26104_p2      |       xor|   0|  0|    2|           1|           2|
    |xor_ln46_234_fu_26151_p2      |       xor|   0|  0|    2|           1|           2|
    |xor_ln46_235_fu_26198_p2      |       xor|   0|  0|    2|           1|           2|
    |xor_ln46_236_fu_26245_p2      |       xor|   0|  0|    2|           1|           2|
    |xor_ln46_237_fu_26292_p2      |       xor|   0|  0|    2|           1|           2|
    |xor_ln46_238_fu_26339_p2      |       xor|   0|  0|    2|           1|           2|
    |xor_ln46_239_fu_26386_p2      |       xor|   0|  0|    2|           1|           2|
    |xor_ln46_240_fu_26433_p2      |       xor|   0|  0|    2|           1|           2|
    |xor_ln46_241_fu_26480_p2      |       xor|   0|  0|    2|           1|           2|
    |xor_ln46_242_fu_26527_p2      |       xor|   0|  0|    2|           1|           2|
    |xor_ln46_243_fu_26574_p2      |       xor|   0|  0|    2|           1|           2|
    |xor_ln46_244_fu_26621_p2      |       xor|   0|  0|    2|           1|           2|
    |xor_ln46_245_fu_26668_p2      |       xor|   0|  0|    2|           1|           2|
    |xor_ln46_246_fu_26715_p2      |       xor|   0|  0|    2|           1|           2|
    |xor_ln46_247_fu_26762_p2      |       xor|   0|  0|    2|           1|           2|
    |xor_ln46_248_fu_26809_p2      |       xor|   0|  0|    2|           1|           2|
    |xor_ln46_249_fu_26856_p2      |       xor|   0|  0|    2|           1|           2|
    |xor_ln46_250_fu_26903_p2      |       xor|   0|  0|    2|           1|           2|
    |xor_ln46_251_fu_26950_p2      |       xor|   0|  0|    2|           1|           2|
    |xor_ln46_252_fu_26997_p2      |       xor|   0|  0|    2|           1|           2|
    |xor_ln46_253_fu_27044_p2      |       xor|   0|  0|    2|           1|           2|
    |xor_ln46_254_fu_27091_p2      |       xor|   0|  0|    2|           1|           2|
    |xor_ln46_255_fu_27138_p2      |       xor|   0|  0|    2|           1|           2|
    |xor_ln46_256_fu_27185_p2      |       xor|   0|  0|    2|           1|           2|
    |xor_ln46_257_fu_27232_p2      |       xor|   0|  0|    2|           1|           2|
    |xor_ln46_258_fu_27279_p2      |       xor|   0|  0|    2|           1|           2|
    |xor_ln46_259_fu_27326_p2      |       xor|   0|  0|    2|           1|           2|
    |xor_ln46_260_fu_27373_p2      |       xor|   0|  0|    2|           1|           2|
    |xor_ln46_261_fu_27420_p2      |       xor|   0|  0|    2|           1|           2|
    |xor_ln46_262_fu_27467_p2      |       xor|   0|  0|    2|           1|           2|
    |xor_ln46_263_fu_27514_p2      |       xor|   0|  0|    2|           1|           2|
    |xor_ln46_264_fu_27561_p2      |       xor|   0|  0|    2|           1|           2|
    |xor_ln46_265_fu_27608_p2      |       xor|   0|  0|    2|           1|           2|
    |xor_ln46_266_fu_27655_p2      |       xor|   0|  0|    2|           1|           2|
    |xor_ln46_267_fu_27702_p2      |       xor|   0|  0|    2|           1|           2|
    |xor_ln46_268_fu_27749_p2      |       xor|   0|  0|    2|           1|           2|
    |xor_ln46_269_fu_27796_p2      |       xor|   0|  0|    2|           1|           2|
    |xor_ln46_270_fu_27843_p2      |       xor|   0|  0|    2|           1|           2|
    |xor_ln46_271_fu_27890_p2      |       xor|   0|  0|    2|           1|           2|
    |xor_ln46_272_fu_27937_p2      |       xor|   0|  0|    2|           1|           2|
    |xor_ln46_273_fu_27984_p2      |       xor|   0|  0|    2|           1|           2|
    |xor_ln46_274_fu_28031_p2      |       xor|   0|  0|    2|           1|           2|
    |xor_ln46_275_fu_28078_p2      |       xor|   0|  0|    2|           1|           2|
    |xor_ln46_276_fu_28125_p2      |       xor|   0|  0|    2|           1|           2|
    |xor_ln46_277_fu_28172_p2      |       xor|   0|  0|    2|           1|           2|
    |xor_ln46_278_fu_28219_p2      |       xor|   0|  0|    2|           1|           2|
    |xor_ln46_279_fu_28266_p2      |       xor|   0|  0|    2|           1|           2|
    |xor_ln46_280_fu_28313_p2      |       xor|   0|  0|    2|           1|           2|
    |xor_ln46_281_fu_28360_p2      |       xor|   0|  0|    2|           1|           2|
    |xor_ln46_282_fu_28407_p2      |       xor|   0|  0|    2|           1|           2|
    |xor_ln46_283_fu_28454_p2      |       xor|   0|  0|    2|           1|           2|
    |xor_ln46_284_fu_28501_p2      |       xor|   0|  0|    2|           1|           2|
    |xor_ln46_285_fu_28548_p2      |       xor|   0|  0|    2|           1|           2|
    |xor_ln46_286_fu_28595_p2      |       xor|   0|  0|    2|           1|           2|
    |xor_ln46_287_fu_28642_p2      |       xor|   0|  0|    2|           1|           2|
    |xor_ln46_288_fu_28689_p2      |       xor|   0|  0|    2|           1|           2|
    |xor_ln46_289_fu_28736_p2      |       xor|   0|  0|    2|           1|           2|
    |xor_ln46_28_fu_16469_p2       |       xor|   0|  0|    2|           1|           2|
    |xor_ln46_290_fu_28783_p2      |       xor|   0|  0|    2|           1|           2|
    |xor_ln46_291_fu_28830_p2      |       xor|   0|  0|    2|           1|           2|
    |xor_ln46_292_fu_28877_p2      |       xor|   0|  0|    2|           1|           2|
    |xor_ln46_293_fu_28924_p2      |       xor|   0|  0|    2|           1|           2|
    |xor_ln46_294_fu_28971_p2      |       xor|   0|  0|    2|           1|           2|
    |xor_ln46_295_fu_29018_p2      |       xor|   0|  0|    2|           1|           2|
    |xor_ln46_296_fu_29065_p2      |       xor|   0|  0|    2|           1|           2|
    |xor_ln46_297_fu_29112_p2      |       xor|   0|  0|    2|           1|           2|
    |xor_ln46_298_fu_29159_p2      |       xor|   0|  0|    2|           1|           2|
    |xor_ln46_299_fu_29206_p2      |       xor|   0|  0|    2|           1|           2|
    |xor_ln46_29_fu_16516_p2       |       xor|   0|  0|    2|           1|           2|
    |xor_ln46_300_fu_29253_p2      |       xor|   0|  0|    2|           1|           2|
    |xor_ln46_301_fu_29300_p2      |       xor|   0|  0|    2|           1|           2|
    |xor_ln46_302_fu_29347_p2      |       xor|   0|  0|    2|           1|           2|
    |xor_ln46_303_fu_29394_p2      |       xor|   0|  0|    2|           1|           2|
    |xor_ln46_304_fu_29441_p2      |       xor|   0|  0|    2|           1|           2|
    |xor_ln46_305_fu_29488_p2      |       xor|   0|  0|    2|           1|           2|
    |xor_ln46_306_fu_29535_p2      |       xor|   0|  0|    2|           1|           2|
    |xor_ln46_307_fu_29582_p2      |       xor|   0|  0|    2|           1|           2|
    |xor_ln46_308_fu_29629_p2      |       xor|   0|  0|    2|           1|           2|
    |xor_ln46_309_fu_29676_p2      |       xor|   0|  0|    2|           1|           2|
    |xor_ln46_30_fu_16563_p2       |       xor|   0|  0|    2|           1|           2|
    |xor_ln46_310_fu_29723_p2      |       xor|   0|  0|    2|           1|           2|
    |xor_ln46_311_fu_29770_p2      |       xor|   0|  0|    2|           1|           2|
    |xor_ln46_312_fu_29817_p2      |       xor|   0|  0|    2|           1|           2|
    |xor_ln46_313_fu_29864_p2      |       xor|   0|  0|    2|           1|           2|
    |xor_ln46_314_fu_29911_p2      |       xor|   0|  0|    2|           1|           2|
    |xor_ln46_315_fu_29958_p2      |       xor|   0|  0|    2|           1|           2|
    |xor_ln46_316_fu_30005_p2      |       xor|   0|  0|    2|           1|           2|
    |xor_ln46_317_fu_30052_p2      |       xor|   0|  0|    2|           1|           2|
    |xor_ln46_318_fu_30099_p2      |       xor|   0|  0|    2|           1|           2|
    |xor_ln46_319_fu_30146_p2      |       xor|   0|  0|    2|           1|           2|
    |xor_ln46_31_fu_16610_p2       |       xor|   0|  0|    2|           1|           2|
    |xor_ln46_320_fu_30193_p2      |       xor|   0|  0|    2|           1|           2|
    |xor_ln46_321_fu_30240_p2      |       xor|   0|  0|    2|           1|           2|
    |xor_ln46_322_fu_30287_p2      |       xor|   0|  0|    2|           1|           2|
    |xor_ln46_323_fu_30334_p2      |       xor|   0|  0|    2|           1|           2|
    |xor_ln46_324_fu_30381_p2      |       xor|   0|  0|    2|           1|           2|
    |xor_ln46_325_fu_30428_p2      |       xor|   0|  0|    2|           1|           2|
    |xor_ln46_326_fu_30475_p2      |       xor|   0|  0|    2|           1|           2|
    |xor_ln46_327_fu_30522_p2      |       xor|   0|  0|    2|           1|           2|
    |xor_ln46_328_fu_30569_p2      |       xor|   0|  0|    2|           1|           2|
    |xor_ln46_329_fu_30616_p2      |       xor|   0|  0|    2|           1|           2|
    |xor_ln46_32_fu_16657_p2       |       xor|   0|  0|    2|           1|           2|
    |xor_ln46_330_fu_30663_p2      |       xor|   0|  0|    2|           1|           2|
    |xor_ln46_331_fu_30710_p2      |       xor|   0|  0|    2|           1|           2|
    |xor_ln46_332_fu_30757_p2      |       xor|   0|  0|    2|           1|           2|
    |xor_ln46_333_fu_30804_p2      |       xor|   0|  0|    2|           1|           2|
    |xor_ln46_334_fu_30851_p2      |       xor|   0|  0|    2|           1|           2|
    |xor_ln46_335_fu_30898_p2      |       xor|   0|  0|    2|           1|           2|
    |xor_ln46_336_fu_30945_p2      |       xor|   0|  0|    2|           1|           2|
    |xor_ln46_337_fu_30992_p2      |       xor|   0|  0|    2|           1|           2|
    |xor_ln46_338_fu_31039_p2      |       xor|   0|  0|    2|           1|           2|
    |xor_ln46_339_fu_31086_p2      |       xor|   0|  0|    2|           1|           2|
    |xor_ln46_33_fu_16704_p2       |       xor|   0|  0|    2|           1|           2|
    |xor_ln46_340_fu_31133_p2      |       xor|   0|  0|    2|           1|           2|
    |xor_ln46_341_fu_31180_p2      |       xor|   0|  0|    2|           1|           2|
    |xor_ln46_342_fu_31227_p2      |       xor|   0|  0|    2|           1|           2|
    |xor_ln46_343_fu_31274_p2      |       xor|   0|  0|    2|           1|           2|
    |xor_ln46_344_fu_31321_p2      |       xor|   0|  0|    2|           1|           2|
    |xor_ln46_345_fu_31368_p2      |       xor|   0|  0|    2|           1|           2|
    |xor_ln46_346_fu_31415_p2      |       xor|   0|  0|    2|           1|           2|
    |xor_ln46_347_fu_31462_p2      |       xor|   0|  0|    2|           1|           2|
    |xor_ln46_348_fu_31509_p2      |       xor|   0|  0|    2|           1|           2|
    |xor_ln46_349_fu_31556_p2      |       xor|   0|  0|    2|           1|           2|
    |xor_ln46_34_fu_16751_p2       |       xor|   0|  0|    2|           1|           2|
    |xor_ln46_350_fu_31603_p2      |       xor|   0|  0|    2|           1|           2|
    |xor_ln46_351_fu_31650_p2      |       xor|   0|  0|    2|           1|           2|
    |xor_ln46_352_fu_31697_p2      |       xor|   0|  0|    2|           1|           2|
    |xor_ln46_353_fu_31744_p2      |       xor|   0|  0|    2|           1|           2|
    |xor_ln46_354_fu_31791_p2      |       xor|   0|  0|    2|           1|           2|
    |xor_ln46_355_fu_31838_p2      |       xor|   0|  0|    2|           1|           2|
    |xor_ln46_356_fu_31885_p2      |       xor|   0|  0|    2|           1|           2|
    |xor_ln46_357_fu_31932_p2      |       xor|   0|  0|    2|           1|           2|
    |xor_ln46_358_fu_31979_p2      |       xor|   0|  0|    2|           1|           2|
    |xor_ln46_359_fu_32026_p2      |       xor|   0|  0|    2|           1|           2|
    |xor_ln46_35_fu_16798_p2       |       xor|   0|  0|    2|           1|           2|
    |xor_ln46_360_fu_32073_p2      |       xor|   0|  0|    2|           1|           2|
    |xor_ln46_361_fu_32120_p2      |       xor|   0|  0|    2|           1|           2|
    |xor_ln46_362_fu_32167_p2      |       xor|   0|  0|    2|           1|           2|
    |xor_ln46_363_fu_32214_p2      |       xor|   0|  0|    2|           1|           2|
    |xor_ln46_364_fu_32261_p2      |       xor|   0|  0|    2|           1|           2|
    |xor_ln46_365_fu_32308_p2      |       xor|   0|  0|    2|           1|           2|
    |xor_ln46_366_fu_32355_p2      |       xor|   0|  0|    2|           1|           2|
    |xor_ln46_367_fu_32402_p2      |       xor|   0|  0|    2|           1|           2|
    |xor_ln46_368_fu_32449_p2      |       xor|   0|  0|    2|           1|           2|
    |xor_ln46_369_fu_32496_p2      |       xor|   0|  0|    2|           1|           2|
    |xor_ln46_36_fu_16845_p2       |       xor|   0|  0|    2|           1|           2|
    |xor_ln46_370_fu_32543_p2      |       xor|   0|  0|    2|           1|           2|
    |xor_ln46_371_fu_32590_p2      |       xor|   0|  0|    2|           1|           2|
    |xor_ln46_372_fu_32637_p2      |       xor|   0|  0|    2|           1|           2|
    |xor_ln46_373_fu_32684_p2      |       xor|   0|  0|    2|           1|           2|
    |xor_ln46_374_fu_32731_p2      |       xor|   0|  0|    2|           1|           2|
    |xor_ln46_375_fu_32778_p2      |       xor|   0|  0|    2|           1|           2|
    |xor_ln46_376_fu_32825_p2      |       xor|   0|  0|    2|           1|           2|
    |xor_ln46_377_fu_32872_p2      |       xor|   0|  0|    2|           1|           2|
    |xor_ln46_378_fu_32919_p2      |       xor|   0|  0|    2|           1|           2|
    |xor_ln46_379_fu_32966_p2      |       xor|   0|  0|    2|           1|           2|
    |xor_ln46_37_fu_16892_p2       |       xor|   0|  0|    2|           1|           2|
    |xor_ln46_380_fu_33013_p2      |       xor|   0|  0|    2|           1|           2|
    |xor_ln46_381_fu_33060_p2      |       xor|   0|  0|    2|           1|           2|
    |xor_ln46_382_fu_33107_p2      |       xor|   0|  0|    2|           1|           2|
    |xor_ln46_383_fu_33154_p2      |       xor|   0|  0|    2|           1|           2|
    |xor_ln46_384_fu_33201_p2      |       xor|   0|  0|    2|           1|           2|
    |xor_ln46_385_fu_33248_p2      |       xor|   0|  0|    2|           1|           2|
    |xor_ln46_386_fu_33295_p2      |       xor|   0|  0|    2|           1|           2|
    |xor_ln46_387_fu_33342_p2      |       xor|   0|  0|    2|           1|           2|
    |xor_ln46_388_fu_33389_p2      |       xor|   0|  0|    2|           1|           2|
    |xor_ln46_389_fu_33436_p2      |       xor|   0|  0|    2|           1|           2|
    |xor_ln46_38_fu_16939_p2       |       xor|   0|  0|    2|           1|           2|
    |xor_ln46_390_fu_33483_p2      |       xor|   0|  0|    2|           1|           2|
    |xor_ln46_391_fu_33530_p2      |       xor|   0|  0|    2|           1|           2|
    |xor_ln46_392_fu_33577_p2      |       xor|   0|  0|    2|           1|           2|
    |xor_ln46_393_fu_33624_p2      |       xor|   0|  0|    2|           1|           2|
    |xor_ln46_394_fu_33671_p2      |       xor|   0|  0|    2|           1|           2|
    |xor_ln46_395_fu_33718_p2      |       xor|   0|  0|    2|           1|           2|
    |xor_ln46_396_fu_33765_p2      |       xor|   0|  0|    2|           1|           2|
    |xor_ln46_397_fu_33812_p2      |       xor|   0|  0|    2|           1|           2|
    |xor_ln46_398_fu_33859_p2      |       xor|   0|  0|    2|           1|           2|
    |xor_ln46_399_fu_33906_p2      |       xor|   0|  0|    2|           1|           2|
    |xor_ln46_39_fu_16986_p2       |       xor|   0|  0|    2|           1|           2|
    |xor_ln46_400_fu_33953_p2      |       xor|   0|  0|    2|           1|           2|
    |xor_ln46_401_fu_34000_p2      |       xor|   0|  0|    2|           1|           2|
    |xor_ln46_402_fu_34047_p2      |       xor|   0|  0|    2|           1|           2|
    |xor_ln46_403_fu_34094_p2      |       xor|   0|  0|    2|           1|           2|
    |xor_ln46_404_fu_34141_p2      |       xor|   0|  0|    2|           1|           2|
    |xor_ln46_405_fu_34188_p2      |       xor|   0|  0|    2|           1|           2|
    |xor_ln46_406_fu_34235_p2      |       xor|   0|  0|    2|           1|           2|
    |xor_ln46_407_fu_34282_p2      |       xor|   0|  0|    2|           1|           2|
    |xor_ln46_408_fu_34329_p2      |       xor|   0|  0|    2|           1|           2|
    |xor_ln46_409_fu_34376_p2      |       xor|   0|  0|    2|           1|           2|
    |xor_ln46_40_fu_17033_p2       |       xor|   0|  0|    2|           1|           2|
    |xor_ln46_410_fu_34423_p2      |       xor|   0|  0|    2|           1|           2|
    |xor_ln46_411_fu_34470_p2      |       xor|   0|  0|    2|           1|           2|
    |xor_ln46_412_fu_34517_p2      |       xor|   0|  0|    2|           1|           2|
    |xor_ln46_413_fu_34564_p2      |       xor|   0|  0|    2|           1|           2|
    |xor_ln46_414_fu_34611_p2      |       xor|   0|  0|    2|           1|           2|
    |xor_ln46_415_fu_34658_p2      |       xor|   0|  0|    2|           1|           2|
    |xor_ln46_416_fu_34705_p2      |       xor|   0|  0|    2|           1|           2|
    |xor_ln46_417_fu_34752_p2      |       xor|   0|  0|    2|           1|           2|
    |xor_ln46_418_fu_34799_p2      |       xor|   0|  0|    2|           1|           2|
    |xor_ln46_419_fu_34846_p2      |       xor|   0|  0|    2|           1|           2|
    |xor_ln46_41_fu_17080_p2       |       xor|   0|  0|    2|           1|           2|
    |xor_ln46_420_fu_34893_p2      |       xor|   0|  0|    2|           1|           2|
    |xor_ln46_421_fu_34940_p2      |       xor|   0|  0|    2|           1|           2|
    |xor_ln46_422_fu_34987_p2      |       xor|   0|  0|    2|           1|           2|
    |xor_ln46_423_fu_35034_p2      |       xor|   0|  0|    2|           1|           2|
    |xor_ln46_424_fu_35081_p2      |       xor|   0|  0|    2|           1|           2|
    |xor_ln46_425_fu_35128_p2      |       xor|   0|  0|    2|           1|           2|
    |xor_ln46_426_fu_35175_p2      |       xor|   0|  0|    2|           1|           2|
    |xor_ln46_427_fu_35222_p2      |       xor|   0|  0|    2|           1|           2|
    |xor_ln46_428_fu_35269_p2      |       xor|   0|  0|    2|           1|           2|
    |xor_ln46_429_fu_35316_p2      |       xor|   0|  0|    2|           1|           2|
    |xor_ln46_42_fu_17127_p2       |       xor|   0|  0|    2|           1|           2|
    |xor_ln46_430_fu_35363_p2      |       xor|   0|  0|    2|           1|           2|
    |xor_ln46_431_fu_35410_p2      |       xor|   0|  0|    2|           1|           2|
    |xor_ln46_432_fu_35457_p2      |       xor|   0|  0|    2|           1|           2|
    |xor_ln46_433_fu_35504_p2      |       xor|   0|  0|    2|           1|           2|
    |xor_ln46_434_fu_35551_p2      |       xor|   0|  0|    2|           1|           2|
    |xor_ln46_435_fu_35598_p2      |       xor|   0|  0|    2|           1|           2|
    |xor_ln46_436_fu_35645_p2      |       xor|   0|  0|    2|           1|           2|
    |xor_ln46_437_fu_35692_p2      |       xor|   0|  0|    2|           1|           2|
    |xor_ln46_438_fu_35739_p2      |       xor|   0|  0|    2|           1|           2|
    |xor_ln46_439_fu_35786_p2      |       xor|   0|  0|    2|           1|           2|
    |xor_ln46_43_fu_17174_p2       |       xor|   0|  0|    2|           1|           2|
    |xor_ln46_440_fu_35833_p2      |       xor|   0|  0|    2|           1|           2|
    |xor_ln46_441_fu_35880_p2      |       xor|   0|  0|    2|           1|           2|
    |xor_ln46_442_fu_35927_p2      |       xor|   0|  0|    2|           1|           2|
    |xor_ln46_443_fu_35974_p2      |       xor|   0|  0|    2|           1|           2|
    |xor_ln46_444_fu_36021_p2      |       xor|   0|  0|    2|           1|           2|
    |xor_ln46_445_fu_36068_p2      |       xor|   0|  0|    2|           1|           2|
    |xor_ln46_446_fu_36115_p2      |       xor|   0|  0|    2|           1|           2|
    |xor_ln46_447_fu_36162_p2      |       xor|   0|  0|    2|           1|           2|
    |xor_ln46_448_fu_36209_p2      |       xor|   0|  0|    2|           1|           2|
    |xor_ln46_449_fu_36256_p2      |       xor|   0|  0|    2|           1|           2|
    |xor_ln46_44_fu_17221_p2       |       xor|   0|  0|    2|           1|           2|
    |xor_ln46_450_fu_36303_p2      |       xor|   0|  0|    2|           1|           2|
    |xor_ln46_451_fu_36350_p2      |       xor|   0|  0|    2|           1|           2|
    |xor_ln46_452_fu_36397_p2      |       xor|   0|  0|    2|           1|           2|
    |xor_ln46_453_fu_36444_p2      |       xor|   0|  0|    2|           1|           2|
    |xor_ln46_454_fu_36491_p2      |       xor|   0|  0|    2|           1|           2|
    |xor_ln46_455_fu_36538_p2      |       xor|   0|  0|    2|           1|           2|
    |xor_ln46_456_fu_36585_p2      |       xor|   0|  0|    2|           1|           2|
    |xor_ln46_457_fu_36632_p2      |       xor|   0|  0|    2|           1|           2|
    |xor_ln46_458_fu_36679_p2      |       xor|   0|  0|    2|           1|           2|
    |xor_ln46_459_fu_36726_p2      |       xor|   0|  0|    2|           1|           2|
    |xor_ln46_45_fu_17268_p2       |       xor|   0|  0|    2|           1|           2|
    |xor_ln46_460_fu_36773_p2      |       xor|   0|  0|    2|           1|           2|
    |xor_ln46_461_fu_36820_p2      |       xor|   0|  0|    2|           1|           2|
    |xor_ln46_462_fu_36867_p2      |       xor|   0|  0|    2|           1|           2|
    |xor_ln46_463_fu_36914_p2      |       xor|   0|  0|    2|           1|           2|
    |xor_ln46_464_fu_36961_p2      |       xor|   0|  0|    2|           1|           2|
    |xor_ln46_465_fu_37008_p2      |       xor|   0|  0|    2|           1|           2|
    |xor_ln46_466_fu_37055_p2      |       xor|   0|  0|    2|           1|           2|
    |xor_ln46_467_fu_37102_p2      |       xor|   0|  0|    2|           1|           2|
    |xor_ln46_468_fu_37149_p2      |       xor|   0|  0|    2|           1|           2|
    |xor_ln46_469_fu_37196_p2      |       xor|   0|  0|    2|           1|           2|
    |xor_ln46_46_fu_17315_p2       |       xor|   0|  0|    2|           1|           2|
    |xor_ln46_470_fu_37243_p2      |       xor|   0|  0|    2|           1|           2|
    |xor_ln46_471_fu_37290_p2      |       xor|   0|  0|    2|           1|           2|
    |xor_ln46_472_fu_37337_p2      |       xor|   0|  0|    2|           1|           2|
    |xor_ln46_473_fu_37384_p2      |       xor|   0|  0|    2|           1|           2|
    |xor_ln46_474_fu_37431_p2      |       xor|   0|  0|    2|           1|           2|
    |xor_ln46_475_fu_37478_p2      |       xor|   0|  0|    2|           1|           2|
    |xor_ln46_476_fu_37525_p2      |       xor|   0|  0|    2|           1|           2|
    |xor_ln46_477_fu_37572_p2      |       xor|   0|  0|    2|           1|           2|
    |xor_ln46_478_fu_37619_p2      |       xor|   0|  0|    2|           1|           2|
    |xor_ln46_479_fu_37666_p2      |       xor|   0|  0|    2|           1|           2|
    |xor_ln46_47_fu_17362_p2       |       xor|   0|  0|    2|           1|           2|
    |xor_ln46_480_fu_37713_p2      |       xor|   0|  0|    2|           1|           2|
    |xor_ln46_481_fu_37760_p2      |       xor|   0|  0|    2|           1|           2|
    |xor_ln46_482_fu_37807_p2      |       xor|   0|  0|    2|           1|           2|
    |xor_ln46_483_fu_37854_p2      |       xor|   0|  0|    2|           1|           2|
    |xor_ln46_484_fu_37901_p2      |       xor|   0|  0|    2|           1|           2|
    |xor_ln46_485_fu_37948_p2      |       xor|   0|  0|    2|           1|           2|
    |xor_ln46_486_fu_37995_p2      |       xor|   0|  0|    2|           1|           2|
    |xor_ln46_487_fu_38042_p2      |       xor|   0|  0|    2|           1|           2|
    |xor_ln46_488_fu_38089_p2      |       xor|   0|  0|    2|           1|           2|
    |xor_ln46_489_fu_38136_p2      |       xor|   0|  0|    2|           1|           2|
    |xor_ln46_48_fu_17409_p2       |       xor|   0|  0|    2|           1|           2|
    |xor_ln46_490_fu_38183_p2      |       xor|   0|  0|    2|           1|           2|
    |xor_ln46_491_fu_38230_p2      |       xor|   0|  0|    2|           1|           2|
    |xor_ln46_492_fu_38277_p2      |       xor|   0|  0|    2|           1|           2|
    |xor_ln46_493_fu_38324_p2      |       xor|   0|  0|    2|           1|           2|
    |xor_ln46_494_fu_38371_p2      |       xor|   0|  0|    2|           1|           2|
    |xor_ln46_495_fu_38418_p2      |       xor|   0|  0|    2|           1|           2|
    |xor_ln46_496_fu_38465_p2      |       xor|   0|  0|    2|           1|           2|
    |xor_ln46_497_fu_38512_p2      |       xor|   0|  0|    2|           1|           2|
    |xor_ln46_498_fu_38559_p2      |       xor|   0|  0|    2|           1|           2|
    |xor_ln46_499_fu_38606_p2      |       xor|   0|  0|    2|           1|           2|
    |xor_ln46_49_fu_17456_p2       |       xor|   0|  0|    2|           1|           2|
    |xor_ln46_500_fu_38653_p2      |       xor|   0|  0|    2|           1|           2|
    |xor_ln46_501_fu_38700_p2      |       xor|   0|  0|    2|           1|           2|
    |xor_ln46_502_fu_38747_p2      |       xor|   0|  0|    2|           1|           2|
    |xor_ln46_503_fu_38794_p2      |       xor|   0|  0|    2|           1|           2|
    |xor_ln46_504_fu_38841_p2      |       xor|   0|  0|    2|           1|           2|
    |xor_ln46_505_fu_38888_p2      |       xor|   0|  0|    2|           1|           2|
    |xor_ln46_506_fu_38935_p2      |       xor|   0|  0|    2|           1|           2|
    |xor_ln46_507_fu_38982_p2      |       xor|   0|  0|    2|           1|           2|
    |xor_ln46_508_fu_39029_p2      |       xor|   0|  0|    2|           1|           2|
    |xor_ln46_509_fu_39076_p2      |       xor|   0|  0|    2|           1|           2|
    |xor_ln46_50_fu_17503_p2       |       xor|   0|  0|    2|           1|           2|
    |xor_ln46_510_fu_39123_p2      |       xor|   0|  0|    2|           1|           2|
    |xor_ln46_511_fu_39170_p2      |       xor|   0|  0|    2|           1|           2|
    |xor_ln46_512_fu_39217_p2      |       xor|   0|  0|    2|           1|           2|
    |xor_ln46_513_fu_39264_p2      |       xor|   0|  0|    2|           1|           2|
    |xor_ln46_514_fu_39311_p2      |       xor|   0|  0|    2|           1|           2|
    |xor_ln46_515_fu_39358_p2      |       xor|   0|  0|    2|           1|           2|
    |xor_ln46_516_fu_39405_p2      |       xor|   0|  0|    2|           1|           2|
    |xor_ln46_517_fu_39452_p2      |       xor|   0|  0|    2|           1|           2|
    |xor_ln46_518_fu_39499_p2      |       xor|   0|  0|    2|           1|           2|
    |xor_ln46_519_fu_39546_p2      |       xor|   0|  0|    2|           1|           2|
    |xor_ln46_51_fu_17550_p2       |       xor|   0|  0|    2|           1|           2|
    |xor_ln46_520_fu_39593_p2      |       xor|   0|  0|    2|           1|           2|
    |xor_ln46_521_fu_39640_p2      |       xor|   0|  0|    2|           1|           2|
    |xor_ln46_522_fu_39687_p2      |       xor|   0|  0|    2|           1|           2|
    |xor_ln46_523_fu_39734_p2      |       xor|   0|  0|    2|           1|           2|
    |xor_ln46_524_fu_39781_p2      |       xor|   0|  0|    2|           1|           2|
    |xor_ln46_525_fu_39828_p2      |       xor|   0|  0|    2|           1|           2|
    |xor_ln46_526_fu_39875_p2      |       xor|   0|  0|    2|           1|           2|
    |xor_ln46_527_fu_39922_p2      |       xor|   0|  0|    2|           1|           2|
    |xor_ln46_528_fu_39969_p2      |       xor|   0|  0|    2|           1|           2|
    |xor_ln46_529_fu_40016_p2      |       xor|   0|  0|    2|           1|           2|
    |xor_ln46_52_fu_17597_p2       |       xor|   0|  0|    2|           1|           2|
    |xor_ln46_530_fu_40063_p2      |       xor|   0|  0|    2|           1|           2|
    |xor_ln46_531_fu_40110_p2      |       xor|   0|  0|    2|           1|           2|
    |xor_ln46_532_fu_40157_p2      |       xor|   0|  0|    2|           1|           2|
    |xor_ln46_533_fu_40204_p2      |       xor|   0|  0|    2|           1|           2|
    |xor_ln46_534_fu_40251_p2      |       xor|   0|  0|    2|           1|           2|
    |xor_ln46_535_fu_40298_p2      |       xor|   0|  0|    2|           1|           2|
    |xor_ln46_536_fu_40345_p2      |       xor|   0|  0|    2|           1|           2|
    |xor_ln46_537_fu_40392_p2      |       xor|   0|  0|    2|           1|           2|
    |xor_ln46_538_fu_40439_p2      |       xor|   0|  0|    2|           1|           2|
    |xor_ln46_53_fu_17644_p2       |       xor|   0|  0|    2|           1|           2|
    |xor_ln46_54_fu_17691_p2       |       xor|   0|  0|    2|           1|           2|
    |xor_ln46_55_fu_17738_p2       |       xor|   0|  0|    2|           1|           2|
    |xor_ln46_56_fu_17785_p2       |       xor|   0|  0|    2|           1|           2|
    |xor_ln46_57_fu_17832_p2       |       xor|   0|  0|    2|           1|           2|
    |xor_ln46_58_fu_17879_p2       |       xor|   0|  0|    2|           1|           2|
    |xor_ln46_59_fu_17926_p2       |       xor|   0|  0|    2|           1|           2|
    |xor_ln46_60_fu_17973_p2       |       xor|   0|  0|    2|           1|           2|
    |xor_ln46_61_fu_18020_p2       |       xor|   0|  0|    2|           1|           2|
    |xor_ln46_62_fu_18067_p2       |       xor|   0|  0|    2|           1|           2|
    |xor_ln46_63_fu_18114_p2       |       xor|   0|  0|    2|           1|           2|
    |xor_ln46_64_fu_18161_p2       |       xor|   0|  0|    2|           1|           2|
    |xor_ln46_65_fu_18208_p2       |       xor|   0|  0|    2|           1|           2|
    |xor_ln46_66_fu_18255_p2       |       xor|   0|  0|    2|           1|           2|
    |xor_ln46_67_fu_18302_p2       |       xor|   0|  0|    2|           1|           2|
    |xor_ln46_68_fu_18349_p2       |       xor|   0|  0|    2|           1|           2|
    |xor_ln46_69_fu_18396_p2       |       xor|   0|  0|    2|           1|           2|
    |xor_ln46_70_fu_18443_p2       |       xor|   0|  0|    2|           1|           2|
    |xor_ln46_71_fu_18490_p2       |       xor|   0|  0|    2|           1|           2|
    |xor_ln46_72_fu_18537_p2       |       xor|   0|  0|    2|           1|           2|
    |xor_ln46_73_fu_18584_p2       |       xor|   0|  0|    2|           1|           2|
    |xor_ln46_74_fu_18631_p2       |       xor|   0|  0|    2|           1|           2|
    |xor_ln46_75_fu_18678_p2       |       xor|   0|  0|    2|           1|           2|
    |xor_ln46_76_fu_18725_p2       |       xor|   0|  0|    2|           1|           2|
    |xor_ln46_77_fu_18772_p2       |       xor|   0|  0|    2|           1|           2|
    |xor_ln46_78_fu_18819_p2       |       xor|   0|  0|    2|           1|           2|
    |xor_ln46_79_fu_18866_p2       |       xor|   0|  0|    2|           1|           2|
    |xor_ln46_80_fu_18913_p2       |       xor|   0|  0|    2|           1|           2|
    |xor_ln46_81_fu_18960_p2       |       xor|   0|  0|    2|           1|           2|
    |xor_ln46_82_fu_19007_p2       |       xor|   0|  0|    2|           1|           2|
    |xor_ln46_83_fu_19054_p2       |       xor|   0|  0|    2|           1|           2|
    |xor_ln46_84_fu_19101_p2       |       xor|   0|  0|    2|           1|           2|
    |xor_ln46_85_fu_19148_p2       |       xor|   0|  0|    2|           1|           2|
    |xor_ln46_86_fu_19195_p2       |       xor|   0|  0|    2|           1|           2|
    |xor_ln46_87_fu_19242_p2       |       xor|   0|  0|    2|           1|           2|
    |xor_ln46_88_fu_19289_p2       |       xor|   0|  0|    2|           1|           2|
    |xor_ln46_89_fu_19336_p2       |       xor|   0|  0|    2|           1|           2|
    |xor_ln46_90_fu_19383_p2       |       xor|   0|  0|    2|           1|           2|
    |xor_ln46_91_fu_19430_p2       |       xor|   0|  0|    2|           1|           2|
    |xor_ln46_92_fu_19477_p2       |       xor|   0|  0|    2|           1|           2|
    |xor_ln46_93_fu_19524_p2       |       xor|   0|  0|    2|           1|           2|
    |xor_ln46_94_fu_19571_p2       |       xor|   0|  0|    2|           1|           2|
    |xor_ln46_95_fu_19618_p2       |       xor|   0|  0|    2|           1|           2|
    |xor_ln46_96_fu_19665_p2       |       xor|   0|  0|    2|           1|           2|
    |xor_ln46_97_fu_19712_p2       |       xor|   0|  0|    2|           1|           2|
    |xor_ln46_98_fu_19759_p2       |       xor|   0|  0|    2|           1|           2|
    |xor_ln46_99_fu_19806_p2       |       xor|   0|  0|    2|           1|           2|
    |xor_ln46_fu_16422_p2          |       xor|   0|  0|    2|           1|           2|
    +------------------------------+----------+----+---+-----+------------+------------+
    |Total                         |          |   0|  0|31238|       13827|       13316|
    +------------------------------+----------+----+---+-----+------------+------------+

    * Multiplexer: 
    +---------------+----+-----------+-----+-----------+
    |      Name     | LUT| Input Size| Bits| Total Bits|
    +---------------+----+-----------+-----+-----------+
    |ap_done        |   9|          2|    1|          2|
    |ap_return_0    |   9|          2|    9|         18|
    |ap_return_1    |   9|          2|    9|         18|
    |ap_return_10   |   9|          2|    9|         18|
    |ap_return_100  |   9|          2|    9|         18|
    |ap_return_101  |   9|          2|    9|         18|
    |ap_return_102  |   9|          2|    9|         18|
    |ap_return_103  |   9|          2|    9|         18|
    |ap_return_104  |   9|          2|    9|         18|
    |ap_return_105  |   9|          2|    9|         18|
    |ap_return_106  |   9|          2|    9|         18|
    |ap_return_107  |   9|          2|    9|         18|
    |ap_return_108  |   9|          2|    9|         18|
    |ap_return_109  |   9|          2|    9|         18|
    |ap_return_11   |   9|          2|    9|         18|
    |ap_return_110  |   9|          2|    9|         18|
    |ap_return_111  |   9|          2|    9|         18|
    |ap_return_112  |   9|          2|    9|         18|
    |ap_return_113  |   9|          2|    9|         18|
    |ap_return_114  |   9|          2|    9|         18|
    |ap_return_115  |   9|          2|    9|         18|
    |ap_return_116  |   9|          2|    9|         18|
    |ap_return_117  |   9|          2|    9|         18|
    |ap_return_118  |   9|          2|    9|         18|
    |ap_return_119  |   9|          2|    9|         18|
    |ap_return_12   |   9|          2|    9|         18|
    |ap_return_120  |   9|          2|    9|         18|
    |ap_return_121  |   9|          2|    9|         18|
    |ap_return_122  |   9|          2|    9|         18|
    |ap_return_123  |   9|          2|    9|         18|
    |ap_return_124  |   9|          2|    9|         18|
    |ap_return_125  |   9|          2|    9|         18|
    |ap_return_126  |   9|          2|    9|         18|
    |ap_return_127  |   9|          2|    9|         18|
    |ap_return_128  |   9|          2|    9|         18|
    |ap_return_129  |   9|          2|    9|         18|
    |ap_return_13   |   9|          2|    9|         18|
    |ap_return_130  |   9|          2|    9|         18|
    |ap_return_131  |   9|          2|    9|         18|
    |ap_return_132  |   9|          2|    9|         18|
    |ap_return_133  |   9|          2|    9|         18|
    |ap_return_134  |   9|          2|    9|         18|
    |ap_return_135  |   9|          2|    9|         18|
    |ap_return_136  |   9|          2|    9|         18|
    |ap_return_137  |   9|          2|    9|         18|
    |ap_return_138  |   9|          2|    9|         18|
    |ap_return_139  |   9|          2|    9|         18|
    |ap_return_14   |   9|          2|    9|         18|
    |ap_return_140  |   9|          2|    9|         18|
    |ap_return_141  |   9|          2|    9|         18|
    |ap_return_142  |   9|          2|    9|         18|
    |ap_return_143  |   9|          2|    9|         18|
    |ap_return_144  |   9|          2|    9|         18|
    |ap_return_145  |   9|          2|    9|         18|
    |ap_return_146  |   9|          2|    9|         18|
    |ap_return_147  |   9|          2|    9|         18|
    |ap_return_148  |   9|          2|    9|         18|
    |ap_return_149  |   9|          2|    9|         18|
    |ap_return_15   |   9|          2|    9|         18|
    |ap_return_150  |   9|          2|    9|         18|
    |ap_return_151  |   9|          2|    9|         18|
    |ap_return_152  |   9|          2|    9|         18|
    |ap_return_153  |   9|          2|    9|         18|
    |ap_return_154  |   9|          2|    9|         18|
    |ap_return_155  |   9|          2|    9|         18|
    |ap_return_156  |   9|          2|    9|         18|
    |ap_return_157  |   9|          2|    9|         18|
    |ap_return_158  |   9|          2|    9|         18|
    |ap_return_159  |   9|          2|    9|         18|
    |ap_return_16   |   9|          2|    9|         18|
    |ap_return_160  |   9|          2|    9|         18|
    |ap_return_161  |   9|          2|    9|         18|
    |ap_return_162  |   9|          2|    9|         18|
    |ap_return_163  |   9|          2|    9|         18|
    |ap_return_164  |   9|          2|    9|         18|
    |ap_return_165  |   9|          2|    9|         18|
    |ap_return_166  |   9|          2|    9|         18|
    |ap_return_167  |   9|          2|    9|         18|
    |ap_return_168  |   9|          2|    9|         18|
    |ap_return_169  |   9|          2|    9|         18|
    |ap_return_17   |   9|          2|    9|         18|
    |ap_return_170  |   9|          2|    9|         18|
    |ap_return_171  |   9|          2|    9|         18|
    |ap_return_172  |   9|          2|    9|         18|
    |ap_return_173  |   9|          2|    9|         18|
    |ap_return_174  |   9|          2|    9|         18|
    |ap_return_175  |   9|          2|    9|         18|
    |ap_return_176  |   9|          2|    9|         18|
    |ap_return_177  |   9|          2|    9|         18|
    |ap_return_178  |   9|          2|    9|         18|
    |ap_return_179  |   9|          2|    9|         18|
    |ap_return_18   |   9|          2|    9|         18|
    |ap_return_180  |   9|          2|    9|         18|
    |ap_return_181  |   9|          2|    9|         18|
    |ap_return_182  |   9|          2|    9|         18|
    |ap_return_183  |   9|          2|    9|         18|
    |ap_return_184  |   9|          2|    9|         18|
    |ap_return_185  |   9|          2|    9|         18|
    |ap_return_186  |   9|          2|    9|         18|
    |ap_return_187  |   9|          2|    9|         18|
    |ap_return_188  |   9|          2|    9|         18|
    |ap_return_189  |   9|          2|    9|         18|
    |ap_return_19   |   9|          2|    9|         18|
    |ap_return_190  |   9|          2|    9|         18|
    |ap_return_191  |   9|          2|    9|         18|
    |ap_return_192  |   9|          2|    9|         18|
    |ap_return_193  |   9|          2|    9|         18|
    |ap_return_194  |   9|          2|    9|         18|
    |ap_return_195  |   9|          2|    9|         18|
    |ap_return_196  |   9|          2|    9|         18|
    |ap_return_197  |   9|          2|    9|         18|
    |ap_return_198  |   9|          2|    9|         18|
    |ap_return_199  |   9|          2|    9|         18|
    |ap_return_2    |   9|          2|    9|         18|
    |ap_return_20   |   9|          2|    9|         18|
    |ap_return_200  |   9|          2|    9|         18|
    |ap_return_201  |   9|          2|    9|         18|
    |ap_return_202  |   9|          2|    9|         18|
    |ap_return_203  |   9|          2|    9|         18|
    |ap_return_204  |   9|          2|    9|         18|
    |ap_return_205  |   9|          2|    9|         18|
    |ap_return_206  |   9|          2|    9|         18|
    |ap_return_207  |   9|          2|    9|         18|
    |ap_return_208  |   9|          2|    9|         18|
    |ap_return_209  |   9|          2|    9|         18|
    |ap_return_21   |   9|          2|    9|         18|
    |ap_return_210  |   9|          2|    9|         18|
    |ap_return_211  |   9|          2|    9|         18|
    |ap_return_212  |   9|          2|    9|         18|
    |ap_return_213  |   9|          2|    9|         18|
    |ap_return_214  |   9|          2|    9|         18|
    |ap_return_215  |   9|          2|    9|         18|
    |ap_return_216  |   9|          2|    9|         18|
    |ap_return_217  |   9|          2|    9|         18|
    |ap_return_218  |   9|          2|    9|         18|
    |ap_return_219  |   9|          2|    9|         18|
    |ap_return_22   |   9|          2|    9|         18|
    |ap_return_220  |   9|          2|    9|         18|
    |ap_return_221  |   9|          2|    9|         18|
    |ap_return_222  |   9|          2|    9|         18|
    |ap_return_223  |   9|          2|    9|         18|
    |ap_return_224  |   9|          2|    9|         18|
    |ap_return_225  |   9|          2|    9|         18|
    |ap_return_226  |   9|          2|    9|         18|
    |ap_return_227  |   9|          2|    9|         18|
    |ap_return_228  |   9|          2|    9|         18|
    |ap_return_229  |   9|          2|    9|         18|
    |ap_return_23   |   9|          2|    9|         18|
    |ap_return_230  |   9|          2|    9|         18|
    |ap_return_231  |   9|          2|    9|         18|
    |ap_return_232  |   9|          2|    9|         18|
    |ap_return_233  |   9|          2|    9|         18|
    |ap_return_234  |   9|          2|    9|         18|
    |ap_return_235  |   9|          2|    9|         18|
    |ap_return_236  |   9|          2|    9|         18|
    |ap_return_237  |   9|          2|    9|         18|
    |ap_return_238  |   9|          2|    9|         18|
    |ap_return_239  |   9|          2|    9|         18|
    |ap_return_24   |   9|          2|    9|         18|
    |ap_return_240  |   9|          2|    9|         18|
    |ap_return_241  |   9|          2|    9|         18|
    |ap_return_242  |   9|          2|    9|         18|
    |ap_return_243  |   9|          2|    9|         18|
    |ap_return_244  |   9|          2|    9|         18|
    |ap_return_245  |   9|          2|    9|         18|
    |ap_return_246  |   9|          2|    9|         18|
    |ap_return_247  |   9|          2|    9|         18|
    |ap_return_248  |   9|          2|    9|         18|
    |ap_return_249  |   9|          2|    9|         18|
    |ap_return_25   |   9|          2|    9|         18|
    |ap_return_250  |   9|          2|    9|         18|
    |ap_return_251  |   9|          2|    9|         18|
    |ap_return_252  |   9|          2|    9|         18|
    |ap_return_253  |   9|          2|    9|         18|
    |ap_return_254  |   9|          2|    9|         18|
    |ap_return_255  |   9|          2|    9|         18|
    |ap_return_256  |   9|          2|    9|         18|
    |ap_return_257  |   9|          2|    9|         18|
    |ap_return_258  |   9|          2|    9|         18|
    |ap_return_259  |   9|          2|    9|         18|
    |ap_return_26   |   9|          2|    9|         18|
    |ap_return_260  |   9|          2|    9|         18|
    |ap_return_261  |   9|          2|    9|         18|
    |ap_return_262  |   9|          2|    9|         18|
    |ap_return_263  |   9|          2|    9|         18|
    |ap_return_264  |   9|          2|    9|         18|
    |ap_return_265  |   9|          2|    9|         18|
    |ap_return_266  |   9|          2|    9|         18|
    |ap_return_267  |   9|          2|    9|         18|
    |ap_return_268  |   9|          2|    9|         18|
    |ap_return_269  |   9|          2|    9|         18|
    |ap_return_27   |   9|          2|    9|         18|
    |ap_return_270  |   9|          2|    9|         18|
    |ap_return_271  |   9|          2|    9|         18|
    |ap_return_272  |   9|          2|    9|         18|
    |ap_return_273  |   9|          2|    9|         18|
    |ap_return_274  |   9|          2|    9|         18|
    |ap_return_275  |   9|          2|    9|         18|
    |ap_return_276  |   9|          2|    9|         18|
    |ap_return_277  |   9|          2|    9|         18|
    |ap_return_278  |   9|          2|    9|         18|
    |ap_return_279  |   9|          2|    9|         18|
    |ap_return_28   |   9|          2|    9|         18|
    |ap_return_280  |   9|          2|    9|         18|
    |ap_return_281  |   9|          2|    9|         18|
    |ap_return_282  |   9|          2|    9|         18|
    |ap_return_283  |   9|          2|    9|         18|
    |ap_return_284  |   9|          2|    9|         18|
    |ap_return_285  |   9|          2|    9|         18|
    |ap_return_286  |   9|          2|    9|         18|
    |ap_return_287  |   9|          2|    9|         18|
    |ap_return_288  |   9|          2|    9|         18|
    |ap_return_289  |   9|          2|    9|         18|
    |ap_return_29   |   9|          2|    9|         18|
    |ap_return_290  |   9|          2|    9|         18|
    |ap_return_291  |   9|          2|    9|         18|
    |ap_return_292  |   9|          2|    9|         18|
    |ap_return_293  |   9|          2|    9|         18|
    |ap_return_294  |   9|          2|    9|         18|
    |ap_return_295  |   9|          2|    9|         18|
    |ap_return_296  |   9|          2|    9|         18|
    |ap_return_297  |   9|          2|    9|         18|
    |ap_return_298  |   9|          2|    9|         18|
    |ap_return_299  |   9|          2|    9|         18|
    |ap_return_3    |   9|          2|    9|         18|
    |ap_return_30   |   9|          2|    9|         18|
    |ap_return_300  |   9|          2|    9|         18|
    |ap_return_301  |   9|          2|    9|         18|
    |ap_return_302  |   9|          2|    9|         18|
    |ap_return_303  |   9|          2|    9|         18|
    |ap_return_304  |   9|          2|    9|         18|
    |ap_return_305  |   9|          2|    9|         18|
    |ap_return_306  |   9|          2|    9|         18|
    |ap_return_307  |   9|          2|    9|         18|
    |ap_return_308  |   9|          2|    9|         18|
    |ap_return_309  |   9|          2|    9|         18|
    |ap_return_31   |   9|          2|    9|         18|
    |ap_return_310  |   9|          2|    9|         18|
    |ap_return_311  |   9|          2|    9|         18|
    |ap_return_312  |   9|          2|    9|         18|
    |ap_return_313  |   9|          2|    9|         18|
    |ap_return_314  |   9|          2|    9|         18|
    |ap_return_315  |   9|          2|    9|         18|
    |ap_return_316  |   9|          2|    9|         18|
    |ap_return_317  |   9|          2|    9|         18|
    |ap_return_318  |   9|          2|    9|         18|
    |ap_return_319  |   9|          2|    9|         18|
    |ap_return_32   |   9|          2|    9|         18|
    |ap_return_320  |   9|          2|    9|         18|
    |ap_return_321  |   9|          2|    9|         18|
    |ap_return_322  |   9|          2|    9|         18|
    |ap_return_323  |   9|          2|    9|         18|
    |ap_return_324  |   9|          2|    9|         18|
    |ap_return_325  |   9|          2|    9|         18|
    |ap_return_326  |   9|          2|    9|         18|
    |ap_return_327  |   9|          2|    9|         18|
    |ap_return_328  |   9|          2|    9|         18|
    |ap_return_329  |   9|          2|    9|         18|
    |ap_return_33   |   9|          2|    9|         18|
    |ap_return_330  |   9|          2|    9|         18|
    |ap_return_331  |   9|          2|    9|         18|
    |ap_return_332  |   9|          2|    9|         18|
    |ap_return_333  |   9|          2|    9|         18|
    |ap_return_334  |   9|          2|    9|         18|
    |ap_return_335  |   9|          2|    9|         18|
    |ap_return_336  |   9|          2|    9|         18|
    |ap_return_337  |   9|          2|    9|         18|
    |ap_return_338  |   9|          2|    9|         18|
    |ap_return_339  |   9|          2|    9|         18|
    |ap_return_34   |   9|          2|    9|         18|
    |ap_return_340  |   9|          2|    9|         18|
    |ap_return_341  |   9|          2|    9|         18|
    |ap_return_342  |   9|          2|    9|         18|
    |ap_return_343  |   9|          2|    9|         18|
    |ap_return_344  |   9|          2|    9|         18|
    |ap_return_345  |   9|          2|    9|         18|
    |ap_return_346  |   9|          2|    9|         18|
    |ap_return_347  |   9|          2|    9|         18|
    |ap_return_348  |   9|          2|    9|         18|
    |ap_return_349  |   9|          2|    9|         18|
    |ap_return_35   |   9|          2|    9|         18|
    |ap_return_350  |   9|          2|    9|         18|
    |ap_return_351  |   9|          2|    9|         18|
    |ap_return_352  |   9|          2|    9|         18|
    |ap_return_353  |   9|          2|    9|         18|
    |ap_return_354  |   9|          2|    9|         18|
    |ap_return_355  |   9|          2|    9|         18|
    |ap_return_356  |   9|          2|    9|         18|
    |ap_return_357  |   9|          2|    9|         18|
    |ap_return_358  |   9|          2|    9|         18|
    |ap_return_359  |   9|          2|    9|         18|
    |ap_return_36   |   9|          2|    9|         18|
    |ap_return_360  |   9|          2|    9|         18|
    |ap_return_361  |   9|          2|    9|         18|
    |ap_return_362  |   9|          2|    9|         18|
    |ap_return_363  |   9|          2|    9|         18|
    |ap_return_364  |   9|          2|    9|         18|
    |ap_return_365  |   9|          2|    9|         18|
    |ap_return_366  |   9|          2|    9|         18|
    |ap_return_367  |   9|          2|    9|         18|
    |ap_return_368  |   9|          2|    9|         18|
    |ap_return_369  |   9|          2|    9|         18|
    |ap_return_37   |   9|          2|    9|         18|
    |ap_return_370  |   9|          2|    9|         18|
    |ap_return_371  |   9|          2|    9|         18|
    |ap_return_372  |   9|          2|    9|         18|
    |ap_return_373  |   9|          2|    9|         18|
    |ap_return_374  |   9|          2|    9|         18|
    |ap_return_375  |   9|          2|    9|         18|
    |ap_return_376  |   9|          2|    9|         18|
    |ap_return_377  |   9|          2|    9|         18|
    |ap_return_378  |   9|          2|    9|         18|
    |ap_return_379  |   9|          2|    9|         18|
    |ap_return_38   |   9|          2|    9|         18|
    |ap_return_380  |   9|          2|    9|         18|
    |ap_return_381  |   9|          2|    9|         18|
    |ap_return_382  |   9|          2|    9|         18|
    |ap_return_383  |   9|          2|    9|         18|
    |ap_return_384  |   9|          2|    9|         18|
    |ap_return_385  |   9|          2|    9|         18|
    |ap_return_386  |   9|          2|    9|         18|
    |ap_return_387  |   9|          2|    9|         18|
    |ap_return_388  |   9|          2|    9|         18|
    |ap_return_389  |   9|          2|    9|         18|
    |ap_return_39   |   9|          2|    9|         18|
    |ap_return_390  |   9|          2|    9|         18|
    |ap_return_391  |   9|          2|    9|         18|
    |ap_return_392  |   9|          2|    9|         18|
    |ap_return_393  |   9|          2|    9|         18|
    |ap_return_394  |   9|          2|    9|         18|
    |ap_return_395  |   9|          2|    9|         18|
    |ap_return_396  |   9|          2|    9|         18|
    |ap_return_397  |   9|          2|    9|         18|
    |ap_return_398  |   9|          2|    9|         18|
    |ap_return_399  |   9|          2|    9|         18|
    |ap_return_4    |   9|          2|    9|         18|
    |ap_return_40   |   9|          2|    9|         18|
    |ap_return_400  |   9|          2|    9|         18|
    |ap_return_401  |   9|          2|    9|         18|
    |ap_return_402  |   9|          2|    9|         18|
    |ap_return_403  |   9|          2|    9|         18|
    |ap_return_404  |   9|          2|    9|         18|
    |ap_return_405  |   9|          2|    9|         18|
    |ap_return_406  |   9|          2|    9|         18|
    |ap_return_407  |   9|          2|    9|         18|
    |ap_return_408  |   9|          2|    9|         18|
    |ap_return_409  |   9|          2|    9|         18|
    |ap_return_41   |   9|          2|    9|         18|
    |ap_return_410  |   9|          2|    9|         18|
    |ap_return_411  |   9|          2|    9|         18|
    |ap_return_412  |   9|          2|    9|         18|
    |ap_return_413  |   9|          2|    9|         18|
    |ap_return_414  |   9|          2|    9|         18|
    |ap_return_415  |   9|          2|    9|         18|
    |ap_return_416  |   9|          2|    9|         18|
    |ap_return_417  |   9|          2|    9|         18|
    |ap_return_418  |   9|          2|    9|         18|
    |ap_return_419  |   9|          2|    9|         18|
    |ap_return_42   |   9|          2|    9|         18|
    |ap_return_420  |   9|          2|    9|         18|
    |ap_return_421  |   9|          2|    9|         18|
    |ap_return_422  |   9|          2|    9|         18|
    |ap_return_423  |   9|          2|    9|         18|
    |ap_return_424  |   9|          2|    9|         18|
    |ap_return_425  |   9|          2|    9|         18|
    |ap_return_426  |   9|          2|    9|         18|
    |ap_return_427  |   9|          2|    9|         18|
    |ap_return_428  |   9|          2|    9|         18|
    |ap_return_429  |   9|          2|    9|         18|
    |ap_return_43   |   9|          2|    9|         18|
    |ap_return_430  |   9|          2|    9|         18|
    |ap_return_431  |   9|          2|    9|         18|
    |ap_return_432  |   9|          2|    9|         18|
    |ap_return_433  |   9|          2|    9|         18|
    |ap_return_434  |   9|          2|    9|         18|
    |ap_return_435  |   9|          2|    9|         18|
    |ap_return_436  |   9|          2|    9|         18|
    |ap_return_437  |   9|          2|    9|         18|
    |ap_return_438  |   9|          2|    9|         18|
    |ap_return_439  |   9|          2|    9|         18|
    |ap_return_44   |   9|          2|    9|         18|
    |ap_return_440  |   9|          2|    9|         18|
    |ap_return_441  |   9|          2|    9|         18|
    |ap_return_442  |   9|          2|    9|         18|
    |ap_return_443  |   9|          2|    9|         18|
    |ap_return_444  |   9|          2|    9|         18|
    |ap_return_445  |   9|          2|    9|         18|
    |ap_return_446  |   9|          2|    9|         18|
    |ap_return_447  |   9|          2|    9|         18|
    |ap_return_448  |   9|          2|    9|         18|
    |ap_return_449  |   9|          2|    9|         18|
    |ap_return_45   |   9|          2|    9|         18|
    |ap_return_450  |   9|          2|    9|         18|
    |ap_return_451  |   9|          2|    9|         18|
    |ap_return_452  |   9|          2|    9|         18|
    |ap_return_453  |   9|          2|    9|         18|
    |ap_return_454  |   9|          2|    9|         18|
    |ap_return_455  |   9|          2|    9|         18|
    |ap_return_456  |   9|          2|    9|         18|
    |ap_return_457  |   9|          2|    9|         18|
    |ap_return_458  |   9|          2|    9|         18|
    |ap_return_459  |   9|          2|    9|         18|
    |ap_return_46   |   9|          2|    9|         18|
    |ap_return_460  |   9|          2|    9|         18|
    |ap_return_461  |   9|          2|    9|         18|
    |ap_return_462  |   9|          2|    9|         18|
    |ap_return_463  |   9|          2|    9|         18|
    |ap_return_464  |   9|          2|    9|         18|
    |ap_return_465  |   9|          2|    9|         18|
    |ap_return_466  |   9|          2|    9|         18|
    |ap_return_467  |   9|          2|    9|         18|
    |ap_return_468  |   9|          2|    9|         18|
    |ap_return_469  |   9|          2|    9|         18|
    |ap_return_47   |   9|          2|    9|         18|
    |ap_return_470  |   9|          2|    9|         18|
    |ap_return_471  |   9|          2|    9|         18|
    |ap_return_472  |   9|          2|    9|         18|
    |ap_return_473  |   9|          2|    9|         18|
    |ap_return_474  |   9|          2|    9|         18|
    |ap_return_475  |   9|          2|    9|         18|
    |ap_return_476  |   9|          2|    9|         18|
    |ap_return_477  |   9|          2|    9|         18|
    |ap_return_478  |   9|          2|    9|         18|
    |ap_return_479  |   9|          2|    9|         18|
    |ap_return_48   |   9|          2|    9|         18|
    |ap_return_480  |   9|          2|    9|         18|
    |ap_return_481  |   9|          2|    9|         18|
    |ap_return_482  |   9|          2|    9|         18|
    |ap_return_483  |   9|          2|    9|         18|
    |ap_return_484  |   9|          2|    9|         18|
    |ap_return_485  |   9|          2|    9|         18|
    |ap_return_486  |   9|          2|    9|         18|
    |ap_return_487  |   9|          2|    9|         18|
    |ap_return_488  |   9|          2|    9|         18|
    |ap_return_489  |   9|          2|    9|         18|
    |ap_return_49   |   9|          2|    9|         18|
    |ap_return_490  |   9|          2|    9|         18|
    |ap_return_491  |   9|          2|    9|         18|
    |ap_return_492  |   9|          2|    9|         18|
    |ap_return_493  |   9|          2|    9|         18|
    |ap_return_494  |   9|          2|    9|         18|
    |ap_return_495  |   9|          2|    9|         18|
    |ap_return_496  |   9|          2|    9|         18|
    |ap_return_497  |   9|          2|    9|         18|
    |ap_return_498  |   9|          2|    9|         18|
    |ap_return_499  |   9|          2|    9|         18|
    |ap_return_5    |   9|          2|    9|         18|
    |ap_return_50   |   9|          2|    9|         18|
    |ap_return_500  |   9|          2|    9|         18|
    |ap_return_501  |   9|          2|    9|         18|
    |ap_return_502  |   9|          2|    9|         18|
    |ap_return_503  |   9|          2|    9|         18|
    |ap_return_504  |   9|          2|    9|         18|
    |ap_return_505  |   9|          2|    9|         18|
    |ap_return_506  |   9|          2|    9|         18|
    |ap_return_507  |   9|          2|    9|         18|
    |ap_return_508  |   9|          2|    9|         18|
    |ap_return_509  |   9|          2|    9|         18|
    |ap_return_51   |   9|          2|    9|         18|
    |ap_return_510  |   9|          2|    9|         18|
    |ap_return_511  |   9|          2|    9|         18|
    |ap_return_52   |   9|          2|    9|         18|
    |ap_return_53   |   9|          2|    9|         18|
    |ap_return_54   |   9|          2|    9|         18|
    |ap_return_55   |   9|          2|    9|         18|
    |ap_return_56   |   9|          2|    9|         18|
    |ap_return_57   |   9|          2|    9|         18|
    |ap_return_58   |   9|          2|    9|         18|
    |ap_return_59   |   9|          2|    9|         18|
    |ap_return_6    |   9|          2|    9|         18|
    |ap_return_60   |   9|          2|    9|         18|
    |ap_return_61   |   9|          2|    9|         18|
    |ap_return_62   |   9|          2|    9|         18|
    |ap_return_63   |   9|          2|    9|         18|
    |ap_return_64   |   9|          2|    9|         18|
    |ap_return_65   |   9|          2|    9|         18|
    |ap_return_66   |   9|          2|    9|         18|
    |ap_return_67   |   9|          2|    9|         18|
    |ap_return_68   |   9|          2|    9|         18|
    |ap_return_69   |   9|          2|    9|         18|
    |ap_return_7    |   9|          2|    9|         18|
    |ap_return_70   |   9|          2|    9|         18|
    |ap_return_71   |   9|          2|    9|         18|
    |ap_return_72   |   9|          2|    9|         18|
    |ap_return_73   |   9|          2|    9|         18|
    |ap_return_74   |   9|          2|    9|         18|
    |ap_return_75   |   9|          2|    9|         18|
    |ap_return_76   |   9|          2|    9|         18|
    |ap_return_77   |   9|          2|    9|         18|
    |ap_return_78   |   9|          2|    9|         18|
    |ap_return_79   |   9|          2|    9|         18|
    |ap_return_8    |   9|          2|    9|         18|
    |ap_return_80   |   9|          2|    9|         18|
    |ap_return_81   |   9|          2|    9|         18|
    |ap_return_82   |   9|          2|    9|         18|
    |ap_return_83   |   9|          2|    9|         18|
    |ap_return_84   |   9|          2|    9|         18|
    |ap_return_85   |   9|          2|    9|         18|
    |ap_return_86   |   9|          2|    9|         18|
    |ap_return_87   |   9|          2|    9|         18|
    |ap_return_88   |   9|          2|    9|         18|
    |ap_return_89   |   9|          2|    9|         18|
    |ap_return_9    |   9|          2|    9|         18|
    |ap_return_90   |   9|          2|    9|         18|
    |ap_return_91   |   9|          2|    9|         18|
    |ap_return_92   |   9|          2|    9|         18|
    |ap_return_93   |   9|          2|    9|         18|
    |ap_return_94   |   9|          2|    9|         18|
    |ap_return_95   |   9|          2|    9|         18|
    |ap_return_96   |   9|          2|    9|         18|
    |ap_return_97   |   9|          2|    9|         18|
    |ap_return_98   |   9|          2|    9|         18|
    |ap_return_99   |   9|          2|    9|         18|
    +---------------+----+-----------+-----+-----------+
    |Total          |4617|       1026| 4609|       9218|
    +---------------+----+-----------+-----+-----------+

    * Register: 
    +-------------------------+-----+----+-----+-----------+
    |           Name          |  FF | LUT| Bits| Const Bits|
    +-------------------------+-----+----+-----+-----------+
    |ap_CS_fsm                |    1|   0|    1|          0|
    |ap_done_reg              |    1|   0|    1|          0|
    |ap_enable_reg_pp0_iter1  |    1|   0|    1|          0|
    |ap_return_0_preg         |    9|   0|    9|          0|
    |ap_return_100_preg       |    9|   0|    9|          0|
    |ap_return_101_preg       |    9|   0|    9|          0|
    |ap_return_102_preg       |    9|   0|    9|          0|
    |ap_return_103_preg       |    9|   0|    9|          0|
    |ap_return_104_preg       |    9|   0|    9|          0|
    |ap_return_105_preg       |    9|   0|    9|          0|
    |ap_return_106_preg       |    9|   0|    9|          0|
    |ap_return_107_preg       |    9|   0|    9|          0|
    |ap_return_108_preg       |    9|   0|    9|          0|
    |ap_return_109_preg       |    9|   0|    9|          0|
    |ap_return_10_preg        |    9|   0|    9|          0|
    |ap_return_110_preg       |    9|   0|    9|          0|
    |ap_return_111_preg       |    9|   0|    9|          0|
    |ap_return_112_preg       |    9|   0|    9|          0|
    |ap_return_113_preg       |    9|   0|    9|          0|
    |ap_return_114_preg       |    9|   0|    9|          0|
    |ap_return_115_preg       |    9|   0|    9|          0|
    |ap_return_116_preg       |    9|   0|    9|          0|
    |ap_return_117_preg       |    9|   0|    9|          0|
    |ap_return_118_preg       |    9|   0|    9|          0|
    |ap_return_119_preg       |    9|   0|    9|          0|
    |ap_return_11_preg        |    9|   0|    9|          0|
    |ap_return_120_preg       |    9|   0|    9|          0|
    |ap_return_121_preg       |    9|   0|    9|          0|
    |ap_return_122_preg       |    9|   0|    9|          0|
    |ap_return_123_preg       |    9|   0|    9|          0|
    |ap_return_124_preg       |    9|   0|    9|          0|
    |ap_return_125_preg       |    9|   0|    9|          0|
    |ap_return_126_preg       |    9|   0|    9|          0|
    |ap_return_127_preg       |    9|   0|    9|          0|
    |ap_return_128_preg       |    9|   0|    9|          0|
    |ap_return_129_preg       |    9|   0|    9|          0|
    |ap_return_12_preg        |    9|   0|    9|          0|
    |ap_return_130_preg       |    9|   0|    9|          0|
    |ap_return_131_preg       |    9|   0|    9|          0|
    |ap_return_132_preg       |    9|   0|    9|          0|
    |ap_return_133_preg       |    9|   0|    9|          0|
    |ap_return_134_preg       |    9|   0|    9|          0|
    |ap_return_135_preg       |    9|   0|    9|          0|
    |ap_return_136_preg       |    9|   0|    9|          0|
    |ap_return_137_preg       |    9|   0|    9|          0|
    |ap_return_138_preg       |    9|   0|    9|          0|
    |ap_return_139_preg       |    9|   0|    9|          0|
    |ap_return_13_preg        |    9|   0|    9|          0|
    |ap_return_140_preg       |    9|   0|    9|          0|
    |ap_return_141_preg       |    9|   0|    9|          0|
    |ap_return_142_preg       |    9|   0|    9|          0|
    |ap_return_143_preg       |    9|   0|    9|          0|
    |ap_return_144_preg       |    9|   0|    9|          0|
    |ap_return_145_preg       |    9|   0|    9|          0|
    |ap_return_146_preg       |    9|   0|    9|          0|
    |ap_return_147_preg       |    9|   0|    9|          0|
    |ap_return_148_preg       |    9|   0|    9|          0|
    |ap_return_149_preg       |    9|   0|    9|          0|
    |ap_return_14_preg        |    9|   0|    9|          0|
    |ap_return_150_preg       |    9|   0|    9|          0|
    |ap_return_151_preg       |    9|   0|    9|          0|
    |ap_return_152_preg       |    9|   0|    9|          0|
    |ap_return_153_preg       |    9|   0|    9|          0|
    |ap_return_154_preg       |    9|   0|    9|          0|
    |ap_return_155_preg       |    9|   0|    9|          0|
    |ap_return_156_preg       |    9|   0|    9|          0|
    |ap_return_157_preg       |    9|   0|    9|          0|
    |ap_return_158_preg       |    9|   0|    9|          0|
    |ap_return_159_preg       |    9|   0|    9|          0|
    |ap_return_15_preg        |    9|   0|    9|          0|
    |ap_return_160_preg       |    9|   0|    9|          0|
    |ap_return_161_preg       |    9|   0|    9|          0|
    |ap_return_162_preg       |    9|   0|    9|          0|
    |ap_return_163_preg       |    9|   0|    9|          0|
    |ap_return_164_preg       |    9|   0|    9|          0|
    |ap_return_165_preg       |    9|   0|    9|          0|
    |ap_return_166_preg       |    9|   0|    9|          0|
    |ap_return_167_preg       |    9|   0|    9|          0|
    |ap_return_168_preg       |    9|   0|    9|          0|
    |ap_return_169_preg       |    9|   0|    9|          0|
    |ap_return_16_preg        |    9|   0|    9|          0|
    |ap_return_170_preg       |    9|   0|    9|          0|
    |ap_return_171_preg       |    9|   0|    9|          0|
    |ap_return_172_preg       |    9|   0|    9|          0|
    |ap_return_173_preg       |    9|   0|    9|          0|
    |ap_return_174_preg       |    9|   0|    9|          0|
    |ap_return_175_preg       |    9|   0|    9|          0|
    |ap_return_176_preg       |    9|   0|    9|          0|
    |ap_return_177_preg       |    9|   0|    9|          0|
    |ap_return_178_preg       |    9|   0|    9|          0|
    |ap_return_179_preg       |    9|   0|    9|          0|
    |ap_return_17_preg        |    9|   0|    9|          0|
    |ap_return_180_preg       |    9|   0|    9|          0|
    |ap_return_181_preg       |    9|   0|    9|          0|
    |ap_return_182_preg       |    9|   0|    9|          0|
    |ap_return_183_preg       |    9|   0|    9|          0|
    |ap_return_184_preg       |    9|   0|    9|          0|
    |ap_return_185_preg       |    9|   0|    9|          0|
    |ap_return_186_preg       |    9|   0|    9|          0|
    |ap_return_187_preg       |    9|   0|    9|          0|
    |ap_return_188_preg       |    9|   0|    9|          0|
    |ap_return_189_preg       |    9|   0|    9|          0|
    |ap_return_18_preg        |    9|   0|    9|          0|
    |ap_return_190_preg       |    9|   0|    9|          0|
    |ap_return_191_preg       |    9|   0|    9|          0|
    |ap_return_192_preg       |    9|   0|    9|          0|
    |ap_return_193_preg       |    9|   0|    9|          0|
    |ap_return_194_preg       |    9|   0|    9|          0|
    |ap_return_195_preg       |    9|   0|    9|          0|
    |ap_return_196_preg       |    9|   0|    9|          0|
    |ap_return_197_preg       |    9|   0|    9|          0|
    |ap_return_198_preg       |    9|   0|    9|          0|
    |ap_return_199_preg       |    9|   0|    9|          0|
    |ap_return_19_preg        |    9|   0|    9|          0|
    |ap_return_1_preg         |    9|   0|    9|          0|
    |ap_return_200_preg       |    9|   0|    9|          0|
    |ap_return_201_preg       |    9|   0|    9|          0|
    |ap_return_202_preg       |    9|   0|    9|          0|
    |ap_return_203_preg       |    9|   0|    9|          0|
    |ap_return_204_preg       |    9|   0|    9|          0|
    |ap_return_205_preg       |    9|   0|    9|          0|
    |ap_return_206_preg       |    9|   0|    9|          0|
    |ap_return_207_preg       |    9|   0|    9|          0|
    |ap_return_208_preg       |    9|   0|    9|          0|
    |ap_return_209_preg       |    9|   0|    9|          0|
    |ap_return_20_preg        |    9|   0|    9|          0|
    |ap_return_210_preg       |    9|   0|    9|          0|
    |ap_return_211_preg       |    9|   0|    9|          0|
    |ap_return_212_preg       |    9|   0|    9|          0|
    |ap_return_213_preg       |    9|   0|    9|          0|
    |ap_return_214_preg       |    9|   0|    9|          0|
    |ap_return_215_preg       |    9|   0|    9|          0|
    |ap_return_216_preg       |    9|   0|    9|          0|
    |ap_return_217_preg       |    9|   0|    9|          0|
    |ap_return_218_preg       |    9|   0|    9|          0|
    |ap_return_219_preg       |    9|   0|    9|          0|
    |ap_return_21_preg        |    9|   0|    9|          0|
    |ap_return_220_preg       |    9|   0|    9|          0|
    |ap_return_221_preg       |    9|   0|    9|          0|
    |ap_return_222_preg       |    9|   0|    9|          0|
    |ap_return_223_preg       |    9|   0|    9|          0|
    |ap_return_224_preg       |    9|   0|    9|          0|
    |ap_return_225_preg       |    9|   0|    9|          0|
    |ap_return_226_preg       |    9|   0|    9|          0|
    |ap_return_227_preg       |    9|   0|    9|          0|
    |ap_return_228_preg       |    9|   0|    9|          0|
    |ap_return_229_preg       |    9|   0|    9|          0|
    |ap_return_22_preg        |    9|   0|    9|          0|
    |ap_return_230_preg       |    9|   0|    9|          0|
    |ap_return_231_preg       |    9|   0|    9|          0|
    |ap_return_232_preg       |    9|   0|    9|          0|
    |ap_return_233_preg       |    9|   0|    9|          0|
    |ap_return_234_preg       |    9|   0|    9|          0|
    |ap_return_235_preg       |    9|   0|    9|          0|
    |ap_return_236_preg       |    9|   0|    9|          0|
    |ap_return_237_preg       |    9|   0|    9|          0|
    |ap_return_238_preg       |    9|   0|    9|          0|
    |ap_return_239_preg       |    9|   0|    9|          0|
    |ap_return_23_preg        |    9|   0|    9|          0|
    |ap_return_240_preg       |    9|   0|    9|          0|
    |ap_return_241_preg       |    9|   0|    9|          0|
    |ap_return_242_preg       |    9|   0|    9|          0|
    |ap_return_243_preg       |    9|   0|    9|          0|
    |ap_return_244_preg       |    9|   0|    9|          0|
    |ap_return_245_preg       |    9|   0|    9|          0|
    |ap_return_246_preg       |    9|   0|    9|          0|
    |ap_return_247_preg       |    9|   0|    9|          0|
    |ap_return_248_preg       |    9|   0|    9|          0|
    |ap_return_249_preg       |    9|   0|    9|          0|
    |ap_return_24_preg        |    9|   0|    9|          0|
    |ap_return_250_preg       |    9|   0|    9|          0|
    |ap_return_251_preg       |    9|   0|    9|          0|
    |ap_return_252_preg       |    9|   0|    9|          0|
    |ap_return_253_preg       |    9|   0|    9|          0|
    |ap_return_254_preg       |    9|   0|    9|          0|
    |ap_return_255_preg       |    9|   0|    9|          0|
    |ap_return_256_preg       |    9|   0|    9|          0|
    |ap_return_257_preg       |    9|   0|    9|          0|
    |ap_return_258_preg       |    9|   0|    9|          0|
    |ap_return_259_preg       |    9|   0|    9|          0|
    |ap_return_25_preg        |    9|   0|    9|          0|
    |ap_return_260_preg       |    9|   0|    9|          0|
    |ap_return_261_preg       |    9|   0|    9|          0|
    |ap_return_262_preg       |    9|   0|    9|          0|
    |ap_return_263_preg       |    9|   0|    9|          0|
    |ap_return_264_preg       |    9|   0|    9|          0|
    |ap_return_265_preg       |    9|   0|    9|          0|
    |ap_return_266_preg       |    9|   0|    9|          0|
    |ap_return_267_preg       |    9|   0|    9|          0|
    |ap_return_268_preg       |    9|   0|    9|          0|
    |ap_return_269_preg       |    9|   0|    9|          0|
    |ap_return_26_preg        |    9|   0|    9|          0|
    |ap_return_270_preg       |    9|   0|    9|          0|
    |ap_return_271_preg       |    9|   0|    9|          0|
    |ap_return_272_preg       |    9|   0|    9|          0|
    |ap_return_273_preg       |    9|   0|    9|          0|
    |ap_return_274_preg       |    9|   0|    9|          0|
    |ap_return_275_preg       |    9|   0|    9|          0|
    |ap_return_276_preg       |    9|   0|    9|          0|
    |ap_return_277_preg       |    9|   0|    9|          0|
    |ap_return_278_preg       |    9|   0|    9|          0|
    |ap_return_279_preg       |    9|   0|    9|          0|
    |ap_return_27_preg        |    9|   0|    9|          0|
    |ap_return_280_preg       |    9|   0|    9|          0|
    |ap_return_281_preg       |    9|   0|    9|          0|
    |ap_return_282_preg       |    9|   0|    9|          0|
    |ap_return_283_preg       |    9|   0|    9|          0|
    |ap_return_284_preg       |    9|   0|    9|          0|
    |ap_return_285_preg       |    9|   0|    9|          0|
    |ap_return_286_preg       |    9|   0|    9|          0|
    |ap_return_287_preg       |    9|   0|    9|          0|
    |ap_return_288_preg       |    9|   0|    9|          0|
    |ap_return_289_preg       |    9|   0|    9|          0|
    |ap_return_28_preg        |    9|   0|    9|          0|
    |ap_return_290_preg       |    9|   0|    9|          0|
    |ap_return_291_preg       |    9|   0|    9|          0|
    |ap_return_292_preg       |    9|   0|    9|          0|
    |ap_return_293_preg       |    9|   0|    9|          0|
    |ap_return_294_preg       |    9|   0|    9|          0|
    |ap_return_295_preg       |    9|   0|    9|          0|
    |ap_return_296_preg       |    9|   0|    9|          0|
    |ap_return_297_preg       |    9|   0|    9|          0|
    |ap_return_298_preg       |    9|   0|    9|          0|
    |ap_return_299_preg       |    9|   0|    9|          0|
    |ap_return_29_preg        |    9|   0|    9|          0|
    |ap_return_2_preg         |    9|   0|    9|          0|
    |ap_return_300_preg       |    9|   0|    9|          0|
    |ap_return_301_preg       |    9|   0|    9|          0|
    |ap_return_302_preg       |    9|   0|    9|          0|
    |ap_return_303_preg       |    9|   0|    9|          0|
    |ap_return_304_preg       |    9|   0|    9|          0|
    |ap_return_305_preg       |    9|   0|    9|          0|
    |ap_return_306_preg       |    9|   0|    9|          0|
    |ap_return_307_preg       |    9|   0|    9|          0|
    |ap_return_308_preg       |    9|   0|    9|          0|
    |ap_return_309_preg       |    9|   0|    9|          0|
    |ap_return_30_preg        |    9|   0|    9|          0|
    |ap_return_310_preg       |    9|   0|    9|          0|
    |ap_return_311_preg       |    9|   0|    9|          0|
    |ap_return_312_preg       |    9|   0|    9|          0|
    |ap_return_313_preg       |    9|   0|    9|          0|
    |ap_return_314_preg       |    9|   0|    9|          0|
    |ap_return_315_preg       |    9|   0|    9|          0|
    |ap_return_316_preg       |    9|   0|    9|          0|
    |ap_return_317_preg       |    9|   0|    9|          0|
    |ap_return_318_preg       |    9|   0|    9|          0|
    |ap_return_319_preg       |    9|   0|    9|          0|
    |ap_return_31_preg        |    9|   0|    9|          0|
    |ap_return_320_preg       |    9|   0|    9|          0|
    |ap_return_321_preg       |    9|   0|    9|          0|
    |ap_return_322_preg       |    9|   0|    9|          0|
    |ap_return_323_preg       |    9|   0|    9|          0|
    |ap_return_324_preg       |    9|   0|    9|          0|
    |ap_return_325_preg       |    9|   0|    9|          0|
    |ap_return_326_preg       |    9|   0|    9|          0|
    |ap_return_327_preg       |    9|   0|    9|          0|
    |ap_return_328_preg       |    9|   0|    9|          0|
    |ap_return_329_preg       |    9|   0|    9|          0|
    |ap_return_32_preg        |    9|   0|    9|          0|
    |ap_return_330_preg       |    9|   0|    9|          0|
    |ap_return_331_preg       |    9|   0|    9|          0|
    |ap_return_332_preg       |    9|   0|    9|          0|
    |ap_return_333_preg       |    9|   0|    9|          0|
    |ap_return_334_preg       |    9|   0|    9|          0|
    |ap_return_335_preg       |    9|   0|    9|          0|
    |ap_return_336_preg       |    9|   0|    9|          0|
    |ap_return_337_preg       |    9|   0|    9|          0|
    |ap_return_338_preg       |    9|   0|    9|          0|
    |ap_return_339_preg       |    9|   0|    9|          0|
    |ap_return_33_preg        |    9|   0|    9|          0|
    |ap_return_340_preg       |    9|   0|    9|          0|
    |ap_return_341_preg       |    9|   0|    9|          0|
    |ap_return_342_preg       |    9|   0|    9|          0|
    |ap_return_343_preg       |    9|   0|    9|          0|
    |ap_return_344_preg       |    9|   0|    9|          0|
    |ap_return_345_preg       |    9|   0|    9|          0|
    |ap_return_346_preg       |    9|   0|    9|          0|
    |ap_return_347_preg       |    9|   0|    9|          0|
    |ap_return_348_preg       |    9|   0|    9|          0|
    |ap_return_349_preg       |    9|   0|    9|          0|
    |ap_return_34_preg        |    9|   0|    9|          0|
    |ap_return_350_preg       |    9|   0|    9|          0|
    |ap_return_351_preg       |    9|   0|    9|          0|
    |ap_return_352_preg       |    9|   0|    9|          0|
    |ap_return_353_preg       |    9|   0|    9|          0|
    |ap_return_354_preg       |    9|   0|    9|          0|
    |ap_return_355_preg       |    9|   0|    9|          0|
    |ap_return_356_preg       |    9|   0|    9|          0|
    |ap_return_357_preg       |    9|   0|    9|          0|
    |ap_return_358_preg       |    9|   0|    9|          0|
    |ap_return_359_preg       |    9|   0|    9|          0|
    |ap_return_35_preg        |    9|   0|    9|          0|
    |ap_return_360_preg       |    9|   0|    9|          0|
    |ap_return_361_preg       |    9|   0|    9|          0|
    |ap_return_362_preg       |    9|   0|    9|          0|
    |ap_return_363_preg       |    9|   0|    9|          0|
    |ap_return_364_preg       |    9|   0|    9|          0|
    |ap_return_365_preg       |    9|   0|    9|          0|
    |ap_return_366_preg       |    9|   0|    9|          0|
    |ap_return_367_preg       |    9|   0|    9|          0|
    |ap_return_368_preg       |    9|   0|    9|          0|
    |ap_return_369_preg       |    9|   0|    9|          0|
    |ap_return_36_preg        |    9|   0|    9|          0|
    |ap_return_370_preg       |    9|   0|    9|          0|
    |ap_return_371_preg       |    9|   0|    9|          0|
    |ap_return_372_preg       |    9|   0|    9|          0|
    |ap_return_373_preg       |    9|   0|    9|          0|
    |ap_return_374_preg       |    9|   0|    9|          0|
    |ap_return_375_preg       |    9|   0|    9|          0|
    |ap_return_376_preg       |    9|   0|    9|          0|
    |ap_return_377_preg       |    9|   0|    9|          0|
    |ap_return_378_preg       |    9|   0|    9|          0|
    |ap_return_379_preg       |    9|   0|    9|          0|
    |ap_return_37_preg        |    9|   0|    9|          0|
    |ap_return_380_preg       |    9|   0|    9|          0|
    |ap_return_381_preg       |    9|   0|    9|          0|
    |ap_return_382_preg       |    9|   0|    9|          0|
    |ap_return_383_preg       |    9|   0|    9|          0|
    |ap_return_384_preg       |    9|   0|    9|          0|
    |ap_return_385_preg       |    9|   0|    9|          0|
    |ap_return_386_preg       |    9|   0|    9|          0|
    |ap_return_387_preg       |    9|   0|    9|          0|
    |ap_return_388_preg       |    9|   0|    9|          0|
    |ap_return_389_preg       |    9|   0|    9|          0|
    |ap_return_38_preg        |    9|   0|    9|          0|
    |ap_return_390_preg       |    9|   0|    9|          0|
    |ap_return_391_preg       |    9|   0|    9|          0|
    |ap_return_392_preg       |    9|   0|    9|          0|
    |ap_return_393_preg       |    9|   0|    9|          0|
    |ap_return_394_preg       |    9|   0|    9|          0|
    |ap_return_395_preg       |    9|   0|    9|          0|
    |ap_return_396_preg       |    9|   0|    9|          0|
    |ap_return_397_preg       |    9|   0|    9|          0|
    |ap_return_398_preg       |    9|   0|    9|          0|
    |ap_return_399_preg       |    9|   0|    9|          0|
    |ap_return_39_preg        |    9|   0|    9|          0|
    |ap_return_3_preg         |    9|   0|    9|          0|
    |ap_return_400_preg       |    9|   0|    9|          0|
    |ap_return_401_preg       |    9|   0|    9|          0|
    |ap_return_402_preg       |    9|   0|    9|          0|
    |ap_return_403_preg       |    9|   0|    9|          0|
    |ap_return_404_preg       |    9|   0|    9|          0|
    |ap_return_405_preg       |    9|   0|    9|          0|
    |ap_return_406_preg       |    9|   0|    9|          0|
    |ap_return_407_preg       |    9|   0|    9|          0|
    |ap_return_408_preg       |    9|   0|    9|          0|
    |ap_return_409_preg       |    9|   0|    9|          0|
    |ap_return_40_preg        |    9|   0|    9|          0|
    |ap_return_410_preg       |    9|   0|    9|          0|
    |ap_return_411_preg       |    9|   0|    9|          0|
    |ap_return_412_preg       |    9|   0|    9|          0|
    |ap_return_413_preg       |    9|   0|    9|          0|
    |ap_return_414_preg       |    9|   0|    9|          0|
    |ap_return_415_preg       |    9|   0|    9|          0|
    |ap_return_416_preg       |    9|   0|    9|          0|
    |ap_return_417_preg       |    9|   0|    9|          0|
    |ap_return_418_preg       |    9|   0|    9|          0|
    |ap_return_419_preg       |    9|   0|    9|          0|
    |ap_return_41_preg        |    9|   0|    9|          0|
    |ap_return_420_preg       |    9|   0|    9|          0|
    |ap_return_421_preg       |    9|   0|    9|          0|
    |ap_return_422_preg       |    9|   0|    9|          0|
    |ap_return_423_preg       |    9|   0|    9|          0|
    |ap_return_424_preg       |    9|   0|    9|          0|
    |ap_return_425_preg       |    9|   0|    9|          0|
    |ap_return_426_preg       |    9|   0|    9|          0|
    |ap_return_427_preg       |    9|   0|    9|          0|
    |ap_return_428_preg       |    9|   0|    9|          0|
    |ap_return_429_preg       |    9|   0|    9|          0|
    |ap_return_42_preg        |    9|   0|    9|          0|
    |ap_return_430_preg       |    9|   0|    9|          0|
    |ap_return_431_preg       |    9|   0|    9|          0|
    |ap_return_432_preg       |    9|   0|    9|          0|
    |ap_return_433_preg       |    9|   0|    9|          0|
    |ap_return_434_preg       |    9|   0|    9|          0|
    |ap_return_435_preg       |    9|   0|    9|          0|
    |ap_return_436_preg       |    9|   0|    9|          0|
    |ap_return_437_preg       |    9|   0|    9|          0|
    |ap_return_438_preg       |    9|   0|    9|          0|
    |ap_return_439_preg       |    9|   0|    9|          0|
    |ap_return_43_preg        |    9|   0|    9|          0|
    |ap_return_440_preg       |    9|   0|    9|          0|
    |ap_return_441_preg       |    9|   0|    9|          0|
    |ap_return_442_preg       |    9|   0|    9|          0|
    |ap_return_443_preg       |    9|   0|    9|          0|
    |ap_return_444_preg       |    9|   0|    9|          0|
    |ap_return_445_preg       |    9|   0|    9|          0|
    |ap_return_446_preg       |    9|   0|    9|          0|
    |ap_return_447_preg       |    9|   0|    9|          0|
    |ap_return_448_preg       |    9|   0|    9|          0|
    |ap_return_449_preg       |    9|   0|    9|          0|
    |ap_return_44_preg        |    9|   0|    9|          0|
    |ap_return_450_preg       |    9|   0|    9|          0|
    |ap_return_451_preg       |    9|   0|    9|          0|
    |ap_return_452_preg       |    9|   0|    9|          0|
    |ap_return_453_preg       |    9|   0|    9|          0|
    |ap_return_454_preg       |    9|   0|    9|          0|
    |ap_return_455_preg       |    9|   0|    9|          0|
    |ap_return_456_preg       |    9|   0|    9|          0|
    |ap_return_457_preg       |    9|   0|    9|          0|
    |ap_return_458_preg       |    9|   0|    9|          0|
    |ap_return_459_preg       |    9|   0|    9|          0|
    |ap_return_45_preg        |    9|   0|    9|          0|
    |ap_return_460_preg       |    9|   0|    9|          0|
    |ap_return_461_preg       |    9|   0|    9|          0|
    |ap_return_462_preg       |    9|   0|    9|          0|
    |ap_return_463_preg       |    9|   0|    9|          0|
    |ap_return_464_preg       |    9|   0|    9|          0|
    |ap_return_465_preg       |    9|   0|    9|          0|
    |ap_return_466_preg       |    9|   0|    9|          0|
    |ap_return_467_preg       |    9|   0|    9|          0|
    |ap_return_468_preg       |    9|   0|    9|          0|
    |ap_return_469_preg       |    9|   0|    9|          0|
    |ap_return_46_preg        |    9|   0|    9|          0|
    |ap_return_470_preg       |    9|   0|    9|          0|
    |ap_return_471_preg       |    9|   0|    9|          0|
    |ap_return_472_preg       |    9|   0|    9|          0|
    |ap_return_473_preg       |    9|   0|    9|          0|
    |ap_return_474_preg       |    9|   0|    9|          0|
    |ap_return_475_preg       |    9|   0|    9|          0|
    |ap_return_476_preg       |    9|   0|    9|          0|
    |ap_return_477_preg       |    9|   0|    9|          0|
    |ap_return_478_preg       |    9|   0|    9|          0|
    |ap_return_479_preg       |    9|   0|    9|          0|
    |ap_return_47_preg        |    9|   0|    9|          0|
    |ap_return_480_preg       |    9|   0|    9|          0|
    |ap_return_481_preg       |    9|   0|    9|          0|
    |ap_return_482_preg       |    9|   0|    9|          0|
    |ap_return_483_preg       |    9|   0|    9|          0|
    |ap_return_484_preg       |    9|   0|    9|          0|
    |ap_return_485_preg       |    9|   0|    9|          0|
    |ap_return_486_preg       |    9|   0|    9|          0|
    |ap_return_487_preg       |    9|   0|    9|          0|
    |ap_return_488_preg       |    9|   0|    9|          0|
    |ap_return_489_preg       |    9|   0|    9|          0|
    |ap_return_48_preg        |    9|   0|    9|          0|
    |ap_return_490_preg       |    9|   0|    9|          0|
    |ap_return_491_preg       |    9|   0|    9|          0|
    |ap_return_492_preg       |    9|   0|    9|          0|
    |ap_return_493_preg       |    9|   0|    9|          0|
    |ap_return_494_preg       |    9|   0|    9|          0|
    |ap_return_495_preg       |    9|   0|    9|          0|
    |ap_return_496_preg       |    9|   0|    9|          0|
    |ap_return_497_preg       |    9|   0|    9|          0|
    |ap_return_498_preg       |    9|   0|    9|          0|
    |ap_return_499_preg       |    9|   0|    9|          0|
    |ap_return_49_preg        |    9|   0|    9|          0|
    |ap_return_4_preg         |    9|   0|    9|          0|
    |ap_return_500_preg       |    9|   0|    9|          0|
    |ap_return_501_preg       |    9|   0|    9|          0|
    |ap_return_502_preg       |    9|   0|    9|          0|
    |ap_return_503_preg       |    9|   0|    9|          0|
    |ap_return_504_preg       |    9|   0|    9|          0|
    |ap_return_505_preg       |    9|   0|    9|          0|
    |ap_return_506_preg       |    9|   0|    9|          0|
    |ap_return_507_preg       |    9|   0|    9|          0|
    |ap_return_508_preg       |    9|   0|    9|          0|
    |ap_return_509_preg       |    9|   0|    9|          0|
    |ap_return_50_preg        |    9|   0|    9|          0|
    |ap_return_510_preg       |    9|   0|    9|          0|
    |ap_return_511_preg       |    9|   0|    9|          0|
    |ap_return_51_preg        |    9|   0|    9|          0|
    |ap_return_52_preg        |    9|   0|    9|          0|
    |ap_return_53_preg        |    9|   0|    9|          0|
    |ap_return_54_preg        |    9|   0|    9|          0|
    |ap_return_55_preg        |    9|   0|    9|          0|
    |ap_return_56_preg        |    9|   0|    9|          0|
    |ap_return_57_preg        |    9|   0|    9|          0|
    |ap_return_58_preg        |    9|   0|    9|          0|
    |ap_return_59_preg        |    9|   0|    9|          0|
    |ap_return_5_preg         |    9|   0|    9|          0|
    |ap_return_60_preg        |    9|   0|    9|          0|
    |ap_return_61_preg        |    9|   0|    9|          0|
    |ap_return_62_preg        |    9|   0|    9|          0|
    |ap_return_63_preg        |    9|   0|    9|          0|
    |ap_return_64_preg        |    9|   0|    9|          0|
    |ap_return_65_preg        |    9|   0|    9|          0|
    |ap_return_66_preg        |    9|   0|    9|          0|
    |ap_return_67_preg        |    9|   0|    9|          0|
    |ap_return_68_preg        |    9|   0|    9|          0|
    |ap_return_69_preg        |    9|   0|    9|          0|
    |ap_return_6_preg         |    9|   0|    9|          0|
    |ap_return_70_preg        |    9|   0|    9|          0|
    |ap_return_71_preg        |    9|   0|    9|          0|
    |ap_return_72_preg        |    9|   0|    9|          0|
    |ap_return_73_preg        |    9|   0|    9|          0|
    |ap_return_74_preg        |    9|   0|    9|          0|
    |ap_return_75_preg        |    9|   0|    9|          0|
    |ap_return_76_preg        |    9|   0|    9|          0|
    |ap_return_77_preg        |    9|   0|    9|          0|
    |ap_return_78_preg        |    9|   0|    9|          0|
    |ap_return_79_preg        |    9|   0|    9|          0|
    |ap_return_7_preg         |    9|   0|    9|          0|
    |ap_return_80_preg        |    9|   0|    9|          0|
    |ap_return_81_preg        |    9|   0|    9|          0|
    |ap_return_82_preg        |    9|   0|    9|          0|
    |ap_return_83_preg        |    9|   0|    9|          0|
    |ap_return_84_preg        |    9|   0|    9|          0|
    |ap_return_85_preg        |    9|   0|    9|          0|
    |ap_return_86_preg        |    9|   0|    9|          0|
    |ap_return_87_preg        |    9|   0|    9|          0|
    |ap_return_88_preg        |    9|   0|    9|          0|
    |ap_return_89_preg        |    9|   0|    9|          0|
    |ap_return_8_preg         |    9|   0|    9|          0|
    |ap_return_90_preg        |    9|   0|    9|          0|
    |ap_return_91_preg        |    9|   0|    9|          0|
    |ap_return_92_preg        |    9|   0|    9|          0|
    |ap_return_93_preg        |    9|   0|    9|          0|
    |ap_return_94_preg        |    9|   0|    9|          0|
    |ap_return_95_preg        |    9|   0|    9|          0|
    |ap_return_96_preg        |    9|   0|    9|          0|
    |ap_return_97_preg        |    9|   0|    9|          0|
    |ap_return_98_preg        |    9|   0|    9|          0|
    |ap_return_99_preg        |    9|   0|    9|          0|
    |ap_return_9_preg         |    9|   0|    9|          0|
    |icmp_ln46_100_reg_47277  |    1|   0|    1|          0|
    |icmp_ln46_101_reg_47288  |    1|   0|    1|          0|
    |icmp_ln46_102_reg_47299  |    1|   0|    1|          0|
    |icmp_ln46_103_reg_47310  |    1|   0|    1|          0|
    |icmp_ln46_104_reg_47321  |    1|   0|    1|          0|
    |icmp_ln46_105_reg_47332  |    1|   0|    1|          0|
    |icmp_ln46_106_reg_47343  |    1|   0|    1|          0|
    |icmp_ln46_107_reg_47354  |    1|   0|    1|          0|
    |icmp_ln46_108_reg_47365  |    1|   0|    1|          0|
    |icmp_ln46_109_reg_47376  |    1|   0|    1|          0|
    |icmp_ln46_110_reg_47387  |    1|   0|    1|          0|
    |icmp_ln46_111_reg_47398  |    1|   0|    1|          0|
    |icmp_ln46_112_reg_47409  |    1|   0|    1|          0|
    |icmp_ln46_113_reg_47420  |    1|   0|    1|          0|
    |icmp_ln46_114_reg_47431  |    1|   0|    1|          0|
    |icmp_ln46_115_reg_47442  |    1|   0|    1|          0|
    |icmp_ln46_116_reg_47453  |    1|   0|    1|          0|
    |icmp_ln46_117_reg_47464  |    1|   0|    1|          0|
    |icmp_ln46_118_reg_47475  |    1|   0|    1|          0|
    |icmp_ln46_119_reg_47486  |    1|   0|    1|          0|
    |icmp_ln46_120_reg_47497  |    1|   0|    1|          0|
    |icmp_ln46_121_reg_47508  |    1|   0|    1|          0|
    |icmp_ln46_122_reg_47519  |    1|   0|    1|          0|
    |icmp_ln46_123_reg_47530  |    1|   0|    1|          0|
    |icmp_ln46_124_reg_47541  |    1|   0|    1|          0|
    |icmp_ln46_125_reg_47552  |    1|   0|    1|          0|
    |icmp_ln46_126_reg_47563  |    1|   0|    1|          0|
    |icmp_ln46_127_reg_47574  |    1|   0|    1|          0|
    |icmp_ln46_128_reg_47585  |    1|   0|    1|          0|
    |icmp_ln46_129_reg_47596  |    1|   0|    1|          0|
    |icmp_ln46_130_reg_47607  |    1|   0|    1|          0|
    |icmp_ln46_131_reg_47618  |    1|   0|    1|          0|
    |icmp_ln46_132_reg_47629  |    1|   0|    1|          0|
    |icmp_ln46_133_reg_47640  |    1|   0|    1|          0|
    |icmp_ln46_134_reg_47651  |    1|   0|    1|          0|
    |icmp_ln46_135_reg_47662  |    1|   0|    1|          0|
    |icmp_ln46_136_reg_47673  |    1|   0|    1|          0|
    |icmp_ln46_137_reg_47684  |    1|   0|    1|          0|
    |icmp_ln46_138_reg_47695  |    1|   0|    1|          0|
    |icmp_ln46_139_reg_47706  |    1|   0|    1|          0|
    |icmp_ln46_140_reg_47717  |    1|   0|    1|          0|
    |icmp_ln46_141_reg_47728  |    1|   0|    1|          0|
    |icmp_ln46_142_reg_47739  |    1|   0|    1|          0|
    |icmp_ln46_143_reg_47750  |    1|   0|    1|          0|
    |icmp_ln46_144_reg_47761  |    1|   0|    1|          0|
    |icmp_ln46_145_reg_47772  |    1|   0|    1|          0|
    |icmp_ln46_146_reg_47783  |    1|   0|    1|          0|
    |icmp_ln46_147_reg_47794  |    1|   0|    1|          0|
    |icmp_ln46_148_reg_47805  |    1|   0|    1|          0|
    |icmp_ln46_149_reg_47816  |    1|   0|    1|          0|
    |icmp_ln46_150_reg_47827  |    1|   0|    1|          0|
    |icmp_ln46_151_reg_47838  |    1|   0|    1|          0|
    |icmp_ln46_152_reg_47849  |    1|   0|    1|          0|
    |icmp_ln46_153_reg_47860  |    1|   0|    1|          0|
    |icmp_ln46_154_reg_47871  |    1|   0|    1|          0|
    |icmp_ln46_155_reg_47882  |    1|   0|    1|          0|
    |icmp_ln46_156_reg_47893  |    1|   0|    1|          0|
    |icmp_ln46_157_reg_47904  |    1|   0|    1|          0|
    |icmp_ln46_158_reg_47915  |    1|   0|    1|          0|
    |icmp_ln46_159_reg_47926  |    1|   0|    1|          0|
    |icmp_ln46_160_reg_47937  |    1|   0|    1|          0|
    |icmp_ln46_161_reg_47948  |    1|   0|    1|          0|
    |icmp_ln46_162_reg_47959  |    1|   0|    1|          0|
    |icmp_ln46_163_reg_47970  |    1|   0|    1|          0|
    |icmp_ln46_164_reg_47981  |    1|   0|    1|          0|
    |icmp_ln46_165_reg_47992  |    1|   0|    1|          0|
    |icmp_ln46_166_reg_48003  |    1|   0|    1|          0|
    |icmp_ln46_167_reg_48014  |    1|   0|    1|          0|
    |icmp_ln46_168_reg_48025  |    1|   0|    1|          0|
    |icmp_ln46_169_reg_48036  |    1|   0|    1|          0|
    |icmp_ln46_170_reg_48047  |    1|   0|    1|          0|
    |icmp_ln46_171_reg_48058  |    1|   0|    1|          0|
    |icmp_ln46_172_reg_48069  |    1|   0|    1|          0|
    |icmp_ln46_173_reg_48080  |    1|   0|    1|          0|
    |icmp_ln46_174_reg_48091  |    1|   0|    1|          0|
    |icmp_ln46_175_reg_48102  |    1|   0|    1|          0|
    |icmp_ln46_176_reg_48113  |    1|   0|    1|          0|
    |icmp_ln46_177_reg_48124  |    1|   0|    1|          0|
    |icmp_ln46_178_reg_48135  |    1|   0|    1|          0|
    |icmp_ln46_179_reg_48146  |    1|   0|    1|          0|
    |icmp_ln46_180_reg_48157  |    1|   0|    1|          0|
    |icmp_ln46_181_reg_48168  |    1|   0|    1|          0|
    |icmp_ln46_182_reg_48179  |    1|   0|    1|          0|
    |icmp_ln46_183_reg_48190  |    1|   0|    1|          0|
    |icmp_ln46_184_reg_48201  |    1|   0|    1|          0|
    |icmp_ln46_185_reg_48212  |    1|   0|    1|          0|
    |icmp_ln46_186_reg_48223  |    1|   0|    1|          0|
    |icmp_ln46_187_reg_48234  |    1|   0|    1|          0|
    |icmp_ln46_188_reg_48245  |    1|   0|    1|          0|
    |icmp_ln46_189_reg_48256  |    1|   0|    1|          0|
    |icmp_ln46_190_reg_48267  |    1|   0|    1|          0|
    |icmp_ln46_191_reg_48278  |    1|   0|    1|          0|
    |icmp_ln46_192_reg_48289  |    1|   0|    1|          0|
    |icmp_ln46_193_reg_48300  |    1|   0|    1|          0|
    |icmp_ln46_194_reg_48311  |    1|   0|    1|          0|
    |icmp_ln46_195_reg_48322  |    1|   0|    1|          0|
    |icmp_ln46_196_reg_48333  |    1|   0|    1|          0|
    |icmp_ln46_197_reg_48344  |    1|   0|    1|          0|
    |icmp_ln46_198_reg_48355  |    1|   0|    1|          0|
    |icmp_ln46_199_reg_48366  |    1|   0|    1|          0|
    |icmp_ln46_200_reg_48377  |    1|   0|    1|          0|
    |icmp_ln46_201_reg_48388  |    1|   0|    1|          0|
    |icmp_ln46_202_reg_48399  |    1|   0|    1|          0|
    |icmp_ln46_203_reg_48410  |    1|   0|    1|          0|
    |icmp_ln46_204_reg_48421  |    1|   0|    1|          0|
    |icmp_ln46_205_reg_48432  |    1|   0|    1|          0|
    |icmp_ln46_206_reg_48443  |    1|   0|    1|          0|
    |icmp_ln46_207_reg_48454  |    1|   0|    1|          0|
    |icmp_ln46_208_reg_48465  |    1|   0|    1|          0|
    |icmp_ln46_209_reg_48476  |    1|   0|    1|          0|
    |icmp_ln46_210_reg_48487  |    1|   0|    1|          0|
    |icmp_ln46_211_reg_48498  |    1|   0|    1|          0|
    |icmp_ln46_212_reg_48509  |    1|   0|    1|          0|
    |icmp_ln46_213_reg_48520  |    1|   0|    1|          0|
    |icmp_ln46_214_reg_48531  |    1|   0|    1|          0|
    |icmp_ln46_215_reg_48542  |    1|   0|    1|          0|
    |icmp_ln46_216_reg_48553  |    1|   0|    1|          0|
    |icmp_ln46_217_reg_48564  |    1|   0|    1|          0|
    |icmp_ln46_218_reg_48575  |    1|   0|    1|          0|
    |icmp_ln46_219_reg_48586  |    1|   0|    1|          0|
    |icmp_ln46_220_reg_48597  |    1|   0|    1|          0|
    |icmp_ln46_221_reg_48608  |    1|   0|    1|          0|
    |icmp_ln46_222_reg_48619  |    1|   0|    1|          0|
    |icmp_ln46_223_reg_48630  |    1|   0|    1|          0|
    |icmp_ln46_224_reg_48641  |    1|   0|    1|          0|
    |icmp_ln46_225_reg_48652  |    1|   0|    1|          0|
    |icmp_ln46_226_reg_48663  |    1|   0|    1|          0|
    |icmp_ln46_227_reg_48674  |    1|   0|    1|          0|
    |icmp_ln46_228_reg_48685  |    1|   0|    1|          0|
    |icmp_ln46_229_reg_48696  |    1|   0|    1|          0|
    |icmp_ln46_230_reg_48707  |    1|   0|    1|          0|
    |icmp_ln46_231_reg_48718  |    1|   0|    1|          0|
    |icmp_ln46_232_reg_48729  |    1|   0|    1|          0|
    |icmp_ln46_233_reg_48740  |    1|   0|    1|          0|
    |icmp_ln46_234_reg_48751  |    1|   0|    1|          0|
    |icmp_ln46_235_reg_48762  |    1|   0|    1|          0|
    |icmp_ln46_236_reg_48773  |    1|   0|    1|          0|
    |icmp_ln46_237_reg_48784  |    1|   0|    1|          0|
    |icmp_ln46_238_reg_48795  |    1|   0|    1|          0|
    |icmp_ln46_239_reg_48806  |    1|   0|    1|          0|
    |icmp_ln46_240_reg_48817  |    1|   0|    1|          0|
    |icmp_ln46_241_reg_48828  |    1|   0|    1|          0|
    |icmp_ln46_242_reg_48839  |    1|   0|    1|          0|
    |icmp_ln46_243_reg_48850  |    1|   0|    1|          0|
    |icmp_ln46_244_reg_48861  |    1|   0|    1|          0|
    |icmp_ln46_245_reg_48872  |    1|   0|    1|          0|
    |icmp_ln46_246_reg_48883  |    1|   0|    1|          0|
    |icmp_ln46_247_reg_48894  |    1|   0|    1|          0|
    |icmp_ln46_248_reg_48905  |    1|   0|    1|          0|
    |icmp_ln46_249_reg_48916  |    1|   0|    1|          0|
    |icmp_ln46_250_reg_48927  |    1|   0|    1|          0|
    |icmp_ln46_251_reg_48938  |    1|   0|    1|          0|
    |icmp_ln46_252_reg_48949  |    1|   0|    1|          0|
    |icmp_ln46_253_reg_48960  |    1|   0|    1|          0|
    |icmp_ln46_254_reg_48971  |    1|   0|    1|          0|
    |icmp_ln46_255_reg_48982  |    1|   0|    1|          0|
    |icmp_ln46_256_reg_48993  |    1|   0|    1|          0|
    |icmp_ln46_257_reg_49004  |    1|   0|    1|          0|
    |icmp_ln46_258_reg_49015  |    1|   0|    1|          0|
    |icmp_ln46_259_reg_49026  |    1|   0|    1|          0|
    |icmp_ln46_260_reg_49037  |    1|   0|    1|          0|
    |icmp_ln46_261_reg_49048  |    1|   0|    1|          0|
    |icmp_ln46_262_reg_49059  |    1|   0|    1|          0|
    |icmp_ln46_263_reg_49070  |    1|   0|    1|          0|
    |icmp_ln46_264_reg_49081  |    1|   0|    1|          0|
    |icmp_ln46_265_reg_49092  |    1|   0|    1|          0|
    |icmp_ln46_266_reg_49103  |    1|   0|    1|          0|
    |icmp_ln46_267_reg_49114  |    1|   0|    1|          0|
    |icmp_ln46_268_reg_49125  |    1|   0|    1|          0|
    |icmp_ln46_269_reg_49136  |    1|   0|    1|          0|
    |icmp_ln46_270_reg_49147  |    1|   0|    1|          0|
    |icmp_ln46_271_reg_49158  |    1|   0|    1|          0|
    |icmp_ln46_272_reg_49169  |    1|   0|    1|          0|
    |icmp_ln46_273_reg_49180  |    1|   0|    1|          0|
    |icmp_ln46_274_reg_49191  |    1|   0|    1|          0|
    |icmp_ln46_275_reg_49202  |    1|   0|    1|          0|
    |icmp_ln46_276_reg_49213  |    1|   0|    1|          0|
    |icmp_ln46_277_reg_49224  |    1|   0|    1|          0|
    |icmp_ln46_278_reg_49235  |    1|   0|    1|          0|
    |icmp_ln46_279_reg_49246  |    1|   0|    1|          0|
    |icmp_ln46_280_reg_49257  |    1|   0|    1|          0|
    |icmp_ln46_281_reg_49268  |    1|   0|    1|          0|
    |icmp_ln46_282_reg_49279  |    1|   0|    1|          0|
    |icmp_ln46_283_reg_49290  |    1|   0|    1|          0|
    |icmp_ln46_284_reg_49301  |    1|   0|    1|          0|
    |icmp_ln46_285_reg_49312  |    1|   0|    1|          0|
    |icmp_ln46_286_reg_49323  |    1|   0|    1|          0|
    |icmp_ln46_287_reg_49334  |    1|   0|    1|          0|
    |icmp_ln46_288_reg_49345  |    1|   0|    1|          0|
    |icmp_ln46_289_reg_49356  |    1|   0|    1|          0|
    |icmp_ln46_290_reg_49367  |    1|   0|    1|          0|
    |icmp_ln46_291_reg_49378  |    1|   0|    1|          0|
    |icmp_ln46_292_reg_49389  |    1|   0|    1|          0|
    |icmp_ln46_293_reg_49400  |    1|   0|    1|          0|
    |icmp_ln46_294_reg_49411  |    1|   0|    1|          0|
    |icmp_ln46_295_reg_49422  |    1|   0|    1|          0|
    |icmp_ln46_296_reg_49433  |    1|   0|    1|          0|
    |icmp_ln46_297_reg_49444  |    1|   0|    1|          0|
    |icmp_ln46_298_reg_49455  |    1|   0|    1|          0|
    |icmp_ln46_299_reg_49466  |    1|   0|    1|          0|
    |icmp_ln46_300_reg_49477  |    1|   0|    1|          0|
    |icmp_ln46_301_reg_49488  |    1|   0|    1|          0|
    |icmp_ln46_302_reg_49499  |    1|   0|    1|          0|
    |icmp_ln46_303_reg_49510  |    1|   0|    1|          0|
    |icmp_ln46_304_reg_49521  |    1|   0|    1|          0|
    |icmp_ln46_305_reg_49532  |    1|   0|    1|          0|
    |icmp_ln46_306_reg_49543  |    1|   0|    1|          0|
    |icmp_ln46_307_reg_49554  |    1|   0|    1|          0|
    |icmp_ln46_308_reg_49565  |    1|   0|    1|          0|
    |icmp_ln46_309_reg_49576  |    1|   0|    1|          0|
    |icmp_ln46_310_reg_49587  |    1|   0|    1|          0|
    |icmp_ln46_311_reg_49598  |    1|   0|    1|          0|
    |icmp_ln46_312_reg_49609  |    1|   0|    1|          0|
    |icmp_ln46_313_reg_49620  |    1|   0|    1|          0|
    |icmp_ln46_314_reg_49631  |    1|   0|    1|          0|
    |icmp_ln46_315_reg_49642  |    1|   0|    1|          0|
    |icmp_ln46_316_reg_49653  |    1|   0|    1|          0|
    |icmp_ln46_317_reg_49664  |    1|   0|    1|          0|
    |icmp_ln46_318_reg_49675  |    1|   0|    1|          0|
    |icmp_ln46_319_reg_49686  |    1|   0|    1|          0|
    |icmp_ln46_320_reg_49697  |    1|   0|    1|          0|
    |icmp_ln46_321_reg_49708  |    1|   0|    1|          0|
    |icmp_ln46_322_reg_49719  |    1|   0|    1|          0|
    |icmp_ln46_323_reg_49730  |    1|   0|    1|          0|
    |icmp_ln46_324_reg_49741  |    1|   0|    1|          0|
    |icmp_ln46_325_reg_49752  |    1|   0|    1|          0|
    |icmp_ln46_326_reg_49763  |    1|   0|    1|          0|
    |icmp_ln46_327_reg_49774  |    1|   0|    1|          0|
    |icmp_ln46_328_reg_49785  |    1|   0|    1|          0|
    |icmp_ln46_329_reg_49796  |    1|   0|    1|          0|
    |icmp_ln46_330_reg_49807  |    1|   0|    1|          0|
    |icmp_ln46_331_reg_49818  |    1|   0|    1|          0|
    |icmp_ln46_332_reg_49829  |    1|   0|    1|          0|
    |icmp_ln46_333_reg_49840  |    1|   0|    1|          0|
    |icmp_ln46_334_reg_49851  |    1|   0|    1|          0|
    |icmp_ln46_335_reg_49862  |    1|   0|    1|          0|
    |icmp_ln46_336_reg_49873  |    1|   0|    1|          0|
    |icmp_ln46_337_reg_49884  |    1|   0|    1|          0|
    |icmp_ln46_338_reg_49895  |    1|   0|    1|          0|
    |icmp_ln46_339_reg_49906  |    1|   0|    1|          0|
    |icmp_ln46_340_reg_49917  |    1|   0|    1|          0|
    |icmp_ln46_341_reg_49928  |    1|   0|    1|          0|
    |icmp_ln46_342_reg_49939  |    1|   0|    1|          0|
    |icmp_ln46_343_reg_49950  |    1|   0|    1|          0|
    |icmp_ln46_344_reg_49961  |    1|   0|    1|          0|
    |icmp_ln46_345_reg_49972  |    1|   0|    1|          0|
    |icmp_ln46_346_reg_49983  |    1|   0|    1|          0|
    |icmp_ln46_347_reg_49994  |    1|   0|    1|          0|
    |icmp_ln46_348_reg_50005  |    1|   0|    1|          0|
    |icmp_ln46_349_reg_50016  |    1|   0|    1|          0|
    |icmp_ln46_350_reg_50027  |    1|   0|    1|          0|
    |icmp_ln46_351_reg_50038  |    1|   0|    1|          0|
    |icmp_ln46_352_reg_50049  |    1|   0|    1|          0|
    |icmp_ln46_353_reg_50060  |    1|   0|    1|          0|
    |icmp_ln46_354_reg_50071  |    1|   0|    1|          0|
    |icmp_ln46_355_reg_50082  |    1|   0|    1|          0|
    |icmp_ln46_356_reg_50093  |    1|   0|    1|          0|
    |icmp_ln46_357_reg_50104  |    1|   0|    1|          0|
    |icmp_ln46_358_reg_50115  |    1|   0|    1|          0|
    |icmp_ln46_359_reg_50126  |    1|   0|    1|          0|
    |icmp_ln46_360_reg_50137  |    1|   0|    1|          0|
    |icmp_ln46_361_reg_50148  |    1|   0|    1|          0|
    |icmp_ln46_362_reg_50159  |    1|   0|    1|          0|
    |icmp_ln46_363_reg_50170  |    1|   0|    1|          0|
    |icmp_ln46_364_reg_50181  |    1|   0|    1|          0|
    |icmp_ln46_365_reg_50192  |    1|   0|    1|          0|
    |icmp_ln46_366_reg_50203  |    1|   0|    1|          0|
    |icmp_ln46_367_reg_50214  |    1|   0|    1|          0|
    |icmp_ln46_368_reg_50225  |    1|   0|    1|          0|
    |icmp_ln46_369_reg_50236  |    1|   0|    1|          0|
    |icmp_ln46_370_reg_50247  |    1|   0|    1|          0|
    |icmp_ln46_371_reg_50258  |    1|   0|    1|          0|
    |icmp_ln46_372_reg_50269  |    1|   0|    1|          0|
    |icmp_ln46_373_reg_50280  |    1|   0|    1|          0|
    |icmp_ln46_374_reg_50291  |    1|   0|    1|          0|
    |icmp_ln46_375_reg_50302  |    1|   0|    1|          0|
    |icmp_ln46_376_reg_50313  |    1|   0|    1|          0|
    |icmp_ln46_377_reg_50324  |    1|   0|    1|          0|
    |icmp_ln46_378_reg_50335  |    1|   0|    1|          0|
    |icmp_ln46_379_reg_50346  |    1|   0|    1|          0|
    |icmp_ln46_380_reg_50357  |    1|   0|    1|          0|
    |icmp_ln46_381_reg_50368  |    1|   0|    1|          0|
    |icmp_ln46_382_reg_50379  |    1|   0|    1|          0|
    |icmp_ln46_383_reg_50390  |    1|   0|    1|          0|
    |icmp_ln46_384_reg_50401  |    1|   0|    1|          0|
    |icmp_ln46_385_reg_50412  |    1|   0|    1|          0|
    |icmp_ln46_386_reg_50423  |    1|   0|    1|          0|
    |icmp_ln46_387_reg_50434  |    1|   0|    1|          0|
    |icmp_ln46_388_reg_50445  |    1|   0|    1|          0|
    |icmp_ln46_389_reg_50456  |    1|   0|    1|          0|
    |icmp_ln46_390_reg_50467  |    1|   0|    1|          0|
    |icmp_ln46_391_reg_50478  |    1|   0|    1|          0|
    |icmp_ln46_392_reg_50489  |    1|   0|    1|          0|
    |icmp_ln46_393_reg_50500  |    1|   0|    1|          0|
    |icmp_ln46_394_reg_50511  |    1|   0|    1|          0|
    |icmp_ln46_395_reg_50522  |    1|   0|    1|          0|
    |icmp_ln46_396_reg_50533  |    1|   0|    1|          0|
    |icmp_ln46_397_reg_50544  |    1|   0|    1|          0|
    |icmp_ln46_398_reg_50555  |    1|   0|    1|          0|
    |icmp_ln46_399_reg_50566  |    1|   0|    1|          0|
    |icmp_ln46_400_reg_50577  |    1|   0|    1|          0|
    |icmp_ln46_401_reg_50588  |    1|   0|    1|          0|
    |icmp_ln46_402_reg_50599  |    1|   0|    1|          0|
    |icmp_ln46_403_reg_50610  |    1|   0|    1|          0|
    |icmp_ln46_404_reg_50621  |    1|   0|    1|          0|
    |icmp_ln46_405_reg_50632  |    1|   0|    1|          0|
    |icmp_ln46_406_reg_50643  |    1|   0|    1|          0|
    |icmp_ln46_407_reg_50654  |    1|   0|    1|          0|
    |icmp_ln46_408_reg_50665  |    1|   0|    1|          0|
    |icmp_ln46_409_reg_50676  |    1|   0|    1|          0|
    |icmp_ln46_410_reg_50687  |    1|   0|    1|          0|
    |icmp_ln46_411_reg_50698  |    1|   0|    1|          0|
    |icmp_ln46_412_reg_50709  |    1|   0|    1|          0|
    |icmp_ln46_413_reg_50720  |    1|   0|    1|          0|
    |icmp_ln46_414_reg_50731  |    1|   0|    1|          0|
    |icmp_ln46_415_reg_50742  |    1|   0|    1|          0|
    |icmp_ln46_416_reg_50753  |    1|   0|    1|          0|
    |icmp_ln46_417_reg_50764  |    1|   0|    1|          0|
    |icmp_ln46_418_reg_50775  |    1|   0|    1|          0|
    |icmp_ln46_419_reg_50786  |    1|   0|    1|          0|
    |icmp_ln46_420_reg_50797  |    1|   0|    1|          0|
    |icmp_ln46_421_reg_50808  |    1|   0|    1|          0|
    |icmp_ln46_422_reg_50819  |    1|   0|    1|          0|
    |icmp_ln46_423_reg_50830  |    1|   0|    1|          0|
    |icmp_ln46_424_reg_50841  |    1|   0|    1|          0|
    |icmp_ln46_425_reg_50852  |    1|   0|    1|          0|
    |icmp_ln46_426_reg_50863  |    1|   0|    1|          0|
    |icmp_ln46_427_reg_50874  |    1|   0|    1|          0|
    |icmp_ln46_428_reg_50885  |    1|   0|    1|          0|
    |icmp_ln46_429_reg_50896  |    1|   0|    1|          0|
    |icmp_ln46_42_reg_46639   |    1|   0|    1|          0|
    |icmp_ln46_430_reg_50907  |    1|   0|    1|          0|
    |icmp_ln46_431_reg_50918  |    1|   0|    1|          0|
    |icmp_ln46_432_reg_50929  |    1|   0|    1|          0|
    |icmp_ln46_433_reg_50940  |    1|   0|    1|          0|
    |icmp_ln46_434_reg_50951  |    1|   0|    1|          0|
    |icmp_ln46_435_reg_50962  |    1|   0|    1|          0|
    |icmp_ln46_436_reg_50973  |    1|   0|    1|          0|
    |icmp_ln46_437_reg_50984  |    1|   0|    1|          0|
    |icmp_ln46_438_reg_50995  |    1|   0|    1|          0|
    |icmp_ln46_439_reg_51006  |    1|   0|    1|          0|
    |icmp_ln46_43_reg_46650   |    1|   0|    1|          0|
    |icmp_ln46_440_reg_51017  |    1|   0|    1|          0|
    |icmp_ln46_441_reg_51028  |    1|   0|    1|          0|
    |icmp_ln46_442_reg_51039  |    1|   0|    1|          0|
    |icmp_ln46_443_reg_51050  |    1|   0|    1|          0|
    |icmp_ln46_444_reg_51061  |    1|   0|    1|          0|
    |icmp_ln46_445_reg_51072  |    1|   0|    1|          0|
    |icmp_ln46_446_reg_51083  |    1|   0|    1|          0|
    |icmp_ln46_447_reg_51094  |    1|   0|    1|          0|
    |icmp_ln46_448_reg_51105  |    1|   0|    1|          0|
    |icmp_ln46_449_reg_51116  |    1|   0|    1|          0|
    |icmp_ln46_44_reg_46661   |    1|   0|    1|          0|
    |icmp_ln46_450_reg_51127  |    1|   0|    1|          0|
    |icmp_ln46_451_reg_51138  |    1|   0|    1|          0|
    |icmp_ln46_452_reg_51149  |    1|   0|    1|          0|
    |icmp_ln46_453_reg_51160  |    1|   0|    1|          0|
    |icmp_ln46_454_reg_51171  |    1|   0|    1|          0|
    |icmp_ln46_455_reg_51182  |    1|   0|    1|          0|
    |icmp_ln46_456_reg_51193  |    1|   0|    1|          0|
    |icmp_ln46_457_reg_51204  |    1|   0|    1|          0|
    |icmp_ln46_458_reg_51215  |    1|   0|    1|          0|
    |icmp_ln46_459_reg_51226  |    1|   0|    1|          0|
    |icmp_ln46_45_reg_46672   |    1|   0|    1|          0|
    |icmp_ln46_460_reg_51237  |    1|   0|    1|          0|
    |icmp_ln46_461_reg_51248  |    1|   0|    1|          0|
    |icmp_ln46_462_reg_51259  |    1|   0|    1|          0|
    |icmp_ln46_463_reg_51270  |    1|   0|    1|          0|
    |icmp_ln46_464_reg_51281  |    1|   0|    1|          0|
    |icmp_ln46_465_reg_51292  |    1|   0|    1|          0|
    |icmp_ln46_466_reg_51303  |    1|   0|    1|          0|
    |icmp_ln46_467_reg_51314  |    1|   0|    1|          0|
    |icmp_ln46_468_reg_51325  |    1|   0|    1|          0|
    |icmp_ln46_469_reg_51336  |    1|   0|    1|          0|
    |icmp_ln46_46_reg_46683   |    1|   0|    1|          0|
    |icmp_ln46_470_reg_51347  |    1|   0|    1|          0|
    |icmp_ln46_471_reg_51358  |    1|   0|    1|          0|
    |icmp_ln46_472_reg_51369  |    1|   0|    1|          0|
    |icmp_ln46_473_reg_51380  |    1|   0|    1|          0|
    |icmp_ln46_474_reg_51391  |    1|   0|    1|          0|
    |icmp_ln46_475_reg_51402  |    1|   0|    1|          0|
    |icmp_ln46_476_reg_51413  |    1|   0|    1|          0|
    |icmp_ln46_477_reg_51424  |    1|   0|    1|          0|
    |icmp_ln46_478_reg_51435  |    1|   0|    1|          0|
    |icmp_ln46_479_reg_51446  |    1|   0|    1|          0|
    |icmp_ln46_47_reg_46694   |    1|   0|    1|          0|
    |icmp_ln46_480_reg_51457  |    1|   0|    1|          0|
    |icmp_ln46_481_reg_51468  |    1|   0|    1|          0|
    |icmp_ln46_482_reg_51479  |    1|   0|    1|          0|
    |icmp_ln46_483_reg_51490  |    1|   0|    1|          0|
    |icmp_ln46_484_reg_51501  |    1|   0|    1|          0|
    |icmp_ln46_485_reg_51512  |    1|   0|    1|          0|
    |icmp_ln46_486_reg_51523  |    1|   0|    1|          0|
    |icmp_ln46_487_reg_51534  |    1|   0|    1|          0|
    |icmp_ln46_488_reg_51545  |    1|   0|    1|          0|
    |icmp_ln46_489_reg_51556  |    1|   0|    1|          0|
    |icmp_ln46_48_reg_46705   |    1|   0|    1|          0|
    |icmp_ln46_490_reg_51567  |    1|   0|    1|          0|
    |icmp_ln46_491_reg_51578  |    1|   0|    1|          0|
    |icmp_ln46_492_reg_51589  |    1|   0|    1|          0|
    |icmp_ln46_493_reg_51600  |    1|   0|    1|          0|
    |icmp_ln46_494_reg_51611  |    1|   0|    1|          0|
    |icmp_ln46_495_reg_51622  |    1|   0|    1|          0|
    |icmp_ln46_496_reg_51633  |    1|   0|    1|          0|
    |icmp_ln46_497_reg_51644  |    1|   0|    1|          0|
    |icmp_ln46_498_reg_51655  |    1|   0|    1|          0|
    |icmp_ln46_499_reg_51666  |    1|   0|    1|          0|
    |icmp_ln46_49_reg_46716   |    1|   0|    1|          0|
    |icmp_ln46_500_reg_51677  |    1|   0|    1|          0|
    |icmp_ln46_501_reg_51688  |    1|   0|    1|          0|
    |icmp_ln46_502_reg_51699  |    1|   0|    1|          0|
    |icmp_ln46_503_reg_51710  |    1|   0|    1|          0|
    |icmp_ln46_504_reg_51721  |    1|   0|    1|          0|
    |icmp_ln46_505_reg_51732  |    1|   0|    1|          0|
    |icmp_ln46_506_reg_51743  |    1|   0|    1|          0|
    |icmp_ln46_507_reg_51754  |    1|   0|    1|          0|
    |icmp_ln46_508_reg_51765  |    1|   0|    1|          0|
    |icmp_ln46_509_reg_51776  |    1|   0|    1|          0|
    |icmp_ln46_50_reg_46727   |    1|   0|    1|          0|
    |icmp_ln46_510_reg_51787  |    1|   0|    1|          0|
    |icmp_ln46_511_reg_51798  |    1|   0|    1|          0|
    |icmp_ln46_512_reg_51809  |    1|   0|    1|          0|
    |icmp_ln46_513_reg_51820  |    1|   0|    1|          0|
    |icmp_ln46_514_reg_51831  |    1|   0|    1|          0|
    |icmp_ln46_515_reg_51842  |    1|   0|    1|          0|
    |icmp_ln46_516_reg_51853  |    1|   0|    1|          0|
    |icmp_ln46_517_reg_51864  |    1|   0|    1|          0|
    |icmp_ln46_518_reg_51875  |    1|   0|    1|          0|
    |icmp_ln46_519_reg_51886  |    1|   0|    1|          0|
    |icmp_ln46_51_reg_46738   |    1|   0|    1|          0|
    |icmp_ln46_520_reg_51897  |    1|   0|    1|          0|
    |icmp_ln46_521_reg_51908  |    1|   0|    1|          0|
    |icmp_ln46_522_reg_51919  |    1|   0|    1|          0|
    |icmp_ln46_523_reg_51930  |    1|   0|    1|          0|
    |icmp_ln46_524_reg_51941  |    1|   0|    1|          0|
    |icmp_ln46_525_reg_51952  |    1|   0|    1|          0|
    |icmp_ln46_526_reg_51963  |    1|   0|    1|          0|
    |icmp_ln46_527_reg_51974  |    1|   0|    1|          0|
    |icmp_ln46_528_reg_51985  |    1|   0|    1|          0|
    |icmp_ln46_529_reg_51996  |    1|   0|    1|          0|
    |icmp_ln46_52_reg_46749   |    1|   0|    1|          0|
    |icmp_ln46_530_reg_52007  |    1|   0|    1|          0|
    |icmp_ln46_531_reg_52018  |    1|   0|    1|          0|
    |icmp_ln46_532_reg_52029  |    1|   0|    1|          0|
    |icmp_ln46_533_reg_52040  |    1|   0|    1|          0|
    |icmp_ln46_534_reg_52051  |    1|   0|    1|          0|
    |icmp_ln46_535_reg_52062  |    1|   0|    1|          0|
    |icmp_ln46_536_reg_52073  |    1|   0|    1|          0|
    |icmp_ln46_537_reg_52084  |    1|   0|    1|          0|
    |icmp_ln46_538_reg_52095  |    1|   0|    1|          0|
    |icmp_ln46_539_reg_52106  |    1|   0|    1|          0|
    |icmp_ln46_53_reg_46760   |    1|   0|    1|          0|
    |icmp_ln46_540_reg_52117  |    1|   0|    1|          0|
    |icmp_ln46_541_reg_52128  |    1|   0|    1|          0|
    |icmp_ln46_542_reg_52139  |    1|   0|    1|          0|
    |icmp_ln46_543_reg_52150  |    1|   0|    1|          0|
    |icmp_ln46_544_reg_52161  |    1|   0|    1|          0|
    |icmp_ln46_545_reg_52172  |    1|   0|    1|          0|
    |icmp_ln46_546_reg_52183  |    1|   0|    1|          0|
    |icmp_ln46_547_reg_52194  |    1|   0|    1|          0|
    |icmp_ln46_548_reg_52205  |    1|   0|    1|          0|
    |icmp_ln46_549_reg_52216  |    1|   0|    1|          0|
    |icmp_ln46_54_reg_46771   |    1|   0|    1|          0|
    |icmp_ln46_550_reg_52227  |    1|   0|    1|          0|
    |icmp_ln46_551_reg_52238  |    1|   0|    1|          0|
    |icmp_ln46_552_reg_52249  |    1|   0|    1|          0|
    |icmp_ln46_55_reg_46782   |    1|   0|    1|          0|
    |icmp_ln46_56_reg_46793   |    1|   0|    1|          0|
    |icmp_ln46_57_reg_46804   |    1|   0|    1|          0|
    |icmp_ln46_58_reg_46815   |    1|   0|    1|          0|
    |icmp_ln46_59_reg_46826   |    1|   0|    1|          0|
    |icmp_ln46_60_reg_46837   |    1|   0|    1|          0|
    |icmp_ln46_61_reg_46848   |    1|   0|    1|          0|
    |icmp_ln46_62_reg_46859   |    1|   0|    1|          0|
    |icmp_ln46_63_reg_46870   |    1|   0|    1|          0|
    |icmp_ln46_64_reg_46881   |    1|   0|    1|          0|
    |icmp_ln46_65_reg_46892   |    1|   0|    1|          0|
    |icmp_ln46_66_reg_46903   |    1|   0|    1|          0|
    |icmp_ln46_67_reg_46914   |    1|   0|    1|          0|
    |icmp_ln46_68_reg_46925   |    1|   0|    1|          0|
    |icmp_ln46_69_reg_46936   |    1|   0|    1|          0|
    |icmp_ln46_70_reg_46947   |    1|   0|    1|          0|
    |icmp_ln46_71_reg_46958   |    1|   0|    1|          0|
    |icmp_ln46_72_reg_46969   |    1|   0|    1|          0|
    |icmp_ln46_73_reg_46980   |    1|   0|    1|          0|
    |icmp_ln46_74_reg_46991   |    1|   0|    1|          0|
    |icmp_ln46_75_reg_47002   |    1|   0|    1|          0|
    |icmp_ln46_76_reg_47013   |    1|   0|    1|          0|
    |icmp_ln46_77_reg_47024   |    1|   0|    1|          0|
    |icmp_ln46_78_reg_47035   |    1|   0|    1|          0|
    |icmp_ln46_79_reg_47046   |    1|   0|    1|          0|
    |icmp_ln46_80_reg_47057   |    1|   0|    1|          0|
    |icmp_ln46_81_reg_47068   |    1|   0|    1|          0|
    |icmp_ln46_82_reg_47079   |    1|   0|    1|          0|
    |icmp_ln46_83_reg_47090   |    1|   0|    1|          0|
    |icmp_ln46_84_reg_47101   |    1|   0|    1|          0|
    |icmp_ln46_85_reg_47112   |    1|   0|    1|          0|
    |icmp_ln46_86_reg_47123   |    1|   0|    1|          0|
    |icmp_ln46_87_reg_47134   |    1|   0|    1|          0|
    |icmp_ln46_88_reg_47145   |    1|   0|    1|          0|
    |icmp_ln46_89_reg_47156   |    1|   0|    1|          0|
    |icmp_ln46_90_reg_47167   |    1|   0|    1|          0|
    |icmp_ln46_91_reg_47178   |    1|   0|    1|          0|
    |icmp_ln46_92_reg_47189   |    1|   0|    1|          0|
    |icmp_ln46_93_reg_47200   |    1|   0|    1|          0|
    |icmp_ln46_94_reg_47211   |    1|   0|    1|          0|
    |icmp_ln46_95_reg_47222   |    1|   0|    1|          0|
    |icmp_ln46_96_reg_47233   |    1|   0|    1|          0|
    |icmp_ln46_97_reg_47244   |    1|   0|    1|          0|
    |icmp_ln46_98_reg_47255   |    1|   0|    1|          0|
    |icmp_ln46_99_reg_47266   |    1|   0|    1|          0|
    |icmp_ln46_reg_46628      |    1|   0|    1|          0|
    |p_read_100_reg_44012     |   15|   0|   15|          0|
    |p_read_101_reg_44018     |   15|   0|   15|          0|
    |p_read_102_reg_44024     |   15|   0|   15|          0|
    |p_read_103_reg_44030     |   15|   0|   15|          0|
    |p_read_104_reg_44036     |   15|   0|   15|          0|
    |p_read_105_reg_44042     |   15|   0|   15|          0|
    |p_read_106_reg_44048     |   15|   0|   15|          0|
    |p_read_107_reg_44054     |   15|   0|   15|          0|
    |p_read_108_reg_44060     |   15|   0|   15|          0|
    |p_read_109_reg_44066     |   15|   0|   15|          0|
    |p_read_110_reg_44072     |   15|   0|   15|          0|
    |p_read_111_reg_44078     |   15|   0|   15|          0|
    |p_read_112_reg_44084     |   15|   0|   15|          0|
    |p_read_113_reg_44090     |   15|   0|   15|          0|
    |p_read_114_reg_44096     |   15|   0|   15|          0|
    |p_read_115_reg_44102     |   15|   0|   15|          0|
    |p_read_116_reg_44108     |   15|   0|   15|          0|
    |p_read_117_reg_44114     |   15|   0|   15|          0|
    |p_read_118_reg_44120     |   15|   0|   15|          0|
    |p_read_119_reg_44126     |   15|   0|   15|          0|
    |p_read_120_reg_44132     |   15|   0|   15|          0|
    |p_read_121_reg_44138     |   15|   0|   15|          0|
    |p_read_122_reg_44144     |   15|   0|   15|          0|
    |p_read_123_reg_44150     |   15|   0|   15|          0|
    |p_read_124_reg_44156     |   15|   0|   15|          0|
    |p_read_125_reg_44162     |   15|   0|   15|          0|
    |p_read_126_reg_44168     |   15|   0|   15|          0|
    |p_read_127_reg_44174     |   15|   0|   15|          0|
    |p_read_128_reg_44180     |   15|   0|   15|          0|
    |p_read_129_reg_44186     |   15|   0|   15|          0|
    |p_read_130_reg_44192     |   15|   0|   15|          0|
    |p_read_131_reg_44198     |   15|   0|   15|          0|
    |p_read_132_reg_44204     |   15|   0|   15|          0|
    |p_read_133_reg_44210     |   15|   0|   15|          0|
    |p_read_134_reg_44216     |   15|   0|   15|          0|
    |p_read_135_reg_44222     |   15|   0|   15|          0|
    |p_read_136_reg_44228     |   15|   0|   15|          0|
    |p_read_137_reg_44234     |   15|   0|   15|          0|
    |p_read_138_reg_44240     |   15|   0|   15|          0|
    |p_read_139_reg_44246     |   15|   0|   15|          0|
    |p_read_140_reg_44252     |   15|   0|   15|          0|
    |p_read_141_reg_44258     |   15|   0|   15|          0|
    |p_read_142_reg_44264     |   15|   0|   15|          0|
    |p_read_143_reg_44270     |   15|   0|   15|          0|
    |p_read_144_reg_44276     |   15|   0|   15|          0|
    |p_read_145_reg_44282     |   15|   0|   15|          0|
    |p_read_146_reg_44288     |   15|   0|   15|          0|
    |p_read_147_reg_44294     |   15|   0|   15|          0|
    |p_read_148_reg_44300     |   15|   0|   15|          0|
    |p_read_149_reg_44306     |   15|   0|   15|          0|
    |p_read_150_reg_44312     |   15|   0|   15|          0|
    |p_read_151_reg_44318     |   15|   0|   15|          0|
    |p_read_152_reg_44324     |   15|   0|   15|          0|
    |p_read_153_reg_44330     |   15|   0|   15|          0|
    |p_read_154_reg_44336     |   15|   0|   15|          0|
    |p_read_155_reg_44342     |   15|   0|   15|          0|
    |p_read_156_reg_44348     |   15|   0|   15|          0|
    |p_read_157_reg_44354     |   15|   0|   15|          0|
    |p_read_158_reg_44360     |   15|   0|   15|          0|
    |p_read_159_reg_44366     |   15|   0|   15|          0|
    |p_read_160_reg_44372     |   15|   0|   15|          0|
    |p_read_161_reg_44378     |   15|   0|   15|          0|
    |p_read_162_reg_44384     |   15|   0|   15|          0|
    |p_read_163_reg_44390     |   15|   0|   15|          0|
    |p_read_164_reg_44396     |   15|   0|   15|          0|
    |p_read_165_reg_44402     |   15|   0|   15|          0|
    |p_read_166_reg_44408     |   15|   0|   15|          0|
    |p_read_167_reg_44414     |   15|   0|   15|          0|
    |p_read_168_reg_44420     |   15|   0|   15|          0|
    |p_read_169_reg_44426     |   15|   0|   15|          0|
    |p_read_170_reg_44432     |   15|   0|   15|          0|
    |p_read_171_reg_44438     |   15|   0|   15|          0|
    |p_read_172_reg_44444     |   15|   0|   15|          0|
    |p_read_173_reg_44450     |   15|   0|   15|          0|
    |p_read_174_reg_44456     |   15|   0|   15|          0|
    |p_read_175_reg_44462     |   15|   0|   15|          0|
    |p_read_176_reg_44468     |   15|   0|   15|          0|
    |p_read_177_reg_44474     |   15|   0|   15|          0|
    |p_read_178_reg_44480     |   15|   0|   15|          0|
    |p_read_179_reg_44486     |   15|   0|   15|          0|
    |p_read_180_reg_44492     |   15|   0|   15|          0|
    |p_read_181_reg_44498     |   15|   0|   15|          0|
    |p_read_182_reg_44504     |   15|   0|   15|          0|
    |p_read_183_reg_44510     |   15|   0|   15|          0|
    |p_read_184_reg_44516     |   15|   0|   15|          0|
    |p_read_185_reg_44522     |   15|   0|   15|          0|
    |p_read_186_reg_44528     |   15|   0|   15|          0|
    |p_read_187_reg_44534     |   15|   0|   15|          0|
    |p_read_188_reg_44540     |   15|   0|   15|          0|
    |p_read_189_reg_44546     |   15|   0|   15|          0|
    |p_read_190_reg_44552     |   15|   0|   15|          0|
    |p_read_191_reg_44558     |   15|   0|   15|          0|
    |p_read_192_reg_44564     |   15|   0|   15|          0|
    |p_read_193_reg_44570     |   15|   0|   15|          0|
    |p_read_194_reg_44576     |   15|   0|   15|          0|
    |p_read_195_reg_44582     |   15|   0|   15|          0|
    |p_read_196_reg_44588     |   15|   0|   15|          0|
    |p_read_197_reg_44594     |   15|   0|   15|          0|
    |p_read_198_reg_44600     |   15|   0|   15|          0|
    |p_read_199_reg_44606     |   15|   0|   15|          0|
    |p_read_200_reg_44612     |   15|   0|   15|          0|
    |p_read_201_reg_44618     |   15|   0|   15|          0|
    |p_read_202_reg_44624     |   15|   0|   15|          0|
    |p_read_203_reg_44630     |   15|   0|   15|          0|
    |p_read_204_reg_44636     |   15|   0|   15|          0|
    |p_read_205_reg_44642     |   15|   0|   15|          0|
    |p_read_206_reg_44648     |   15|   0|   15|          0|
    |p_read_207_reg_44654     |   15|   0|   15|          0|
    |p_read_208_reg_44660     |   15|   0|   15|          0|
    |p_read_209_reg_44666     |   15|   0|   15|          0|
    |p_read_210_reg_44672     |   15|   0|   15|          0|
    |p_read_211_reg_44678     |   15|   0|   15|          0|
    |p_read_212_reg_44684     |   15|   0|   15|          0|
    |p_read_213_reg_44690     |   15|   0|   15|          0|
    |p_read_214_reg_44696     |   15|   0|   15|          0|
    |p_read_215_reg_44702     |   15|   0|   15|          0|
    |p_read_216_reg_44708     |   15|   0|   15|          0|
    |p_read_217_reg_44714     |   15|   0|   15|          0|
    |p_read_218_reg_44720     |   15|   0|   15|          0|
    |p_read_219_reg_44726     |   15|   0|   15|          0|
    |p_read_220_reg_44732     |   15|   0|   15|          0|
    |p_read_221_reg_44738     |   15|   0|   15|          0|
    |p_read_222_reg_44744     |   15|   0|   15|          0|
    |p_read_223_reg_44750     |   15|   0|   15|          0|
    |p_read_224_reg_44756     |   15|   0|   15|          0|
    |p_read_225_reg_44762     |   15|   0|   15|          0|
    |p_read_226_reg_44768     |   15|   0|   15|          0|
    |p_read_227_reg_44774     |   15|   0|   15|          0|
    |p_read_228_reg_44780     |   15|   0|   15|          0|
    |p_read_229_reg_44786     |   15|   0|   15|          0|
    |p_read_230_reg_44792     |   15|   0|   15|          0|
    |p_read_231_reg_44798     |   15|   0|   15|          0|
    |p_read_232_reg_44804     |   15|   0|   15|          0|
    |p_read_233_reg_44810     |   15|   0|   15|          0|
    |p_read_234_reg_44816     |   15|   0|   15|          0|
    |p_read_235_reg_44822     |   15|   0|   15|          0|
    |p_read_236_reg_44828     |   15|   0|   15|          0|
    |p_read_237_reg_44834     |   15|   0|   15|          0|
    |p_read_238_reg_44840     |   15|   0|   15|          0|
    |p_read_239_reg_44846     |   15|   0|   15|          0|
    |p_read_23_reg_43550      |   15|   0|   15|          0|
    |p_read_240_reg_44852     |   15|   0|   15|          0|
    |p_read_241_reg_44858     |   15|   0|   15|          0|
    |p_read_242_reg_44864     |   15|   0|   15|          0|
    |p_read_243_reg_44870     |   15|   0|   15|          0|
    |p_read_244_reg_44876     |   15|   0|   15|          0|
    |p_read_245_reg_44882     |   15|   0|   15|          0|
    |p_read_246_reg_44888     |   15|   0|   15|          0|
    |p_read_247_reg_44894     |   15|   0|   15|          0|
    |p_read_248_reg_44900     |   15|   0|   15|          0|
    |p_read_249_reg_44906     |   15|   0|   15|          0|
    |p_read_24_reg_43556      |   15|   0|   15|          0|
    |p_read_250_reg_44912     |   15|   0|   15|          0|
    |p_read_251_reg_44918     |   15|   0|   15|          0|
    |p_read_252_reg_44924     |   15|   0|   15|          0|
    |p_read_253_reg_44930     |   15|   0|   15|          0|
    |p_read_254_reg_44936     |   15|   0|   15|          0|
    |p_read_255_reg_44942     |   15|   0|   15|          0|
    |p_read_256_reg_44948     |   15|   0|   15|          0|
    |p_read_257_reg_44954     |   15|   0|   15|          0|
    |p_read_258_reg_44960     |   15|   0|   15|          0|
    |p_read_259_reg_44966     |   15|   0|   15|          0|
    |p_read_25_reg_43562      |   15|   0|   15|          0|
    |p_read_260_reg_44972     |   15|   0|   15|          0|
    |p_read_261_reg_44978     |   15|   0|   15|          0|
    |p_read_262_reg_44984     |   15|   0|   15|          0|
    |p_read_263_reg_44990     |   15|   0|   15|          0|
    |p_read_264_reg_44996     |   15|   0|   15|          0|
    |p_read_265_reg_45002     |   15|   0|   15|          0|
    |p_read_266_reg_45008     |   15|   0|   15|          0|
    |p_read_267_reg_45014     |   15|   0|   15|          0|
    |p_read_268_reg_45020     |   15|   0|   15|          0|
    |p_read_269_reg_45026     |   15|   0|   15|          0|
    |p_read_26_reg_43568      |   15|   0|   15|          0|
    |p_read_270_reg_45032     |   15|   0|   15|          0|
    |p_read_271_reg_45038     |   15|   0|   15|          0|
    |p_read_272_reg_45044     |   15|   0|   15|          0|
    |p_read_273_reg_45050     |   15|   0|   15|          0|
    |p_read_274_reg_45056     |   15|   0|   15|          0|
    |p_read_275_reg_45062     |   15|   0|   15|          0|
    |p_read_276_reg_45068     |   15|   0|   15|          0|
    |p_read_277_reg_45074     |   15|   0|   15|          0|
    |p_read_278_reg_45080     |   15|   0|   15|          0|
    |p_read_279_reg_45086     |   15|   0|   15|          0|
    |p_read_27_reg_43574      |   15|   0|   15|          0|
    |p_read_280_reg_45092     |   15|   0|   15|          0|
    |p_read_281_reg_45098     |   15|   0|   15|          0|
    |p_read_282_reg_45104     |   15|   0|   15|          0|
    |p_read_283_reg_45110     |   15|   0|   15|          0|
    |p_read_284_reg_45116     |   15|   0|   15|          0|
    |p_read_285_reg_45122     |   15|   0|   15|          0|
    |p_read_286_reg_45128     |   15|   0|   15|          0|
    |p_read_287_reg_45134     |   15|   0|   15|          0|
    |p_read_288_reg_45140     |   15|   0|   15|          0|
    |p_read_289_reg_45146     |   15|   0|   15|          0|
    |p_read_28_reg_43580      |   15|   0|   15|          0|
    |p_read_290_reg_45152     |   15|   0|   15|          0|
    |p_read_291_reg_45158     |   15|   0|   15|          0|
    |p_read_292_reg_45164     |   15|   0|   15|          0|
    |p_read_293_reg_45170     |   15|   0|   15|          0|
    |p_read_294_reg_45176     |   15|   0|   15|          0|
    |p_read_295_reg_45182     |   15|   0|   15|          0|
    |p_read_296_reg_45188     |   15|   0|   15|          0|
    |p_read_297_reg_45194     |   15|   0|   15|          0|
    |p_read_298_reg_45200     |   15|   0|   15|          0|
    |p_read_299_reg_45206     |   15|   0|   15|          0|
    |p_read_29_reg_43586      |   15|   0|   15|          0|
    |p_read_300_reg_45212     |   15|   0|   15|          0|
    |p_read_301_reg_45218     |   15|   0|   15|          0|
    |p_read_302_reg_45224     |   15|   0|   15|          0|
    |p_read_303_reg_45230     |   15|   0|   15|          0|
    |p_read_304_reg_45236     |   15|   0|   15|          0|
    |p_read_305_reg_45242     |   15|   0|   15|          0|
    |p_read_306_reg_45248     |   15|   0|   15|          0|
    |p_read_307_reg_45254     |   15|   0|   15|          0|
    |p_read_308_reg_45260     |   15|   0|   15|          0|
    |p_read_309_reg_45266     |   15|   0|   15|          0|
    |p_read_30_reg_43592      |   15|   0|   15|          0|
    |p_read_310_reg_45272     |   15|   0|   15|          0|
    |p_read_311_reg_45278     |   15|   0|   15|          0|
    |p_read_312_reg_45284     |   15|   0|   15|          0|
    |p_read_313_reg_45290     |   15|   0|   15|          0|
    |p_read_314_reg_45296     |   15|   0|   15|          0|
    |p_read_315_reg_45302     |   15|   0|   15|          0|
    |p_read_316_reg_45308     |   15|   0|   15|          0|
    |p_read_317_reg_45314     |   15|   0|   15|          0|
    |p_read_318_reg_45320     |   15|   0|   15|          0|
    |p_read_319_reg_45326     |   15|   0|   15|          0|
    |p_read_31_reg_43598      |   15|   0|   15|          0|
    |p_read_320_reg_45332     |   15|   0|   15|          0|
    |p_read_321_reg_45338     |   15|   0|   15|          0|
    |p_read_322_reg_45344     |   15|   0|   15|          0|
    |p_read_323_reg_45350     |   15|   0|   15|          0|
    |p_read_324_reg_45356     |   15|   0|   15|          0|
    |p_read_325_reg_45362     |   15|   0|   15|          0|
    |p_read_326_reg_45368     |   15|   0|   15|          0|
    |p_read_327_reg_45374     |   15|   0|   15|          0|
    |p_read_328_reg_45380     |   15|   0|   15|          0|
    |p_read_329_reg_45386     |   15|   0|   15|          0|
    |p_read_32_reg_43604      |   15|   0|   15|          0|
    |p_read_330_reg_45392     |   15|   0|   15|          0|
    |p_read_331_reg_45398     |   15|   0|   15|          0|
    |p_read_332_reg_45404     |   15|   0|   15|          0|
    |p_read_333_reg_45410     |   15|   0|   15|          0|
    |p_read_334_reg_45416     |   15|   0|   15|          0|
    |p_read_335_reg_45422     |   15|   0|   15|          0|
    |p_read_336_reg_45428     |   15|   0|   15|          0|
    |p_read_337_reg_45434     |   15|   0|   15|          0|
    |p_read_338_reg_45440     |   15|   0|   15|          0|
    |p_read_339_reg_45446     |   15|   0|   15|          0|
    |p_read_33_reg_43610      |   15|   0|   15|          0|
    |p_read_340_reg_45452     |   15|   0|   15|          0|
    |p_read_341_reg_45458     |   15|   0|   15|          0|
    |p_read_342_reg_45464     |   15|   0|   15|          0|
    |p_read_343_reg_45470     |   15|   0|   15|          0|
    |p_read_344_reg_45476     |   15|   0|   15|          0|
    |p_read_345_reg_45482     |   15|   0|   15|          0|
    |p_read_346_reg_45488     |   15|   0|   15|          0|
    |p_read_347_reg_45494     |   15|   0|   15|          0|
    |p_read_348_reg_45500     |   15|   0|   15|          0|
    |p_read_349_reg_45506     |   15|   0|   15|          0|
    |p_read_34_reg_43616      |   15|   0|   15|          0|
    |p_read_350_reg_45512     |   15|   0|   15|          0|
    |p_read_351_reg_45518     |   15|   0|   15|          0|
    |p_read_352_reg_45524     |   15|   0|   15|          0|
    |p_read_353_reg_45530     |   15|   0|   15|          0|
    |p_read_354_reg_45536     |   15|   0|   15|          0|
    |p_read_355_reg_45542     |   15|   0|   15|          0|
    |p_read_356_reg_45548     |   15|   0|   15|          0|
    |p_read_357_reg_45554     |   15|   0|   15|          0|
    |p_read_358_reg_45560     |   15|   0|   15|          0|
    |p_read_359_reg_45566     |   15|   0|   15|          0|
    |p_read_35_reg_43622      |   15|   0|   15|          0|
    |p_read_360_reg_45572     |   15|   0|   15|          0|
    |p_read_361_reg_45578     |   15|   0|   15|          0|
    |p_read_362_reg_45584     |   15|   0|   15|          0|
    |p_read_363_reg_45590     |   15|   0|   15|          0|
    |p_read_364_reg_45596     |   15|   0|   15|          0|
    |p_read_365_reg_45602     |   15|   0|   15|          0|
    |p_read_366_reg_45608     |   15|   0|   15|          0|
    |p_read_367_reg_45614     |   15|   0|   15|          0|
    |p_read_368_reg_45620     |   15|   0|   15|          0|
    |p_read_369_reg_45626     |   15|   0|   15|          0|
    |p_read_36_reg_43628      |   15|   0|   15|          0|
    |p_read_370_reg_45632     |   15|   0|   15|          0|
    |p_read_371_reg_45638     |   15|   0|   15|          0|
    |p_read_372_reg_45644     |   15|   0|   15|          0|
    |p_read_373_reg_45650     |   15|   0|   15|          0|
    |p_read_374_reg_45656     |   15|   0|   15|          0|
    |p_read_375_reg_45662     |   15|   0|   15|          0|
    |p_read_376_reg_45668     |   15|   0|   15|          0|
    |p_read_377_reg_45674     |   15|   0|   15|          0|
    |p_read_378_reg_45680     |   15|   0|   15|          0|
    |p_read_379_reg_45686     |   15|   0|   15|          0|
    |p_read_37_reg_43634      |   15|   0|   15|          0|
    |p_read_380_reg_45692     |   15|   0|   15|          0|
    |p_read_381_reg_45698     |   15|   0|   15|          0|
    |p_read_382_reg_45704     |   15|   0|   15|          0|
    |p_read_383_reg_45710     |   15|   0|   15|          0|
    |p_read_384_reg_45716     |   15|   0|   15|          0|
    |p_read_385_reg_45722     |   15|   0|   15|          0|
    |p_read_386_reg_45728     |   15|   0|   15|          0|
    |p_read_387_reg_45734     |   15|   0|   15|          0|
    |p_read_388_reg_45740     |   15|   0|   15|          0|
    |p_read_389_reg_45746     |   15|   0|   15|          0|
    |p_read_38_reg_43640      |   15|   0|   15|          0|
    |p_read_390_reg_45752     |   15|   0|   15|          0|
    |p_read_391_reg_45758     |   15|   0|   15|          0|
    |p_read_392_reg_45764     |   15|   0|   15|          0|
    |p_read_393_reg_45770     |   15|   0|   15|          0|
    |p_read_394_reg_45776     |   15|   0|   15|          0|
    |p_read_395_reg_45782     |   15|   0|   15|          0|
    |p_read_396_reg_45788     |   15|   0|   15|          0|
    |p_read_397_reg_45794     |   15|   0|   15|          0|
    |p_read_398_reg_45800     |   15|   0|   15|          0|
    |p_read_399_reg_45806     |   15|   0|   15|          0|
    |p_read_39_reg_43646      |   15|   0|   15|          0|
    |p_read_400_reg_45812     |   15|   0|   15|          0|
    |p_read_401_reg_45818     |   15|   0|   15|          0|
    |p_read_402_reg_45824     |   15|   0|   15|          0|
    |p_read_403_reg_45830     |   15|   0|   15|          0|
    |p_read_404_reg_45836     |   15|   0|   15|          0|
    |p_read_405_reg_45842     |   15|   0|   15|          0|
    |p_read_406_reg_45848     |   15|   0|   15|          0|
    |p_read_407_reg_45854     |   15|   0|   15|          0|
    |p_read_408_reg_45860     |   15|   0|   15|          0|
    |p_read_409_reg_45866     |   15|   0|   15|          0|
    |p_read_40_reg_43652      |   15|   0|   15|          0|
    |p_read_410_reg_45872     |   15|   0|   15|          0|
    |p_read_411_reg_45878     |   15|   0|   15|          0|
    |p_read_412_reg_45884     |   15|   0|   15|          0|
    |p_read_413_reg_45890     |   15|   0|   15|          0|
    |p_read_414_reg_45896     |   15|   0|   15|          0|
    |p_read_415_reg_45902     |   15|   0|   15|          0|
    |p_read_416_reg_45908     |   15|   0|   15|          0|
    |p_read_417_reg_45914     |   15|   0|   15|          0|
    |p_read_418_reg_45920     |   15|   0|   15|          0|
    |p_read_419_reg_45926     |   15|   0|   15|          0|
    |p_read_41_reg_43658      |   15|   0|   15|          0|
    |p_read_420_reg_45932     |   15|   0|   15|          0|
    |p_read_421_reg_45938     |   15|   0|   15|          0|
    |p_read_422_reg_45944     |   15|   0|   15|          0|
    |p_read_423_reg_45950     |   15|   0|   15|          0|
    |p_read_424_reg_45956     |   15|   0|   15|          0|
    |p_read_425_reg_45962     |   15|   0|   15|          0|
    |p_read_426_reg_45968     |   15|   0|   15|          0|
    |p_read_427_reg_45974     |   15|   0|   15|          0|
    |p_read_428_reg_45980     |   15|   0|   15|          0|
    |p_read_429_reg_45986     |   15|   0|   15|          0|
    |p_read_42_reg_43664      |   15|   0|   15|          0|
    |p_read_430_reg_45992     |   15|   0|   15|          0|
    |p_read_431_reg_45998     |   15|   0|   15|          0|
    |p_read_432_reg_46004     |   15|   0|   15|          0|
    |p_read_433_reg_46010     |   15|   0|   15|          0|
    |p_read_434_reg_46016     |   15|   0|   15|          0|
    |p_read_435_reg_46022     |   15|   0|   15|          0|
    |p_read_436_reg_46028     |   15|   0|   15|          0|
    |p_read_437_reg_46034     |   15|   0|   15|          0|
    |p_read_438_reg_46040     |   15|   0|   15|          0|
    |p_read_439_reg_46046     |   15|   0|   15|          0|
    |p_read_43_reg_43670      |   15|   0|   15|          0|
    |p_read_440_reg_46052     |   15|   0|   15|          0|
    |p_read_441_reg_46058     |   15|   0|   15|          0|
    |p_read_442_reg_46064     |   15|   0|   15|          0|
    |p_read_443_reg_46070     |   15|   0|   15|          0|
    |p_read_444_reg_46076     |   15|   0|   15|          0|
    |p_read_445_reg_46082     |   15|   0|   15|          0|
    |p_read_446_reg_46088     |   15|   0|   15|          0|
    |p_read_447_reg_46094     |   15|   0|   15|          0|
    |p_read_448_reg_46100     |   15|   0|   15|          0|
    |p_read_449_reg_46106     |   15|   0|   15|          0|
    |p_read_44_reg_43676      |   15|   0|   15|          0|
    |p_read_450_reg_46112     |   15|   0|   15|          0|
    |p_read_451_reg_46118     |   15|   0|   15|          0|
    |p_read_452_reg_46124     |   15|   0|   15|          0|
    |p_read_453_reg_46130     |   15|   0|   15|          0|
    |p_read_454_reg_46136     |   15|   0|   15|          0|
    |p_read_455_reg_46142     |   15|   0|   15|          0|
    |p_read_456_reg_46148     |   15|   0|   15|          0|
    |p_read_457_reg_46154     |   15|   0|   15|          0|
    |p_read_458_reg_46160     |   15|   0|   15|          0|
    |p_read_459_reg_46166     |   15|   0|   15|          0|
    |p_read_45_reg_43682      |   15|   0|   15|          0|
    |p_read_460_reg_46172     |   15|   0|   15|          0|
    |p_read_461_reg_46178     |   15|   0|   15|          0|
    |p_read_462_reg_46184     |   15|   0|   15|          0|
    |p_read_463_reg_46190     |   15|   0|   15|          0|
    |p_read_464_reg_46196     |   15|   0|   15|          0|
    |p_read_465_reg_46202     |   15|   0|   15|          0|
    |p_read_466_reg_46208     |   15|   0|   15|          0|
    |p_read_467_reg_46214     |   15|   0|   15|          0|
    |p_read_468_reg_46220     |   15|   0|   15|          0|
    |p_read_469_reg_46226     |   15|   0|   15|          0|
    |p_read_46_reg_43688      |   15|   0|   15|          0|
    |p_read_470_reg_46232     |   15|   0|   15|          0|
    |p_read_471_reg_46238     |   15|   0|   15|          0|
    |p_read_472_reg_46244     |   15|   0|   15|          0|
    |p_read_473_reg_46250     |   15|   0|   15|          0|
    |p_read_474_reg_46256     |   15|   0|   15|          0|
    |p_read_475_reg_46262     |   15|   0|   15|          0|
    |p_read_476_reg_46268     |   15|   0|   15|          0|
    |p_read_477_reg_46274     |   15|   0|   15|          0|
    |p_read_478_reg_46280     |   15|   0|   15|          0|
    |p_read_479_reg_46286     |   15|   0|   15|          0|
    |p_read_47_reg_43694      |   15|   0|   15|          0|
    |p_read_480_reg_46292     |   15|   0|   15|          0|
    |p_read_481_reg_46298     |   15|   0|   15|          0|
    |p_read_482_reg_46304     |   15|   0|   15|          0|
    |p_read_483_reg_46310     |   15|   0|   15|          0|
    |p_read_484_reg_46316     |   15|   0|   15|          0|
    |p_read_485_reg_46322     |   15|   0|   15|          0|
    |p_read_486_reg_46328     |   15|   0|   15|          0|
    |p_read_487_reg_46334     |   15|   0|   15|          0|
    |p_read_488_reg_46340     |   15|   0|   15|          0|
    |p_read_489_reg_46346     |   15|   0|   15|          0|
    |p_read_48_reg_43700      |   15|   0|   15|          0|
    |p_read_490_reg_46352     |   15|   0|   15|          0|
    |p_read_491_reg_46358     |   15|   0|   15|          0|
    |p_read_492_reg_46364     |   15|   0|   15|          0|
    |p_read_493_reg_46370     |   15|   0|   15|          0|
    |p_read_494_reg_46376     |   15|   0|   15|          0|
    |p_read_495_reg_46382     |   15|   0|   15|          0|
    |p_read_496_reg_46388     |   15|   0|   15|          0|
    |p_read_497_reg_46394     |   15|   0|   15|          0|
    |p_read_498_reg_46400     |   15|   0|   15|          0|
    |p_read_499_reg_46406     |   15|   0|   15|          0|
    |p_read_49_reg_43706      |   15|   0|   15|          0|
    |p_read_500_reg_46412     |   15|   0|   15|          0|
    |p_read_501_reg_46418     |   15|   0|   15|          0|
    |p_read_502_reg_46424     |   15|   0|   15|          0|
    |p_read_503_reg_46430     |   15|   0|   15|          0|
    |p_read_504_reg_46436     |   15|   0|   15|          0|
    |p_read_505_reg_46442     |   15|   0|   15|          0|
    |p_read_506_reg_46448     |   15|   0|   15|          0|
    |p_read_507_reg_46454     |   15|   0|   15|          0|
    |p_read_508_reg_46460     |   15|   0|   15|          0|
    |p_read_509_reg_46466     |   15|   0|   15|          0|
    |p_read_50_reg_43712      |   15|   0|   15|          0|
    |p_read_510_reg_46472     |   15|   0|   15|          0|
    |p_read_511_reg_46478     |   15|   0|   15|          0|
    |p_read_512_reg_46484     |   15|   0|   15|          0|
    |p_read_513_reg_46490     |   15|   0|   15|          0|
    |p_read_514_reg_46496     |   15|   0|   15|          0|
    |p_read_515_reg_46502     |   15|   0|   15|          0|
    |p_read_516_reg_46508     |   15|   0|   15|          0|
    |p_read_517_reg_46514     |   15|   0|   15|          0|
    |p_read_518_reg_46520     |   15|   0|   15|          0|
    |p_read_519_reg_46526     |   15|   0|   15|          0|
    |p_read_51_reg_43718      |   15|   0|   15|          0|
    |p_read_520_reg_46532     |   15|   0|   15|          0|
    |p_read_521_reg_46538     |   15|   0|   15|          0|
    |p_read_522_reg_46544     |   15|   0|   15|          0|
    |p_read_523_reg_46550     |   15|   0|   15|          0|
    |p_read_524_reg_46556     |   15|   0|   15|          0|
    |p_read_525_reg_46562     |   15|   0|   15|          0|
    |p_read_526_reg_46568     |   15|   0|   15|          0|
    |p_read_527_reg_46574     |   15|   0|   15|          0|
    |p_read_528_reg_46580     |   15|   0|   15|          0|
    |p_read_529_reg_46586     |   15|   0|   15|          0|
    |p_read_52_reg_43724      |   15|   0|   15|          0|
    |p_read_530_reg_46592     |   15|   0|   15|          0|
    |p_read_531_reg_46598     |   15|   0|   15|          0|
    |p_read_532_reg_46604     |   15|   0|   15|          0|
    |p_read_533_reg_46610     |   15|   0|   15|          0|
    |p_read_534_reg_46616     |   15|   0|   15|          0|
    |p_read_53_reg_43730      |   15|   0|   15|          0|
    |p_read_54_reg_43736      |   15|   0|   15|          0|
    |p_read_55_reg_43742      |   15|   0|   15|          0|
    |p_read_56_reg_43748      |   15|   0|   15|          0|
    |p_read_57_reg_43754      |   15|   0|   15|          0|
    |p_read_58_reg_43760      |   15|   0|   15|          0|
    |p_read_59_reg_43766      |   15|   0|   15|          0|
    |p_read_60_reg_43772      |   15|   0|   15|          0|
    |p_read_61_reg_43778      |   15|   0|   15|          0|
    |p_read_62_reg_43784      |   15|   0|   15|          0|
    |p_read_63_reg_43790      |   15|   0|   15|          0|
    |p_read_64_reg_43796      |   15|   0|   15|          0|
    |p_read_65_reg_43802      |   15|   0|   15|          0|
    |p_read_66_reg_43808      |   15|   0|   15|          0|
    |p_read_67_reg_43814      |   15|   0|   15|          0|
    |p_read_68_reg_43820      |   15|   0|   15|          0|
    |p_read_69_reg_43826      |   15|   0|   15|          0|
    |p_read_70_reg_43832      |   15|   0|   15|          0|
    |p_read_71_reg_43838      |   15|   0|   15|          0|
    |p_read_72_reg_43844      |   15|   0|   15|          0|
    |p_read_73_reg_43850      |   15|   0|   15|          0|
    |p_read_74_reg_43856      |   15|   0|   15|          0|
    |p_read_75_reg_43862      |   15|   0|   15|          0|
    |p_read_76_reg_43868      |   15|   0|   15|          0|
    |p_read_77_reg_43874      |   15|   0|   15|          0|
    |p_read_78_reg_43880      |   15|   0|   15|          0|
    |p_read_79_reg_43886      |   15|   0|   15|          0|
    |p_read_80_reg_43892      |   15|   0|   15|          0|
    |p_read_81_reg_43898      |   15|   0|   15|          0|
    |p_read_82_reg_43904      |   15|   0|   15|          0|
    |p_read_83_reg_43910      |   15|   0|   15|          0|
    |p_read_84_reg_43916      |   15|   0|   15|          0|
    |p_read_85_reg_43922      |   15|   0|   15|          0|
    |p_read_86_reg_43928      |   15|   0|   15|          0|
    |p_read_87_reg_43934      |   15|   0|   15|          0|
    |p_read_88_reg_43940      |   15|   0|   15|          0|
    |p_read_89_reg_43946      |   15|   0|   15|          0|
    |p_read_90_reg_43952      |   15|   0|   15|          0|
    |p_read_91_reg_43958      |   15|   0|   15|          0|
    |p_read_92_reg_43964      |   15|   0|   15|          0|
    |p_read_93_reg_43970      |   15|   0|   15|          0|
    |p_read_94_reg_43976      |   15|   0|   15|          0|
    |p_read_95_reg_43982      |   15|   0|   15|          0|
    |p_read_96_reg_43988      |   15|   0|   15|          0|
    |p_read_97_reg_43994      |   15|   0|   15|          0|
    |p_read_98_reg_44000      |   15|   0|   15|          0|
    |p_read_99_reg_44006      |   15|   0|   15|          0|
    |tmp_1000_reg_49691       |    1|   0|    1|          0|
    |tmp_1001_reg_49702       |    1|   0|    1|          0|
    |tmp_1002_reg_49713       |    1|   0|    1|          0|
    |tmp_1003_reg_49724       |    1|   0|    1|          0|
    |tmp_1004_reg_49735       |    1|   0|    1|          0|
    |tmp_1005_reg_49746       |    1|   0|    1|          0|
    |tmp_1006_reg_49757       |    1|   0|    1|          0|
    |tmp_1007_reg_49768       |    1|   0|    1|          0|
    |tmp_1008_reg_49779       |    1|   0|    1|          0|
    |tmp_1009_reg_49790       |    1|   0|    1|          0|
    |tmp_1010_reg_49801       |    1|   0|    1|          0|
    |tmp_1011_reg_49812       |    1|   0|    1|          0|
    |tmp_1012_reg_49823       |    1|   0|    1|          0|
    |tmp_1013_reg_49834       |    1|   0|    1|          0|
    |tmp_1014_reg_49845       |    1|   0|    1|          0|
    |tmp_1015_reg_49856       |    1|   0|    1|          0|
    |tmp_1016_reg_49867       |    1|   0|    1|          0|
    |tmp_1017_reg_49878       |    1|   0|    1|          0|
    |tmp_1018_reg_49889       |    1|   0|    1|          0|
    |tmp_1019_reg_49900       |    1|   0|    1|          0|
    |tmp_1020_reg_49911       |    1|   0|    1|          0|
    |tmp_1021_reg_49922       |    1|   0|    1|          0|
    |tmp_1022_reg_49933       |    1|   0|    1|          0|
    |tmp_1023_reg_49944       |    1|   0|    1|          0|
    |tmp_1024_reg_49955       |    1|   0|    1|          0|
    |tmp_1025_reg_49966       |    1|   0|    1|          0|
    |tmp_1026_reg_49977       |    1|   0|    1|          0|
    |tmp_1027_reg_49988       |    1|   0|    1|          0|
    |tmp_1028_reg_49999       |    1|   0|    1|          0|
    |tmp_1029_reg_50010       |    1|   0|    1|          0|
    |tmp_1030_reg_50021       |    1|   0|    1|          0|
    |tmp_1031_reg_50032       |    1|   0|    1|          0|
    |tmp_1032_reg_50043       |    1|   0|    1|          0|
    |tmp_1033_reg_50054       |    1|   0|    1|          0|
    |tmp_1034_reg_50065       |    1|   0|    1|          0|
    |tmp_1035_reg_50076       |    1|   0|    1|          0|
    |tmp_1036_reg_50087       |    1|   0|    1|          0|
    |tmp_1037_reg_50098       |    1|   0|    1|          0|
    |tmp_1038_reg_50109       |    1|   0|    1|          0|
    |tmp_1039_reg_50120       |    1|   0|    1|          0|
    |tmp_1040_reg_50131       |    1|   0|    1|          0|
    |tmp_1041_reg_50142       |    1|   0|    1|          0|
    |tmp_1042_reg_50153       |    1|   0|    1|          0|
    |tmp_1043_reg_50164       |    1|   0|    1|          0|
    |tmp_1044_reg_50175       |    1|   0|    1|          0|
    |tmp_1045_reg_50186       |    1|   0|    1|          0|
    |tmp_1046_reg_50197       |    1|   0|    1|          0|
    |tmp_1047_reg_50208       |    1|   0|    1|          0|
    |tmp_1048_reg_50219       |    1|   0|    1|          0|
    |tmp_1049_reg_50230       |    1|   0|    1|          0|
    |tmp_1050_reg_50241       |    1|   0|    1|          0|
    |tmp_1051_reg_50252       |    1|   0|    1|          0|
    |tmp_1052_reg_50263       |    1|   0|    1|          0|
    |tmp_1053_reg_50274       |    1|   0|    1|          0|
    |tmp_1054_reg_50285       |    1|   0|    1|          0|
    |tmp_1055_reg_50296       |    1|   0|    1|          0|
    |tmp_1056_reg_50307       |    1|   0|    1|          0|
    |tmp_1057_reg_50318       |    1|   0|    1|          0|
    |tmp_1058_reg_50329       |    1|   0|    1|          0|
    |tmp_1059_reg_50340       |    1|   0|    1|          0|
    |tmp_1060_reg_50351       |    1|   0|    1|          0|
    |tmp_1061_reg_50362       |    1|   0|    1|          0|
    |tmp_1062_reg_50373       |    1|   0|    1|          0|
    |tmp_1063_reg_50384       |    1|   0|    1|          0|
    |tmp_1064_reg_50395       |    1|   0|    1|          0|
    |tmp_1065_reg_50406       |    1|   0|    1|          0|
    |tmp_1066_reg_50417       |    1|   0|    1|          0|
    |tmp_1067_reg_50428       |    1|   0|    1|          0|
    |tmp_1068_reg_50439       |    1|   0|    1|          0|
    |tmp_1069_reg_50450       |    1|   0|    1|          0|
    |tmp_1070_reg_50461       |    1|   0|    1|          0|
    |tmp_1071_reg_50472       |    1|   0|    1|          0|
    |tmp_1072_reg_50483       |    1|   0|    1|          0|
    |tmp_1073_reg_50494       |    1|   0|    1|          0|
    |tmp_1074_reg_50505       |    1|   0|    1|          0|
    |tmp_1075_reg_50516       |    1|   0|    1|          0|
    |tmp_1076_reg_50527       |    1|   0|    1|          0|
    |tmp_1077_reg_50538       |    1|   0|    1|          0|
    |tmp_1078_reg_50549       |    1|   0|    1|          0|
    |tmp_1079_reg_50560       |    1|   0|    1|          0|
    |tmp_1080_reg_50571       |    1|   0|    1|          0|
    |tmp_1081_reg_50582       |    1|   0|    1|          0|
    |tmp_1082_reg_50593       |    1|   0|    1|          0|
    |tmp_1083_reg_50604       |    1|   0|    1|          0|
    |tmp_1084_reg_50615       |    1|   0|    1|          0|
    |tmp_1085_reg_50626       |    1|   0|    1|          0|
    |tmp_1086_reg_50637       |    1|   0|    1|          0|
    |tmp_1087_reg_50648       |    1|   0|    1|          0|
    |tmp_1088_reg_50659       |    1|   0|    1|          0|
    |tmp_1089_reg_50670       |    1|   0|    1|          0|
    |tmp_1090_reg_50681       |    1|   0|    1|          0|
    |tmp_1091_reg_50692       |    1|   0|    1|          0|
    |tmp_1092_reg_50703       |    1|   0|    1|          0|
    |tmp_1093_reg_50714       |    1|   0|    1|          0|
    |tmp_1094_reg_50725       |    1|   0|    1|          0|
    |tmp_1095_reg_50736       |    1|   0|    1|          0|
    |tmp_1096_reg_50747       |    1|   0|    1|          0|
    |tmp_1097_reg_50758       |    1|   0|    1|          0|
    |tmp_1098_reg_50769       |    1|   0|    1|          0|
    |tmp_1099_reg_50780       |    1|   0|    1|          0|
    |tmp_1100_reg_50791       |    1|   0|    1|          0|
    |tmp_1101_reg_50802       |    1|   0|    1|          0|
    |tmp_1102_reg_50813       |    1|   0|    1|          0|
    |tmp_1103_reg_50824       |    1|   0|    1|          0|
    |tmp_1104_reg_50835       |    1|   0|    1|          0|
    |tmp_1105_reg_50846       |    1|   0|    1|          0|
    |tmp_1106_reg_50857       |    1|   0|    1|          0|
    |tmp_1107_reg_50868       |    1|   0|    1|          0|
    |tmp_1108_reg_50879       |    1|   0|    1|          0|
    |tmp_1109_reg_50890       |    1|   0|    1|          0|
    |tmp_1110_reg_50901       |    1|   0|    1|          0|
    |tmp_1111_reg_50912       |    1|   0|    1|          0|
    |tmp_1112_reg_50923       |    1|   0|    1|          0|
    |tmp_1113_reg_50934       |    1|   0|    1|          0|
    |tmp_1114_reg_50945       |    1|   0|    1|          0|
    |tmp_1115_reg_50956       |    1|   0|    1|          0|
    |tmp_1116_reg_50967       |    1|   0|    1|          0|
    |tmp_1117_reg_50978       |    1|   0|    1|          0|
    |tmp_1118_reg_50989       |    1|   0|    1|          0|
    |tmp_1119_reg_51000       |    1|   0|    1|          0|
    |tmp_1120_reg_51011       |    1|   0|    1|          0|
    |tmp_1121_reg_51022       |    1|   0|    1|          0|
    |tmp_1122_reg_51033       |    1|   0|    1|          0|
    |tmp_1123_reg_51044       |    1|   0|    1|          0|
    |tmp_1124_reg_51055       |    1|   0|    1|          0|
    |tmp_1125_reg_51066       |    1|   0|    1|          0|
    |tmp_1126_reg_51077       |    1|   0|    1|          0|
    |tmp_1127_reg_51088       |    1|   0|    1|          0|
    |tmp_1128_reg_51099       |    1|   0|    1|          0|
    |tmp_1129_reg_51110       |    1|   0|    1|          0|
    |tmp_1130_reg_51121       |    1|   0|    1|          0|
    |tmp_1131_reg_51132       |    1|   0|    1|          0|
    |tmp_1132_reg_51143       |    1|   0|    1|          0|
    |tmp_1133_reg_51154       |    1|   0|    1|          0|
    |tmp_1134_reg_51165       |    1|   0|    1|          0|
    |tmp_1135_reg_51176       |    1|   0|    1|          0|
    |tmp_1136_reg_51187       |    1|   0|    1|          0|
    |tmp_1137_reg_51198       |    1|   0|    1|          0|
    |tmp_1138_reg_51209       |    1|   0|    1|          0|
    |tmp_1139_reg_51220       |    1|   0|    1|          0|
    |tmp_1140_reg_51231       |    1|   0|    1|          0|
    |tmp_1141_reg_51242       |    1|   0|    1|          0|
    |tmp_1142_reg_51253       |    1|   0|    1|          0|
    |tmp_1143_reg_51264       |    1|   0|    1|          0|
    |tmp_1144_reg_51275       |    1|   0|    1|          0|
    |tmp_1145_reg_51286       |    1|   0|    1|          0|
    |tmp_1146_reg_51297       |    1|   0|    1|          0|
    |tmp_1147_reg_51308       |    1|   0|    1|          0|
    |tmp_1148_reg_51319       |    1|   0|    1|          0|
    |tmp_1149_reg_51330       |    1|   0|    1|          0|
    |tmp_1150_reg_51341       |    1|   0|    1|          0|
    |tmp_1151_reg_51352       |    1|   0|    1|          0|
    |tmp_1152_reg_51363       |    1|   0|    1|          0|
    |tmp_1153_reg_51374       |    1|   0|    1|          0|
    |tmp_1154_reg_51385       |    1|   0|    1|          0|
    |tmp_1155_reg_51396       |    1|   0|    1|          0|
    |tmp_1156_reg_51407       |    1|   0|    1|          0|
    |tmp_1157_reg_51418       |    1|   0|    1|          0|
    |tmp_1158_reg_51429       |    1|   0|    1|          0|
    |tmp_1159_reg_51440       |    1|   0|    1|          0|
    |tmp_1160_reg_51451       |    1|   0|    1|          0|
    |tmp_1161_reg_51462       |    1|   0|    1|          0|
    |tmp_1162_reg_51473       |    1|   0|    1|          0|
    |tmp_1163_reg_51484       |    1|   0|    1|          0|
    |tmp_1164_reg_51495       |    1|   0|    1|          0|
    |tmp_1165_reg_51506       |    1|   0|    1|          0|
    |tmp_1166_reg_51517       |    1|   0|    1|          0|
    |tmp_1167_reg_51528       |    1|   0|    1|          0|
    |tmp_1168_reg_51539       |    1|   0|    1|          0|
    |tmp_1169_reg_51550       |    1|   0|    1|          0|
    |tmp_1170_reg_51561       |    1|   0|    1|          0|
    |tmp_1171_reg_51572       |    1|   0|    1|          0|
    |tmp_1172_reg_51583       |    1|   0|    1|          0|
    |tmp_1173_reg_51594       |    1|   0|    1|          0|
    |tmp_1174_reg_51605       |    1|   0|    1|          0|
    |tmp_1175_reg_51616       |    1|   0|    1|          0|
    |tmp_1176_reg_51627       |    1|   0|    1|          0|
    |tmp_1177_reg_51638       |    1|   0|    1|          0|
    |tmp_1178_reg_51649       |    1|   0|    1|          0|
    |tmp_1179_reg_51660       |    1|   0|    1|          0|
    |tmp_1180_reg_51671       |    1|   0|    1|          0|
    |tmp_1181_reg_51682       |    1|   0|    1|          0|
    |tmp_1182_reg_51693       |    1|   0|    1|          0|
    |tmp_1183_reg_51704       |    1|   0|    1|          0|
    |tmp_1184_reg_51715       |    1|   0|    1|          0|
    |tmp_1185_reg_51726       |    1|   0|    1|          0|
    |tmp_1186_reg_51737       |    1|   0|    1|          0|
    |tmp_1187_reg_51748       |    1|   0|    1|          0|
    |tmp_1188_reg_51759       |    1|   0|    1|          0|
    |tmp_1189_reg_51770       |    1|   0|    1|          0|
    |tmp_1190_reg_51781       |    1|   0|    1|          0|
    |tmp_1191_reg_51792       |    1|   0|    1|          0|
    |tmp_1192_reg_51803       |    1|   0|    1|          0|
    |tmp_1193_reg_51814       |    1|   0|    1|          0|
    |tmp_1194_reg_51825       |    1|   0|    1|          0|
    |tmp_1195_reg_51836       |    1|   0|    1|          0|
    |tmp_1196_reg_51847       |    1|   0|    1|          0|
    |tmp_1197_reg_51858       |    1|   0|    1|          0|
    |tmp_1198_reg_51869       |    1|   0|    1|          0|
    |tmp_1199_reg_51880       |    1|   0|    1|          0|
    |tmp_1200_reg_51891       |    1|   0|    1|          0|
    |tmp_1201_reg_51902       |    1|   0|    1|          0|
    |tmp_1202_reg_51913       |    1|   0|    1|          0|
    |tmp_1203_reg_51924       |    1|   0|    1|          0|
    |tmp_1204_reg_51935       |    1|   0|    1|          0|
    |tmp_1205_reg_51946       |    1|   0|    1|          0|
    |tmp_1206_reg_51957       |    1|   0|    1|          0|
    |tmp_1207_reg_51968       |    1|   0|    1|          0|
    |tmp_1208_reg_51979       |    1|   0|    1|          0|
    |tmp_1209_reg_51990       |    1|   0|    1|          0|
    |tmp_1210_reg_52001       |    1|   0|    1|          0|
    |tmp_1211_reg_52012       |    1|   0|    1|          0|
    |tmp_1212_reg_52023       |    1|   0|    1|          0|
    |tmp_1213_reg_52034       |    1|   0|    1|          0|
    |tmp_1214_reg_52045       |    1|   0|    1|          0|
    |tmp_1215_reg_52056       |    1|   0|    1|          0|
    |tmp_1216_reg_52067       |    1|   0|    1|          0|
    |tmp_1217_reg_52078       |    1|   0|    1|          0|
    |tmp_1218_reg_52089       |    1|   0|    1|          0|
    |tmp_1219_reg_52100       |    1|   0|    1|          0|
    |tmp_1220_reg_52111       |    1|   0|    1|          0|
    |tmp_1221_reg_52122       |    1|   0|    1|          0|
    |tmp_1222_reg_52133       |    1|   0|    1|          0|
    |tmp_1223_reg_52144       |    1|   0|    1|          0|
    |tmp_1224_reg_52155       |    1|   0|    1|          0|
    |tmp_1225_reg_52166       |    1|   0|    1|          0|
    |tmp_1226_reg_52177       |    1|   0|    1|          0|
    |tmp_1227_reg_52188       |    1|   0|    1|          0|
    |tmp_1228_reg_52199       |    1|   0|    1|          0|
    |tmp_1229_reg_52210       |    1|   0|    1|          0|
    |tmp_1230_reg_52221       |    1|   0|    1|          0|
    |tmp_1231_reg_52232       |    1|   0|    1|          0|
    |tmp_1232_reg_52243       |    1|   0|    1|          0|
    |tmp_721_reg_46622        |    1|   0|    1|          0|
    |tmp_722_reg_46633        |    1|   0|    1|          0|
    |tmp_723_reg_46644        |    1|   0|    1|          0|
    |tmp_724_reg_46655        |    1|   0|    1|          0|
    |tmp_725_reg_46666        |    1|   0|    1|          0|
    |tmp_726_reg_46677        |    1|   0|    1|          0|
    |tmp_727_reg_46688        |    1|   0|    1|          0|
    |tmp_728_reg_46699        |    1|   0|    1|          0|
    |tmp_729_reg_46710        |    1|   0|    1|          0|
    |tmp_730_reg_46721        |    1|   0|    1|          0|
    |tmp_731_reg_46732        |    1|   0|    1|          0|
    |tmp_732_reg_46743        |    1|   0|    1|          0|
    |tmp_733_reg_46754        |    1|   0|    1|          0|
    |tmp_734_reg_46765        |    1|   0|    1|          0|
    |tmp_735_reg_46776        |    1|   0|    1|          0|
    |tmp_736_reg_46787        |    1|   0|    1|          0|
    |tmp_737_reg_46798        |    1|   0|    1|          0|
    |tmp_738_reg_46809        |    1|   0|    1|          0|
    |tmp_739_reg_46820        |    1|   0|    1|          0|
    |tmp_740_reg_46831        |    1|   0|    1|          0|
    |tmp_741_reg_46842        |    1|   0|    1|          0|
    |tmp_742_reg_46853        |    1|   0|    1|          0|
    |tmp_743_reg_46864        |    1|   0|    1|          0|
    |tmp_744_reg_46875        |    1|   0|    1|          0|
    |tmp_745_reg_46886        |    1|   0|    1|          0|
    |tmp_746_reg_46897        |    1|   0|    1|          0|
    |tmp_747_reg_46908        |    1|   0|    1|          0|
    |tmp_748_reg_46919        |    1|   0|    1|          0|
    |tmp_749_reg_46930        |    1|   0|    1|          0|
    |tmp_750_reg_46941        |    1|   0|    1|          0|
    |tmp_751_reg_46952        |    1|   0|    1|          0|
    |tmp_752_reg_46963        |    1|   0|    1|          0|
    |tmp_753_reg_46974        |    1|   0|    1|          0|
    |tmp_754_reg_46985        |    1|   0|    1|          0|
    |tmp_755_reg_46996        |    1|   0|    1|          0|
    |tmp_756_reg_47007        |    1|   0|    1|          0|
    |tmp_757_reg_47018        |    1|   0|    1|          0|
    |tmp_758_reg_47029        |    1|   0|    1|          0|
    |tmp_759_reg_47040        |    1|   0|    1|          0|
    |tmp_760_reg_47051        |    1|   0|    1|          0|
    |tmp_761_reg_47062        |    1|   0|    1|          0|
    |tmp_762_reg_47073        |    1|   0|    1|          0|
    |tmp_763_reg_47084        |    1|   0|    1|          0|
    |tmp_764_reg_47095        |    1|   0|    1|          0|
    |tmp_765_reg_47106        |    1|   0|    1|          0|
    |tmp_766_reg_47117        |    1|   0|    1|          0|
    |tmp_767_reg_47128        |    1|   0|    1|          0|
    |tmp_768_reg_47139        |    1|   0|    1|          0|
    |tmp_769_reg_47150        |    1|   0|    1|          0|
    |tmp_770_reg_47161        |    1|   0|    1|          0|
    |tmp_771_reg_47172        |    1|   0|    1|          0|
    |tmp_772_reg_47183        |    1|   0|    1|          0|
    |tmp_773_reg_47194        |    1|   0|    1|          0|
    |tmp_774_reg_47205        |    1|   0|    1|          0|
    |tmp_775_reg_47216        |    1|   0|    1|          0|
    |tmp_776_reg_47227        |    1|   0|    1|          0|
    |tmp_777_reg_47238        |    1|   0|    1|          0|
    |tmp_778_reg_47249        |    1|   0|    1|          0|
    |tmp_779_reg_47260        |    1|   0|    1|          0|
    |tmp_780_reg_47271        |    1|   0|    1|          0|
    |tmp_781_reg_47282        |    1|   0|    1|          0|
    |tmp_782_reg_47293        |    1|   0|    1|          0|
    |tmp_783_reg_47304        |    1|   0|    1|          0|
    |tmp_784_reg_47315        |    1|   0|    1|          0|
    |tmp_785_reg_47326        |    1|   0|    1|          0|
    |tmp_786_reg_47337        |    1|   0|    1|          0|
    |tmp_787_reg_47348        |    1|   0|    1|          0|
    |tmp_788_reg_47359        |    1|   0|    1|          0|
    |tmp_789_reg_47370        |    1|   0|    1|          0|
    |tmp_790_reg_47381        |    1|   0|    1|          0|
    |tmp_791_reg_47392        |    1|   0|    1|          0|
    |tmp_792_reg_47403        |    1|   0|    1|          0|
    |tmp_793_reg_47414        |    1|   0|    1|          0|
    |tmp_794_reg_47425        |    1|   0|    1|          0|
    |tmp_795_reg_47436        |    1|   0|    1|          0|
    |tmp_796_reg_47447        |    1|   0|    1|          0|
    |tmp_797_reg_47458        |    1|   0|    1|          0|
    |tmp_798_reg_47469        |    1|   0|    1|          0|
    |tmp_799_reg_47480        |    1|   0|    1|          0|
    |tmp_800_reg_47491        |    1|   0|    1|          0|
    |tmp_801_reg_47502        |    1|   0|    1|          0|
    |tmp_802_reg_47513        |    1|   0|    1|          0|
    |tmp_803_reg_47524        |    1|   0|    1|          0|
    |tmp_804_reg_47535        |    1|   0|    1|          0|
    |tmp_805_reg_47546        |    1|   0|    1|          0|
    |tmp_806_reg_47557        |    1|   0|    1|          0|
    |tmp_807_reg_47568        |    1|   0|    1|          0|
    |tmp_808_reg_47579        |    1|   0|    1|          0|
    |tmp_809_reg_47590        |    1|   0|    1|          0|
    |tmp_810_reg_47601        |    1|   0|    1|          0|
    |tmp_811_reg_47612        |    1|   0|    1|          0|
    |tmp_812_reg_47623        |    1|   0|    1|          0|
    |tmp_813_reg_47634        |    1|   0|    1|          0|
    |tmp_814_reg_47645        |    1|   0|    1|          0|
    |tmp_815_reg_47656        |    1|   0|    1|          0|
    |tmp_816_reg_47667        |    1|   0|    1|          0|
    |tmp_817_reg_47678        |    1|   0|    1|          0|
    |tmp_818_reg_47689        |    1|   0|    1|          0|
    |tmp_819_reg_47700        |    1|   0|    1|          0|
    |tmp_820_reg_47711        |    1|   0|    1|          0|
    |tmp_821_reg_47722        |    1|   0|    1|          0|
    |tmp_822_reg_47733        |    1|   0|    1|          0|
    |tmp_823_reg_47744        |    1|   0|    1|          0|
    |tmp_824_reg_47755        |    1|   0|    1|          0|
    |tmp_825_reg_47766        |    1|   0|    1|          0|
    |tmp_826_reg_47777        |    1|   0|    1|          0|
    |tmp_827_reg_47788        |    1|   0|    1|          0|
    |tmp_828_reg_47799        |    1|   0|    1|          0|
    |tmp_829_reg_47810        |    1|   0|    1|          0|
    |tmp_830_reg_47821        |    1|   0|    1|          0|
    |tmp_831_reg_47832        |    1|   0|    1|          0|
    |tmp_832_reg_47843        |    1|   0|    1|          0|
    |tmp_833_reg_47854        |    1|   0|    1|          0|
    |tmp_834_reg_47865        |    1|   0|    1|          0|
    |tmp_835_reg_47876        |    1|   0|    1|          0|
    |tmp_836_reg_47887        |    1|   0|    1|          0|
    |tmp_837_reg_47898        |    1|   0|    1|          0|
    |tmp_838_reg_47909        |    1|   0|    1|          0|
    |tmp_839_reg_47920        |    1|   0|    1|          0|
    |tmp_840_reg_47931        |    1|   0|    1|          0|
    |tmp_841_reg_47942        |    1|   0|    1|          0|
    |tmp_842_reg_47953        |    1|   0|    1|          0|
    |tmp_843_reg_47964        |    1|   0|    1|          0|
    |tmp_844_reg_47975        |    1|   0|    1|          0|
    |tmp_845_reg_47986        |    1|   0|    1|          0|
    |tmp_846_reg_47997        |    1|   0|    1|          0|
    |tmp_847_reg_48008        |    1|   0|    1|          0|
    |tmp_848_reg_48019        |    1|   0|    1|          0|
    |tmp_849_reg_48030        |    1|   0|    1|          0|
    |tmp_850_reg_48041        |    1|   0|    1|          0|
    |tmp_851_reg_48052        |    1|   0|    1|          0|
    |tmp_852_reg_48063        |    1|   0|    1|          0|
    |tmp_853_reg_48074        |    1|   0|    1|          0|
    |tmp_854_reg_48085        |    1|   0|    1|          0|
    |tmp_855_reg_48096        |    1|   0|    1|          0|
    |tmp_856_reg_48107        |    1|   0|    1|          0|
    |tmp_857_reg_48118        |    1|   0|    1|          0|
    |tmp_858_reg_48129        |    1|   0|    1|          0|
    |tmp_859_reg_48140        |    1|   0|    1|          0|
    |tmp_860_reg_48151        |    1|   0|    1|          0|
    |tmp_861_reg_48162        |    1|   0|    1|          0|
    |tmp_862_reg_48173        |    1|   0|    1|          0|
    |tmp_863_reg_48184        |    1|   0|    1|          0|
    |tmp_864_reg_48195        |    1|   0|    1|          0|
    |tmp_865_reg_48206        |    1|   0|    1|          0|
    |tmp_866_reg_48217        |    1|   0|    1|          0|
    |tmp_867_reg_48228        |    1|   0|    1|          0|
    |tmp_868_reg_48239        |    1|   0|    1|          0|
    |tmp_869_reg_48250        |    1|   0|    1|          0|
    |tmp_870_reg_48261        |    1|   0|    1|          0|
    |tmp_871_reg_48272        |    1|   0|    1|          0|
    |tmp_872_reg_48283        |    1|   0|    1|          0|
    |tmp_873_reg_48294        |    1|   0|    1|          0|
    |tmp_874_reg_48305        |    1|   0|    1|          0|
    |tmp_875_reg_48316        |    1|   0|    1|          0|
    |tmp_876_reg_48327        |    1|   0|    1|          0|
    |tmp_877_reg_48338        |    1|   0|    1|          0|
    |tmp_878_reg_48349        |    1|   0|    1|          0|
    |tmp_879_reg_48360        |    1|   0|    1|          0|
    |tmp_880_reg_48371        |    1|   0|    1|          0|
    |tmp_881_reg_48382        |    1|   0|    1|          0|
    |tmp_882_reg_48393        |    1|   0|    1|          0|
    |tmp_883_reg_48404        |    1|   0|    1|          0|
    |tmp_884_reg_48415        |    1|   0|    1|          0|
    |tmp_885_reg_48426        |    1|   0|    1|          0|
    |tmp_886_reg_48437        |    1|   0|    1|          0|
    |tmp_887_reg_48448        |    1|   0|    1|          0|
    |tmp_888_reg_48459        |    1|   0|    1|          0|
    |tmp_889_reg_48470        |    1|   0|    1|          0|
    |tmp_890_reg_48481        |    1|   0|    1|          0|
    |tmp_891_reg_48492        |    1|   0|    1|          0|
    |tmp_892_reg_48503        |    1|   0|    1|          0|
    |tmp_893_reg_48514        |    1|   0|    1|          0|
    |tmp_894_reg_48525        |    1|   0|    1|          0|
    |tmp_895_reg_48536        |    1|   0|    1|          0|
    |tmp_896_reg_48547        |    1|   0|    1|          0|
    |tmp_897_reg_48558        |    1|   0|    1|          0|
    |tmp_898_reg_48569        |    1|   0|    1|          0|
    |tmp_899_reg_48580        |    1|   0|    1|          0|
    |tmp_900_reg_48591        |    1|   0|    1|          0|
    |tmp_901_reg_48602        |    1|   0|    1|          0|
    |tmp_902_reg_48613        |    1|   0|    1|          0|
    |tmp_903_reg_48624        |    1|   0|    1|          0|
    |tmp_904_reg_48635        |    1|   0|    1|          0|
    |tmp_905_reg_48646        |    1|   0|    1|          0|
    |tmp_906_reg_48657        |    1|   0|    1|          0|
    |tmp_907_reg_48668        |    1|   0|    1|          0|
    |tmp_908_reg_48679        |    1|   0|    1|          0|
    |tmp_909_reg_48690        |    1|   0|    1|          0|
    |tmp_910_reg_48701        |    1|   0|    1|          0|
    |tmp_911_reg_48712        |    1|   0|    1|          0|
    |tmp_912_reg_48723        |    1|   0|    1|          0|
    |tmp_913_reg_48734        |    1|   0|    1|          0|
    |tmp_914_reg_48745        |    1|   0|    1|          0|
    |tmp_915_reg_48756        |    1|   0|    1|          0|
    |tmp_916_reg_48767        |    1|   0|    1|          0|
    |tmp_917_reg_48778        |    1|   0|    1|          0|
    |tmp_918_reg_48789        |    1|   0|    1|          0|
    |tmp_919_reg_48800        |    1|   0|    1|          0|
    |tmp_920_reg_48811        |    1|   0|    1|          0|
    |tmp_921_reg_48822        |    1|   0|    1|          0|
    |tmp_922_reg_48833        |    1|   0|    1|          0|
    |tmp_923_reg_48844        |    1|   0|    1|          0|
    |tmp_924_reg_48855        |    1|   0|    1|          0|
    |tmp_925_reg_48866        |    1|   0|    1|          0|
    |tmp_926_reg_48877        |    1|   0|    1|          0|
    |tmp_927_reg_48888        |    1|   0|    1|          0|
    |tmp_928_reg_48899        |    1|   0|    1|          0|
    |tmp_929_reg_48910        |    1|   0|    1|          0|
    |tmp_930_reg_48921        |    1|   0|    1|          0|
    |tmp_931_reg_48932        |    1|   0|    1|          0|
    |tmp_932_reg_48943        |    1|   0|    1|          0|
    |tmp_933_reg_48954        |    1|   0|    1|          0|
    |tmp_934_reg_48965        |    1|   0|    1|          0|
    |tmp_935_reg_48976        |    1|   0|    1|          0|
    |tmp_936_reg_48987        |    1|   0|    1|          0|
    |tmp_937_reg_48998        |    1|   0|    1|          0|
    |tmp_938_reg_49009        |    1|   0|    1|          0|
    |tmp_939_reg_49020        |    1|   0|    1|          0|
    |tmp_940_reg_49031        |    1|   0|    1|          0|
    |tmp_941_reg_49042        |    1|   0|    1|          0|
    |tmp_942_reg_49053        |    1|   0|    1|          0|
    |tmp_943_reg_49064        |    1|   0|    1|          0|
    |tmp_944_reg_49075        |    1|   0|    1|          0|
    |tmp_945_reg_49086        |    1|   0|    1|          0|
    |tmp_946_reg_49097        |    1|   0|    1|          0|
    |tmp_947_reg_49108        |    1|   0|    1|          0|
    |tmp_948_reg_49119        |    1|   0|    1|          0|
    |tmp_949_reg_49130        |    1|   0|    1|          0|
    |tmp_950_reg_49141        |    1|   0|    1|          0|
    |tmp_951_reg_49152        |    1|   0|    1|          0|
    |tmp_952_reg_49163        |    1|   0|    1|          0|
    |tmp_953_reg_49174        |    1|   0|    1|          0|
    |tmp_954_reg_49185        |    1|   0|    1|          0|
    |tmp_955_reg_49196        |    1|   0|    1|          0|
    |tmp_956_reg_49207        |    1|   0|    1|          0|
    |tmp_957_reg_49218        |    1|   0|    1|          0|
    |tmp_958_reg_49229        |    1|   0|    1|          0|
    |tmp_959_reg_49240        |    1|   0|    1|          0|
    |tmp_960_reg_49251        |    1|   0|    1|          0|
    |tmp_961_reg_49262        |    1|   0|    1|          0|
    |tmp_962_reg_49273        |    1|   0|    1|          0|
    |tmp_963_reg_49284        |    1|   0|    1|          0|
    |tmp_964_reg_49295        |    1|   0|    1|          0|
    |tmp_965_reg_49306        |    1|   0|    1|          0|
    |tmp_966_reg_49317        |    1|   0|    1|          0|
    |tmp_967_reg_49328        |    1|   0|    1|          0|
    |tmp_968_reg_49339        |    1|   0|    1|          0|
    |tmp_969_reg_49350        |    1|   0|    1|          0|
    |tmp_970_reg_49361        |    1|   0|    1|          0|
    |tmp_971_reg_49372        |    1|   0|    1|          0|
    |tmp_972_reg_49383        |    1|   0|    1|          0|
    |tmp_973_reg_49394        |    1|   0|    1|          0|
    |tmp_974_reg_49405        |    1|   0|    1|          0|
    |tmp_975_reg_49416        |    1|   0|    1|          0|
    |tmp_976_reg_49427        |    1|   0|    1|          0|
    |tmp_977_reg_49438        |    1|   0|    1|          0|
    |tmp_978_reg_49449        |    1|   0|    1|          0|
    |tmp_979_reg_49460        |    1|   0|    1|          0|
    |tmp_980_reg_49471        |    1|   0|    1|          0|
    |tmp_981_reg_49482        |    1|   0|    1|          0|
    |tmp_982_reg_49493        |    1|   0|    1|          0|
    |tmp_983_reg_49504        |    1|   0|    1|          0|
    |tmp_984_reg_49515        |    1|   0|    1|          0|
    |tmp_985_reg_49526        |    1|   0|    1|          0|
    |tmp_986_reg_49537        |    1|   0|    1|          0|
    |tmp_987_reg_49548        |    1|   0|    1|          0|
    |tmp_988_reg_49559        |    1|   0|    1|          0|
    |tmp_989_reg_49570        |    1|   0|    1|          0|
    |tmp_990_reg_49581        |    1|   0|    1|          0|
    |tmp_991_reg_49592        |    1|   0|    1|          0|
    |tmp_992_reg_49603        |    1|   0|    1|          0|
    |tmp_993_reg_49614        |    1|   0|    1|          0|
    |tmp_994_reg_49625        |    1|   0|    1|          0|
    |tmp_995_reg_49636        |    1|   0|    1|          0|
    |tmp_996_reg_49647        |    1|   0|    1|          0|
    |tmp_997_reg_49658        |    1|   0|    1|          0|
    |tmp_998_reg_49669        |    1|   0|    1|          0|
    |tmp_999_reg_49680        |    1|   0|    1|          0|
    +-------------------------+-----+----+-----+-----------+
    |Total                    |13315|   0|13315|          0|
    +-------------------------+-----+----+-----+-----------+



================================================================
== Interface
================================================================
* Summary: 
+---------------+-----+-----+------------+-------------------------------------------------------------------------+--------------+
|   RTL Ports   | Dir | Bits|  Protocol  |                              Source Object                              |    C Type    |
+---------------+-----+-----+------------+-------------------------------------------------------------------------+--------------+
|ap_clk         |   in|    1|  ap_ctrl_hs|  relu<ap_fixed<30, 21, 5, 3, 0>, ap_ufixed<9, 0, 4, 0, 0>, relu_config5>|  return value|
|ap_rst         |   in|    1|  ap_ctrl_hs|  relu<ap_fixed<30, 21, 5, 3, 0>, ap_ufixed<9, 0, 4, 0, 0>, relu_config5>|  return value|
|ap_start       |   in|    1|  ap_ctrl_hs|  relu<ap_fixed<30, 21, 5, 3, 0>, ap_ufixed<9, 0, 4, 0, 0>, relu_config5>|  return value|
|ap_done        |  out|    1|  ap_ctrl_hs|  relu<ap_fixed<30, 21, 5, 3, 0>, ap_ufixed<9, 0, 4, 0, 0>, relu_config5>|  return value|
|ap_continue    |   in|    1|  ap_ctrl_hs|  relu<ap_fixed<30, 21, 5, 3, 0>, ap_ufixed<9, 0, 4, 0, 0>, relu_config5>|  return value|
|ap_idle        |  out|    1|  ap_ctrl_hs|  relu<ap_fixed<30, 21, 5, 3, 0>, ap_ufixed<9, 0, 4, 0, 0>, relu_config5>|  return value|
|ap_ready       |  out|    1|  ap_ctrl_hs|  relu<ap_fixed<30, 21, 5, 3, 0>, ap_ufixed<9, 0, 4, 0, 0>, relu_config5>|  return value|
|ap_ce          |   in|    1|  ap_ctrl_hs|  relu<ap_fixed<30, 21, 5, 3, 0>, ap_ufixed<9, 0, 4, 0, 0>, relu_config5>|  return value|
|ap_return_0    |  out|    9|  ap_ctrl_hs|  relu<ap_fixed<30, 21, 5, 3, 0>, ap_ufixed<9, 0, 4, 0, 0>, relu_config5>|  return value|
|ap_return_1    |  out|    9|  ap_ctrl_hs|  relu<ap_fixed<30, 21, 5, 3, 0>, ap_ufixed<9, 0, 4, 0, 0>, relu_config5>|  return value|
|ap_return_2    |  out|    9|  ap_ctrl_hs|  relu<ap_fixed<30, 21, 5, 3, 0>, ap_ufixed<9, 0, 4, 0, 0>, relu_config5>|  return value|
|ap_return_3    |  out|    9|  ap_ctrl_hs|  relu<ap_fixed<30, 21, 5, 3, 0>, ap_ufixed<9, 0, 4, 0, 0>, relu_config5>|  return value|
|ap_return_4    |  out|    9|  ap_ctrl_hs|  relu<ap_fixed<30, 21, 5, 3, 0>, ap_ufixed<9, 0, 4, 0, 0>, relu_config5>|  return value|
|ap_return_5    |  out|    9|  ap_ctrl_hs|  relu<ap_fixed<30, 21, 5, 3, 0>, ap_ufixed<9, 0, 4, 0, 0>, relu_config5>|  return value|
|ap_return_6    |  out|    9|  ap_ctrl_hs|  relu<ap_fixed<30, 21, 5, 3, 0>, ap_ufixed<9, 0, 4, 0, 0>, relu_config5>|  return value|
|ap_return_7    |  out|    9|  ap_ctrl_hs|  relu<ap_fixed<30, 21, 5, 3, 0>, ap_ufixed<9, 0, 4, 0, 0>, relu_config5>|  return value|
|ap_return_8    |  out|    9|  ap_ctrl_hs|  relu<ap_fixed<30, 21, 5, 3, 0>, ap_ufixed<9, 0, 4, 0, 0>, relu_config5>|  return value|
|ap_return_9    |  out|    9|  ap_ctrl_hs|  relu<ap_fixed<30, 21, 5, 3, 0>, ap_ufixed<9, 0, 4, 0, 0>, relu_config5>|  return value|
|ap_return_10   |  out|    9|  ap_ctrl_hs|  relu<ap_fixed<30, 21, 5, 3, 0>, ap_ufixed<9, 0, 4, 0, 0>, relu_config5>|  return value|
|ap_return_11   |  out|    9|  ap_ctrl_hs|  relu<ap_fixed<30, 21, 5, 3, 0>, ap_ufixed<9, 0, 4, 0, 0>, relu_config5>|  return value|
|ap_return_12   |  out|    9|  ap_ctrl_hs|  relu<ap_fixed<30, 21, 5, 3, 0>, ap_ufixed<9, 0, 4, 0, 0>, relu_config5>|  return value|
|ap_return_13   |  out|    9|  ap_ctrl_hs|  relu<ap_fixed<30, 21, 5, 3, 0>, ap_ufixed<9, 0, 4, 0, 0>, relu_config5>|  return value|
|ap_return_14   |  out|    9|  ap_ctrl_hs|  relu<ap_fixed<30, 21, 5, 3, 0>, ap_ufixed<9, 0, 4, 0, 0>, relu_config5>|  return value|
|ap_return_15   |  out|    9|  ap_ctrl_hs|  relu<ap_fixed<30, 21, 5, 3, 0>, ap_ufixed<9, 0, 4, 0, 0>, relu_config5>|  return value|
|ap_return_16   |  out|    9|  ap_ctrl_hs|  relu<ap_fixed<30, 21, 5, 3, 0>, ap_ufixed<9, 0, 4, 0, 0>, relu_config5>|  return value|
|ap_return_17   |  out|    9|  ap_ctrl_hs|  relu<ap_fixed<30, 21, 5, 3, 0>, ap_ufixed<9, 0, 4, 0, 0>, relu_config5>|  return value|
|ap_return_18   |  out|    9|  ap_ctrl_hs|  relu<ap_fixed<30, 21, 5, 3, 0>, ap_ufixed<9, 0, 4, 0, 0>, relu_config5>|  return value|
|ap_return_19   |  out|    9|  ap_ctrl_hs|  relu<ap_fixed<30, 21, 5, 3, 0>, ap_ufixed<9, 0, 4, 0, 0>, relu_config5>|  return value|
|ap_return_20   |  out|    9|  ap_ctrl_hs|  relu<ap_fixed<30, 21, 5, 3, 0>, ap_ufixed<9, 0, 4, 0, 0>, relu_config5>|  return value|
|ap_return_21   |  out|    9|  ap_ctrl_hs|  relu<ap_fixed<30, 21, 5, 3, 0>, ap_ufixed<9, 0, 4, 0, 0>, relu_config5>|  return value|
|ap_return_22   |  out|    9|  ap_ctrl_hs|  relu<ap_fixed<30, 21, 5, 3, 0>, ap_ufixed<9, 0, 4, 0, 0>, relu_config5>|  return value|
|ap_return_23   |  out|    9|  ap_ctrl_hs|  relu<ap_fixed<30, 21, 5, 3, 0>, ap_ufixed<9, 0, 4, 0, 0>, relu_config5>|  return value|
|ap_return_24   |  out|    9|  ap_ctrl_hs|  relu<ap_fixed<30, 21, 5, 3, 0>, ap_ufixed<9, 0, 4, 0, 0>, relu_config5>|  return value|
|ap_return_25   |  out|    9|  ap_ctrl_hs|  relu<ap_fixed<30, 21, 5, 3, 0>, ap_ufixed<9, 0, 4, 0, 0>, relu_config5>|  return value|
|ap_return_26   |  out|    9|  ap_ctrl_hs|  relu<ap_fixed<30, 21, 5, 3, 0>, ap_ufixed<9, 0, 4, 0, 0>, relu_config5>|  return value|
|ap_return_27   |  out|    9|  ap_ctrl_hs|  relu<ap_fixed<30, 21, 5, 3, 0>, ap_ufixed<9, 0, 4, 0, 0>, relu_config5>|  return value|
|ap_return_28   |  out|    9|  ap_ctrl_hs|  relu<ap_fixed<30, 21, 5, 3, 0>, ap_ufixed<9, 0, 4, 0, 0>, relu_config5>|  return value|
|ap_return_29   |  out|    9|  ap_ctrl_hs|  relu<ap_fixed<30, 21, 5, 3, 0>, ap_ufixed<9, 0, 4, 0, 0>, relu_config5>|  return value|
|ap_return_30   |  out|    9|  ap_ctrl_hs|  relu<ap_fixed<30, 21, 5, 3, 0>, ap_ufixed<9, 0, 4, 0, 0>, relu_config5>|  return value|
|ap_return_31   |  out|    9|  ap_ctrl_hs|  relu<ap_fixed<30, 21, 5, 3, 0>, ap_ufixed<9, 0, 4, 0, 0>, relu_config5>|  return value|
|ap_return_32   |  out|    9|  ap_ctrl_hs|  relu<ap_fixed<30, 21, 5, 3, 0>, ap_ufixed<9, 0, 4, 0, 0>, relu_config5>|  return value|
|ap_return_33   |  out|    9|  ap_ctrl_hs|  relu<ap_fixed<30, 21, 5, 3, 0>, ap_ufixed<9, 0, 4, 0, 0>, relu_config5>|  return value|
|ap_return_34   |  out|    9|  ap_ctrl_hs|  relu<ap_fixed<30, 21, 5, 3, 0>, ap_ufixed<9, 0, 4, 0, 0>, relu_config5>|  return value|
|ap_return_35   |  out|    9|  ap_ctrl_hs|  relu<ap_fixed<30, 21, 5, 3, 0>, ap_ufixed<9, 0, 4, 0, 0>, relu_config5>|  return value|
|ap_return_36   |  out|    9|  ap_ctrl_hs|  relu<ap_fixed<30, 21, 5, 3, 0>, ap_ufixed<9, 0, 4, 0, 0>, relu_config5>|  return value|
|ap_return_37   |  out|    9|  ap_ctrl_hs|  relu<ap_fixed<30, 21, 5, 3, 0>, ap_ufixed<9, 0, 4, 0, 0>, relu_config5>|  return value|
|ap_return_38   |  out|    9|  ap_ctrl_hs|  relu<ap_fixed<30, 21, 5, 3, 0>, ap_ufixed<9, 0, 4, 0, 0>, relu_config5>|  return value|
|ap_return_39   |  out|    9|  ap_ctrl_hs|  relu<ap_fixed<30, 21, 5, 3, 0>, ap_ufixed<9, 0, 4, 0, 0>, relu_config5>|  return value|
|ap_return_40   |  out|    9|  ap_ctrl_hs|  relu<ap_fixed<30, 21, 5, 3, 0>, ap_ufixed<9, 0, 4, 0, 0>, relu_config5>|  return value|
|ap_return_41   |  out|    9|  ap_ctrl_hs|  relu<ap_fixed<30, 21, 5, 3, 0>, ap_ufixed<9, 0, 4, 0, 0>, relu_config5>|  return value|
|ap_return_42   |  out|    9|  ap_ctrl_hs|  relu<ap_fixed<30, 21, 5, 3, 0>, ap_ufixed<9, 0, 4, 0, 0>, relu_config5>|  return value|
|ap_return_43   |  out|    9|  ap_ctrl_hs|  relu<ap_fixed<30, 21, 5, 3, 0>, ap_ufixed<9, 0, 4, 0, 0>, relu_config5>|  return value|
|ap_return_44   |  out|    9|  ap_ctrl_hs|  relu<ap_fixed<30, 21, 5, 3, 0>, ap_ufixed<9, 0, 4, 0, 0>, relu_config5>|  return value|
|ap_return_45   |  out|    9|  ap_ctrl_hs|  relu<ap_fixed<30, 21, 5, 3, 0>, ap_ufixed<9, 0, 4, 0, 0>, relu_config5>|  return value|
|ap_return_46   |  out|    9|  ap_ctrl_hs|  relu<ap_fixed<30, 21, 5, 3, 0>, ap_ufixed<9, 0, 4, 0, 0>, relu_config5>|  return value|
|ap_return_47   |  out|    9|  ap_ctrl_hs|  relu<ap_fixed<30, 21, 5, 3, 0>, ap_ufixed<9, 0, 4, 0, 0>, relu_config5>|  return value|
|ap_return_48   |  out|    9|  ap_ctrl_hs|  relu<ap_fixed<30, 21, 5, 3, 0>, ap_ufixed<9, 0, 4, 0, 0>, relu_config5>|  return value|
|ap_return_49   |  out|    9|  ap_ctrl_hs|  relu<ap_fixed<30, 21, 5, 3, 0>, ap_ufixed<9, 0, 4, 0, 0>, relu_config5>|  return value|
|ap_return_50   |  out|    9|  ap_ctrl_hs|  relu<ap_fixed<30, 21, 5, 3, 0>, ap_ufixed<9, 0, 4, 0, 0>, relu_config5>|  return value|
|ap_return_51   |  out|    9|  ap_ctrl_hs|  relu<ap_fixed<30, 21, 5, 3, 0>, ap_ufixed<9, 0, 4, 0, 0>, relu_config5>|  return value|
|ap_return_52   |  out|    9|  ap_ctrl_hs|  relu<ap_fixed<30, 21, 5, 3, 0>, ap_ufixed<9, 0, 4, 0, 0>, relu_config5>|  return value|
|ap_return_53   |  out|    9|  ap_ctrl_hs|  relu<ap_fixed<30, 21, 5, 3, 0>, ap_ufixed<9, 0, 4, 0, 0>, relu_config5>|  return value|
|ap_return_54   |  out|    9|  ap_ctrl_hs|  relu<ap_fixed<30, 21, 5, 3, 0>, ap_ufixed<9, 0, 4, 0, 0>, relu_config5>|  return value|
|ap_return_55   |  out|    9|  ap_ctrl_hs|  relu<ap_fixed<30, 21, 5, 3, 0>, ap_ufixed<9, 0, 4, 0, 0>, relu_config5>|  return value|
|ap_return_56   |  out|    9|  ap_ctrl_hs|  relu<ap_fixed<30, 21, 5, 3, 0>, ap_ufixed<9, 0, 4, 0, 0>, relu_config5>|  return value|
|ap_return_57   |  out|    9|  ap_ctrl_hs|  relu<ap_fixed<30, 21, 5, 3, 0>, ap_ufixed<9, 0, 4, 0, 0>, relu_config5>|  return value|
|ap_return_58   |  out|    9|  ap_ctrl_hs|  relu<ap_fixed<30, 21, 5, 3, 0>, ap_ufixed<9, 0, 4, 0, 0>, relu_config5>|  return value|
|ap_return_59   |  out|    9|  ap_ctrl_hs|  relu<ap_fixed<30, 21, 5, 3, 0>, ap_ufixed<9, 0, 4, 0, 0>, relu_config5>|  return value|
|ap_return_60   |  out|    9|  ap_ctrl_hs|  relu<ap_fixed<30, 21, 5, 3, 0>, ap_ufixed<9, 0, 4, 0, 0>, relu_config5>|  return value|
|ap_return_61   |  out|    9|  ap_ctrl_hs|  relu<ap_fixed<30, 21, 5, 3, 0>, ap_ufixed<9, 0, 4, 0, 0>, relu_config5>|  return value|
|ap_return_62   |  out|    9|  ap_ctrl_hs|  relu<ap_fixed<30, 21, 5, 3, 0>, ap_ufixed<9, 0, 4, 0, 0>, relu_config5>|  return value|
|ap_return_63   |  out|    9|  ap_ctrl_hs|  relu<ap_fixed<30, 21, 5, 3, 0>, ap_ufixed<9, 0, 4, 0, 0>, relu_config5>|  return value|
|ap_return_64   |  out|    9|  ap_ctrl_hs|  relu<ap_fixed<30, 21, 5, 3, 0>, ap_ufixed<9, 0, 4, 0, 0>, relu_config5>|  return value|
|ap_return_65   |  out|    9|  ap_ctrl_hs|  relu<ap_fixed<30, 21, 5, 3, 0>, ap_ufixed<9, 0, 4, 0, 0>, relu_config5>|  return value|
|ap_return_66   |  out|    9|  ap_ctrl_hs|  relu<ap_fixed<30, 21, 5, 3, 0>, ap_ufixed<9, 0, 4, 0, 0>, relu_config5>|  return value|
|ap_return_67   |  out|    9|  ap_ctrl_hs|  relu<ap_fixed<30, 21, 5, 3, 0>, ap_ufixed<9, 0, 4, 0, 0>, relu_config5>|  return value|
|ap_return_68   |  out|    9|  ap_ctrl_hs|  relu<ap_fixed<30, 21, 5, 3, 0>, ap_ufixed<9, 0, 4, 0, 0>, relu_config5>|  return value|
|ap_return_69   |  out|    9|  ap_ctrl_hs|  relu<ap_fixed<30, 21, 5, 3, 0>, ap_ufixed<9, 0, 4, 0, 0>, relu_config5>|  return value|
|ap_return_70   |  out|    9|  ap_ctrl_hs|  relu<ap_fixed<30, 21, 5, 3, 0>, ap_ufixed<9, 0, 4, 0, 0>, relu_config5>|  return value|
|ap_return_71   |  out|    9|  ap_ctrl_hs|  relu<ap_fixed<30, 21, 5, 3, 0>, ap_ufixed<9, 0, 4, 0, 0>, relu_config5>|  return value|
|ap_return_72   |  out|    9|  ap_ctrl_hs|  relu<ap_fixed<30, 21, 5, 3, 0>, ap_ufixed<9, 0, 4, 0, 0>, relu_config5>|  return value|
|ap_return_73   |  out|    9|  ap_ctrl_hs|  relu<ap_fixed<30, 21, 5, 3, 0>, ap_ufixed<9, 0, 4, 0, 0>, relu_config5>|  return value|
|ap_return_74   |  out|    9|  ap_ctrl_hs|  relu<ap_fixed<30, 21, 5, 3, 0>, ap_ufixed<9, 0, 4, 0, 0>, relu_config5>|  return value|
|ap_return_75   |  out|    9|  ap_ctrl_hs|  relu<ap_fixed<30, 21, 5, 3, 0>, ap_ufixed<9, 0, 4, 0, 0>, relu_config5>|  return value|
|ap_return_76   |  out|    9|  ap_ctrl_hs|  relu<ap_fixed<30, 21, 5, 3, 0>, ap_ufixed<9, 0, 4, 0, 0>, relu_config5>|  return value|
|ap_return_77   |  out|    9|  ap_ctrl_hs|  relu<ap_fixed<30, 21, 5, 3, 0>, ap_ufixed<9, 0, 4, 0, 0>, relu_config5>|  return value|
|ap_return_78   |  out|    9|  ap_ctrl_hs|  relu<ap_fixed<30, 21, 5, 3, 0>, ap_ufixed<9, 0, 4, 0, 0>, relu_config5>|  return value|
|ap_return_79   |  out|    9|  ap_ctrl_hs|  relu<ap_fixed<30, 21, 5, 3, 0>, ap_ufixed<9, 0, 4, 0, 0>, relu_config5>|  return value|
|ap_return_80   |  out|    9|  ap_ctrl_hs|  relu<ap_fixed<30, 21, 5, 3, 0>, ap_ufixed<9, 0, 4, 0, 0>, relu_config5>|  return value|
|ap_return_81   |  out|    9|  ap_ctrl_hs|  relu<ap_fixed<30, 21, 5, 3, 0>, ap_ufixed<9, 0, 4, 0, 0>, relu_config5>|  return value|
|ap_return_82   |  out|    9|  ap_ctrl_hs|  relu<ap_fixed<30, 21, 5, 3, 0>, ap_ufixed<9, 0, 4, 0, 0>, relu_config5>|  return value|
|ap_return_83   |  out|    9|  ap_ctrl_hs|  relu<ap_fixed<30, 21, 5, 3, 0>, ap_ufixed<9, 0, 4, 0, 0>, relu_config5>|  return value|
|ap_return_84   |  out|    9|  ap_ctrl_hs|  relu<ap_fixed<30, 21, 5, 3, 0>, ap_ufixed<9, 0, 4, 0, 0>, relu_config5>|  return value|
|ap_return_85   |  out|    9|  ap_ctrl_hs|  relu<ap_fixed<30, 21, 5, 3, 0>, ap_ufixed<9, 0, 4, 0, 0>, relu_config5>|  return value|
|ap_return_86   |  out|    9|  ap_ctrl_hs|  relu<ap_fixed<30, 21, 5, 3, 0>, ap_ufixed<9, 0, 4, 0, 0>, relu_config5>|  return value|
|ap_return_87   |  out|    9|  ap_ctrl_hs|  relu<ap_fixed<30, 21, 5, 3, 0>, ap_ufixed<9, 0, 4, 0, 0>, relu_config5>|  return value|
|ap_return_88   |  out|    9|  ap_ctrl_hs|  relu<ap_fixed<30, 21, 5, 3, 0>, ap_ufixed<9, 0, 4, 0, 0>, relu_config5>|  return value|
|ap_return_89   |  out|    9|  ap_ctrl_hs|  relu<ap_fixed<30, 21, 5, 3, 0>, ap_ufixed<9, 0, 4, 0, 0>, relu_config5>|  return value|
|ap_return_90   |  out|    9|  ap_ctrl_hs|  relu<ap_fixed<30, 21, 5, 3, 0>, ap_ufixed<9, 0, 4, 0, 0>, relu_config5>|  return value|
|ap_return_91   |  out|    9|  ap_ctrl_hs|  relu<ap_fixed<30, 21, 5, 3, 0>, ap_ufixed<9, 0, 4, 0, 0>, relu_config5>|  return value|
|ap_return_92   |  out|    9|  ap_ctrl_hs|  relu<ap_fixed<30, 21, 5, 3, 0>, ap_ufixed<9, 0, 4, 0, 0>, relu_config5>|  return value|
|ap_return_93   |  out|    9|  ap_ctrl_hs|  relu<ap_fixed<30, 21, 5, 3, 0>, ap_ufixed<9, 0, 4, 0, 0>, relu_config5>|  return value|
|ap_return_94   |  out|    9|  ap_ctrl_hs|  relu<ap_fixed<30, 21, 5, 3, 0>, ap_ufixed<9, 0, 4, 0, 0>, relu_config5>|  return value|
|ap_return_95   |  out|    9|  ap_ctrl_hs|  relu<ap_fixed<30, 21, 5, 3, 0>, ap_ufixed<9, 0, 4, 0, 0>, relu_config5>|  return value|
|ap_return_96   |  out|    9|  ap_ctrl_hs|  relu<ap_fixed<30, 21, 5, 3, 0>, ap_ufixed<9, 0, 4, 0, 0>, relu_config5>|  return value|
|ap_return_97   |  out|    9|  ap_ctrl_hs|  relu<ap_fixed<30, 21, 5, 3, 0>, ap_ufixed<9, 0, 4, 0, 0>, relu_config5>|  return value|
|ap_return_98   |  out|    9|  ap_ctrl_hs|  relu<ap_fixed<30, 21, 5, 3, 0>, ap_ufixed<9, 0, 4, 0, 0>, relu_config5>|  return value|
|ap_return_99   |  out|    9|  ap_ctrl_hs|  relu<ap_fixed<30, 21, 5, 3, 0>, ap_ufixed<9, 0, 4, 0, 0>, relu_config5>|  return value|
|ap_return_100  |  out|    9|  ap_ctrl_hs|  relu<ap_fixed<30, 21, 5, 3, 0>, ap_ufixed<9, 0, 4, 0, 0>, relu_config5>|  return value|
|ap_return_101  |  out|    9|  ap_ctrl_hs|  relu<ap_fixed<30, 21, 5, 3, 0>, ap_ufixed<9, 0, 4, 0, 0>, relu_config5>|  return value|
|ap_return_102  |  out|    9|  ap_ctrl_hs|  relu<ap_fixed<30, 21, 5, 3, 0>, ap_ufixed<9, 0, 4, 0, 0>, relu_config5>|  return value|
|ap_return_103  |  out|    9|  ap_ctrl_hs|  relu<ap_fixed<30, 21, 5, 3, 0>, ap_ufixed<9, 0, 4, 0, 0>, relu_config5>|  return value|
|ap_return_104  |  out|    9|  ap_ctrl_hs|  relu<ap_fixed<30, 21, 5, 3, 0>, ap_ufixed<9, 0, 4, 0, 0>, relu_config5>|  return value|
|ap_return_105  |  out|    9|  ap_ctrl_hs|  relu<ap_fixed<30, 21, 5, 3, 0>, ap_ufixed<9, 0, 4, 0, 0>, relu_config5>|  return value|
|ap_return_106  |  out|    9|  ap_ctrl_hs|  relu<ap_fixed<30, 21, 5, 3, 0>, ap_ufixed<9, 0, 4, 0, 0>, relu_config5>|  return value|
|ap_return_107  |  out|    9|  ap_ctrl_hs|  relu<ap_fixed<30, 21, 5, 3, 0>, ap_ufixed<9, 0, 4, 0, 0>, relu_config5>|  return value|
|ap_return_108  |  out|    9|  ap_ctrl_hs|  relu<ap_fixed<30, 21, 5, 3, 0>, ap_ufixed<9, 0, 4, 0, 0>, relu_config5>|  return value|
|ap_return_109  |  out|    9|  ap_ctrl_hs|  relu<ap_fixed<30, 21, 5, 3, 0>, ap_ufixed<9, 0, 4, 0, 0>, relu_config5>|  return value|
|ap_return_110  |  out|    9|  ap_ctrl_hs|  relu<ap_fixed<30, 21, 5, 3, 0>, ap_ufixed<9, 0, 4, 0, 0>, relu_config5>|  return value|
|ap_return_111  |  out|    9|  ap_ctrl_hs|  relu<ap_fixed<30, 21, 5, 3, 0>, ap_ufixed<9, 0, 4, 0, 0>, relu_config5>|  return value|
|ap_return_112  |  out|    9|  ap_ctrl_hs|  relu<ap_fixed<30, 21, 5, 3, 0>, ap_ufixed<9, 0, 4, 0, 0>, relu_config5>|  return value|
|ap_return_113  |  out|    9|  ap_ctrl_hs|  relu<ap_fixed<30, 21, 5, 3, 0>, ap_ufixed<9, 0, 4, 0, 0>, relu_config5>|  return value|
|ap_return_114  |  out|    9|  ap_ctrl_hs|  relu<ap_fixed<30, 21, 5, 3, 0>, ap_ufixed<9, 0, 4, 0, 0>, relu_config5>|  return value|
|ap_return_115  |  out|    9|  ap_ctrl_hs|  relu<ap_fixed<30, 21, 5, 3, 0>, ap_ufixed<9, 0, 4, 0, 0>, relu_config5>|  return value|
|ap_return_116  |  out|    9|  ap_ctrl_hs|  relu<ap_fixed<30, 21, 5, 3, 0>, ap_ufixed<9, 0, 4, 0, 0>, relu_config5>|  return value|
|ap_return_117  |  out|    9|  ap_ctrl_hs|  relu<ap_fixed<30, 21, 5, 3, 0>, ap_ufixed<9, 0, 4, 0, 0>, relu_config5>|  return value|
|ap_return_118  |  out|    9|  ap_ctrl_hs|  relu<ap_fixed<30, 21, 5, 3, 0>, ap_ufixed<9, 0, 4, 0, 0>, relu_config5>|  return value|
|ap_return_119  |  out|    9|  ap_ctrl_hs|  relu<ap_fixed<30, 21, 5, 3, 0>, ap_ufixed<9, 0, 4, 0, 0>, relu_config5>|  return value|
|ap_return_120  |  out|    9|  ap_ctrl_hs|  relu<ap_fixed<30, 21, 5, 3, 0>, ap_ufixed<9, 0, 4, 0, 0>, relu_config5>|  return value|
|ap_return_121  |  out|    9|  ap_ctrl_hs|  relu<ap_fixed<30, 21, 5, 3, 0>, ap_ufixed<9, 0, 4, 0, 0>, relu_config5>|  return value|
|ap_return_122  |  out|    9|  ap_ctrl_hs|  relu<ap_fixed<30, 21, 5, 3, 0>, ap_ufixed<9, 0, 4, 0, 0>, relu_config5>|  return value|
|ap_return_123  |  out|    9|  ap_ctrl_hs|  relu<ap_fixed<30, 21, 5, 3, 0>, ap_ufixed<9, 0, 4, 0, 0>, relu_config5>|  return value|
|ap_return_124  |  out|    9|  ap_ctrl_hs|  relu<ap_fixed<30, 21, 5, 3, 0>, ap_ufixed<9, 0, 4, 0, 0>, relu_config5>|  return value|
|ap_return_125  |  out|    9|  ap_ctrl_hs|  relu<ap_fixed<30, 21, 5, 3, 0>, ap_ufixed<9, 0, 4, 0, 0>, relu_config5>|  return value|
|ap_return_126  |  out|    9|  ap_ctrl_hs|  relu<ap_fixed<30, 21, 5, 3, 0>, ap_ufixed<9, 0, 4, 0, 0>, relu_config5>|  return value|
|ap_return_127  |  out|    9|  ap_ctrl_hs|  relu<ap_fixed<30, 21, 5, 3, 0>, ap_ufixed<9, 0, 4, 0, 0>, relu_config5>|  return value|
|ap_return_128  |  out|    9|  ap_ctrl_hs|  relu<ap_fixed<30, 21, 5, 3, 0>, ap_ufixed<9, 0, 4, 0, 0>, relu_config5>|  return value|
|ap_return_129  |  out|    9|  ap_ctrl_hs|  relu<ap_fixed<30, 21, 5, 3, 0>, ap_ufixed<9, 0, 4, 0, 0>, relu_config5>|  return value|
|ap_return_130  |  out|    9|  ap_ctrl_hs|  relu<ap_fixed<30, 21, 5, 3, 0>, ap_ufixed<9, 0, 4, 0, 0>, relu_config5>|  return value|
|ap_return_131  |  out|    9|  ap_ctrl_hs|  relu<ap_fixed<30, 21, 5, 3, 0>, ap_ufixed<9, 0, 4, 0, 0>, relu_config5>|  return value|
|ap_return_132  |  out|    9|  ap_ctrl_hs|  relu<ap_fixed<30, 21, 5, 3, 0>, ap_ufixed<9, 0, 4, 0, 0>, relu_config5>|  return value|
|ap_return_133  |  out|    9|  ap_ctrl_hs|  relu<ap_fixed<30, 21, 5, 3, 0>, ap_ufixed<9, 0, 4, 0, 0>, relu_config5>|  return value|
|ap_return_134  |  out|    9|  ap_ctrl_hs|  relu<ap_fixed<30, 21, 5, 3, 0>, ap_ufixed<9, 0, 4, 0, 0>, relu_config5>|  return value|
|ap_return_135  |  out|    9|  ap_ctrl_hs|  relu<ap_fixed<30, 21, 5, 3, 0>, ap_ufixed<9, 0, 4, 0, 0>, relu_config5>|  return value|
|ap_return_136  |  out|    9|  ap_ctrl_hs|  relu<ap_fixed<30, 21, 5, 3, 0>, ap_ufixed<9, 0, 4, 0, 0>, relu_config5>|  return value|
|ap_return_137  |  out|    9|  ap_ctrl_hs|  relu<ap_fixed<30, 21, 5, 3, 0>, ap_ufixed<9, 0, 4, 0, 0>, relu_config5>|  return value|
|ap_return_138  |  out|    9|  ap_ctrl_hs|  relu<ap_fixed<30, 21, 5, 3, 0>, ap_ufixed<9, 0, 4, 0, 0>, relu_config5>|  return value|
|ap_return_139  |  out|    9|  ap_ctrl_hs|  relu<ap_fixed<30, 21, 5, 3, 0>, ap_ufixed<9, 0, 4, 0, 0>, relu_config5>|  return value|
|ap_return_140  |  out|    9|  ap_ctrl_hs|  relu<ap_fixed<30, 21, 5, 3, 0>, ap_ufixed<9, 0, 4, 0, 0>, relu_config5>|  return value|
|ap_return_141  |  out|    9|  ap_ctrl_hs|  relu<ap_fixed<30, 21, 5, 3, 0>, ap_ufixed<9, 0, 4, 0, 0>, relu_config5>|  return value|
|ap_return_142  |  out|    9|  ap_ctrl_hs|  relu<ap_fixed<30, 21, 5, 3, 0>, ap_ufixed<9, 0, 4, 0, 0>, relu_config5>|  return value|
|ap_return_143  |  out|    9|  ap_ctrl_hs|  relu<ap_fixed<30, 21, 5, 3, 0>, ap_ufixed<9, 0, 4, 0, 0>, relu_config5>|  return value|
|ap_return_144  |  out|    9|  ap_ctrl_hs|  relu<ap_fixed<30, 21, 5, 3, 0>, ap_ufixed<9, 0, 4, 0, 0>, relu_config5>|  return value|
|ap_return_145  |  out|    9|  ap_ctrl_hs|  relu<ap_fixed<30, 21, 5, 3, 0>, ap_ufixed<9, 0, 4, 0, 0>, relu_config5>|  return value|
|ap_return_146  |  out|    9|  ap_ctrl_hs|  relu<ap_fixed<30, 21, 5, 3, 0>, ap_ufixed<9, 0, 4, 0, 0>, relu_config5>|  return value|
|ap_return_147  |  out|    9|  ap_ctrl_hs|  relu<ap_fixed<30, 21, 5, 3, 0>, ap_ufixed<9, 0, 4, 0, 0>, relu_config5>|  return value|
|ap_return_148  |  out|    9|  ap_ctrl_hs|  relu<ap_fixed<30, 21, 5, 3, 0>, ap_ufixed<9, 0, 4, 0, 0>, relu_config5>|  return value|
|ap_return_149  |  out|    9|  ap_ctrl_hs|  relu<ap_fixed<30, 21, 5, 3, 0>, ap_ufixed<9, 0, 4, 0, 0>, relu_config5>|  return value|
|ap_return_150  |  out|    9|  ap_ctrl_hs|  relu<ap_fixed<30, 21, 5, 3, 0>, ap_ufixed<9, 0, 4, 0, 0>, relu_config5>|  return value|
|ap_return_151  |  out|    9|  ap_ctrl_hs|  relu<ap_fixed<30, 21, 5, 3, 0>, ap_ufixed<9, 0, 4, 0, 0>, relu_config5>|  return value|
|ap_return_152  |  out|    9|  ap_ctrl_hs|  relu<ap_fixed<30, 21, 5, 3, 0>, ap_ufixed<9, 0, 4, 0, 0>, relu_config5>|  return value|
|ap_return_153  |  out|    9|  ap_ctrl_hs|  relu<ap_fixed<30, 21, 5, 3, 0>, ap_ufixed<9, 0, 4, 0, 0>, relu_config5>|  return value|
|ap_return_154  |  out|    9|  ap_ctrl_hs|  relu<ap_fixed<30, 21, 5, 3, 0>, ap_ufixed<9, 0, 4, 0, 0>, relu_config5>|  return value|
|ap_return_155  |  out|    9|  ap_ctrl_hs|  relu<ap_fixed<30, 21, 5, 3, 0>, ap_ufixed<9, 0, 4, 0, 0>, relu_config5>|  return value|
|ap_return_156  |  out|    9|  ap_ctrl_hs|  relu<ap_fixed<30, 21, 5, 3, 0>, ap_ufixed<9, 0, 4, 0, 0>, relu_config5>|  return value|
|ap_return_157  |  out|    9|  ap_ctrl_hs|  relu<ap_fixed<30, 21, 5, 3, 0>, ap_ufixed<9, 0, 4, 0, 0>, relu_config5>|  return value|
|ap_return_158  |  out|    9|  ap_ctrl_hs|  relu<ap_fixed<30, 21, 5, 3, 0>, ap_ufixed<9, 0, 4, 0, 0>, relu_config5>|  return value|
|ap_return_159  |  out|    9|  ap_ctrl_hs|  relu<ap_fixed<30, 21, 5, 3, 0>, ap_ufixed<9, 0, 4, 0, 0>, relu_config5>|  return value|
|ap_return_160  |  out|    9|  ap_ctrl_hs|  relu<ap_fixed<30, 21, 5, 3, 0>, ap_ufixed<9, 0, 4, 0, 0>, relu_config5>|  return value|
|ap_return_161  |  out|    9|  ap_ctrl_hs|  relu<ap_fixed<30, 21, 5, 3, 0>, ap_ufixed<9, 0, 4, 0, 0>, relu_config5>|  return value|
|ap_return_162  |  out|    9|  ap_ctrl_hs|  relu<ap_fixed<30, 21, 5, 3, 0>, ap_ufixed<9, 0, 4, 0, 0>, relu_config5>|  return value|
|ap_return_163  |  out|    9|  ap_ctrl_hs|  relu<ap_fixed<30, 21, 5, 3, 0>, ap_ufixed<9, 0, 4, 0, 0>, relu_config5>|  return value|
|ap_return_164  |  out|    9|  ap_ctrl_hs|  relu<ap_fixed<30, 21, 5, 3, 0>, ap_ufixed<9, 0, 4, 0, 0>, relu_config5>|  return value|
|ap_return_165  |  out|    9|  ap_ctrl_hs|  relu<ap_fixed<30, 21, 5, 3, 0>, ap_ufixed<9, 0, 4, 0, 0>, relu_config5>|  return value|
|ap_return_166  |  out|    9|  ap_ctrl_hs|  relu<ap_fixed<30, 21, 5, 3, 0>, ap_ufixed<9, 0, 4, 0, 0>, relu_config5>|  return value|
|ap_return_167  |  out|    9|  ap_ctrl_hs|  relu<ap_fixed<30, 21, 5, 3, 0>, ap_ufixed<9, 0, 4, 0, 0>, relu_config5>|  return value|
|ap_return_168  |  out|    9|  ap_ctrl_hs|  relu<ap_fixed<30, 21, 5, 3, 0>, ap_ufixed<9, 0, 4, 0, 0>, relu_config5>|  return value|
|ap_return_169  |  out|    9|  ap_ctrl_hs|  relu<ap_fixed<30, 21, 5, 3, 0>, ap_ufixed<9, 0, 4, 0, 0>, relu_config5>|  return value|
|ap_return_170  |  out|    9|  ap_ctrl_hs|  relu<ap_fixed<30, 21, 5, 3, 0>, ap_ufixed<9, 0, 4, 0, 0>, relu_config5>|  return value|
|ap_return_171  |  out|    9|  ap_ctrl_hs|  relu<ap_fixed<30, 21, 5, 3, 0>, ap_ufixed<9, 0, 4, 0, 0>, relu_config5>|  return value|
|ap_return_172  |  out|    9|  ap_ctrl_hs|  relu<ap_fixed<30, 21, 5, 3, 0>, ap_ufixed<9, 0, 4, 0, 0>, relu_config5>|  return value|
|ap_return_173  |  out|    9|  ap_ctrl_hs|  relu<ap_fixed<30, 21, 5, 3, 0>, ap_ufixed<9, 0, 4, 0, 0>, relu_config5>|  return value|
|ap_return_174  |  out|    9|  ap_ctrl_hs|  relu<ap_fixed<30, 21, 5, 3, 0>, ap_ufixed<9, 0, 4, 0, 0>, relu_config5>|  return value|
|ap_return_175  |  out|    9|  ap_ctrl_hs|  relu<ap_fixed<30, 21, 5, 3, 0>, ap_ufixed<9, 0, 4, 0, 0>, relu_config5>|  return value|
|ap_return_176  |  out|    9|  ap_ctrl_hs|  relu<ap_fixed<30, 21, 5, 3, 0>, ap_ufixed<9, 0, 4, 0, 0>, relu_config5>|  return value|
|ap_return_177  |  out|    9|  ap_ctrl_hs|  relu<ap_fixed<30, 21, 5, 3, 0>, ap_ufixed<9, 0, 4, 0, 0>, relu_config5>|  return value|
|ap_return_178  |  out|    9|  ap_ctrl_hs|  relu<ap_fixed<30, 21, 5, 3, 0>, ap_ufixed<9, 0, 4, 0, 0>, relu_config5>|  return value|
|ap_return_179  |  out|    9|  ap_ctrl_hs|  relu<ap_fixed<30, 21, 5, 3, 0>, ap_ufixed<9, 0, 4, 0, 0>, relu_config5>|  return value|
|ap_return_180  |  out|    9|  ap_ctrl_hs|  relu<ap_fixed<30, 21, 5, 3, 0>, ap_ufixed<9, 0, 4, 0, 0>, relu_config5>|  return value|
|ap_return_181  |  out|    9|  ap_ctrl_hs|  relu<ap_fixed<30, 21, 5, 3, 0>, ap_ufixed<9, 0, 4, 0, 0>, relu_config5>|  return value|
|ap_return_182  |  out|    9|  ap_ctrl_hs|  relu<ap_fixed<30, 21, 5, 3, 0>, ap_ufixed<9, 0, 4, 0, 0>, relu_config5>|  return value|
|ap_return_183  |  out|    9|  ap_ctrl_hs|  relu<ap_fixed<30, 21, 5, 3, 0>, ap_ufixed<9, 0, 4, 0, 0>, relu_config5>|  return value|
|ap_return_184  |  out|    9|  ap_ctrl_hs|  relu<ap_fixed<30, 21, 5, 3, 0>, ap_ufixed<9, 0, 4, 0, 0>, relu_config5>|  return value|
|ap_return_185  |  out|    9|  ap_ctrl_hs|  relu<ap_fixed<30, 21, 5, 3, 0>, ap_ufixed<9, 0, 4, 0, 0>, relu_config5>|  return value|
|ap_return_186  |  out|    9|  ap_ctrl_hs|  relu<ap_fixed<30, 21, 5, 3, 0>, ap_ufixed<9, 0, 4, 0, 0>, relu_config5>|  return value|
|ap_return_187  |  out|    9|  ap_ctrl_hs|  relu<ap_fixed<30, 21, 5, 3, 0>, ap_ufixed<9, 0, 4, 0, 0>, relu_config5>|  return value|
|ap_return_188  |  out|    9|  ap_ctrl_hs|  relu<ap_fixed<30, 21, 5, 3, 0>, ap_ufixed<9, 0, 4, 0, 0>, relu_config5>|  return value|
|ap_return_189  |  out|    9|  ap_ctrl_hs|  relu<ap_fixed<30, 21, 5, 3, 0>, ap_ufixed<9, 0, 4, 0, 0>, relu_config5>|  return value|
|ap_return_190  |  out|    9|  ap_ctrl_hs|  relu<ap_fixed<30, 21, 5, 3, 0>, ap_ufixed<9, 0, 4, 0, 0>, relu_config5>|  return value|
|ap_return_191  |  out|    9|  ap_ctrl_hs|  relu<ap_fixed<30, 21, 5, 3, 0>, ap_ufixed<9, 0, 4, 0, 0>, relu_config5>|  return value|
|ap_return_192  |  out|    9|  ap_ctrl_hs|  relu<ap_fixed<30, 21, 5, 3, 0>, ap_ufixed<9, 0, 4, 0, 0>, relu_config5>|  return value|
|ap_return_193  |  out|    9|  ap_ctrl_hs|  relu<ap_fixed<30, 21, 5, 3, 0>, ap_ufixed<9, 0, 4, 0, 0>, relu_config5>|  return value|
|ap_return_194  |  out|    9|  ap_ctrl_hs|  relu<ap_fixed<30, 21, 5, 3, 0>, ap_ufixed<9, 0, 4, 0, 0>, relu_config5>|  return value|
|ap_return_195  |  out|    9|  ap_ctrl_hs|  relu<ap_fixed<30, 21, 5, 3, 0>, ap_ufixed<9, 0, 4, 0, 0>, relu_config5>|  return value|
|ap_return_196  |  out|    9|  ap_ctrl_hs|  relu<ap_fixed<30, 21, 5, 3, 0>, ap_ufixed<9, 0, 4, 0, 0>, relu_config5>|  return value|
|ap_return_197  |  out|    9|  ap_ctrl_hs|  relu<ap_fixed<30, 21, 5, 3, 0>, ap_ufixed<9, 0, 4, 0, 0>, relu_config5>|  return value|
|ap_return_198  |  out|    9|  ap_ctrl_hs|  relu<ap_fixed<30, 21, 5, 3, 0>, ap_ufixed<9, 0, 4, 0, 0>, relu_config5>|  return value|
|ap_return_199  |  out|    9|  ap_ctrl_hs|  relu<ap_fixed<30, 21, 5, 3, 0>, ap_ufixed<9, 0, 4, 0, 0>, relu_config5>|  return value|
|ap_return_200  |  out|    9|  ap_ctrl_hs|  relu<ap_fixed<30, 21, 5, 3, 0>, ap_ufixed<9, 0, 4, 0, 0>, relu_config5>|  return value|
|ap_return_201  |  out|    9|  ap_ctrl_hs|  relu<ap_fixed<30, 21, 5, 3, 0>, ap_ufixed<9, 0, 4, 0, 0>, relu_config5>|  return value|
|ap_return_202  |  out|    9|  ap_ctrl_hs|  relu<ap_fixed<30, 21, 5, 3, 0>, ap_ufixed<9, 0, 4, 0, 0>, relu_config5>|  return value|
|ap_return_203  |  out|    9|  ap_ctrl_hs|  relu<ap_fixed<30, 21, 5, 3, 0>, ap_ufixed<9, 0, 4, 0, 0>, relu_config5>|  return value|
|ap_return_204  |  out|    9|  ap_ctrl_hs|  relu<ap_fixed<30, 21, 5, 3, 0>, ap_ufixed<9, 0, 4, 0, 0>, relu_config5>|  return value|
|ap_return_205  |  out|    9|  ap_ctrl_hs|  relu<ap_fixed<30, 21, 5, 3, 0>, ap_ufixed<9, 0, 4, 0, 0>, relu_config5>|  return value|
|ap_return_206  |  out|    9|  ap_ctrl_hs|  relu<ap_fixed<30, 21, 5, 3, 0>, ap_ufixed<9, 0, 4, 0, 0>, relu_config5>|  return value|
|ap_return_207  |  out|    9|  ap_ctrl_hs|  relu<ap_fixed<30, 21, 5, 3, 0>, ap_ufixed<9, 0, 4, 0, 0>, relu_config5>|  return value|
|ap_return_208  |  out|    9|  ap_ctrl_hs|  relu<ap_fixed<30, 21, 5, 3, 0>, ap_ufixed<9, 0, 4, 0, 0>, relu_config5>|  return value|
|ap_return_209  |  out|    9|  ap_ctrl_hs|  relu<ap_fixed<30, 21, 5, 3, 0>, ap_ufixed<9, 0, 4, 0, 0>, relu_config5>|  return value|
|ap_return_210  |  out|    9|  ap_ctrl_hs|  relu<ap_fixed<30, 21, 5, 3, 0>, ap_ufixed<9, 0, 4, 0, 0>, relu_config5>|  return value|
|ap_return_211  |  out|    9|  ap_ctrl_hs|  relu<ap_fixed<30, 21, 5, 3, 0>, ap_ufixed<9, 0, 4, 0, 0>, relu_config5>|  return value|
|ap_return_212  |  out|    9|  ap_ctrl_hs|  relu<ap_fixed<30, 21, 5, 3, 0>, ap_ufixed<9, 0, 4, 0, 0>, relu_config5>|  return value|
|ap_return_213  |  out|    9|  ap_ctrl_hs|  relu<ap_fixed<30, 21, 5, 3, 0>, ap_ufixed<9, 0, 4, 0, 0>, relu_config5>|  return value|
|ap_return_214  |  out|    9|  ap_ctrl_hs|  relu<ap_fixed<30, 21, 5, 3, 0>, ap_ufixed<9, 0, 4, 0, 0>, relu_config5>|  return value|
|ap_return_215  |  out|    9|  ap_ctrl_hs|  relu<ap_fixed<30, 21, 5, 3, 0>, ap_ufixed<9, 0, 4, 0, 0>, relu_config5>|  return value|
|ap_return_216  |  out|    9|  ap_ctrl_hs|  relu<ap_fixed<30, 21, 5, 3, 0>, ap_ufixed<9, 0, 4, 0, 0>, relu_config5>|  return value|
|ap_return_217  |  out|    9|  ap_ctrl_hs|  relu<ap_fixed<30, 21, 5, 3, 0>, ap_ufixed<9, 0, 4, 0, 0>, relu_config5>|  return value|
|ap_return_218  |  out|    9|  ap_ctrl_hs|  relu<ap_fixed<30, 21, 5, 3, 0>, ap_ufixed<9, 0, 4, 0, 0>, relu_config5>|  return value|
|ap_return_219  |  out|    9|  ap_ctrl_hs|  relu<ap_fixed<30, 21, 5, 3, 0>, ap_ufixed<9, 0, 4, 0, 0>, relu_config5>|  return value|
|ap_return_220  |  out|    9|  ap_ctrl_hs|  relu<ap_fixed<30, 21, 5, 3, 0>, ap_ufixed<9, 0, 4, 0, 0>, relu_config5>|  return value|
|ap_return_221  |  out|    9|  ap_ctrl_hs|  relu<ap_fixed<30, 21, 5, 3, 0>, ap_ufixed<9, 0, 4, 0, 0>, relu_config5>|  return value|
|ap_return_222  |  out|    9|  ap_ctrl_hs|  relu<ap_fixed<30, 21, 5, 3, 0>, ap_ufixed<9, 0, 4, 0, 0>, relu_config5>|  return value|
|ap_return_223  |  out|    9|  ap_ctrl_hs|  relu<ap_fixed<30, 21, 5, 3, 0>, ap_ufixed<9, 0, 4, 0, 0>, relu_config5>|  return value|
|ap_return_224  |  out|    9|  ap_ctrl_hs|  relu<ap_fixed<30, 21, 5, 3, 0>, ap_ufixed<9, 0, 4, 0, 0>, relu_config5>|  return value|
|ap_return_225  |  out|    9|  ap_ctrl_hs|  relu<ap_fixed<30, 21, 5, 3, 0>, ap_ufixed<9, 0, 4, 0, 0>, relu_config5>|  return value|
|ap_return_226  |  out|    9|  ap_ctrl_hs|  relu<ap_fixed<30, 21, 5, 3, 0>, ap_ufixed<9, 0, 4, 0, 0>, relu_config5>|  return value|
|ap_return_227  |  out|    9|  ap_ctrl_hs|  relu<ap_fixed<30, 21, 5, 3, 0>, ap_ufixed<9, 0, 4, 0, 0>, relu_config5>|  return value|
|ap_return_228  |  out|    9|  ap_ctrl_hs|  relu<ap_fixed<30, 21, 5, 3, 0>, ap_ufixed<9, 0, 4, 0, 0>, relu_config5>|  return value|
|ap_return_229  |  out|    9|  ap_ctrl_hs|  relu<ap_fixed<30, 21, 5, 3, 0>, ap_ufixed<9, 0, 4, 0, 0>, relu_config5>|  return value|
|ap_return_230  |  out|    9|  ap_ctrl_hs|  relu<ap_fixed<30, 21, 5, 3, 0>, ap_ufixed<9, 0, 4, 0, 0>, relu_config5>|  return value|
|ap_return_231  |  out|    9|  ap_ctrl_hs|  relu<ap_fixed<30, 21, 5, 3, 0>, ap_ufixed<9, 0, 4, 0, 0>, relu_config5>|  return value|
|ap_return_232  |  out|    9|  ap_ctrl_hs|  relu<ap_fixed<30, 21, 5, 3, 0>, ap_ufixed<9, 0, 4, 0, 0>, relu_config5>|  return value|
|ap_return_233  |  out|    9|  ap_ctrl_hs|  relu<ap_fixed<30, 21, 5, 3, 0>, ap_ufixed<9, 0, 4, 0, 0>, relu_config5>|  return value|
|ap_return_234  |  out|    9|  ap_ctrl_hs|  relu<ap_fixed<30, 21, 5, 3, 0>, ap_ufixed<9, 0, 4, 0, 0>, relu_config5>|  return value|
|ap_return_235  |  out|    9|  ap_ctrl_hs|  relu<ap_fixed<30, 21, 5, 3, 0>, ap_ufixed<9, 0, 4, 0, 0>, relu_config5>|  return value|
|ap_return_236  |  out|    9|  ap_ctrl_hs|  relu<ap_fixed<30, 21, 5, 3, 0>, ap_ufixed<9, 0, 4, 0, 0>, relu_config5>|  return value|
|ap_return_237  |  out|    9|  ap_ctrl_hs|  relu<ap_fixed<30, 21, 5, 3, 0>, ap_ufixed<9, 0, 4, 0, 0>, relu_config5>|  return value|
|ap_return_238  |  out|    9|  ap_ctrl_hs|  relu<ap_fixed<30, 21, 5, 3, 0>, ap_ufixed<9, 0, 4, 0, 0>, relu_config5>|  return value|
|ap_return_239  |  out|    9|  ap_ctrl_hs|  relu<ap_fixed<30, 21, 5, 3, 0>, ap_ufixed<9, 0, 4, 0, 0>, relu_config5>|  return value|
|ap_return_240  |  out|    9|  ap_ctrl_hs|  relu<ap_fixed<30, 21, 5, 3, 0>, ap_ufixed<9, 0, 4, 0, 0>, relu_config5>|  return value|
|ap_return_241  |  out|    9|  ap_ctrl_hs|  relu<ap_fixed<30, 21, 5, 3, 0>, ap_ufixed<9, 0, 4, 0, 0>, relu_config5>|  return value|
|ap_return_242  |  out|    9|  ap_ctrl_hs|  relu<ap_fixed<30, 21, 5, 3, 0>, ap_ufixed<9, 0, 4, 0, 0>, relu_config5>|  return value|
|ap_return_243  |  out|    9|  ap_ctrl_hs|  relu<ap_fixed<30, 21, 5, 3, 0>, ap_ufixed<9, 0, 4, 0, 0>, relu_config5>|  return value|
|ap_return_244  |  out|    9|  ap_ctrl_hs|  relu<ap_fixed<30, 21, 5, 3, 0>, ap_ufixed<9, 0, 4, 0, 0>, relu_config5>|  return value|
|ap_return_245  |  out|    9|  ap_ctrl_hs|  relu<ap_fixed<30, 21, 5, 3, 0>, ap_ufixed<9, 0, 4, 0, 0>, relu_config5>|  return value|
|ap_return_246  |  out|    9|  ap_ctrl_hs|  relu<ap_fixed<30, 21, 5, 3, 0>, ap_ufixed<9, 0, 4, 0, 0>, relu_config5>|  return value|
|ap_return_247  |  out|    9|  ap_ctrl_hs|  relu<ap_fixed<30, 21, 5, 3, 0>, ap_ufixed<9, 0, 4, 0, 0>, relu_config5>|  return value|
|ap_return_248  |  out|    9|  ap_ctrl_hs|  relu<ap_fixed<30, 21, 5, 3, 0>, ap_ufixed<9, 0, 4, 0, 0>, relu_config5>|  return value|
|ap_return_249  |  out|    9|  ap_ctrl_hs|  relu<ap_fixed<30, 21, 5, 3, 0>, ap_ufixed<9, 0, 4, 0, 0>, relu_config5>|  return value|
|ap_return_250  |  out|    9|  ap_ctrl_hs|  relu<ap_fixed<30, 21, 5, 3, 0>, ap_ufixed<9, 0, 4, 0, 0>, relu_config5>|  return value|
|ap_return_251  |  out|    9|  ap_ctrl_hs|  relu<ap_fixed<30, 21, 5, 3, 0>, ap_ufixed<9, 0, 4, 0, 0>, relu_config5>|  return value|
|ap_return_252  |  out|    9|  ap_ctrl_hs|  relu<ap_fixed<30, 21, 5, 3, 0>, ap_ufixed<9, 0, 4, 0, 0>, relu_config5>|  return value|
|ap_return_253  |  out|    9|  ap_ctrl_hs|  relu<ap_fixed<30, 21, 5, 3, 0>, ap_ufixed<9, 0, 4, 0, 0>, relu_config5>|  return value|
|ap_return_254  |  out|    9|  ap_ctrl_hs|  relu<ap_fixed<30, 21, 5, 3, 0>, ap_ufixed<9, 0, 4, 0, 0>, relu_config5>|  return value|
|ap_return_255  |  out|    9|  ap_ctrl_hs|  relu<ap_fixed<30, 21, 5, 3, 0>, ap_ufixed<9, 0, 4, 0, 0>, relu_config5>|  return value|
|ap_return_256  |  out|    9|  ap_ctrl_hs|  relu<ap_fixed<30, 21, 5, 3, 0>, ap_ufixed<9, 0, 4, 0, 0>, relu_config5>|  return value|
|ap_return_257  |  out|    9|  ap_ctrl_hs|  relu<ap_fixed<30, 21, 5, 3, 0>, ap_ufixed<9, 0, 4, 0, 0>, relu_config5>|  return value|
|ap_return_258  |  out|    9|  ap_ctrl_hs|  relu<ap_fixed<30, 21, 5, 3, 0>, ap_ufixed<9, 0, 4, 0, 0>, relu_config5>|  return value|
|ap_return_259  |  out|    9|  ap_ctrl_hs|  relu<ap_fixed<30, 21, 5, 3, 0>, ap_ufixed<9, 0, 4, 0, 0>, relu_config5>|  return value|
|ap_return_260  |  out|    9|  ap_ctrl_hs|  relu<ap_fixed<30, 21, 5, 3, 0>, ap_ufixed<9, 0, 4, 0, 0>, relu_config5>|  return value|
|ap_return_261  |  out|    9|  ap_ctrl_hs|  relu<ap_fixed<30, 21, 5, 3, 0>, ap_ufixed<9, 0, 4, 0, 0>, relu_config5>|  return value|
|ap_return_262  |  out|    9|  ap_ctrl_hs|  relu<ap_fixed<30, 21, 5, 3, 0>, ap_ufixed<9, 0, 4, 0, 0>, relu_config5>|  return value|
|ap_return_263  |  out|    9|  ap_ctrl_hs|  relu<ap_fixed<30, 21, 5, 3, 0>, ap_ufixed<9, 0, 4, 0, 0>, relu_config5>|  return value|
|ap_return_264  |  out|    9|  ap_ctrl_hs|  relu<ap_fixed<30, 21, 5, 3, 0>, ap_ufixed<9, 0, 4, 0, 0>, relu_config5>|  return value|
|ap_return_265  |  out|    9|  ap_ctrl_hs|  relu<ap_fixed<30, 21, 5, 3, 0>, ap_ufixed<9, 0, 4, 0, 0>, relu_config5>|  return value|
|ap_return_266  |  out|    9|  ap_ctrl_hs|  relu<ap_fixed<30, 21, 5, 3, 0>, ap_ufixed<9, 0, 4, 0, 0>, relu_config5>|  return value|
|ap_return_267  |  out|    9|  ap_ctrl_hs|  relu<ap_fixed<30, 21, 5, 3, 0>, ap_ufixed<9, 0, 4, 0, 0>, relu_config5>|  return value|
|ap_return_268  |  out|    9|  ap_ctrl_hs|  relu<ap_fixed<30, 21, 5, 3, 0>, ap_ufixed<9, 0, 4, 0, 0>, relu_config5>|  return value|
|ap_return_269  |  out|    9|  ap_ctrl_hs|  relu<ap_fixed<30, 21, 5, 3, 0>, ap_ufixed<9, 0, 4, 0, 0>, relu_config5>|  return value|
|ap_return_270  |  out|    9|  ap_ctrl_hs|  relu<ap_fixed<30, 21, 5, 3, 0>, ap_ufixed<9, 0, 4, 0, 0>, relu_config5>|  return value|
|ap_return_271  |  out|    9|  ap_ctrl_hs|  relu<ap_fixed<30, 21, 5, 3, 0>, ap_ufixed<9, 0, 4, 0, 0>, relu_config5>|  return value|
|ap_return_272  |  out|    9|  ap_ctrl_hs|  relu<ap_fixed<30, 21, 5, 3, 0>, ap_ufixed<9, 0, 4, 0, 0>, relu_config5>|  return value|
|ap_return_273  |  out|    9|  ap_ctrl_hs|  relu<ap_fixed<30, 21, 5, 3, 0>, ap_ufixed<9, 0, 4, 0, 0>, relu_config5>|  return value|
|ap_return_274  |  out|    9|  ap_ctrl_hs|  relu<ap_fixed<30, 21, 5, 3, 0>, ap_ufixed<9, 0, 4, 0, 0>, relu_config5>|  return value|
|ap_return_275  |  out|    9|  ap_ctrl_hs|  relu<ap_fixed<30, 21, 5, 3, 0>, ap_ufixed<9, 0, 4, 0, 0>, relu_config5>|  return value|
|ap_return_276  |  out|    9|  ap_ctrl_hs|  relu<ap_fixed<30, 21, 5, 3, 0>, ap_ufixed<9, 0, 4, 0, 0>, relu_config5>|  return value|
|ap_return_277  |  out|    9|  ap_ctrl_hs|  relu<ap_fixed<30, 21, 5, 3, 0>, ap_ufixed<9, 0, 4, 0, 0>, relu_config5>|  return value|
|ap_return_278  |  out|    9|  ap_ctrl_hs|  relu<ap_fixed<30, 21, 5, 3, 0>, ap_ufixed<9, 0, 4, 0, 0>, relu_config5>|  return value|
|ap_return_279  |  out|    9|  ap_ctrl_hs|  relu<ap_fixed<30, 21, 5, 3, 0>, ap_ufixed<9, 0, 4, 0, 0>, relu_config5>|  return value|
|ap_return_280  |  out|    9|  ap_ctrl_hs|  relu<ap_fixed<30, 21, 5, 3, 0>, ap_ufixed<9, 0, 4, 0, 0>, relu_config5>|  return value|
|ap_return_281  |  out|    9|  ap_ctrl_hs|  relu<ap_fixed<30, 21, 5, 3, 0>, ap_ufixed<9, 0, 4, 0, 0>, relu_config5>|  return value|
|ap_return_282  |  out|    9|  ap_ctrl_hs|  relu<ap_fixed<30, 21, 5, 3, 0>, ap_ufixed<9, 0, 4, 0, 0>, relu_config5>|  return value|
|ap_return_283  |  out|    9|  ap_ctrl_hs|  relu<ap_fixed<30, 21, 5, 3, 0>, ap_ufixed<9, 0, 4, 0, 0>, relu_config5>|  return value|
|ap_return_284  |  out|    9|  ap_ctrl_hs|  relu<ap_fixed<30, 21, 5, 3, 0>, ap_ufixed<9, 0, 4, 0, 0>, relu_config5>|  return value|
|ap_return_285  |  out|    9|  ap_ctrl_hs|  relu<ap_fixed<30, 21, 5, 3, 0>, ap_ufixed<9, 0, 4, 0, 0>, relu_config5>|  return value|
|ap_return_286  |  out|    9|  ap_ctrl_hs|  relu<ap_fixed<30, 21, 5, 3, 0>, ap_ufixed<9, 0, 4, 0, 0>, relu_config5>|  return value|
|ap_return_287  |  out|    9|  ap_ctrl_hs|  relu<ap_fixed<30, 21, 5, 3, 0>, ap_ufixed<9, 0, 4, 0, 0>, relu_config5>|  return value|
|ap_return_288  |  out|    9|  ap_ctrl_hs|  relu<ap_fixed<30, 21, 5, 3, 0>, ap_ufixed<9, 0, 4, 0, 0>, relu_config5>|  return value|
|ap_return_289  |  out|    9|  ap_ctrl_hs|  relu<ap_fixed<30, 21, 5, 3, 0>, ap_ufixed<9, 0, 4, 0, 0>, relu_config5>|  return value|
|ap_return_290  |  out|    9|  ap_ctrl_hs|  relu<ap_fixed<30, 21, 5, 3, 0>, ap_ufixed<9, 0, 4, 0, 0>, relu_config5>|  return value|
|ap_return_291  |  out|    9|  ap_ctrl_hs|  relu<ap_fixed<30, 21, 5, 3, 0>, ap_ufixed<9, 0, 4, 0, 0>, relu_config5>|  return value|
|ap_return_292  |  out|    9|  ap_ctrl_hs|  relu<ap_fixed<30, 21, 5, 3, 0>, ap_ufixed<9, 0, 4, 0, 0>, relu_config5>|  return value|
|ap_return_293  |  out|    9|  ap_ctrl_hs|  relu<ap_fixed<30, 21, 5, 3, 0>, ap_ufixed<9, 0, 4, 0, 0>, relu_config5>|  return value|
|ap_return_294  |  out|    9|  ap_ctrl_hs|  relu<ap_fixed<30, 21, 5, 3, 0>, ap_ufixed<9, 0, 4, 0, 0>, relu_config5>|  return value|
|ap_return_295  |  out|    9|  ap_ctrl_hs|  relu<ap_fixed<30, 21, 5, 3, 0>, ap_ufixed<9, 0, 4, 0, 0>, relu_config5>|  return value|
|ap_return_296  |  out|    9|  ap_ctrl_hs|  relu<ap_fixed<30, 21, 5, 3, 0>, ap_ufixed<9, 0, 4, 0, 0>, relu_config5>|  return value|
|ap_return_297  |  out|    9|  ap_ctrl_hs|  relu<ap_fixed<30, 21, 5, 3, 0>, ap_ufixed<9, 0, 4, 0, 0>, relu_config5>|  return value|
|ap_return_298  |  out|    9|  ap_ctrl_hs|  relu<ap_fixed<30, 21, 5, 3, 0>, ap_ufixed<9, 0, 4, 0, 0>, relu_config5>|  return value|
|ap_return_299  |  out|    9|  ap_ctrl_hs|  relu<ap_fixed<30, 21, 5, 3, 0>, ap_ufixed<9, 0, 4, 0, 0>, relu_config5>|  return value|
|ap_return_300  |  out|    9|  ap_ctrl_hs|  relu<ap_fixed<30, 21, 5, 3, 0>, ap_ufixed<9, 0, 4, 0, 0>, relu_config5>|  return value|
|ap_return_301  |  out|    9|  ap_ctrl_hs|  relu<ap_fixed<30, 21, 5, 3, 0>, ap_ufixed<9, 0, 4, 0, 0>, relu_config5>|  return value|
|ap_return_302  |  out|    9|  ap_ctrl_hs|  relu<ap_fixed<30, 21, 5, 3, 0>, ap_ufixed<9, 0, 4, 0, 0>, relu_config5>|  return value|
|ap_return_303  |  out|    9|  ap_ctrl_hs|  relu<ap_fixed<30, 21, 5, 3, 0>, ap_ufixed<9, 0, 4, 0, 0>, relu_config5>|  return value|
|ap_return_304  |  out|    9|  ap_ctrl_hs|  relu<ap_fixed<30, 21, 5, 3, 0>, ap_ufixed<9, 0, 4, 0, 0>, relu_config5>|  return value|
|ap_return_305  |  out|    9|  ap_ctrl_hs|  relu<ap_fixed<30, 21, 5, 3, 0>, ap_ufixed<9, 0, 4, 0, 0>, relu_config5>|  return value|
|ap_return_306  |  out|    9|  ap_ctrl_hs|  relu<ap_fixed<30, 21, 5, 3, 0>, ap_ufixed<9, 0, 4, 0, 0>, relu_config5>|  return value|
|ap_return_307  |  out|    9|  ap_ctrl_hs|  relu<ap_fixed<30, 21, 5, 3, 0>, ap_ufixed<9, 0, 4, 0, 0>, relu_config5>|  return value|
|ap_return_308  |  out|    9|  ap_ctrl_hs|  relu<ap_fixed<30, 21, 5, 3, 0>, ap_ufixed<9, 0, 4, 0, 0>, relu_config5>|  return value|
|ap_return_309  |  out|    9|  ap_ctrl_hs|  relu<ap_fixed<30, 21, 5, 3, 0>, ap_ufixed<9, 0, 4, 0, 0>, relu_config5>|  return value|
|ap_return_310  |  out|    9|  ap_ctrl_hs|  relu<ap_fixed<30, 21, 5, 3, 0>, ap_ufixed<9, 0, 4, 0, 0>, relu_config5>|  return value|
|ap_return_311  |  out|    9|  ap_ctrl_hs|  relu<ap_fixed<30, 21, 5, 3, 0>, ap_ufixed<9, 0, 4, 0, 0>, relu_config5>|  return value|
|ap_return_312  |  out|    9|  ap_ctrl_hs|  relu<ap_fixed<30, 21, 5, 3, 0>, ap_ufixed<9, 0, 4, 0, 0>, relu_config5>|  return value|
|ap_return_313  |  out|    9|  ap_ctrl_hs|  relu<ap_fixed<30, 21, 5, 3, 0>, ap_ufixed<9, 0, 4, 0, 0>, relu_config5>|  return value|
|ap_return_314  |  out|    9|  ap_ctrl_hs|  relu<ap_fixed<30, 21, 5, 3, 0>, ap_ufixed<9, 0, 4, 0, 0>, relu_config5>|  return value|
|ap_return_315  |  out|    9|  ap_ctrl_hs|  relu<ap_fixed<30, 21, 5, 3, 0>, ap_ufixed<9, 0, 4, 0, 0>, relu_config5>|  return value|
|ap_return_316  |  out|    9|  ap_ctrl_hs|  relu<ap_fixed<30, 21, 5, 3, 0>, ap_ufixed<9, 0, 4, 0, 0>, relu_config5>|  return value|
|ap_return_317  |  out|    9|  ap_ctrl_hs|  relu<ap_fixed<30, 21, 5, 3, 0>, ap_ufixed<9, 0, 4, 0, 0>, relu_config5>|  return value|
|ap_return_318  |  out|    9|  ap_ctrl_hs|  relu<ap_fixed<30, 21, 5, 3, 0>, ap_ufixed<9, 0, 4, 0, 0>, relu_config5>|  return value|
|ap_return_319  |  out|    9|  ap_ctrl_hs|  relu<ap_fixed<30, 21, 5, 3, 0>, ap_ufixed<9, 0, 4, 0, 0>, relu_config5>|  return value|
|ap_return_320  |  out|    9|  ap_ctrl_hs|  relu<ap_fixed<30, 21, 5, 3, 0>, ap_ufixed<9, 0, 4, 0, 0>, relu_config5>|  return value|
|ap_return_321  |  out|    9|  ap_ctrl_hs|  relu<ap_fixed<30, 21, 5, 3, 0>, ap_ufixed<9, 0, 4, 0, 0>, relu_config5>|  return value|
|ap_return_322  |  out|    9|  ap_ctrl_hs|  relu<ap_fixed<30, 21, 5, 3, 0>, ap_ufixed<9, 0, 4, 0, 0>, relu_config5>|  return value|
|ap_return_323  |  out|    9|  ap_ctrl_hs|  relu<ap_fixed<30, 21, 5, 3, 0>, ap_ufixed<9, 0, 4, 0, 0>, relu_config5>|  return value|
|ap_return_324  |  out|    9|  ap_ctrl_hs|  relu<ap_fixed<30, 21, 5, 3, 0>, ap_ufixed<9, 0, 4, 0, 0>, relu_config5>|  return value|
|ap_return_325  |  out|    9|  ap_ctrl_hs|  relu<ap_fixed<30, 21, 5, 3, 0>, ap_ufixed<9, 0, 4, 0, 0>, relu_config5>|  return value|
|ap_return_326  |  out|    9|  ap_ctrl_hs|  relu<ap_fixed<30, 21, 5, 3, 0>, ap_ufixed<9, 0, 4, 0, 0>, relu_config5>|  return value|
|ap_return_327  |  out|    9|  ap_ctrl_hs|  relu<ap_fixed<30, 21, 5, 3, 0>, ap_ufixed<9, 0, 4, 0, 0>, relu_config5>|  return value|
|ap_return_328  |  out|    9|  ap_ctrl_hs|  relu<ap_fixed<30, 21, 5, 3, 0>, ap_ufixed<9, 0, 4, 0, 0>, relu_config5>|  return value|
|ap_return_329  |  out|    9|  ap_ctrl_hs|  relu<ap_fixed<30, 21, 5, 3, 0>, ap_ufixed<9, 0, 4, 0, 0>, relu_config5>|  return value|
|ap_return_330  |  out|    9|  ap_ctrl_hs|  relu<ap_fixed<30, 21, 5, 3, 0>, ap_ufixed<9, 0, 4, 0, 0>, relu_config5>|  return value|
|ap_return_331  |  out|    9|  ap_ctrl_hs|  relu<ap_fixed<30, 21, 5, 3, 0>, ap_ufixed<9, 0, 4, 0, 0>, relu_config5>|  return value|
|ap_return_332  |  out|    9|  ap_ctrl_hs|  relu<ap_fixed<30, 21, 5, 3, 0>, ap_ufixed<9, 0, 4, 0, 0>, relu_config5>|  return value|
|ap_return_333  |  out|    9|  ap_ctrl_hs|  relu<ap_fixed<30, 21, 5, 3, 0>, ap_ufixed<9, 0, 4, 0, 0>, relu_config5>|  return value|
|ap_return_334  |  out|    9|  ap_ctrl_hs|  relu<ap_fixed<30, 21, 5, 3, 0>, ap_ufixed<9, 0, 4, 0, 0>, relu_config5>|  return value|
|ap_return_335  |  out|    9|  ap_ctrl_hs|  relu<ap_fixed<30, 21, 5, 3, 0>, ap_ufixed<9, 0, 4, 0, 0>, relu_config5>|  return value|
|ap_return_336  |  out|    9|  ap_ctrl_hs|  relu<ap_fixed<30, 21, 5, 3, 0>, ap_ufixed<9, 0, 4, 0, 0>, relu_config5>|  return value|
|ap_return_337  |  out|    9|  ap_ctrl_hs|  relu<ap_fixed<30, 21, 5, 3, 0>, ap_ufixed<9, 0, 4, 0, 0>, relu_config5>|  return value|
|ap_return_338  |  out|    9|  ap_ctrl_hs|  relu<ap_fixed<30, 21, 5, 3, 0>, ap_ufixed<9, 0, 4, 0, 0>, relu_config5>|  return value|
|ap_return_339  |  out|    9|  ap_ctrl_hs|  relu<ap_fixed<30, 21, 5, 3, 0>, ap_ufixed<9, 0, 4, 0, 0>, relu_config5>|  return value|
|ap_return_340  |  out|    9|  ap_ctrl_hs|  relu<ap_fixed<30, 21, 5, 3, 0>, ap_ufixed<9, 0, 4, 0, 0>, relu_config5>|  return value|
|ap_return_341  |  out|    9|  ap_ctrl_hs|  relu<ap_fixed<30, 21, 5, 3, 0>, ap_ufixed<9, 0, 4, 0, 0>, relu_config5>|  return value|
|ap_return_342  |  out|    9|  ap_ctrl_hs|  relu<ap_fixed<30, 21, 5, 3, 0>, ap_ufixed<9, 0, 4, 0, 0>, relu_config5>|  return value|
|ap_return_343  |  out|    9|  ap_ctrl_hs|  relu<ap_fixed<30, 21, 5, 3, 0>, ap_ufixed<9, 0, 4, 0, 0>, relu_config5>|  return value|
|ap_return_344  |  out|    9|  ap_ctrl_hs|  relu<ap_fixed<30, 21, 5, 3, 0>, ap_ufixed<9, 0, 4, 0, 0>, relu_config5>|  return value|
|ap_return_345  |  out|    9|  ap_ctrl_hs|  relu<ap_fixed<30, 21, 5, 3, 0>, ap_ufixed<9, 0, 4, 0, 0>, relu_config5>|  return value|
|ap_return_346  |  out|    9|  ap_ctrl_hs|  relu<ap_fixed<30, 21, 5, 3, 0>, ap_ufixed<9, 0, 4, 0, 0>, relu_config5>|  return value|
|ap_return_347  |  out|    9|  ap_ctrl_hs|  relu<ap_fixed<30, 21, 5, 3, 0>, ap_ufixed<9, 0, 4, 0, 0>, relu_config5>|  return value|
|ap_return_348  |  out|    9|  ap_ctrl_hs|  relu<ap_fixed<30, 21, 5, 3, 0>, ap_ufixed<9, 0, 4, 0, 0>, relu_config5>|  return value|
|ap_return_349  |  out|    9|  ap_ctrl_hs|  relu<ap_fixed<30, 21, 5, 3, 0>, ap_ufixed<9, 0, 4, 0, 0>, relu_config5>|  return value|
|ap_return_350  |  out|    9|  ap_ctrl_hs|  relu<ap_fixed<30, 21, 5, 3, 0>, ap_ufixed<9, 0, 4, 0, 0>, relu_config5>|  return value|
|ap_return_351  |  out|    9|  ap_ctrl_hs|  relu<ap_fixed<30, 21, 5, 3, 0>, ap_ufixed<9, 0, 4, 0, 0>, relu_config5>|  return value|
|ap_return_352  |  out|    9|  ap_ctrl_hs|  relu<ap_fixed<30, 21, 5, 3, 0>, ap_ufixed<9, 0, 4, 0, 0>, relu_config5>|  return value|
|ap_return_353  |  out|    9|  ap_ctrl_hs|  relu<ap_fixed<30, 21, 5, 3, 0>, ap_ufixed<9, 0, 4, 0, 0>, relu_config5>|  return value|
|ap_return_354  |  out|    9|  ap_ctrl_hs|  relu<ap_fixed<30, 21, 5, 3, 0>, ap_ufixed<9, 0, 4, 0, 0>, relu_config5>|  return value|
|ap_return_355  |  out|    9|  ap_ctrl_hs|  relu<ap_fixed<30, 21, 5, 3, 0>, ap_ufixed<9, 0, 4, 0, 0>, relu_config5>|  return value|
|ap_return_356  |  out|    9|  ap_ctrl_hs|  relu<ap_fixed<30, 21, 5, 3, 0>, ap_ufixed<9, 0, 4, 0, 0>, relu_config5>|  return value|
|ap_return_357  |  out|    9|  ap_ctrl_hs|  relu<ap_fixed<30, 21, 5, 3, 0>, ap_ufixed<9, 0, 4, 0, 0>, relu_config5>|  return value|
|ap_return_358  |  out|    9|  ap_ctrl_hs|  relu<ap_fixed<30, 21, 5, 3, 0>, ap_ufixed<9, 0, 4, 0, 0>, relu_config5>|  return value|
|ap_return_359  |  out|    9|  ap_ctrl_hs|  relu<ap_fixed<30, 21, 5, 3, 0>, ap_ufixed<9, 0, 4, 0, 0>, relu_config5>|  return value|
|ap_return_360  |  out|    9|  ap_ctrl_hs|  relu<ap_fixed<30, 21, 5, 3, 0>, ap_ufixed<9, 0, 4, 0, 0>, relu_config5>|  return value|
|ap_return_361  |  out|    9|  ap_ctrl_hs|  relu<ap_fixed<30, 21, 5, 3, 0>, ap_ufixed<9, 0, 4, 0, 0>, relu_config5>|  return value|
|ap_return_362  |  out|    9|  ap_ctrl_hs|  relu<ap_fixed<30, 21, 5, 3, 0>, ap_ufixed<9, 0, 4, 0, 0>, relu_config5>|  return value|
|ap_return_363  |  out|    9|  ap_ctrl_hs|  relu<ap_fixed<30, 21, 5, 3, 0>, ap_ufixed<9, 0, 4, 0, 0>, relu_config5>|  return value|
|ap_return_364  |  out|    9|  ap_ctrl_hs|  relu<ap_fixed<30, 21, 5, 3, 0>, ap_ufixed<9, 0, 4, 0, 0>, relu_config5>|  return value|
|ap_return_365  |  out|    9|  ap_ctrl_hs|  relu<ap_fixed<30, 21, 5, 3, 0>, ap_ufixed<9, 0, 4, 0, 0>, relu_config5>|  return value|
|ap_return_366  |  out|    9|  ap_ctrl_hs|  relu<ap_fixed<30, 21, 5, 3, 0>, ap_ufixed<9, 0, 4, 0, 0>, relu_config5>|  return value|
|ap_return_367  |  out|    9|  ap_ctrl_hs|  relu<ap_fixed<30, 21, 5, 3, 0>, ap_ufixed<9, 0, 4, 0, 0>, relu_config5>|  return value|
|ap_return_368  |  out|    9|  ap_ctrl_hs|  relu<ap_fixed<30, 21, 5, 3, 0>, ap_ufixed<9, 0, 4, 0, 0>, relu_config5>|  return value|
|ap_return_369  |  out|    9|  ap_ctrl_hs|  relu<ap_fixed<30, 21, 5, 3, 0>, ap_ufixed<9, 0, 4, 0, 0>, relu_config5>|  return value|
|ap_return_370  |  out|    9|  ap_ctrl_hs|  relu<ap_fixed<30, 21, 5, 3, 0>, ap_ufixed<9, 0, 4, 0, 0>, relu_config5>|  return value|
|ap_return_371  |  out|    9|  ap_ctrl_hs|  relu<ap_fixed<30, 21, 5, 3, 0>, ap_ufixed<9, 0, 4, 0, 0>, relu_config5>|  return value|
|ap_return_372  |  out|    9|  ap_ctrl_hs|  relu<ap_fixed<30, 21, 5, 3, 0>, ap_ufixed<9, 0, 4, 0, 0>, relu_config5>|  return value|
|ap_return_373  |  out|    9|  ap_ctrl_hs|  relu<ap_fixed<30, 21, 5, 3, 0>, ap_ufixed<9, 0, 4, 0, 0>, relu_config5>|  return value|
|ap_return_374  |  out|    9|  ap_ctrl_hs|  relu<ap_fixed<30, 21, 5, 3, 0>, ap_ufixed<9, 0, 4, 0, 0>, relu_config5>|  return value|
|ap_return_375  |  out|    9|  ap_ctrl_hs|  relu<ap_fixed<30, 21, 5, 3, 0>, ap_ufixed<9, 0, 4, 0, 0>, relu_config5>|  return value|
|ap_return_376  |  out|    9|  ap_ctrl_hs|  relu<ap_fixed<30, 21, 5, 3, 0>, ap_ufixed<9, 0, 4, 0, 0>, relu_config5>|  return value|
|ap_return_377  |  out|    9|  ap_ctrl_hs|  relu<ap_fixed<30, 21, 5, 3, 0>, ap_ufixed<9, 0, 4, 0, 0>, relu_config5>|  return value|
|ap_return_378  |  out|    9|  ap_ctrl_hs|  relu<ap_fixed<30, 21, 5, 3, 0>, ap_ufixed<9, 0, 4, 0, 0>, relu_config5>|  return value|
|ap_return_379  |  out|    9|  ap_ctrl_hs|  relu<ap_fixed<30, 21, 5, 3, 0>, ap_ufixed<9, 0, 4, 0, 0>, relu_config5>|  return value|
|ap_return_380  |  out|    9|  ap_ctrl_hs|  relu<ap_fixed<30, 21, 5, 3, 0>, ap_ufixed<9, 0, 4, 0, 0>, relu_config5>|  return value|
|ap_return_381  |  out|    9|  ap_ctrl_hs|  relu<ap_fixed<30, 21, 5, 3, 0>, ap_ufixed<9, 0, 4, 0, 0>, relu_config5>|  return value|
|ap_return_382  |  out|    9|  ap_ctrl_hs|  relu<ap_fixed<30, 21, 5, 3, 0>, ap_ufixed<9, 0, 4, 0, 0>, relu_config5>|  return value|
|ap_return_383  |  out|    9|  ap_ctrl_hs|  relu<ap_fixed<30, 21, 5, 3, 0>, ap_ufixed<9, 0, 4, 0, 0>, relu_config5>|  return value|
|ap_return_384  |  out|    9|  ap_ctrl_hs|  relu<ap_fixed<30, 21, 5, 3, 0>, ap_ufixed<9, 0, 4, 0, 0>, relu_config5>|  return value|
|ap_return_385  |  out|    9|  ap_ctrl_hs|  relu<ap_fixed<30, 21, 5, 3, 0>, ap_ufixed<9, 0, 4, 0, 0>, relu_config5>|  return value|
|ap_return_386  |  out|    9|  ap_ctrl_hs|  relu<ap_fixed<30, 21, 5, 3, 0>, ap_ufixed<9, 0, 4, 0, 0>, relu_config5>|  return value|
|ap_return_387  |  out|    9|  ap_ctrl_hs|  relu<ap_fixed<30, 21, 5, 3, 0>, ap_ufixed<9, 0, 4, 0, 0>, relu_config5>|  return value|
|ap_return_388  |  out|    9|  ap_ctrl_hs|  relu<ap_fixed<30, 21, 5, 3, 0>, ap_ufixed<9, 0, 4, 0, 0>, relu_config5>|  return value|
|ap_return_389  |  out|    9|  ap_ctrl_hs|  relu<ap_fixed<30, 21, 5, 3, 0>, ap_ufixed<9, 0, 4, 0, 0>, relu_config5>|  return value|
|ap_return_390  |  out|    9|  ap_ctrl_hs|  relu<ap_fixed<30, 21, 5, 3, 0>, ap_ufixed<9, 0, 4, 0, 0>, relu_config5>|  return value|
|ap_return_391  |  out|    9|  ap_ctrl_hs|  relu<ap_fixed<30, 21, 5, 3, 0>, ap_ufixed<9, 0, 4, 0, 0>, relu_config5>|  return value|
|ap_return_392  |  out|    9|  ap_ctrl_hs|  relu<ap_fixed<30, 21, 5, 3, 0>, ap_ufixed<9, 0, 4, 0, 0>, relu_config5>|  return value|
|ap_return_393  |  out|    9|  ap_ctrl_hs|  relu<ap_fixed<30, 21, 5, 3, 0>, ap_ufixed<9, 0, 4, 0, 0>, relu_config5>|  return value|
|ap_return_394  |  out|    9|  ap_ctrl_hs|  relu<ap_fixed<30, 21, 5, 3, 0>, ap_ufixed<9, 0, 4, 0, 0>, relu_config5>|  return value|
|ap_return_395  |  out|    9|  ap_ctrl_hs|  relu<ap_fixed<30, 21, 5, 3, 0>, ap_ufixed<9, 0, 4, 0, 0>, relu_config5>|  return value|
|ap_return_396  |  out|    9|  ap_ctrl_hs|  relu<ap_fixed<30, 21, 5, 3, 0>, ap_ufixed<9, 0, 4, 0, 0>, relu_config5>|  return value|
|ap_return_397  |  out|    9|  ap_ctrl_hs|  relu<ap_fixed<30, 21, 5, 3, 0>, ap_ufixed<9, 0, 4, 0, 0>, relu_config5>|  return value|
|ap_return_398  |  out|    9|  ap_ctrl_hs|  relu<ap_fixed<30, 21, 5, 3, 0>, ap_ufixed<9, 0, 4, 0, 0>, relu_config5>|  return value|
|ap_return_399  |  out|    9|  ap_ctrl_hs|  relu<ap_fixed<30, 21, 5, 3, 0>, ap_ufixed<9, 0, 4, 0, 0>, relu_config5>|  return value|
|ap_return_400  |  out|    9|  ap_ctrl_hs|  relu<ap_fixed<30, 21, 5, 3, 0>, ap_ufixed<9, 0, 4, 0, 0>, relu_config5>|  return value|
|ap_return_401  |  out|    9|  ap_ctrl_hs|  relu<ap_fixed<30, 21, 5, 3, 0>, ap_ufixed<9, 0, 4, 0, 0>, relu_config5>|  return value|
|ap_return_402  |  out|    9|  ap_ctrl_hs|  relu<ap_fixed<30, 21, 5, 3, 0>, ap_ufixed<9, 0, 4, 0, 0>, relu_config5>|  return value|
|ap_return_403  |  out|    9|  ap_ctrl_hs|  relu<ap_fixed<30, 21, 5, 3, 0>, ap_ufixed<9, 0, 4, 0, 0>, relu_config5>|  return value|
|ap_return_404  |  out|    9|  ap_ctrl_hs|  relu<ap_fixed<30, 21, 5, 3, 0>, ap_ufixed<9, 0, 4, 0, 0>, relu_config5>|  return value|
|ap_return_405  |  out|    9|  ap_ctrl_hs|  relu<ap_fixed<30, 21, 5, 3, 0>, ap_ufixed<9, 0, 4, 0, 0>, relu_config5>|  return value|
|ap_return_406  |  out|    9|  ap_ctrl_hs|  relu<ap_fixed<30, 21, 5, 3, 0>, ap_ufixed<9, 0, 4, 0, 0>, relu_config5>|  return value|
|ap_return_407  |  out|    9|  ap_ctrl_hs|  relu<ap_fixed<30, 21, 5, 3, 0>, ap_ufixed<9, 0, 4, 0, 0>, relu_config5>|  return value|
|ap_return_408  |  out|    9|  ap_ctrl_hs|  relu<ap_fixed<30, 21, 5, 3, 0>, ap_ufixed<9, 0, 4, 0, 0>, relu_config5>|  return value|
|ap_return_409  |  out|    9|  ap_ctrl_hs|  relu<ap_fixed<30, 21, 5, 3, 0>, ap_ufixed<9, 0, 4, 0, 0>, relu_config5>|  return value|
|ap_return_410  |  out|    9|  ap_ctrl_hs|  relu<ap_fixed<30, 21, 5, 3, 0>, ap_ufixed<9, 0, 4, 0, 0>, relu_config5>|  return value|
|ap_return_411  |  out|    9|  ap_ctrl_hs|  relu<ap_fixed<30, 21, 5, 3, 0>, ap_ufixed<9, 0, 4, 0, 0>, relu_config5>|  return value|
|ap_return_412  |  out|    9|  ap_ctrl_hs|  relu<ap_fixed<30, 21, 5, 3, 0>, ap_ufixed<9, 0, 4, 0, 0>, relu_config5>|  return value|
|ap_return_413  |  out|    9|  ap_ctrl_hs|  relu<ap_fixed<30, 21, 5, 3, 0>, ap_ufixed<9, 0, 4, 0, 0>, relu_config5>|  return value|
|ap_return_414  |  out|    9|  ap_ctrl_hs|  relu<ap_fixed<30, 21, 5, 3, 0>, ap_ufixed<9, 0, 4, 0, 0>, relu_config5>|  return value|
|ap_return_415  |  out|    9|  ap_ctrl_hs|  relu<ap_fixed<30, 21, 5, 3, 0>, ap_ufixed<9, 0, 4, 0, 0>, relu_config5>|  return value|
|ap_return_416  |  out|    9|  ap_ctrl_hs|  relu<ap_fixed<30, 21, 5, 3, 0>, ap_ufixed<9, 0, 4, 0, 0>, relu_config5>|  return value|
|ap_return_417  |  out|    9|  ap_ctrl_hs|  relu<ap_fixed<30, 21, 5, 3, 0>, ap_ufixed<9, 0, 4, 0, 0>, relu_config5>|  return value|
|ap_return_418  |  out|    9|  ap_ctrl_hs|  relu<ap_fixed<30, 21, 5, 3, 0>, ap_ufixed<9, 0, 4, 0, 0>, relu_config5>|  return value|
|ap_return_419  |  out|    9|  ap_ctrl_hs|  relu<ap_fixed<30, 21, 5, 3, 0>, ap_ufixed<9, 0, 4, 0, 0>, relu_config5>|  return value|
|ap_return_420  |  out|    9|  ap_ctrl_hs|  relu<ap_fixed<30, 21, 5, 3, 0>, ap_ufixed<9, 0, 4, 0, 0>, relu_config5>|  return value|
|ap_return_421  |  out|    9|  ap_ctrl_hs|  relu<ap_fixed<30, 21, 5, 3, 0>, ap_ufixed<9, 0, 4, 0, 0>, relu_config5>|  return value|
|ap_return_422  |  out|    9|  ap_ctrl_hs|  relu<ap_fixed<30, 21, 5, 3, 0>, ap_ufixed<9, 0, 4, 0, 0>, relu_config5>|  return value|
|ap_return_423  |  out|    9|  ap_ctrl_hs|  relu<ap_fixed<30, 21, 5, 3, 0>, ap_ufixed<9, 0, 4, 0, 0>, relu_config5>|  return value|
|ap_return_424  |  out|    9|  ap_ctrl_hs|  relu<ap_fixed<30, 21, 5, 3, 0>, ap_ufixed<9, 0, 4, 0, 0>, relu_config5>|  return value|
|ap_return_425  |  out|    9|  ap_ctrl_hs|  relu<ap_fixed<30, 21, 5, 3, 0>, ap_ufixed<9, 0, 4, 0, 0>, relu_config5>|  return value|
|ap_return_426  |  out|    9|  ap_ctrl_hs|  relu<ap_fixed<30, 21, 5, 3, 0>, ap_ufixed<9, 0, 4, 0, 0>, relu_config5>|  return value|
|ap_return_427  |  out|    9|  ap_ctrl_hs|  relu<ap_fixed<30, 21, 5, 3, 0>, ap_ufixed<9, 0, 4, 0, 0>, relu_config5>|  return value|
|ap_return_428  |  out|    9|  ap_ctrl_hs|  relu<ap_fixed<30, 21, 5, 3, 0>, ap_ufixed<9, 0, 4, 0, 0>, relu_config5>|  return value|
|ap_return_429  |  out|    9|  ap_ctrl_hs|  relu<ap_fixed<30, 21, 5, 3, 0>, ap_ufixed<9, 0, 4, 0, 0>, relu_config5>|  return value|
|ap_return_430  |  out|    9|  ap_ctrl_hs|  relu<ap_fixed<30, 21, 5, 3, 0>, ap_ufixed<9, 0, 4, 0, 0>, relu_config5>|  return value|
|ap_return_431  |  out|    9|  ap_ctrl_hs|  relu<ap_fixed<30, 21, 5, 3, 0>, ap_ufixed<9, 0, 4, 0, 0>, relu_config5>|  return value|
|ap_return_432  |  out|    9|  ap_ctrl_hs|  relu<ap_fixed<30, 21, 5, 3, 0>, ap_ufixed<9, 0, 4, 0, 0>, relu_config5>|  return value|
|ap_return_433  |  out|    9|  ap_ctrl_hs|  relu<ap_fixed<30, 21, 5, 3, 0>, ap_ufixed<9, 0, 4, 0, 0>, relu_config5>|  return value|
|ap_return_434  |  out|    9|  ap_ctrl_hs|  relu<ap_fixed<30, 21, 5, 3, 0>, ap_ufixed<9, 0, 4, 0, 0>, relu_config5>|  return value|
|ap_return_435  |  out|    9|  ap_ctrl_hs|  relu<ap_fixed<30, 21, 5, 3, 0>, ap_ufixed<9, 0, 4, 0, 0>, relu_config5>|  return value|
|ap_return_436  |  out|    9|  ap_ctrl_hs|  relu<ap_fixed<30, 21, 5, 3, 0>, ap_ufixed<9, 0, 4, 0, 0>, relu_config5>|  return value|
|ap_return_437  |  out|    9|  ap_ctrl_hs|  relu<ap_fixed<30, 21, 5, 3, 0>, ap_ufixed<9, 0, 4, 0, 0>, relu_config5>|  return value|
|ap_return_438  |  out|    9|  ap_ctrl_hs|  relu<ap_fixed<30, 21, 5, 3, 0>, ap_ufixed<9, 0, 4, 0, 0>, relu_config5>|  return value|
|ap_return_439  |  out|    9|  ap_ctrl_hs|  relu<ap_fixed<30, 21, 5, 3, 0>, ap_ufixed<9, 0, 4, 0, 0>, relu_config5>|  return value|
|ap_return_440  |  out|    9|  ap_ctrl_hs|  relu<ap_fixed<30, 21, 5, 3, 0>, ap_ufixed<9, 0, 4, 0, 0>, relu_config5>|  return value|
|ap_return_441  |  out|    9|  ap_ctrl_hs|  relu<ap_fixed<30, 21, 5, 3, 0>, ap_ufixed<9, 0, 4, 0, 0>, relu_config5>|  return value|
|ap_return_442  |  out|    9|  ap_ctrl_hs|  relu<ap_fixed<30, 21, 5, 3, 0>, ap_ufixed<9, 0, 4, 0, 0>, relu_config5>|  return value|
|ap_return_443  |  out|    9|  ap_ctrl_hs|  relu<ap_fixed<30, 21, 5, 3, 0>, ap_ufixed<9, 0, 4, 0, 0>, relu_config5>|  return value|
|ap_return_444  |  out|    9|  ap_ctrl_hs|  relu<ap_fixed<30, 21, 5, 3, 0>, ap_ufixed<9, 0, 4, 0, 0>, relu_config5>|  return value|
|ap_return_445  |  out|    9|  ap_ctrl_hs|  relu<ap_fixed<30, 21, 5, 3, 0>, ap_ufixed<9, 0, 4, 0, 0>, relu_config5>|  return value|
|ap_return_446  |  out|    9|  ap_ctrl_hs|  relu<ap_fixed<30, 21, 5, 3, 0>, ap_ufixed<9, 0, 4, 0, 0>, relu_config5>|  return value|
|ap_return_447  |  out|    9|  ap_ctrl_hs|  relu<ap_fixed<30, 21, 5, 3, 0>, ap_ufixed<9, 0, 4, 0, 0>, relu_config5>|  return value|
|ap_return_448  |  out|    9|  ap_ctrl_hs|  relu<ap_fixed<30, 21, 5, 3, 0>, ap_ufixed<9, 0, 4, 0, 0>, relu_config5>|  return value|
|ap_return_449  |  out|    9|  ap_ctrl_hs|  relu<ap_fixed<30, 21, 5, 3, 0>, ap_ufixed<9, 0, 4, 0, 0>, relu_config5>|  return value|
|ap_return_450  |  out|    9|  ap_ctrl_hs|  relu<ap_fixed<30, 21, 5, 3, 0>, ap_ufixed<9, 0, 4, 0, 0>, relu_config5>|  return value|
|ap_return_451  |  out|    9|  ap_ctrl_hs|  relu<ap_fixed<30, 21, 5, 3, 0>, ap_ufixed<9, 0, 4, 0, 0>, relu_config5>|  return value|
|ap_return_452  |  out|    9|  ap_ctrl_hs|  relu<ap_fixed<30, 21, 5, 3, 0>, ap_ufixed<9, 0, 4, 0, 0>, relu_config5>|  return value|
|ap_return_453  |  out|    9|  ap_ctrl_hs|  relu<ap_fixed<30, 21, 5, 3, 0>, ap_ufixed<9, 0, 4, 0, 0>, relu_config5>|  return value|
|ap_return_454  |  out|    9|  ap_ctrl_hs|  relu<ap_fixed<30, 21, 5, 3, 0>, ap_ufixed<9, 0, 4, 0, 0>, relu_config5>|  return value|
|ap_return_455  |  out|    9|  ap_ctrl_hs|  relu<ap_fixed<30, 21, 5, 3, 0>, ap_ufixed<9, 0, 4, 0, 0>, relu_config5>|  return value|
|ap_return_456  |  out|    9|  ap_ctrl_hs|  relu<ap_fixed<30, 21, 5, 3, 0>, ap_ufixed<9, 0, 4, 0, 0>, relu_config5>|  return value|
|ap_return_457  |  out|    9|  ap_ctrl_hs|  relu<ap_fixed<30, 21, 5, 3, 0>, ap_ufixed<9, 0, 4, 0, 0>, relu_config5>|  return value|
|ap_return_458  |  out|    9|  ap_ctrl_hs|  relu<ap_fixed<30, 21, 5, 3, 0>, ap_ufixed<9, 0, 4, 0, 0>, relu_config5>|  return value|
|ap_return_459  |  out|    9|  ap_ctrl_hs|  relu<ap_fixed<30, 21, 5, 3, 0>, ap_ufixed<9, 0, 4, 0, 0>, relu_config5>|  return value|
|ap_return_460  |  out|    9|  ap_ctrl_hs|  relu<ap_fixed<30, 21, 5, 3, 0>, ap_ufixed<9, 0, 4, 0, 0>, relu_config5>|  return value|
|ap_return_461  |  out|    9|  ap_ctrl_hs|  relu<ap_fixed<30, 21, 5, 3, 0>, ap_ufixed<9, 0, 4, 0, 0>, relu_config5>|  return value|
|ap_return_462  |  out|    9|  ap_ctrl_hs|  relu<ap_fixed<30, 21, 5, 3, 0>, ap_ufixed<9, 0, 4, 0, 0>, relu_config5>|  return value|
|ap_return_463  |  out|    9|  ap_ctrl_hs|  relu<ap_fixed<30, 21, 5, 3, 0>, ap_ufixed<9, 0, 4, 0, 0>, relu_config5>|  return value|
|ap_return_464  |  out|    9|  ap_ctrl_hs|  relu<ap_fixed<30, 21, 5, 3, 0>, ap_ufixed<9, 0, 4, 0, 0>, relu_config5>|  return value|
|ap_return_465  |  out|    9|  ap_ctrl_hs|  relu<ap_fixed<30, 21, 5, 3, 0>, ap_ufixed<9, 0, 4, 0, 0>, relu_config5>|  return value|
|ap_return_466  |  out|    9|  ap_ctrl_hs|  relu<ap_fixed<30, 21, 5, 3, 0>, ap_ufixed<9, 0, 4, 0, 0>, relu_config5>|  return value|
|ap_return_467  |  out|    9|  ap_ctrl_hs|  relu<ap_fixed<30, 21, 5, 3, 0>, ap_ufixed<9, 0, 4, 0, 0>, relu_config5>|  return value|
|ap_return_468  |  out|    9|  ap_ctrl_hs|  relu<ap_fixed<30, 21, 5, 3, 0>, ap_ufixed<9, 0, 4, 0, 0>, relu_config5>|  return value|
|ap_return_469  |  out|    9|  ap_ctrl_hs|  relu<ap_fixed<30, 21, 5, 3, 0>, ap_ufixed<9, 0, 4, 0, 0>, relu_config5>|  return value|
|ap_return_470  |  out|    9|  ap_ctrl_hs|  relu<ap_fixed<30, 21, 5, 3, 0>, ap_ufixed<9, 0, 4, 0, 0>, relu_config5>|  return value|
|ap_return_471  |  out|    9|  ap_ctrl_hs|  relu<ap_fixed<30, 21, 5, 3, 0>, ap_ufixed<9, 0, 4, 0, 0>, relu_config5>|  return value|
|ap_return_472  |  out|    9|  ap_ctrl_hs|  relu<ap_fixed<30, 21, 5, 3, 0>, ap_ufixed<9, 0, 4, 0, 0>, relu_config5>|  return value|
|ap_return_473  |  out|    9|  ap_ctrl_hs|  relu<ap_fixed<30, 21, 5, 3, 0>, ap_ufixed<9, 0, 4, 0, 0>, relu_config5>|  return value|
|ap_return_474  |  out|    9|  ap_ctrl_hs|  relu<ap_fixed<30, 21, 5, 3, 0>, ap_ufixed<9, 0, 4, 0, 0>, relu_config5>|  return value|
|ap_return_475  |  out|    9|  ap_ctrl_hs|  relu<ap_fixed<30, 21, 5, 3, 0>, ap_ufixed<9, 0, 4, 0, 0>, relu_config5>|  return value|
|ap_return_476  |  out|    9|  ap_ctrl_hs|  relu<ap_fixed<30, 21, 5, 3, 0>, ap_ufixed<9, 0, 4, 0, 0>, relu_config5>|  return value|
|ap_return_477  |  out|    9|  ap_ctrl_hs|  relu<ap_fixed<30, 21, 5, 3, 0>, ap_ufixed<9, 0, 4, 0, 0>, relu_config5>|  return value|
|ap_return_478  |  out|    9|  ap_ctrl_hs|  relu<ap_fixed<30, 21, 5, 3, 0>, ap_ufixed<9, 0, 4, 0, 0>, relu_config5>|  return value|
|ap_return_479  |  out|    9|  ap_ctrl_hs|  relu<ap_fixed<30, 21, 5, 3, 0>, ap_ufixed<9, 0, 4, 0, 0>, relu_config5>|  return value|
|ap_return_480  |  out|    9|  ap_ctrl_hs|  relu<ap_fixed<30, 21, 5, 3, 0>, ap_ufixed<9, 0, 4, 0, 0>, relu_config5>|  return value|
|ap_return_481  |  out|    9|  ap_ctrl_hs|  relu<ap_fixed<30, 21, 5, 3, 0>, ap_ufixed<9, 0, 4, 0, 0>, relu_config5>|  return value|
|ap_return_482  |  out|    9|  ap_ctrl_hs|  relu<ap_fixed<30, 21, 5, 3, 0>, ap_ufixed<9, 0, 4, 0, 0>, relu_config5>|  return value|
|ap_return_483  |  out|    9|  ap_ctrl_hs|  relu<ap_fixed<30, 21, 5, 3, 0>, ap_ufixed<9, 0, 4, 0, 0>, relu_config5>|  return value|
|ap_return_484  |  out|    9|  ap_ctrl_hs|  relu<ap_fixed<30, 21, 5, 3, 0>, ap_ufixed<9, 0, 4, 0, 0>, relu_config5>|  return value|
|ap_return_485  |  out|    9|  ap_ctrl_hs|  relu<ap_fixed<30, 21, 5, 3, 0>, ap_ufixed<9, 0, 4, 0, 0>, relu_config5>|  return value|
|ap_return_486  |  out|    9|  ap_ctrl_hs|  relu<ap_fixed<30, 21, 5, 3, 0>, ap_ufixed<9, 0, 4, 0, 0>, relu_config5>|  return value|
|ap_return_487  |  out|    9|  ap_ctrl_hs|  relu<ap_fixed<30, 21, 5, 3, 0>, ap_ufixed<9, 0, 4, 0, 0>, relu_config5>|  return value|
|ap_return_488  |  out|    9|  ap_ctrl_hs|  relu<ap_fixed<30, 21, 5, 3, 0>, ap_ufixed<9, 0, 4, 0, 0>, relu_config5>|  return value|
|ap_return_489  |  out|    9|  ap_ctrl_hs|  relu<ap_fixed<30, 21, 5, 3, 0>, ap_ufixed<9, 0, 4, 0, 0>, relu_config5>|  return value|
|ap_return_490  |  out|    9|  ap_ctrl_hs|  relu<ap_fixed<30, 21, 5, 3, 0>, ap_ufixed<9, 0, 4, 0, 0>, relu_config5>|  return value|
|ap_return_491  |  out|    9|  ap_ctrl_hs|  relu<ap_fixed<30, 21, 5, 3, 0>, ap_ufixed<9, 0, 4, 0, 0>, relu_config5>|  return value|
|ap_return_492  |  out|    9|  ap_ctrl_hs|  relu<ap_fixed<30, 21, 5, 3, 0>, ap_ufixed<9, 0, 4, 0, 0>, relu_config5>|  return value|
|ap_return_493  |  out|    9|  ap_ctrl_hs|  relu<ap_fixed<30, 21, 5, 3, 0>, ap_ufixed<9, 0, 4, 0, 0>, relu_config5>|  return value|
|ap_return_494  |  out|    9|  ap_ctrl_hs|  relu<ap_fixed<30, 21, 5, 3, 0>, ap_ufixed<9, 0, 4, 0, 0>, relu_config5>|  return value|
|ap_return_495  |  out|    9|  ap_ctrl_hs|  relu<ap_fixed<30, 21, 5, 3, 0>, ap_ufixed<9, 0, 4, 0, 0>, relu_config5>|  return value|
|ap_return_496  |  out|    9|  ap_ctrl_hs|  relu<ap_fixed<30, 21, 5, 3, 0>, ap_ufixed<9, 0, 4, 0, 0>, relu_config5>|  return value|
|ap_return_497  |  out|    9|  ap_ctrl_hs|  relu<ap_fixed<30, 21, 5, 3, 0>, ap_ufixed<9, 0, 4, 0, 0>, relu_config5>|  return value|
|ap_return_498  |  out|    9|  ap_ctrl_hs|  relu<ap_fixed<30, 21, 5, 3, 0>, ap_ufixed<9, 0, 4, 0, 0>, relu_config5>|  return value|
|ap_return_499  |  out|    9|  ap_ctrl_hs|  relu<ap_fixed<30, 21, 5, 3, 0>, ap_ufixed<9, 0, 4, 0, 0>, relu_config5>|  return value|
|ap_return_500  |  out|    9|  ap_ctrl_hs|  relu<ap_fixed<30, 21, 5, 3, 0>, ap_ufixed<9, 0, 4, 0, 0>, relu_config5>|  return value|
|ap_return_501  |  out|    9|  ap_ctrl_hs|  relu<ap_fixed<30, 21, 5, 3, 0>, ap_ufixed<9, 0, 4, 0, 0>, relu_config5>|  return value|
|ap_return_502  |  out|    9|  ap_ctrl_hs|  relu<ap_fixed<30, 21, 5, 3, 0>, ap_ufixed<9, 0, 4, 0, 0>, relu_config5>|  return value|
|ap_return_503  |  out|    9|  ap_ctrl_hs|  relu<ap_fixed<30, 21, 5, 3, 0>, ap_ufixed<9, 0, 4, 0, 0>, relu_config5>|  return value|
|ap_return_504  |  out|    9|  ap_ctrl_hs|  relu<ap_fixed<30, 21, 5, 3, 0>, ap_ufixed<9, 0, 4, 0, 0>, relu_config5>|  return value|
|ap_return_505  |  out|    9|  ap_ctrl_hs|  relu<ap_fixed<30, 21, 5, 3, 0>, ap_ufixed<9, 0, 4, 0, 0>, relu_config5>|  return value|
|ap_return_506  |  out|    9|  ap_ctrl_hs|  relu<ap_fixed<30, 21, 5, 3, 0>, ap_ufixed<9, 0, 4, 0, 0>, relu_config5>|  return value|
|ap_return_507  |  out|    9|  ap_ctrl_hs|  relu<ap_fixed<30, 21, 5, 3, 0>, ap_ufixed<9, 0, 4, 0, 0>, relu_config5>|  return value|
|ap_return_508  |  out|    9|  ap_ctrl_hs|  relu<ap_fixed<30, 21, 5, 3, 0>, ap_ufixed<9, 0, 4, 0, 0>, relu_config5>|  return value|
|ap_return_509  |  out|    9|  ap_ctrl_hs|  relu<ap_fixed<30, 21, 5, 3, 0>, ap_ufixed<9, 0, 4, 0, 0>, relu_config5>|  return value|
|ap_return_510  |  out|    9|  ap_ctrl_hs|  relu<ap_fixed<30, 21, 5, 3, 0>, ap_ufixed<9, 0, 4, 0, 0>, relu_config5>|  return value|
|ap_return_511  |  out|    9|  ap_ctrl_hs|  relu<ap_fixed<30, 21, 5, 3, 0>, ap_ufixed<9, 0, 4, 0, 0>, relu_config5>|  return value|
|p_read         |   in|   15|     ap_none|                                                                   p_read|        scalar|
|p_read1        |   in|   15|     ap_none|                                                                  p_read1|        scalar|
|p_read2        |   in|   15|     ap_none|                                                                  p_read2|        scalar|
|p_read3        |   in|   15|     ap_none|                                                                  p_read3|        scalar|
|p_read4        |   in|   15|     ap_none|                                                                  p_read4|        scalar|
|p_read5        |   in|   15|     ap_none|                                                                  p_read5|        scalar|
|p_read6        |   in|   15|     ap_none|                                                                  p_read6|        scalar|
|p_read7        |   in|   15|     ap_none|                                                                  p_read7|        scalar|
|p_read8        |   in|   15|     ap_none|                                                                  p_read8|        scalar|
|p_read9        |   in|   15|     ap_none|                                                                  p_read9|        scalar|
|p_read10       |   in|   15|     ap_none|                                                                 p_read10|        scalar|
|p_read11       |   in|   15|     ap_none|                                                                 p_read11|        scalar|
|p_read12       |   in|   15|     ap_none|                                                                 p_read12|        scalar|
|p_read13       |   in|   15|     ap_none|                                                                 p_read13|        scalar|
|p_read14       |   in|   15|     ap_none|                                                                 p_read14|        scalar|
|p_read15       |   in|   15|     ap_none|                                                                 p_read15|        scalar|
|p_read16       |   in|   15|     ap_none|                                                                 p_read16|        scalar|
|p_read17       |   in|   15|     ap_none|                                                                 p_read17|        scalar|
|p_read18       |   in|   15|     ap_none|                                                                 p_read18|        scalar|
|p_read19       |   in|   15|     ap_none|                                                                 p_read19|        scalar|
|p_read20       |   in|   15|     ap_none|                                                                 p_read20|        scalar|
|p_read21       |   in|   15|     ap_none|                                                                 p_read21|        scalar|
|p_read22       |   in|   15|     ap_none|                                                                 p_read22|        scalar|
|p_read23       |   in|   15|     ap_none|                                                                 p_read23|        scalar|
|p_read24       |   in|   15|     ap_none|                                                                 p_read24|        scalar|
|p_read25       |   in|   15|     ap_none|                                                                 p_read25|        scalar|
|p_read26       |   in|   15|     ap_none|                                                                 p_read26|        scalar|
|p_read27       |   in|   15|     ap_none|                                                                 p_read27|        scalar|
|p_read28       |   in|   15|     ap_none|                                                                 p_read28|        scalar|
|p_read29       |   in|   15|     ap_none|                                                                 p_read29|        scalar|
|p_read30       |   in|   15|     ap_none|                                                                 p_read30|        scalar|
|p_read31       |   in|   15|     ap_none|                                                                 p_read31|        scalar|
|p_read32       |   in|   15|     ap_none|                                                                 p_read32|        scalar|
|p_read33       |   in|   15|     ap_none|                                                                 p_read33|        scalar|
|p_read34       |   in|   15|     ap_none|                                                                 p_read34|        scalar|
|p_read35       |   in|   15|     ap_none|                                                                 p_read35|        scalar|
|p_read36       |   in|   15|     ap_none|                                                                 p_read36|        scalar|
|p_read37       |   in|   15|     ap_none|                                                                 p_read37|        scalar|
|p_read38       |   in|   15|     ap_none|                                                                 p_read38|        scalar|
|p_read39       |   in|   15|     ap_none|                                                                 p_read39|        scalar|
|p_read40       |   in|   15|     ap_none|                                                                 p_read40|        scalar|
|p_read41       |   in|   15|     ap_none|                                                                 p_read41|        scalar|
|p_read42       |   in|   15|     ap_none|                                                                 p_read42|        scalar|
|p_read43       |   in|   15|     ap_none|                                                                 p_read43|        scalar|
|p_read44       |   in|   15|     ap_none|                                                                 p_read44|        scalar|
|p_read45       |   in|   15|     ap_none|                                                                 p_read45|        scalar|
|p_read46       |   in|   15|     ap_none|                                                                 p_read46|        scalar|
|p_read47       |   in|   15|     ap_none|                                                                 p_read47|        scalar|
|p_read48       |   in|   15|     ap_none|                                                                 p_read48|        scalar|
|p_read49       |   in|   15|     ap_none|                                                                 p_read49|        scalar|
|p_read50       |   in|   15|     ap_none|                                                                 p_read50|        scalar|
|p_read51       |   in|   15|     ap_none|                                                                 p_read51|        scalar|
|p_read52       |   in|   15|     ap_none|                                                                 p_read52|        scalar|
|p_read53       |   in|   15|     ap_none|                                                                 p_read53|        scalar|
|p_read54       |   in|   15|     ap_none|                                                                 p_read54|        scalar|
|p_read55       |   in|   15|     ap_none|                                                                 p_read55|        scalar|
|p_read56       |   in|   15|     ap_none|                                                                 p_read56|        scalar|
|p_read57       |   in|   15|     ap_none|                                                                 p_read57|        scalar|
|p_read58       |   in|   15|     ap_none|                                                                 p_read58|        scalar|
|p_read59       |   in|   15|     ap_none|                                                                 p_read59|        scalar|
|p_read60       |   in|   15|     ap_none|                                                                 p_read60|        scalar|
|p_read61       |   in|   15|     ap_none|                                                                 p_read61|        scalar|
|p_read62       |   in|   15|     ap_none|                                                                 p_read62|        scalar|
|p_read63       |   in|   15|     ap_none|                                                                 p_read63|        scalar|
|p_read64       |   in|   15|     ap_none|                                                                 p_read64|        scalar|
|p_read65       |   in|   15|     ap_none|                                                                 p_read65|        scalar|
|p_read66       |   in|   15|     ap_none|                                                                 p_read66|        scalar|
|p_read67       |   in|   15|     ap_none|                                                                 p_read67|        scalar|
|p_read68       |   in|   15|     ap_none|                                                                 p_read68|        scalar|
|p_read69       |   in|   15|     ap_none|                                                                 p_read69|        scalar|
|p_read70       |   in|   15|     ap_none|                                                                 p_read70|        scalar|
|p_read71       |   in|   15|     ap_none|                                                                 p_read71|        scalar|
|p_read72       |   in|   15|     ap_none|                                                                 p_read72|        scalar|
|p_read73       |   in|   15|     ap_none|                                                                 p_read73|        scalar|
|p_read74       |   in|   15|     ap_none|                                                                 p_read74|        scalar|
|p_read75       |   in|   15|     ap_none|                                                                 p_read75|        scalar|
|p_read76       |   in|   15|     ap_none|                                                                 p_read76|        scalar|
|p_read77       |   in|   15|     ap_none|                                                                 p_read77|        scalar|
|p_read78       |   in|   15|     ap_none|                                                                 p_read78|        scalar|
|p_read79       |   in|   15|     ap_none|                                                                 p_read79|        scalar|
|p_read80       |   in|   15|     ap_none|                                                                 p_read80|        scalar|
|p_read81       |   in|   15|     ap_none|                                                                 p_read81|        scalar|
|p_read82       |   in|   15|     ap_none|                                                                 p_read82|        scalar|
|p_read83       |   in|   15|     ap_none|                                                                 p_read83|        scalar|
|p_read84       |   in|   15|     ap_none|                                                                 p_read84|        scalar|
|p_read85       |   in|   15|     ap_none|                                                                 p_read85|        scalar|
|p_read86       |   in|   15|     ap_none|                                                                 p_read86|        scalar|
|p_read87       |   in|   15|     ap_none|                                                                 p_read87|        scalar|
|p_read88       |   in|   15|     ap_none|                                                                 p_read88|        scalar|
|p_read89       |   in|   15|     ap_none|                                                                 p_read89|        scalar|
|p_read90       |   in|   15|     ap_none|                                                                 p_read90|        scalar|
|p_read91       |   in|   15|     ap_none|                                                                 p_read91|        scalar|
|p_read92       |   in|   15|     ap_none|                                                                 p_read92|        scalar|
|p_read93       |   in|   15|     ap_none|                                                                 p_read93|        scalar|
|p_read94       |   in|   15|     ap_none|                                                                 p_read94|        scalar|
|p_read95       |   in|   15|     ap_none|                                                                 p_read95|        scalar|
|p_read96       |   in|   15|     ap_none|                                                                 p_read96|        scalar|
|p_read97       |   in|   15|     ap_none|                                                                 p_read97|        scalar|
|p_read98       |   in|   15|     ap_none|                                                                 p_read98|        scalar|
|p_read99       |   in|   15|     ap_none|                                                                 p_read99|        scalar|
|p_read100      |   in|   15|     ap_none|                                                                p_read100|        scalar|
|p_read101      |   in|   15|     ap_none|                                                                p_read101|        scalar|
|p_read102      |   in|   15|     ap_none|                                                                p_read102|        scalar|
|p_read103      |   in|   15|     ap_none|                                                                p_read103|        scalar|
|p_read104      |   in|   15|     ap_none|                                                                p_read104|        scalar|
|p_read105      |   in|   15|     ap_none|                                                                p_read105|        scalar|
|p_read106      |   in|   15|     ap_none|                                                                p_read106|        scalar|
|p_read107      |   in|   15|     ap_none|                                                                p_read107|        scalar|
|p_read108      |   in|   15|     ap_none|                                                                p_read108|        scalar|
|p_read109      |   in|   15|     ap_none|                                                                p_read109|        scalar|
|p_read110      |   in|   15|     ap_none|                                                                p_read110|        scalar|
|p_read111      |   in|   15|     ap_none|                                                                p_read111|        scalar|
|p_read112      |   in|   15|     ap_none|                                                                p_read112|        scalar|
|p_read113      |   in|   15|     ap_none|                                                                p_read113|        scalar|
|p_read114      |   in|   15|     ap_none|                                                                p_read114|        scalar|
|p_read115      |   in|   15|     ap_none|                                                                p_read115|        scalar|
|p_read116      |   in|   15|     ap_none|                                                                p_read116|        scalar|
|p_read117      |   in|   15|     ap_none|                                                                p_read117|        scalar|
|p_read118      |   in|   15|     ap_none|                                                                p_read118|        scalar|
|p_read119      |   in|   15|     ap_none|                                                                p_read119|        scalar|
|p_read120      |   in|   15|     ap_none|                                                                p_read120|        scalar|
|p_read121      |   in|   15|     ap_none|                                                                p_read121|        scalar|
|p_read122      |   in|   15|     ap_none|                                                                p_read122|        scalar|
|p_read123      |   in|   15|     ap_none|                                                                p_read123|        scalar|
|p_read124      |   in|   15|     ap_none|                                                                p_read124|        scalar|
|p_read125      |   in|   15|     ap_none|                                                                p_read125|        scalar|
|p_read126      |   in|   15|     ap_none|                                                                p_read126|        scalar|
|p_read127      |   in|   15|     ap_none|                                                                p_read127|        scalar|
|p_read128      |   in|   15|     ap_none|                                                                p_read128|        scalar|
|p_read129      |   in|   15|     ap_none|                                                                p_read129|        scalar|
|p_read130      |   in|   15|     ap_none|                                                                p_read130|        scalar|
|p_read131      |   in|   15|     ap_none|                                                                p_read131|        scalar|
|p_read132      |   in|   15|     ap_none|                                                                p_read132|        scalar|
|p_read133      |   in|   15|     ap_none|                                                                p_read133|        scalar|
|p_read134      |   in|   15|     ap_none|                                                                p_read134|        scalar|
|p_read135      |   in|   15|     ap_none|                                                                p_read135|        scalar|
|p_read136      |   in|   15|     ap_none|                                                                p_read136|        scalar|
|p_read137      |   in|   15|     ap_none|                                                                p_read137|        scalar|
|p_read138      |   in|   15|     ap_none|                                                                p_read138|        scalar|
|p_read139      |   in|   15|     ap_none|                                                                p_read139|        scalar|
|p_read140      |   in|   15|     ap_none|                                                                p_read140|        scalar|
|p_read141      |   in|   15|     ap_none|                                                                p_read141|        scalar|
|p_read142      |   in|   15|     ap_none|                                                                p_read142|        scalar|
|p_read143      |   in|   15|     ap_none|                                                                p_read143|        scalar|
|p_read144      |   in|   15|     ap_none|                                                                p_read144|        scalar|
|p_read145      |   in|   15|     ap_none|                                                                p_read145|        scalar|
|p_read146      |   in|   15|     ap_none|                                                                p_read146|        scalar|
|p_read147      |   in|   15|     ap_none|                                                                p_read147|        scalar|
|p_read148      |   in|   15|     ap_none|                                                                p_read148|        scalar|
|p_read149      |   in|   15|     ap_none|                                                                p_read149|        scalar|
|p_read150      |   in|   15|     ap_none|                                                                p_read150|        scalar|
|p_read151      |   in|   15|     ap_none|                                                                p_read151|        scalar|
|p_read152      |   in|   15|     ap_none|                                                                p_read152|        scalar|
|p_read153      |   in|   15|     ap_none|                                                                p_read153|        scalar|
|p_read154      |   in|   15|     ap_none|                                                                p_read154|        scalar|
|p_read155      |   in|   15|     ap_none|                                                                p_read155|        scalar|
|p_read156      |   in|   15|     ap_none|                                                                p_read156|        scalar|
|p_read157      |   in|   15|     ap_none|                                                                p_read157|        scalar|
|p_read158      |   in|   15|     ap_none|                                                                p_read158|        scalar|
|p_read159      |   in|   15|     ap_none|                                                                p_read159|        scalar|
|p_read160      |   in|   15|     ap_none|                                                                p_read160|        scalar|
|p_read161      |   in|   15|     ap_none|                                                                p_read161|        scalar|
|p_read162      |   in|   15|     ap_none|                                                                p_read162|        scalar|
|p_read163      |   in|   15|     ap_none|                                                                p_read163|        scalar|
|p_read164      |   in|   15|     ap_none|                                                                p_read164|        scalar|
|p_read165      |   in|   15|     ap_none|                                                                p_read165|        scalar|
|p_read166      |   in|   15|     ap_none|                                                                p_read166|        scalar|
|p_read167      |   in|   15|     ap_none|                                                                p_read167|        scalar|
|p_read168      |   in|   15|     ap_none|                                                                p_read168|        scalar|
|p_read169      |   in|   15|     ap_none|                                                                p_read169|        scalar|
|p_read170      |   in|   15|     ap_none|                                                                p_read170|        scalar|
|p_read171      |   in|   15|     ap_none|                                                                p_read171|        scalar|
|p_read172      |   in|   15|     ap_none|                                                                p_read172|        scalar|
|p_read173      |   in|   15|     ap_none|                                                                p_read173|        scalar|
|p_read174      |   in|   15|     ap_none|                                                                p_read174|        scalar|
|p_read175      |   in|   15|     ap_none|                                                                p_read175|        scalar|
|p_read176      |   in|   15|     ap_none|                                                                p_read176|        scalar|
|p_read177      |   in|   15|     ap_none|                                                                p_read177|        scalar|
|p_read178      |   in|   15|     ap_none|                                                                p_read178|        scalar|
|p_read179      |   in|   15|     ap_none|                                                                p_read179|        scalar|
|p_read180      |   in|   15|     ap_none|                                                                p_read180|        scalar|
|p_read181      |   in|   15|     ap_none|                                                                p_read181|        scalar|
|p_read182      |   in|   15|     ap_none|                                                                p_read182|        scalar|
|p_read183      |   in|   15|     ap_none|                                                                p_read183|        scalar|
|p_read184      |   in|   15|     ap_none|                                                                p_read184|        scalar|
|p_read185      |   in|   15|     ap_none|                                                                p_read185|        scalar|
|p_read186      |   in|   15|     ap_none|                                                                p_read186|        scalar|
|p_read187      |   in|   15|     ap_none|                                                                p_read187|        scalar|
|p_read188      |   in|   15|     ap_none|                                                                p_read188|        scalar|
|p_read189      |   in|   15|     ap_none|                                                                p_read189|        scalar|
|p_read190      |   in|   15|     ap_none|                                                                p_read190|        scalar|
|p_read191      |   in|   15|     ap_none|                                                                p_read191|        scalar|
|p_read192      |   in|   15|     ap_none|                                                                p_read192|        scalar|
|p_read193      |   in|   15|     ap_none|                                                                p_read193|        scalar|
|p_read194      |   in|   15|     ap_none|                                                                p_read194|        scalar|
|p_read195      |   in|   15|     ap_none|                                                                p_read195|        scalar|
|p_read196      |   in|   15|     ap_none|                                                                p_read196|        scalar|
|p_read197      |   in|   15|     ap_none|                                                                p_read197|        scalar|
|p_read198      |   in|   15|     ap_none|                                                                p_read198|        scalar|
|p_read199      |   in|   15|     ap_none|                                                                p_read199|        scalar|
|p_read200      |   in|   15|     ap_none|                                                                p_read200|        scalar|
|p_read201      |   in|   15|     ap_none|                                                                p_read201|        scalar|
|p_read202      |   in|   15|     ap_none|                                                                p_read202|        scalar|
|p_read203      |   in|   15|     ap_none|                                                                p_read203|        scalar|
|p_read204      |   in|   15|     ap_none|                                                                p_read204|        scalar|
|p_read205      |   in|   15|     ap_none|                                                                p_read205|        scalar|
|p_read206      |   in|   15|     ap_none|                                                                p_read206|        scalar|
|p_read207      |   in|   15|     ap_none|                                                                p_read207|        scalar|
|p_read208      |   in|   15|     ap_none|                                                                p_read208|        scalar|
|p_read209      |   in|   15|     ap_none|                                                                p_read209|        scalar|
|p_read210      |   in|   15|     ap_none|                                                                p_read210|        scalar|
|p_read211      |   in|   15|     ap_none|                                                                p_read211|        scalar|
|p_read212      |   in|   15|     ap_none|                                                                p_read212|        scalar|
|p_read213      |   in|   15|     ap_none|                                                                p_read213|        scalar|
|p_read214      |   in|   15|     ap_none|                                                                p_read214|        scalar|
|p_read215      |   in|   15|     ap_none|                                                                p_read215|        scalar|
|p_read216      |   in|   15|     ap_none|                                                                p_read216|        scalar|
|p_read217      |   in|   15|     ap_none|                                                                p_read217|        scalar|
|p_read218      |   in|   15|     ap_none|                                                                p_read218|        scalar|
|p_read219      |   in|   15|     ap_none|                                                                p_read219|        scalar|
|p_read220      |   in|   15|     ap_none|                                                                p_read220|        scalar|
|p_read221      |   in|   15|     ap_none|                                                                p_read221|        scalar|
|p_read222      |   in|   15|     ap_none|                                                                p_read222|        scalar|
|p_read223      |   in|   15|     ap_none|                                                                p_read223|        scalar|
|p_read224      |   in|   15|     ap_none|                                                                p_read224|        scalar|
|p_read225      |   in|   15|     ap_none|                                                                p_read225|        scalar|
|p_read226      |   in|   15|     ap_none|                                                                p_read226|        scalar|
|p_read227      |   in|   15|     ap_none|                                                                p_read227|        scalar|
|p_read228      |   in|   15|     ap_none|                                                                p_read228|        scalar|
|p_read229      |   in|   15|     ap_none|                                                                p_read229|        scalar|
|p_read230      |   in|   15|     ap_none|                                                                p_read230|        scalar|
|p_read231      |   in|   15|     ap_none|                                                                p_read231|        scalar|
|p_read232      |   in|   15|     ap_none|                                                                p_read232|        scalar|
|p_read233      |   in|   15|     ap_none|                                                                p_read233|        scalar|
|p_read234      |   in|   15|     ap_none|                                                                p_read234|        scalar|
|p_read235      |   in|   15|     ap_none|                                                                p_read235|        scalar|
|p_read236      |   in|   15|     ap_none|                                                                p_read236|        scalar|
|p_read237      |   in|   15|     ap_none|                                                                p_read237|        scalar|
|p_read238      |   in|   15|     ap_none|                                                                p_read238|        scalar|
|p_read239      |   in|   15|     ap_none|                                                                p_read239|        scalar|
|p_read240      |   in|   15|     ap_none|                                                                p_read240|        scalar|
|p_read241      |   in|   15|     ap_none|                                                                p_read241|        scalar|
|p_read242      |   in|   15|     ap_none|                                                                p_read242|        scalar|
|p_read243      |   in|   15|     ap_none|                                                                p_read243|        scalar|
|p_read244      |   in|   15|     ap_none|                                                                p_read244|        scalar|
|p_read245      |   in|   15|     ap_none|                                                                p_read245|        scalar|
|p_read246      |   in|   15|     ap_none|                                                                p_read246|        scalar|
|p_read247      |   in|   15|     ap_none|                                                                p_read247|        scalar|
|p_read248      |   in|   15|     ap_none|                                                                p_read248|        scalar|
|p_read249      |   in|   15|     ap_none|                                                                p_read249|        scalar|
|p_read250      |   in|   15|     ap_none|                                                                p_read250|        scalar|
|p_read251      |   in|   15|     ap_none|                                                                p_read251|        scalar|
|p_read252      |   in|   15|     ap_none|                                                                p_read252|        scalar|
|p_read253      |   in|   15|     ap_none|                                                                p_read253|        scalar|
|p_read254      |   in|   15|     ap_none|                                                                p_read254|        scalar|
|p_read255      |   in|   15|     ap_none|                                                                p_read255|        scalar|
|p_read256      |   in|   15|     ap_none|                                                                p_read256|        scalar|
|p_read257      |   in|   15|     ap_none|                                                                p_read257|        scalar|
|p_read258      |   in|   15|     ap_none|                                                                p_read258|        scalar|
|p_read259      |   in|   15|     ap_none|                                                                p_read259|        scalar|
|p_read260      |   in|   15|     ap_none|                                                                p_read260|        scalar|
|p_read261      |   in|   15|     ap_none|                                                                p_read261|        scalar|
|p_read262      |   in|   15|     ap_none|                                                                p_read262|        scalar|
|p_read263      |   in|   15|     ap_none|                                                                p_read263|        scalar|
|p_read264      |   in|   15|     ap_none|                                                                p_read264|        scalar|
|p_read265      |   in|   15|     ap_none|                                                                p_read265|        scalar|
|p_read266      |   in|   15|     ap_none|                                                                p_read266|        scalar|
|p_read267      |   in|   15|     ap_none|                                                                p_read267|        scalar|
|p_read268      |   in|   15|     ap_none|                                                                p_read268|        scalar|
|p_read269      |   in|   15|     ap_none|                                                                p_read269|        scalar|
|p_read270      |   in|   15|     ap_none|                                                                p_read270|        scalar|
|p_read271      |   in|   15|     ap_none|                                                                p_read271|        scalar|
|p_read272      |   in|   15|     ap_none|                                                                p_read272|        scalar|
|p_read273      |   in|   15|     ap_none|                                                                p_read273|        scalar|
|p_read274      |   in|   15|     ap_none|                                                                p_read274|        scalar|
|p_read275      |   in|   15|     ap_none|                                                                p_read275|        scalar|
|p_read276      |   in|   15|     ap_none|                                                                p_read276|        scalar|
|p_read277      |   in|   15|     ap_none|                                                                p_read277|        scalar|
|p_read278      |   in|   15|     ap_none|                                                                p_read278|        scalar|
|p_read279      |   in|   15|     ap_none|                                                                p_read279|        scalar|
|p_read280      |   in|   15|     ap_none|                                                                p_read280|        scalar|
|p_read281      |   in|   15|     ap_none|                                                                p_read281|        scalar|
|p_read282      |   in|   15|     ap_none|                                                                p_read282|        scalar|
|p_read283      |   in|   15|     ap_none|                                                                p_read283|        scalar|
|p_read284      |   in|   15|     ap_none|                                                                p_read284|        scalar|
|p_read285      |   in|   15|     ap_none|                                                                p_read285|        scalar|
|p_read286      |   in|   15|     ap_none|                                                                p_read286|        scalar|
|p_read287      |   in|   15|     ap_none|                                                                p_read287|        scalar|
|p_read288      |   in|   15|     ap_none|                                                                p_read288|        scalar|
|p_read289      |   in|   15|     ap_none|                                                                p_read289|        scalar|
|p_read290      |   in|   15|     ap_none|                                                                p_read290|        scalar|
|p_read291      |   in|   15|     ap_none|                                                                p_read291|        scalar|
|p_read292      |   in|   15|     ap_none|                                                                p_read292|        scalar|
|p_read293      |   in|   15|     ap_none|                                                                p_read293|        scalar|
|p_read294      |   in|   15|     ap_none|                                                                p_read294|        scalar|
|p_read295      |   in|   15|     ap_none|                                                                p_read295|        scalar|
|p_read296      |   in|   15|     ap_none|                                                                p_read296|        scalar|
|p_read297      |   in|   15|     ap_none|                                                                p_read297|        scalar|
|p_read298      |   in|   15|     ap_none|                                                                p_read298|        scalar|
|p_read299      |   in|   15|     ap_none|                                                                p_read299|        scalar|
|p_read300      |   in|   15|     ap_none|                                                                p_read300|        scalar|
|p_read301      |   in|   15|     ap_none|                                                                p_read301|        scalar|
|p_read302      |   in|   15|     ap_none|                                                                p_read302|        scalar|
|p_read303      |   in|   15|     ap_none|                                                                p_read303|        scalar|
|p_read304      |   in|   15|     ap_none|                                                                p_read304|        scalar|
|p_read305      |   in|   15|     ap_none|                                                                p_read305|        scalar|
|p_read306      |   in|   15|     ap_none|                                                                p_read306|        scalar|
|p_read307      |   in|   15|     ap_none|                                                                p_read307|        scalar|
|p_read308      |   in|   15|     ap_none|                                                                p_read308|        scalar|
|p_read309      |   in|   15|     ap_none|                                                                p_read309|        scalar|
|p_read310      |   in|   15|     ap_none|                                                                p_read310|        scalar|
|p_read311      |   in|   15|     ap_none|                                                                p_read311|        scalar|
|p_read312      |   in|   15|     ap_none|                                                                p_read312|        scalar|
|p_read313      |   in|   15|     ap_none|                                                                p_read313|        scalar|
|p_read314      |   in|   15|     ap_none|                                                                p_read314|        scalar|
|p_read315      |   in|   15|     ap_none|                                                                p_read315|        scalar|
|p_read316      |   in|   15|     ap_none|                                                                p_read316|        scalar|
|p_read317      |   in|   15|     ap_none|                                                                p_read317|        scalar|
|p_read318      |   in|   15|     ap_none|                                                                p_read318|        scalar|
|p_read319      |   in|   15|     ap_none|                                                                p_read319|        scalar|
|p_read320      |   in|   15|     ap_none|                                                                p_read320|        scalar|
|p_read321      |   in|   15|     ap_none|                                                                p_read321|        scalar|
|p_read322      |   in|   15|     ap_none|                                                                p_read322|        scalar|
|p_read323      |   in|   15|     ap_none|                                                                p_read323|        scalar|
|p_read324      |   in|   15|     ap_none|                                                                p_read324|        scalar|
|p_read325      |   in|   15|     ap_none|                                                                p_read325|        scalar|
|p_read326      |   in|   15|     ap_none|                                                                p_read326|        scalar|
|p_read327      |   in|   15|     ap_none|                                                                p_read327|        scalar|
|p_read328      |   in|   15|     ap_none|                                                                p_read328|        scalar|
|p_read329      |   in|   15|     ap_none|                                                                p_read329|        scalar|
|p_read330      |   in|   15|     ap_none|                                                                p_read330|        scalar|
|p_read331      |   in|   15|     ap_none|                                                                p_read331|        scalar|
|p_read332      |   in|   15|     ap_none|                                                                p_read332|        scalar|
|p_read333      |   in|   15|     ap_none|                                                                p_read333|        scalar|
|p_read334      |   in|   15|     ap_none|                                                                p_read334|        scalar|
|p_read335      |   in|   15|     ap_none|                                                                p_read335|        scalar|
|p_read336      |   in|   15|     ap_none|                                                                p_read336|        scalar|
|p_read337      |   in|   15|     ap_none|                                                                p_read337|        scalar|
|p_read338      |   in|   15|     ap_none|                                                                p_read338|        scalar|
|p_read339      |   in|   15|     ap_none|                                                                p_read339|        scalar|
|p_read340      |   in|   15|     ap_none|                                                                p_read340|        scalar|
|p_read341      |   in|   15|     ap_none|                                                                p_read341|        scalar|
|p_read342      |   in|   15|     ap_none|                                                                p_read342|        scalar|
|p_read343      |   in|   15|     ap_none|                                                                p_read343|        scalar|
|p_read344      |   in|   15|     ap_none|                                                                p_read344|        scalar|
|p_read345      |   in|   15|     ap_none|                                                                p_read345|        scalar|
|p_read346      |   in|   15|     ap_none|                                                                p_read346|        scalar|
|p_read347      |   in|   15|     ap_none|                                                                p_read347|        scalar|
|p_read348      |   in|   15|     ap_none|                                                                p_read348|        scalar|
|p_read349      |   in|   15|     ap_none|                                                                p_read349|        scalar|
|p_read350      |   in|   15|     ap_none|                                                                p_read350|        scalar|
|p_read351      |   in|   15|     ap_none|                                                                p_read351|        scalar|
|p_read352      |   in|   15|     ap_none|                                                                p_read352|        scalar|
|p_read353      |   in|   15|     ap_none|                                                                p_read353|        scalar|
|p_read354      |   in|   15|     ap_none|                                                                p_read354|        scalar|
|p_read355      |   in|   15|     ap_none|                                                                p_read355|        scalar|
|p_read356      |   in|   15|     ap_none|                                                                p_read356|        scalar|
|p_read357      |   in|   15|     ap_none|                                                                p_read357|        scalar|
|p_read358      |   in|   15|     ap_none|                                                                p_read358|        scalar|
|p_read359      |   in|   15|     ap_none|                                                                p_read359|        scalar|
|p_read360      |   in|   15|     ap_none|                                                                p_read360|        scalar|
|p_read361      |   in|   15|     ap_none|                                                                p_read361|        scalar|
|p_read362      |   in|   15|     ap_none|                                                                p_read362|        scalar|
|p_read363      |   in|   15|     ap_none|                                                                p_read363|        scalar|
|p_read364      |   in|   15|     ap_none|                                                                p_read364|        scalar|
|p_read365      |   in|   15|     ap_none|                                                                p_read365|        scalar|
|p_read366      |   in|   15|     ap_none|                                                                p_read366|        scalar|
|p_read367      |   in|   15|     ap_none|                                                                p_read367|        scalar|
|p_read368      |   in|   15|     ap_none|                                                                p_read368|        scalar|
|p_read369      |   in|   15|     ap_none|                                                                p_read369|        scalar|
|p_read370      |   in|   15|     ap_none|                                                                p_read370|        scalar|
|p_read371      |   in|   15|     ap_none|                                                                p_read371|        scalar|
|p_read372      |   in|   15|     ap_none|                                                                p_read372|        scalar|
|p_read373      |   in|   15|     ap_none|                                                                p_read373|        scalar|
|p_read374      |   in|   15|     ap_none|                                                                p_read374|        scalar|
|p_read375      |   in|   15|     ap_none|                                                                p_read375|        scalar|
|p_read376      |   in|   15|     ap_none|                                                                p_read376|        scalar|
|p_read377      |   in|   15|     ap_none|                                                                p_read377|        scalar|
|p_read378      |   in|   15|     ap_none|                                                                p_read378|        scalar|
|p_read379      |   in|   15|     ap_none|                                                                p_read379|        scalar|
|p_read380      |   in|   15|     ap_none|                                                                p_read380|        scalar|
|p_read381      |   in|   15|     ap_none|                                                                p_read381|        scalar|
|p_read382      |   in|   15|     ap_none|                                                                p_read382|        scalar|
|p_read383      |   in|   15|     ap_none|                                                                p_read383|        scalar|
|p_read384      |   in|   15|     ap_none|                                                                p_read384|        scalar|
|p_read385      |   in|   15|     ap_none|                                                                p_read385|        scalar|
|p_read386      |   in|   15|     ap_none|                                                                p_read386|        scalar|
|p_read387      |   in|   15|     ap_none|                                                                p_read387|        scalar|
|p_read388      |   in|   15|     ap_none|                                                                p_read388|        scalar|
|p_read389      |   in|   15|     ap_none|                                                                p_read389|        scalar|
|p_read390      |   in|   15|     ap_none|                                                                p_read390|        scalar|
|p_read391      |   in|   15|     ap_none|                                                                p_read391|        scalar|
|p_read392      |   in|   15|     ap_none|                                                                p_read392|        scalar|
|p_read393      |   in|   15|     ap_none|                                                                p_read393|        scalar|
|p_read394      |   in|   15|     ap_none|                                                                p_read394|        scalar|
|p_read395      |   in|   15|     ap_none|                                                                p_read395|        scalar|
|p_read396      |   in|   15|     ap_none|                                                                p_read396|        scalar|
|p_read397      |   in|   15|     ap_none|                                                                p_read397|        scalar|
|p_read398      |   in|   15|     ap_none|                                                                p_read398|        scalar|
|p_read399      |   in|   15|     ap_none|                                                                p_read399|        scalar|
|p_read400      |   in|   15|     ap_none|                                                                p_read400|        scalar|
|p_read401      |   in|   15|     ap_none|                                                                p_read401|        scalar|
|p_read402      |   in|   15|     ap_none|                                                                p_read402|        scalar|
|p_read403      |   in|   15|     ap_none|                                                                p_read403|        scalar|
|p_read404      |   in|   15|     ap_none|                                                                p_read404|        scalar|
|p_read405      |   in|   15|     ap_none|                                                                p_read405|        scalar|
|p_read406      |   in|   15|     ap_none|                                                                p_read406|        scalar|
|p_read407      |   in|   15|     ap_none|                                                                p_read407|        scalar|
|p_read408      |   in|   15|     ap_none|                                                                p_read408|        scalar|
|p_read409      |   in|   15|     ap_none|                                                                p_read409|        scalar|
|p_read410      |   in|   15|     ap_none|                                                                p_read410|        scalar|
|p_read411      |   in|   15|     ap_none|                                                                p_read411|        scalar|
|p_read412      |   in|   15|     ap_none|                                                                p_read412|        scalar|
|p_read413      |   in|   15|     ap_none|                                                                p_read413|        scalar|
|p_read414      |   in|   15|     ap_none|                                                                p_read414|        scalar|
|p_read415      |   in|   15|     ap_none|                                                                p_read415|        scalar|
|p_read416      |   in|   15|     ap_none|                                                                p_read416|        scalar|
|p_read417      |   in|   15|     ap_none|                                                                p_read417|        scalar|
|p_read418      |   in|   15|     ap_none|                                                                p_read418|        scalar|
|p_read419      |   in|   15|     ap_none|                                                                p_read419|        scalar|
|p_read420      |   in|   15|     ap_none|                                                                p_read420|        scalar|
|p_read421      |   in|   15|     ap_none|                                                                p_read421|        scalar|
|p_read422      |   in|   15|     ap_none|                                                                p_read422|        scalar|
|p_read423      |   in|   15|     ap_none|                                                                p_read423|        scalar|
|p_read424      |   in|   15|     ap_none|                                                                p_read424|        scalar|
|p_read425      |   in|   15|     ap_none|                                                                p_read425|        scalar|
|p_read426      |   in|   15|     ap_none|                                                                p_read426|        scalar|
|p_read427      |   in|   15|     ap_none|                                                                p_read427|        scalar|
|p_read428      |   in|   15|     ap_none|                                                                p_read428|        scalar|
|p_read429      |   in|   15|     ap_none|                                                                p_read429|        scalar|
|p_read430      |   in|   15|     ap_none|                                                                p_read430|        scalar|
|p_read431      |   in|   15|     ap_none|                                                                p_read431|        scalar|
|p_read432      |   in|   15|     ap_none|                                                                p_read432|        scalar|
|p_read433      |   in|   15|     ap_none|                                                                p_read433|        scalar|
|p_read434      |   in|   15|     ap_none|                                                                p_read434|        scalar|
|p_read435      |   in|   15|     ap_none|                                                                p_read435|        scalar|
|p_read436      |   in|   15|     ap_none|                                                                p_read436|        scalar|
|p_read437      |   in|   15|     ap_none|                                                                p_read437|        scalar|
|p_read438      |   in|   15|     ap_none|                                                                p_read438|        scalar|
|p_read439      |   in|   15|     ap_none|                                                                p_read439|        scalar|
|p_read440      |   in|   15|     ap_none|                                                                p_read440|        scalar|
|p_read441      |   in|   15|     ap_none|                                                                p_read441|        scalar|
|p_read442      |   in|   15|     ap_none|                                                                p_read442|        scalar|
|p_read443      |   in|   15|     ap_none|                                                                p_read443|        scalar|
|p_read444      |   in|   15|     ap_none|                                                                p_read444|        scalar|
|p_read445      |   in|   15|     ap_none|                                                                p_read445|        scalar|
|p_read446      |   in|   15|     ap_none|                                                                p_read446|        scalar|
|p_read447      |   in|   15|     ap_none|                                                                p_read447|        scalar|
|p_read448      |   in|   15|     ap_none|                                                                p_read448|        scalar|
|p_read449      |   in|   15|     ap_none|                                                                p_read449|        scalar|
|p_read450      |   in|   15|     ap_none|                                                                p_read450|        scalar|
|p_read451      |   in|   15|     ap_none|                                                                p_read451|        scalar|
|p_read452      |   in|   15|     ap_none|                                                                p_read452|        scalar|
|p_read453      |   in|   15|     ap_none|                                                                p_read453|        scalar|
|p_read454      |   in|   15|     ap_none|                                                                p_read454|        scalar|
|p_read455      |   in|   15|     ap_none|                                                                p_read455|        scalar|
|p_read456      |   in|   15|     ap_none|                                                                p_read456|        scalar|
|p_read457      |   in|   15|     ap_none|                                                                p_read457|        scalar|
|p_read458      |   in|   15|     ap_none|                                                                p_read458|        scalar|
|p_read459      |   in|   15|     ap_none|                                                                p_read459|        scalar|
|p_read460      |   in|   15|     ap_none|                                                                p_read460|        scalar|
|p_read461      |   in|   15|     ap_none|                                                                p_read461|        scalar|
|p_read462      |   in|   15|     ap_none|                                                                p_read462|        scalar|
|p_read463      |   in|   15|     ap_none|                                                                p_read463|        scalar|
|p_read464      |   in|   15|     ap_none|                                                                p_read464|        scalar|
|p_read465      |   in|   15|     ap_none|                                                                p_read465|        scalar|
|p_read466      |   in|   15|     ap_none|                                                                p_read466|        scalar|
|p_read467      |   in|   15|     ap_none|                                                                p_read467|        scalar|
|p_read468      |   in|   15|     ap_none|                                                                p_read468|        scalar|
|p_read469      |   in|   15|     ap_none|                                                                p_read469|        scalar|
|p_read470      |   in|   15|     ap_none|                                                                p_read470|        scalar|
|p_read471      |   in|   15|     ap_none|                                                                p_read471|        scalar|
|p_read472      |   in|   15|     ap_none|                                                                p_read472|        scalar|
|p_read473      |   in|   15|     ap_none|                                                                p_read473|        scalar|
|p_read474      |   in|   15|     ap_none|                                                                p_read474|        scalar|
|p_read475      |   in|   15|     ap_none|                                                                p_read475|        scalar|
|p_read476      |   in|   15|     ap_none|                                                                p_read476|        scalar|
|p_read477      |   in|   15|     ap_none|                                                                p_read477|        scalar|
|p_read478      |   in|   15|     ap_none|                                                                p_read478|        scalar|
|p_read479      |   in|   15|     ap_none|                                                                p_read479|        scalar|
|p_read480      |   in|   15|     ap_none|                                                                p_read480|        scalar|
|p_read481      |   in|   15|     ap_none|                                                                p_read481|        scalar|
|p_read482      |   in|   15|     ap_none|                                                                p_read482|        scalar|
|p_read483      |   in|   15|     ap_none|                                                                p_read483|        scalar|
|p_read484      |   in|   15|     ap_none|                                                                p_read484|        scalar|
|p_read485      |   in|   15|     ap_none|                                                                p_read485|        scalar|
|p_read486      |   in|   15|     ap_none|                                                                p_read486|        scalar|
|p_read487      |   in|   15|     ap_none|                                                                p_read487|        scalar|
|p_read488      |   in|   15|     ap_none|                                                                p_read488|        scalar|
|p_read489      |   in|   15|     ap_none|                                                                p_read489|        scalar|
|p_read490      |   in|   15|     ap_none|                                                                p_read490|        scalar|
|p_read491      |   in|   15|     ap_none|                                                                p_read491|        scalar|
|p_read492      |   in|   15|     ap_none|                                                                p_read492|        scalar|
|p_read493      |   in|   15|     ap_none|                                                                p_read493|        scalar|
|p_read494      |   in|   15|     ap_none|                                                                p_read494|        scalar|
|p_read495      |   in|   15|     ap_none|                                                                p_read495|        scalar|
|p_read496      |   in|   15|     ap_none|                                                                p_read496|        scalar|
|p_read497      |   in|   15|     ap_none|                                                                p_read497|        scalar|
|p_read498      |   in|   15|     ap_none|                                                                p_read498|        scalar|
|p_read499      |   in|   15|     ap_none|                                                                p_read499|        scalar|
|p_read500      |   in|   15|     ap_none|                                                                p_read500|        scalar|
|p_read501      |   in|   15|     ap_none|                                                                p_read501|        scalar|
|p_read502      |   in|   15|     ap_none|                                                                p_read502|        scalar|
|p_read503      |   in|   15|     ap_none|                                                                p_read503|        scalar|
|p_read504      |   in|   15|     ap_none|                                                                p_read504|        scalar|
|p_read505      |   in|   15|     ap_none|                                                                p_read505|        scalar|
|p_read506      |   in|   15|     ap_none|                                                                p_read506|        scalar|
|p_read507      |   in|   15|     ap_none|                                                                p_read507|        scalar|
|p_read508      |   in|   15|     ap_none|                                                                p_read508|        scalar|
|p_read509      |   in|   15|     ap_none|                                                                p_read509|        scalar|
|p_read510      |   in|   15|     ap_none|                                                                p_read510|        scalar|
|p_read511      |   in|   15|     ap_none|                                                                p_read511|        scalar|
+---------------+-----+-----+------------+-------------------------------------------------------------------------+--------------+

