

================================================================
== Vitis HLS Report for 'softmax_legacy_ap_fixed_ap_ufixed_8_0_0_0_0_softmax_config24_s'
================================================================
* Date:           Tue Oct 29 14:12:44 2024

* Version:        2023.2 (Build 4023990 on Oct 11 2023)
* Project:        JetTaggerNN_prj
* Solution:       solution1 (Vivado IP Flow Target)
* Product family: virtexuplus
* Target device:  xcvu9p-flga2104-2L-e


================================================================
== Performance Estimates
================================================================
+ Timing: 
    * Summary: 
    +--------+---------+----------+------------+
    |  Clock |  Target | Estimated| Uncertainty|
    +--------+---------+----------+------------+
    |ap_clk  |  2.80 ns|  1.997 ns|     0.76 ns|
    +--------+---------+----------+------------+

+ Latency: 
    * Summary: 
    +---------+---------+-----------+-----------+-----+-----+---------+
    |  Latency (cycles) |   Latency (absolute)  |  Interval | Pipeline|
    |   min   |   max   |    min    |    max    | min | max |   Type  |
    +---------+---------+-----------+-----------+-----+-----+---------+
    |        9|        9|  25.200 ns|  25.200 ns|    1|    1|      yes|
    +---------+---------+-----------+-----------+-----+-----+---------+

    + Detail: 
        * Instance: 
        N/A

        * Loop: 
        N/A



================================================================
== Utilization Estimates
================================================================
* Summary: 
+---------------------+---------+------+---------+---------+-----+
|         Name        | BRAM_18K|  DSP |    FF   |   LUT   | URAM|
+---------------------+---------+------+---------+---------+-----+
|DSP                  |        -|     -|        -|        -|    -|
|Expression           |        -|     -|        0|    13852|    -|
|FIFO                 |        -|     -|        -|        -|    -|
|Instance             |        -|     -|        -|        -|    -|
|Memory               |       60|     -|        0|        0|    -|
|Multiplexer          |        -|     -|        -|       81|    -|
|Register             |        -|     -|     3803|        -|    -|
+---------------------+---------+------+---------+---------+-----+
|Total                |       60|     0|     3803|    13933|    0|
+---------------------+---------+------+---------+---------+-----+
|Available SLR        |     1440|  2280|   788160|   394080|  320|
+---------------------+---------+------+---------+---------+-----+
|Utilization SLR (%)  |        4|     0|       ~0|        3|    0|
+---------------------+---------+------+---------+---------+-----+
|Available            |     4320|  6840|  2364480|  1182240|  960|
+---------------------+---------+------+---------+---------+-----+
|Utilization (%)      |        1|     0|       ~0|        1|    0|
+---------------------+---------+------+---------+---------+-----+

+ Detail: 
    * Instance: 
    N/A

    * DSP: 
    N/A

    * Memory: 
    +----------------+----------------------------------------------------------------------------------+---------+---+----+-----+------+-----+------+-------------+
    |     Memory     |                                      Module                                      | BRAM_18K| FF| LUT| URAM| Words| Bits| Banks| W*Bits*Banks|
    +----------------+----------------------------------------------------------------------------------+---------+---+----+-----+------+-----+------+-------------+
    |exp_table_U     |softmax_legacy_ap_fixed_ap_ufixed_8_0_0_0_0_softmax_config24_s_exp_table_ROM_bkb  |       56|  0|   0|    0|  1024|   18|     1|        18432|
    |invert_table_U  |softmax_legacy_ap_fixed_ap_ufixed_8_0_0_0_0_softmax_config24_s_invert_table_Rcud  |        4|  0|   0|    0|  1024|   15|     1|        15360|
    +----------------+----------------------------------------------------------------------------------+---------+---+----+-----+------+-----+------+-------------+
    |Total           |                                                                                  |       60|  0|   0|    0|  2048|   33|     2|        33792|
    +----------------+----------------------------------------------------------------------------------+---------+---+----+-----+------+-----+------+-------------+

    * FIFO: 
    N/A

    * Expression: 
    +-----------------------------+----------+----+---+-----+------------+------------+
    |        Variable Name        | Operation| DSP| FF| LUT | Bitwidth P0| Bitwidth P1|
    +-----------------------------+----------+----+---+-----+------------+------------+
    |add_ln333_10_fu_1668_p2      |         +|   0|  0|   21|          14|           1|
    |add_ln333_11_fu_1726_p2      |         +|   0|  0|   21|          14|           1|
    |add_ln333_12_fu_1784_p2      |         +|   0|  0|   21|          14|           1|
    |add_ln333_13_fu_1842_p2      |         +|   0|  0|   21|          14|           1|
    |add_ln333_14_fu_1900_p2      |         +|   0|  0|   21|          14|           1|
    |add_ln333_15_fu_1958_p2      |         +|   0|  0|   21|          14|           1|
    |add_ln333_16_fu_2016_p2      |         +|   0|  0|   21|          14|           1|
    |add_ln333_17_fu_2074_p2      |         +|   0|  0|   21|          14|           1|
    |add_ln333_18_fu_2132_p2      |         +|   0|  0|   21|          14|           1|
    |add_ln333_19_fu_2190_p2      |         +|   0|  0|   21|          14|           1|
    |add_ln333_1_fu_1131_p2       |         +|   0|  0|   21|          14|           1|
    |add_ln333_20_fu_2248_p2      |         +|   0|  0|   21|          14|           1|
    |add_ln333_21_fu_2306_p2      |         +|   0|  0|   21|          14|           1|
    |add_ln333_22_fu_2364_p2      |         +|   0|  0|   21|          14|           1|
    |add_ln333_23_fu_2422_p2      |         +|   0|  0|   21|          14|           1|
    |add_ln333_24_fu_2480_p2      |         +|   0|  0|   21|          14|           1|
    |add_ln333_25_fu_2538_p2      |         +|   0|  0|   21|          14|           1|
    |add_ln333_26_fu_2596_p2      |         +|   0|  0|   21|          14|           1|
    |add_ln333_27_fu_2654_p2      |         +|   0|  0|   21|          14|           1|
    |add_ln333_28_fu_2712_p2      |         +|   0|  0|   21|          14|           1|
    |add_ln333_29_fu_2770_p2      |         +|   0|  0|   21|          14|           1|
    |add_ln333_2_fu_1192_p2       |         +|   0|  0|   21|          14|           1|
    |add_ln333_30_fu_2828_p2      |         +|   0|  0|   21|          14|           1|
    |add_ln333_31_fu_2886_p2      |         +|   0|  0|   21|          14|           1|
    |add_ln333_32_fu_2944_p2      |         +|   0|  0|   21|          14|           1|
    |add_ln333_33_fu_3002_p2      |         +|   0|  0|   21|          14|           1|
    |add_ln333_34_fu_3060_p2      |         +|   0|  0|   21|          14|           1|
    |add_ln333_35_fu_3118_p2      |         +|   0|  0|   21|          14|           1|
    |add_ln333_36_fu_3176_p2      |         +|   0|  0|   21|          14|           1|
    |add_ln333_37_fu_3234_p2      |         +|   0|  0|   21|          14|           1|
    |add_ln333_38_fu_3292_p2      |         +|   0|  0|   21|          14|           1|
    |add_ln333_39_fu_3350_p2      |         +|   0|  0|   21|          14|           1|
    |add_ln333_3_fu_1253_p2       |         +|   0|  0|   21|          14|           1|
    |add_ln333_40_fu_3408_p2      |         +|   0|  0|   21|          14|           1|
    |add_ln333_41_fu_3466_p2      |         +|   0|  0|   21|          14|           1|
    |add_ln333_42_fu_3524_p2      |         +|   0|  0|   21|          14|           1|
    |add_ln333_43_fu_3582_p2      |         +|   0|  0|   21|          14|           1|
    |add_ln333_44_fu_3640_p2      |         +|   0|  0|   21|          14|           1|
    |add_ln333_45_fu_3698_p2      |         +|   0|  0|   21|          14|           1|
    |add_ln333_46_fu_3756_p2      |         +|   0|  0|   21|          14|           1|
    |add_ln333_47_fu_3814_p2      |         +|   0|  0|   21|          14|           1|
    |add_ln333_48_fu_3872_p2      |         +|   0|  0|   21|          14|           1|
    |add_ln333_49_fu_3930_p2      |         +|   0|  0|   21|          14|           1|
    |add_ln333_4_fu_1314_p2       |         +|   0|  0|   21|          14|           1|
    |add_ln333_50_fu_3988_p2      |         +|   0|  0|   21|          14|           1|
    |add_ln333_51_fu_4046_p2      |         +|   0|  0|   21|          14|           1|
    |add_ln333_52_fu_4104_p2      |         +|   0|  0|   21|          14|           1|
    |add_ln333_53_fu_4162_p2      |         +|   0|  0|   21|          14|           1|
    |add_ln333_54_fu_4220_p2      |         +|   0|  0|   21|          14|           1|
    |add_ln333_55_fu_4278_p2      |         +|   0|  0|   21|          14|           1|
    |add_ln333_5_fu_1375_p2       |         +|   0|  0|   21|          14|           1|
    |add_ln333_6_fu_1436_p2       |         +|   0|  0|   21|          14|           1|
    |add_ln333_7_fu_1494_p2       |         +|   0|  0|   21|          14|           1|
    |add_ln333_8_fu_1552_p2       |         +|   0|  0|   21|          14|           1|
    |add_ln333_9_fu_1610_p2       |         +|   0|  0|   21|          14|           1|
    |add_ln333_fu_1070_p2         |         +|   0|  0|   21|          14|           1|
    |add_ln341_10_fu_8315_p2      |         +|   0|  0|   18|          18|          18|
    |add_ln341_11_fu_8178_p2      |         +|   0|  0|   25|          18|          11|
    |add_ln341_12_fu_8319_p2      |         +|   0|  0|   18|          18|          18|
    |add_ln341_14_fu_8184_p2      |         +|   0|  0|   25|          18|          18|
    |add_ln341_15_fu_8190_p2      |         +|   0|  0|   25|          18|          18|
    |add_ln341_16_fu_8330_p2      |         +|   0|  0|   18|          18|          18|
    |add_ln341_17_fu_8334_p2      |         +|   0|  0|   18|          18|          18|
    |add_ln341_18_fu_8196_p2      |         +|   0|  0|   25|          18|          11|
    |add_ln341_19_fu_8338_p2      |         +|   0|  0|   18|          18|          18|
    |add_ln341_1_fu_8154_p2       |         +|   0|  0|   25|          18|          18|
    |add_ln341_21_fu_8202_p2      |         +|   0|  0|   25|          18|          18|
    |add_ln341_22_fu_8208_p2      |         +|   0|  0|   25|          18|          18|
    |add_ln341_23_fu_8349_p2      |         +|   0|  0|   18|          18|          18|
    |add_ln341_24_fu_8353_p2      |         +|   0|  0|   18|          18|          18|
    |add_ln341_25_fu_8214_p2      |         +|   0|  0|   25|          18|          11|
    |add_ln341_26_fu_8357_p2      |         +|   0|  0|   18|          18|          18|
    |add_ln341_28_fu_8220_p2      |         +|   0|  0|   25|          18|          18|
    |add_ln341_29_fu_8226_p2      |         +|   0|  0|   25|          18|          18|
    |add_ln341_2_fu_8292_p2       |         +|   0|  0|   18|          18|          18|
    |add_ln341_30_fu_8368_p2      |         +|   0|  0|   18|          18|          18|
    |add_ln341_31_fu_8372_p2      |         +|   0|  0|   18|          18|          18|
    |add_ln341_32_fu_8232_p2      |         +|   0|  0|   25|          18|          11|
    |add_ln341_33_fu_8376_p2      |         +|   0|  0|   18|          18|          18|
    |add_ln341_35_fu_8238_p2      |         +|   0|  0|   25|          18|          18|
    |add_ln341_36_fu_8244_p2      |         +|   0|  0|   25|          18|          18|
    |add_ln341_37_fu_8387_p2      |         +|   0|  0|   18|          18|          18|
    |add_ln341_38_fu_8391_p2      |         +|   0|  0|   18|          18|          18|
    |add_ln341_39_fu_8250_p2      |         +|   0|  0|   25|          18|          11|
    |add_ln341_3_fu_8296_p2       |         +|   0|  0|   18|          18|          18|
    |add_ln341_40_fu_8395_p2      |         +|   0|  0|   18|          18|          18|
    |add_ln341_42_fu_8256_p2      |         +|   0|  0|   25|          18|          18|
    |add_ln341_43_fu_8262_p2      |         +|   0|  0|   25|          18|          18|
    |add_ln341_44_fu_8406_p2      |         +|   0|  0|   18|          18|          18|
    |add_ln341_45_fu_8410_p2      |         +|   0|  0|   18|          18|          18|
    |add_ln341_46_fu_8268_p2      |         +|   0|  0|   25|          18|          11|
    |add_ln341_47_fu_8414_p2      |         +|   0|  0|   18|          18|          18|
    |add_ln341_49_fu_8274_p2      |         +|   0|  0|   25|          18|          18|
    |add_ln341_4_fu_8160_p2       |         +|   0|  0|   25|          18|          11|
    |add_ln341_50_fu_8280_p2      |         +|   0|  0|   25|          18|          18|
    |add_ln341_51_fu_8425_p2      |         +|   0|  0|   18|          18|          18|
    |add_ln341_52_fu_8429_p2      |         +|   0|  0|   18|          18|          18|
    |add_ln341_53_fu_8286_p2      |         +|   0|  0|   25|          18|          11|
    |add_ln341_54_fu_8433_p2      |         +|   0|  0|   18|          18|          18|
    |add_ln341_5_fu_8300_p2       |         +|   0|  0|   18|          18|          18|
    |add_ln341_7_fu_8166_p2       |         +|   0|  0|   25|          18|          18|
    |add_ln341_8_fu_8172_p2       |         +|   0|  0|   25|          18|          18|
    |add_ln341_9_fu_8311_p2       |         +|   0|  0|   18|          18|          18|
    |add_ln341_fu_8148_p2         |         +|   0|  0|   25|          18|          18|
    |add_ln347_1_fu_8676_p2       |         +|   0|  0|   20|          13|           1|
    |add_ln347_2_fu_8767_p2       |         +|   0|  0|   20|          13|           1|
    |add_ln347_3_fu_8858_p2       |         +|   0|  0|   20|          13|           1|
    |add_ln347_4_fu_8949_p2       |         +|   0|  0|   20|          13|           1|
    |add_ln347_5_fu_9040_p2       |         +|   0|  0|   20|          13|           1|
    |add_ln347_6_fu_9131_p2       |         +|   0|  0|   20|          13|           1|
    |add_ln347_7_fu_9222_p2       |         +|   0|  0|   20|          13|           1|
    |add_ln347_fu_8585_p2         |         +|   0|  0|   20|          13|           1|
    |add_ln353_1_fu_9696_p2       |         +|   0|  0|   15|           8|           8|
    |add_ln353_2_fu_9745_p2       |         +|   0|  0|   15|           8|           8|
    |add_ln353_3_fu_9794_p2       |         +|   0|  0|   15|           8|           8|
    |add_ln353_4_fu_9843_p2       |         +|   0|  0|   15|           8|           8|
    |add_ln353_5_fu_9892_p2       |         +|   0|  0|   15|           8|           8|
    |add_ln353_6_fu_9941_p2       |         +|   0|  0|   15|           8|           8|
    |add_ln353_7_fu_9990_p2       |         +|   0|  0|   15|           8|           8|
    |add_ln353_fu_9647_p2         |         +|   0|  0|   15|           8|           8|
    |exp_res_1_fu_8324_p2         |         +|   0|  0|   18|          18|          18|
    |exp_res_2_fu_8343_p2         |         +|   0|  0|   18|          18|          18|
    |exp_res_3_fu_8362_p2         |         +|   0|  0|   18|          18|          18|
    |exp_res_4_fu_8381_p2         |         +|   0|  0|   18|          18|          18|
    |exp_res_5_fu_8400_p2         |         +|   0|  0|   18|          18|          18|
    |exp_res_6_fu_8419_p2         |         +|   0|  0|   18|          18|          18|
    |exp_res_7_fu_8438_p2         |         +|   0|  0|   18|          18|          18|
    |exp_res_fu_8305_p2           |         +|   0|  0|   18|          18|          18|
    |index_102_fu_6505_p2         |         +|   0|  0|   21|          14|          10|
    |index_105_fu_6570_p2         |         +|   0|  0|   21|          14|          10|
    |index_108_fu_6635_p2         |         +|   0|  0|   21|          14|          10|
    |index_111_fu_6700_p2         |         +|   0|  0|   21|          14|          10|
    |index_114_fu_6765_p2         |         +|   0|  0|   21|          14|          10|
    |index_117_fu_6830_p2         |         +|   0|  0|   21|          14|          10|
    |index_120_fu_6895_p2         |         +|   0|  0|   21|          14|          10|
    |index_123_fu_6960_p2         |         +|   0|  0|   21|          14|          10|
    |index_126_fu_7025_p2         |         +|   0|  0|   21|          14|          10|
    |index_129_fu_7090_p2         |         +|   0|  0|   21|          14|          10|
    |index_12_fu_4555_p2          |         +|   0|  0|   21|          14|          10|
    |index_132_fu_7155_p2         |         +|   0|  0|   21|          14|          10|
    |index_135_fu_7220_p2         |         +|   0|  0|   21|          14|          10|
    |index_138_fu_7285_p2         |         +|   0|  0|   21|          14|          10|
    |index_141_fu_7350_p2         |         +|   0|  0|   21|          14|          10|
    |index_144_fu_7415_p2         |         +|   0|  0|   21|          14|          10|
    |index_147_fu_7480_p2         |         +|   0|  0|   21|          14|          10|
    |index_150_fu_7545_p2         |         +|   0|  0|   21|          14|          10|
    |index_153_fu_7610_p2         |         +|   0|  0|   21|          14|          10|
    |index_156_fu_7675_p2         |         +|   0|  0|   21|          14|          10|
    |index_159_fu_7740_p2         |         +|   0|  0|   21|          14|          10|
    |index_15_fu_4620_p2          |         +|   0|  0|   21|          14|          10|
    |index_162_fu_7805_p2         |         +|   0|  0|   21|          14|          10|
    |index_165_fu_7870_p2         |         +|   0|  0|   21|          14|          10|
    |index_18_fu_4685_p2          |         +|   0|  0|   21|          14|          10|
    |index_21_fu_4750_p2          |         +|   0|  0|   21|          14|          10|
    |index_24_fu_4815_p2          |         +|   0|  0|   21|          14|          10|
    |index_27_fu_4880_p2          |         +|   0|  0|   21|          14|          10|
    |index_30_fu_4945_p2          |         +|   0|  0|   21|          14|          10|
    |index_33_fu_5010_p2          |         +|   0|  0|   21|          14|          10|
    |index_36_fu_5075_p2          |         +|   0|  0|   21|          14|          10|
    |index_39_fu_5140_p2          |         +|   0|  0|   21|          14|          10|
    |index_3_fu_4360_p2           |         +|   0|  0|   21|          14|          10|
    |index_42_fu_5205_p2          |         +|   0|  0|   21|          14|          10|
    |index_45_fu_5270_p2          |         +|   0|  0|   21|          14|          10|
    |index_48_fu_5335_p2          |         +|   0|  0|   21|          14|          10|
    |index_51_fu_5400_p2          |         +|   0|  0|   21|          14|          10|
    |index_54_fu_5465_p2          |         +|   0|  0|   21|          14|          10|
    |index_57_fu_5530_p2          |         +|   0|  0|   21|          14|          10|
    |index_60_fu_5595_p2          |         +|   0|  0|   21|          14|          10|
    |index_63_fu_5660_p2          |         +|   0|  0|   21|          14|          10|
    |index_66_fu_5725_p2          |         +|   0|  0|   21|          14|          10|
    |index_69_fu_5790_p2          |         +|   0|  0|   21|          14|          10|
    |index_6_fu_4425_p2           |         +|   0|  0|   21|          14|          10|
    |index_72_fu_5855_p2          |         +|   0|  0|   21|          14|          10|
    |index_75_fu_5920_p2          |         +|   0|  0|   21|          14|          10|
    |index_78_fu_5985_p2          |         +|   0|  0|   21|          14|          10|
    |index_81_fu_6050_p2          |         +|   0|  0|   21|          14|          10|
    |index_84_fu_6115_p2          |         +|   0|  0|   21|          14|          10|
    |index_87_fu_6180_p2          |         +|   0|  0|   21|          14|          10|
    |index_90_fu_6245_p2          |         +|   0|  0|   21|          14|          10|
    |index_93_fu_6310_p2          |         +|   0|  0|   21|          14|          10|
    |index_96_fu_6375_p2          |         +|   0|  0|   21|          14|          10|
    |index_99_fu_6440_p2          |         +|   0|  0|   21|          14|          10|
    |index_9_fu_4490_p2           |         +|   0|  0|   21|          14|          10|
    |index_fu_4295_p2             |         +|   0|  0|   21|          14|          10|
    |sub_ln333_10_fu_1616_p2      |         -|   0|  0|   32|          25|          25|
    |sub_ln333_11_fu_1674_p2      |         -|   0|  0|   32|          25|          25|
    |sub_ln333_12_fu_1732_p2      |         -|   0|  0|   32|          25|          25|
    |sub_ln333_13_fu_1790_p2      |         -|   0|  0|   32|          25|          25|
    |sub_ln333_14_fu_1848_p2      |         -|   0|  0|   32|          25|          25|
    |sub_ln333_15_fu_1906_p2      |         -|   0|  0|   32|          25|          25|
    |sub_ln333_16_fu_1964_p2      |         -|   0|  0|   32|          25|          25|
    |sub_ln333_17_fu_2022_p2      |         -|   0|  0|   32|          25|          25|
    |sub_ln333_18_fu_2080_p2      |         -|   0|  0|   32|          25|          25|
    |sub_ln333_19_fu_2138_p2      |         -|   0|  0|   32|          25|          25|
    |sub_ln333_1_fu_1079_p2       |         -|   0|  0|   32|          25|          25|
    |sub_ln333_20_fu_2196_p2      |         -|   0|  0|   32|          25|          25|
    |sub_ln333_21_fu_2254_p2      |         -|   0|  0|   32|          25|          25|
    |sub_ln333_22_fu_2312_p2      |         -|   0|  0|   32|          25|          25|
    |sub_ln333_23_fu_2370_p2      |         -|   0|  0|   32|          25|          25|
    |sub_ln333_24_fu_2428_p2      |         -|   0|  0|   32|          25|          25|
    |sub_ln333_25_fu_2486_p2      |         -|   0|  0|   32|          25|          25|
    |sub_ln333_26_fu_2544_p2      |         -|   0|  0|   32|          25|          25|
    |sub_ln333_27_fu_2602_p2      |         -|   0|  0|   32|          25|          25|
    |sub_ln333_28_fu_2660_p2      |         -|   0|  0|   32|          25|          25|
    |sub_ln333_29_fu_2718_p2      |         -|   0|  0|   32|          25|          25|
    |sub_ln333_2_fu_1140_p2       |         -|   0|  0|   32|          25|          25|
    |sub_ln333_30_fu_2776_p2      |         -|   0|  0|   32|          25|          25|
    |sub_ln333_31_fu_2834_p2      |         -|   0|  0|   32|          25|          25|
    |sub_ln333_32_fu_2892_p2      |         -|   0|  0|   32|          25|          25|
    |sub_ln333_33_fu_2950_p2      |         -|   0|  0|   32|          25|          25|
    |sub_ln333_34_fu_3008_p2      |         -|   0|  0|   32|          25|          25|
    |sub_ln333_35_fu_3066_p2      |         -|   0|  0|   32|          25|          25|
    |sub_ln333_36_fu_3124_p2      |         -|   0|  0|   32|          25|          25|
    |sub_ln333_37_fu_3182_p2      |         -|   0|  0|   32|          25|          25|
    |sub_ln333_38_fu_3240_p2      |         -|   0|  0|   32|          25|          25|
    |sub_ln333_39_fu_3298_p2      |         -|   0|  0|   32|          25|          25|
    |sub_ln333_3_fu_1201_p2       |         -|   0|  0|   32|          25|          25|
    |sub_ln333_40_fu_3356_p2      |         -|   0|  0|   32|          25|          25|
    |sub_ln333_41_fu_3414_p2      |         -|   0|  0|   32|          25|          25|
    |sub_ln333_42_fu_3472_p2      |         -|   0|  0|   32|          25|          25|
    |sub_ln333_43_fu_3530_p2      |         -|   0|  0|   32|          25|          25|
    |sub_ln333_44_fu_3588_p2      |         -|   0|  0|   32|          25|          25|
    |sub_ln333_45_fu_3646_p2      |         -|   0|  0|   32|          25|          25|
    |sub_ln333_46_fu_3704_p2      |         -|   0|  0|   32|          25|          25|
    |sub_ln333_47_fu_3762_p2      |         -|   0|  0|   32|          25|          25|
    |sub_ln333_48_fu_3820_p2      |         -|   0|  0|   32|          25|          25|
    |sub_ln333_49_fu_3878_p2      |         -|   0|  0|   32|          25|          25|
    |sub_ln333_4_fu_1262_p2       |         -|   0|  0|   32|          25|          25|
    |sub_ln333_50_fu_3936_p2      |         -|   0|  0|   32|          25|          25|
    |sub_ln333_51_fu_3994_p2      |         -|   0|  0|   32|          25|          25|
    |sub_ln333_52_fu_4052_p2      |         -|   0|  0|   32|          25|          25|
    |sub_ln333_53_fu_4110_p2      |         -|   0|  0|   32|          25|          25|
    |sub_ln333_54_fu_4168_p2      |         -|   0|  0|   32|          25|          25|
    |sub_ln333_55_fu_4226_p2      |         -|   0|  0|   32|          25|          25|
    |sub_ln333_5_fu_1323_p2       |         -|   0|  0|   32|          25|          25|
    |sub_ln333_6_fu_1384_p2       |         -|   0|  0|   32|          25|          25|
    |sub_ln333_7_fu_1442_p2       |         -|   0|  0|   32|          25|          25|
    |sub_ln333_8_fu_1500_p2       |         -|   0|  0|   32|          25|          25|
    |sub_ln333_9_fu_1558_p2       |         -|   0|  0|   32|          25|          25|
    |sub_ln333_fu_1018_p2         |         -|   0|  0|   32|          25|          25|
    |and_ln353_1_fu_9728_p2       |       and|   0|  0|    2|           1|           1|
    |and_ln353_2_fu_9777_p2       |       and|   0|  0|    2|           1|           1|
    |and_ln353_3_fu_9826_p2       |       and|   0|  0|    2|           1|           1|
    |and_ln353_4_fu_9875_p2       |       and|   0|  0|    2|           1|           1|
    |and_ln353_5_fu_9924_p2       |       and|   0|  0|    2|           1|           1|
    |and_ln353_6_fu_9973_p2       |       and|   0|  0|    2|           1|           1|
    |and_ln353_7_fu_10022_p2      |       and|   0|  0|    2|           1|           1|
    |and_ln353_fu_9679_p2         |       and|   0|  0|    2|           1|           1|
    |icmp_ln333_100_fu_3964_p2    |      icmp|   0|  0|   42|          35|           5|
    |icmp_ln333_101_fu_3982_p2    |      icmp|   0|  0|   25|          18|           1|
    |icmp_ln333_102_fu_4022_p2    |      icmp|   0|  0|   42|          35|           5|
    |icmp_ln333_103_fu_4040_p2    |      icmp|   0|  0|   25|          18|           1|
    |icmp_ln333_104_fu_4080_p2    |      icmp|   0|  0|   42|          35|           5|
    |icmp_ln333_105_fu_4098_p2    |      icmp|   0|  0|   25|          18|           1|
    |icmp_ln333_106_fu_4138_p2    |      icmp|   0|  0|   42|          35|           5|
    |icmp_ln333_107_fu_4156_p2    |      icmp|   0|  0|   25|          18|           1|
    |icmp_ln333_108_fu_4196_p2    |      icmp|   0|  0|   42|          35|           5|
    |icmp_ln333_109_fu_4214_p2    |      icmp|   0|  0|   25|          18|           1|
    |icmp_ln333_10_fu_1351_p2     |      icmp|   0|  0|   42|          35|           5|
    |icmp_ln333_110_fu_4254_p2    |      icmp|   0|  0|   42|          35|           5|
    |icmp_ln333_111_fu_4272_p2    |      icmp|   0|  0|   25|          18|           1|
    |icmp_ln333_11_fu_1369_p2     |      icmp|   0|  0|   25|          18|           1|
    |icmp_ln333_12_fu_1412_p2     |      icmp|   0|  0|   42|          35|           5|
    |icmp_ln333_13_fu_1430_p2     |      icmp|   0|  0|   25|          18|           1|
    |icmp_ln333_14_fu_1470_p2     |      icmp|   0|  0|   42|          35|           5|
    |icmp_ln333_15_fu_1488_p2     |      icmp|   0|  0|   25|          18|           1|
    |icmp_ln333_16_fu_1528_p2     |      icmp|   0|  0|   42|          35|           5|
    |icmp_ln333_17_fu_1546_p2     |      icmp|   0|  0|   25|          18|           1|
    |icmp_ln333_18_fu_1586_p2     |      icmp|   0|  0|   42|          35|           5|
    |icmp_ln333_19_fu_1604_p2     |      icmp|   0|  0|   25|          18|           1|
    |icmp_ln333_1_fu_1064_p2      |      icmp|   0|  0|   25|          18|           1|
    |icmp_ln333_20_fu_1644_p2     |      icmp|   0|  0|   42|          35|           5|
    |icmp_ln333_21_fu_1662_p2     |      icmp|   0|  0|   25|          18|           1|
    |icmp_ln333_22_fu_1702_p2     |      icmp|   0|  0|   42|          35|           5|
    |icmp_ln333_23_fu_1720_p2     |      icmp|   0|  0|   25|          18|           1|
    |icmp_ln333_24_fu_1760_p2     |      icmp|   0|  0|   42|          35|           5|
    |icmp_ln333_25_fu_1778_p2     |      icmp|   0|  0|   25|          18|           1|
    |icmp_ln333_26_fu_1818_p2     |      icmp|   0|  0|   42|          35|           5|
    |icmp_ln333_27_fu_1836_p2     |      icmp|   0|  0|   25|          18|           1|
    |icmp_ln333_28_fu_1876_p2     |      icmp|   0|  0|   42|          35|           5|
    |icmp_ln333_29_fu_1894_p2     |      icmp|   0|  0|   25|          18|           1|
    |icmp_ln333_2_fu_1107_p2      |      icmp|   0|  0|   42|          35|           5|
    |icmp_ln333_30_fu_1934_p2     |      icmp|   0|  0|   42|          35|           5|
    |icmp_ln333_31_fu_1952_p2     |      icmp|   0|  0|   25|          18|           1|
    |icmp_ln333_32_fu_1992_p2     |      icmp|   0|  0|   42|          35|           5|
    |icmp_ln333_33_fu_2010_p2     |      icmp|   0|  0|   25|          18|           1|
    |icmp_ln333_34_fu_2050_p2     |      icmp|   0|  0|   42|          35|           5|
    |icmp_ln333_35_fu_2068_p2     |      icmp|   0|  0|   25|          18|           1|
    |icmp_ln333_36_fu_2108_p2     |      icmp|   0|  0|   42|          35|           5|
    |icmp_ln333_37_fu_2126_p2     |      icmp|   0|  0|   25|          18|           1|
    |icmp_ln333_38_fu_2166_p2     |      icmp|   0|  0|   42|          35|           5|
    |icmp_ln333_39_fu_2184_p2     |      icmp|   0|  0|   25|          18|           1|
    |icmp_ln333_3_fu_1125_p2      |      icmp|   0|  0|   25|          18|           1|
    |icmp_ln333_40_fu_2224_p2     |      icmp|   0|  0|   42|          35|           5|
    |icmp_ln333_41_fu_2242_p2     |      icmp|   0|  0|   25|          18|           1|
    |icmp_ln333_42_fu_2282_p2     |      icmp|   0|  0|   42|          35|           5|
    |icmp_ln333_43_fu_2300_p2     |      icmp|   0|  0|   25|          18|           1|
    |icmp_ln333_44_fu_2340_p2     |      icmp|   0|  0|   42|          35|           5|
    |icmp_ln333_45_fu_2358_p2     |      icmp|   0|  0|   25|          18|           1|
    |icmp_ln333_46_fu_2398_p2     |      icmp|   0|  0|   42|          35|           5|
    |icmp_ln333_47_fu_2416_p2     |      icmp|   0|  0|   25|          18|           1|
    |icmp_ln333_48_fu_2456_p2     |      icmp|   0|  0|   42|          35|           5|
    |icmp_ln333_49_fu_2474_p2     |      icmp|   0|  0|   25|          18|           1|
    |icmp_ln333_4_fu_1168_p2      |      icmp|   0|  0|   42|          35|           5|
    |icmp_ln333_50_fu_2514_p2     |      icmp|   0|  0|   42|          35|           5|
    |icmp_ln333_51_fu_2532_p2     |      icmp|   0|  0|   25|          18|           1|
    |icmp_ln333_52_fu_2572_p2     |      icmp|   0|  0|   42|          35|           5|
    |icmp_ln333_53_fu_2590_p2     |      icmp|   0|  0|   25|          18|           1|
    |icmp_ln333_54_fu_2630_p2     |      icmp|   0|  0|   42|          35|           5|
    |icmp_ln333_55_fu_2648_p2     |      icmp|   0|  0|   25|          18|           1|
    |icmp_ln333_56_fu_2688_p2     |      icmp|   0|  0|   42|          35|           5|
    |icmp_ln333_57_fu_2706_p2     |      icmp|   0|  0|   25|          18|           1|
    |icmp_ln333_58_fu_2746_p2     |      icmp|   0|  0|   42|          35|           5|
    |icmp_ln333_59_fu_2764_p2     |      icmp|   0|  0|   25|          18|           1|
    |icmp_ln333_5_fu_1186_p2      |      icmp|   0|  0|   25|          18|           1|
    |icmp_ln333_60_fu_2804_p2     |      icmp|   0|  0|   42|          35|           5|
    |icmp_ln333_61_fu_2822_p2     |      icmp|   0|  0|   25|          18|           1|
    |icmp_ln333_62_fu_2862_p2     |      icmp|   0|  0|   42|          35|           5|
    |icmp_ln333_63_fu_2880_p2     |      icmp|   0|  0|   25|          18|           1|
    |icmp_ln333_64_fu_2920_p2     |      icmp|   0|  0|   42|          35|           5|
    |icmp_ln333_65_fu_2938_p2     |      icmp|   0|  0|   25|          18|           1|
    |icmp_ln333_66_fu_2978_p2     |      icmp|   0|  0|   42|          35|           5|
    |icmp_ln333_67_fu_2996_p2     |      icmp|   0|  0|   25|          18|           1|
    |icmp_ln333_68_fu_3036_p2     |      icmp|   0|  0|   42|          35|           5|
    |icmp_ln333_69_fu_3054_p2     |      icmp|   0|  0|   25|          18|           1|
    |icmp_ln333_6_fu_1229_p2      |      icmp|   0|  0|   42|          35|           5|
    |icmp_ln333_70_fu_3094_p2     |      icmp|   0|  0|   42|          35|           5|
    |icmp_ln333_71_fu_3112_p2     |      icmp|   0|  0|   25|          18|           1|
    |icmp_ln333_72_fu_3152_p2     |      icmp|   0|  0|   42|          35|           5|
    |icmp_ln333_73_fu_3170_p2     |      icmp|   0|  0|   25|          18|           1|
    |icmp_ln333_74_fu_3210_p2     |      icmp|   0|  0|   42|          35|           5|
    |icmp_ln333_75_fu_3228_p2     |      icmp|   0|  0|   25|          18|           1|
    |icmp_ln333_76_fu_3268_p2     |      icmp|   0|  0|   42|          35|           5|
    |icmp_ln333_77_fu_3286_p2     |      icmp|   0|  0|   25|          18|           1|
    |icmp_ln333_78_fu_3326_p2     |      icmp|   0|  0|   42|          35|           5|
    |icmp_ln333_79_fu_3344_p2     |      icmp|   0|  0|   25|          18|           1|
    |icmp_ln333_7_fu_1247_p2      |      icmp|   0|  0|   25|          18|           1|
    |icmp_ln333_80_fu_3384_p2     |      icmp|   0|  0|   42|          35|           5|
    |icmp_ln333_81_fu_3402_p2     |      icmp|   0|  0|   25|          18|           1|
    |icmp_ln333_82_fu_3442_p2     |      icmp|   0|  0|   42|          35|           5|
    |icmp_ln333_83_fu_3460_p2     |      icmp|   0|  0|   25|          18|           1|
    |icmp_ln333_84_fu_3500_p2     |      icmp|   0|  0|   42|          35|           5|
    |icmp_ln333_85_fu_3518_p2     |      icmp|   0|  0|   25|          18|           1|
    |icmp_ln333_86_fu_3558_p2     |      icmp|   0|  0|   42|          35|           5|
    |icmp_ln333_87_fu_3576_p2     |      icmp|   0|  0|   25|          18|           1|
    |icmp_ln333_88_fu_3616_p2     |      icmp|   0|  0|   42|          35|           5|
    |icmp_ln333_89_fu_3634_p2     |      icmp|   0|  0|   25|          18|           1|
    |icmp_ln333_8_fu_1290_p2      |      icmp|   0|  0|   42|          35|           5|
    |icmp_ln333_90_fu_3674_p2     |      icmp|   0|  0|   42|          35|           5|
    |icmp_ln333_91_fu_3692_p2     |      icmp|   0|  0|   25|          18|           1|
    |icmp_ln333_92_fu_3732_p2     |      icmp|   0|  0|   42|          35|           5|
    |icmp_ln333_93_fu_3750_p2     |      icmp|   0|  0|   25|          18|           1|
    |icmp_ln333_94_fu_3790_p2     |      icmp|   0|  0|   42|          35|           5|
    |icmp_ln333_95_fu_3808_p2     |      icmp|   0|  0|   25|          18|           1|
    |icmp_ln333_96_fu_3848_p2     |      icmp|   0|  0|   42|          35|           5|
    |icmp_ln333_97_fu_3866_p2     |      icmp|   0|  0|   25|          18|           1|
    |icmp_ln333_98_fu_3906_p2     |      icmp|   0|  0|   42|          35|           5|
    |icmp_ln333_99_fu_3924_p2     |      icmp|   0|  0|   25|          18|           1|
    |icmp_ln333_9_fu_1308_p2      |      icmp|   0|  0|   25|          18|           1|
    |icmp_ln333_fu_1046_p2        |      icmp|   0|  0|   42|          35|           5|
    |icmp_ln337_10_fu_4985_p2     |      icmp|   0|  0|   10|           3|           1|
    |icmp_ln337_11_fu_5050_p2     |      icmp|   0|  0|   10|           3|           1|
    |icmp_ln337_12_fu_5115_p2     |      icmp|   0|  0|   10|           3|           1|
    |icmp_ln337_13_fu_5180_p2     |      icmp|   0|  0|   10|           3|           1|
    |icmp_ln337_14_fu_5245_p2     |      icmp|   0|  0|   10|           3|           1|
    |icmp_ln337_15_fu_5310_p2     |      icmp|   0|  0|   10|           3|           1|
    |icmp_ln337_16_fu_5375_p2     |      icmp|   0|  0|   10|           3|           1|
    |icmp_ln337_17_fu_5440_p2     |      icmp|   0|  0|   10|           3|           1|
    |icmp_ln337_18_fu_5505_p2     |      icmp|   0|  0|   10|           3|           1|
    |icmp_ln337_19_fu_5570_p2     |      icmp|   0|  0|   10|           3|           1|
    |icmp_ln337_1_fu_4400_p2      |      icmp|   0|  0|   10|           3|           1|
    |icmp_ln337_20_fu_5635_p2     |      icmp|   0|  0|   10|           3|           1|
    |icmp_ln337_21_fu_5700_p2     |      icmp|   0|  0|   10|           3|           1|
    |icmp_ln337_22_fu_5765_p2     |      icmp|   0|  0|   10|           3|           1|
    |icmp_ln337_23_fu_5830_p2     |      icmp|   0|  0|   10|           3|           1|
    |icmp_ln337_24_fu_5895_p2     |      icmp|   0|  0|   10|           3|           1|
    |icmp_ln337_25_fu_5960_p2     |      icmp|   0|  0|   10|           3|           1|
    |icmp_ln337_26_fu_6025_p2     |      icmp|   0|  0|   10|           3|           1|
    |icmp_ln337_27_fu_6090_p2     |      icmp|   0|  0|   10|           3|           1|
    |icmp_ln337_28_fu_6155_p2     |      icmp|   0|  0|   10|           3|           1|
    |icmp_ln337_29_fu_6220_p2     |      icmp|   0|  0|   10|           3|           1|
    |icmp_ln337_2_fu_4465_p2      |      icmp|   0|  0|   10|           3|           1|
    |icmp_ln337_30_fu_6285_p2     |      icmp|   0|  0|   10|           3|           1|
    |icmp_ln337_31_fu_6350_p2     |      icmp|   0|  0|   10|           3|           1|
    |icmp_ln337_32_fu_6415_p2     |      icmp|   0|  0|   10|           3|           1|
    |icmp_ln337_33_fu_6480_p2     |      icmp|   0|  0|   10|           3|           1|
    |icmp_ln337_34_fu_6545_p2     |      icmp|   0|  0|   10|           3|           1|
    |icmp_ln337_35_fu_6610_p2     |      icmp|   0|  0|   10|           3|           1|
    |icmp_ln337_36_fu_6675_p2     |      icmp|   0|  0|   10|           3|           1|
    |icmp_ln337_37_fu_6740_p2     |      icmp|   0|  0|   10|           3|           1|
    |icmp_ln337_38_fu_6805_p2     |      icmp|   0|  0|   10|           3|           1|
    |icmp_ln337_39_fu_6870_p2     |      icmp|   0|  0|   10|           3|           1|
    |icmp_ln337_3_fu_4530_p2      |      icmp|   0|  0|   10|           3|           1|
    |icmp_ln337_40_fu_6935_p2     |      icmp|   0|  0|   10|           3|           1|
    |icmp_ln337_41_fu_7000_p2     |      icmp|   0|  0|   10|           3|           1|
    |icmp_ln337_42_fu_7065_p2     |      icmp|   0|  0|   10|           3|           1|
    |icmp_ln337_43_fu_7130_p2     |      icmp|   0|  0|   10|           3|           1|
    |icmp_ln337_44_fu_7195_p2     |      icmp|   0|  0|   10|           3|           1|
    |icmp_ln337_45_fu_7260_p2     |      icmp|   0|  0|   10|           3|           1|
    |icmp_ln337_46_fu_7325_p2     |      icmp|   0|  0|   10|           3|           1|
    |icmp_ln337_47_fu_7390_p2     |      icmp|   0|  0|   10|           3|           1|
    |icmp_ln337_48_fu_7455_p2     |      icmp|   0|  0|   10|           3|           1|
    |icmp_ln337_49_fu_7520_p2     |      icmp|   0|  0|   10|           3|           1|
    |icmp_ln337_4_fu_4595_p2      |      icmp|   0|  0|   10|           3|           1|
    |icmp_ln337_50_fu_7585_p2     |      icmp|   0|  0|   10|           3|           1|
    |icmp_ln337_51_fu_7650_p2     |      icmp|   0|  0|   10|           3|           1|
    |icmp_ln337_52_fu_7715_p2     |      icmp|   0|  0|   10|           3|           1|
    |icmp_ln337_53_fu_7780_p2     |      icmp|   0|  0|   10|           3|           1|
    |icmp_ln337_54_fu_7845_p2     |      icmp|   0|  0|   10|           3|           1|
    |icmp_ln337_55_fu_7910_p2     |      icmp|   0|  0|   10|           3|           1|
    |icmp_ln337_5_fu_4660_p2      |      icmp|   0|  0|   10|           3|           1|
    |icmp_ln337_6_fu_4725_p2      |      icmp|   0|  0|   10|           3|           1|
    |icmp_ln337_7_fu_4790_p2      |      icmp|   0|  0|   10|           3|           1|
    |icmp_ln337_8_fu_4855_p2      |      icmp|   0|  0|   10|           3|           1|
    |icmp_ln337_9_fu_4920_p2      |      icmp|   0|  0|   10|           3|           1|
    |icmp_ln337_fu_4335_p2        |      icmp|   0|  0|   10|           3|           1|
    |icmp_ln347_10_fu_9021_p2     |      icmp|   0|  0|   35|          28|           7|
    |icmp_ln347_11_fu_9034_p2     |      icmp|   0|  0|   17|          10|           1|
    |icmp_ln347_12_fu_9112_p2     |      icmp|   0|  0|   35|          28|           7|
    |icmp_ln347_13_fu_9125_p2     |      icmp|   0|  0|   17|          10|           1|
    |icmp_ln347_14_fu_9203_p2     |      icmp|   0|  0|   35|          28|           7|
    |icmp_ln347_15_fu_9216_p2     |      icmp|   0|  0|   17|          10|           1|
    |icmp_ln347_1_fu_8579_p2      |      icmp|   0|  0|   17|          10|           1|
    |icmp_ln347_2_fu_8657_p2      |      icmp|   0|  0|   35|          28|           7|
    |icmp_ln347_3_fu_8670_p2      |      icmp|   0|  0|   17|          10|           1|
    |icmp_ln347_4_fu_8748_p2      |      icmp|   0|  0|   35|          28|           7|
    |icmp_ln347_5_fu_8761_p2      |      icmp|   0|  0|   17|          10|           1|
    |icmp_ln347_6_fu_8839_p2      |      icmp|   0|  0|   35|          28|           7|
    |icmp_ln347_7_fu_8852_p2      |      icmp|   0|  0|   17|          10|           1|
    |icmp_ln347_8_fu_8930_p2      |      icmp|   0|  0|   35|          28|           7|
    |icmp_ln347_9_fu_8943_p2      |      icmp|   0|  0|   17|          10|           1|
    |icmp_ln347_fu_8566_p2        |      icmp|   0|  0|   35|          28|           7|
    |icmp_ln350_1_fu_8732_p2      |      icmp|   0|  0|    9|           2|           1|
    |icmp_ln350_2_fu_8823_p2      |      icmp|   0|  0|    9|           2|           1|
    |icmp_ln350_3_fu_8914_p2      |      icmp|   0|  0|    9|           2|           1|
    |icmp_ln350_4_fu_9005_p2      |      icmp|   0|  0|    9|           2|           1|
    |icmp_ln350_5_fu_9096_p2      |      icmp|   0|  0|    9|           2|           1|
    |icmp_ln350_6_fu_9187_p2      |      icmp|   0|  0|    9|           2|           1|
    |icmp_ln350_7_fu_9278_p2      |      icmp|   0|  0|    9|           2|           1|
    |icmp_ln350_fu_8641_p2        |      icmp|   0|  0|    9|           2|           1|
    |icmp_ln353_1_fu_9434_p2      |      icmp|   0|  0|   12|           5|           1|
    |icmp_ln353_2_fu_9468_p2      |      icmp|   0|  0|   12|           5|           1|
    |icmp_ln353_3_fu_9502_p2      |      icmp|   0|  0|   12|           5|           1|
    |icmp_ln353_4_fu_9536_p2      |      icmp|   0|  0|   12|           5|           1|
    |icmp_ln353_5_fu_9570_p2      |      icmp|   0|  0|   12|           5|           1|
    |icmp_ln353_6_fu_9604_p2      |      icmp|   0|  0|   12|           5|           1|
    |icmp_ln353_7_fu_9638_p2      |      icmp|   0|  0|   12|           5|           1|
    |icmp_ln353_fu_9400_p2        |      icmp|   0|  0|   12|           5|           1|
    |ap_block_pp0_stage0_01001    |        or|   0|  0|    2|           1|           1|
    |or_ln353_1_fu_9722_p2        |        or|   0|  0|    2|           1|           1|
    |or_ln353_2_fu_9771_p2        |        or|   0|  0|    2|           1|           1|
    |or_ln353_3_fu_9820_p2        |        or|   0|  0|    2|           1|           1|
    |or_ln353_4_fu_9869_p2        |        or|   0|  0|    2|           1|           1|
    |or_ln353_5_fu_9918_p2        |        or|   0|  0|    2|           1|           1|
    |or_ln353_6_fu_9967_p2        |        or|   0|  0|    2|           1|           1|
    |or_ln353_7_fu_10016_p2       |        or|   0|  0|    2|           1|           1|
    |or_ln353_fu_9673_p2          |        or|   0|  0|    2|           1|           1|
    |data_round_10_fu_4939_p3     |    select|   0|  0|   14|           1|          14|
    |data_round_11_fu_5004_p3     |    select|   0|  0|   14|           1|          14|
    |data_round_12_fu_5069_p3     |    select|   0|  0|   14|           1|          14|
    |data_round_13_fu_5134_p3     |    select|   0|  0|   14|           1|          14|
    |data_round_14_fu_5199_p3     |    select|   0|  0|   14|           1|          14|
    |data_round_15_fu_5264_p3     |    select|   0|  0|   14|           1|          14|
    |data_round_16_fu_5329_p3     |    select|   0|  0|   14|           1|          14|
    |data_round_17_fu_5394_p3     |    select|   0|  0|   14|           1|          14|
    |data_round_18_fu_5459_p3     |    select|   0|  0|   14|           1|          14|
    |data_round_19_fu_5524_p3     |    select|   0|  0|   14|           1|          14|
    |data_round_1_fu_4354_p3      |    select|   0|  0|   14|           1|          14|
    |data_round_20_fu_5589_p3     |    select|   0|  0|   14|           1|          14|
    |data_round_21_fu_5654_p3     |    select|   0|  0|   14|           1|          14|
    |data_round_22_fu_5719_p3     |    select|   0|  0|   14|           1|          14|
    |data_round_23_fu_5784_p3     |    select|   0|  0|   14|           1|          14|
    |data_round_24_fu_5849_p3     |    select|   0|  0|   14|           1|          14|
    |data_round_25_fu_5914_p3     |    select|   0|  0|   14|           1|          14|
    |data_round_26_fu_5979_p3     |    select|   0|  0|   14|           1|          14|
    |data_round_27_fu_6044_p3     |    select|   0|  0|   14|           1|          14|
    |data_round_28_fu_6109_p3     |    select|   0|  0|   14|           1|          14|
    |data_round_29_fu_6174_p3     |    select|   0|  0|   14|           1|          14|
    |data_round_2_fu_4419_p3      |    select|   0|  0|   14|           1|          14|
    |data_round_30_fu_6239_p3     |    select|   0|  0|   14|           1|          14|
    |data_round_31_fu_6304_p3     |    select|   0|  0|   14|           1|          14|
    |data_round_32_fu_6369_p3     |    select|   0|  0|   14|           1|          14|
    |data_round_33_fu_6434_p3     |    select|   0|  0|   14|           1|          14|
    |data_round_34_fu_6499_p3     |    select|   0|  0|   14|           1|          14|
    |data_round_35_fu_6564_p3     |    select|   0|  0|   14|           1|          14|
    |data_round_36_fu_6629_p3     |    select|   0|  0|   14|           1|          14|
    |data_round_37_fu_6694_p3     |    select|   0|  0|   14|           1|          14|
    |data_round_38_fu_6759_p3     |    select|   0|  0|   14|           1|          14|
    |data_round_39_fu_6824_p3     |    select|   0|  0|   14|           1|          14|
    |data_round_3_fu_4484_p3      |    select|   0|  0|   14|           1|          14|
    |data_round_40_fu_6889_p3     |    select|   0|  0|   14|           1|          14|
    |data_round_41_fu_6954_p3     |    select|   0|  0|   14|           1|          14|
    |data_round_42_fu_7019_p3     |    select|   0|  0|   14|           1|          14|
    |data_round_43_fu_7084_p3     |    select|   0|  0|   14|           1|          14|
    |data_round_44_fu_7149_p3     |    select|   0|  0|   14|           1|          14|
    |data_round_45_fu_7214_p3     |    select|   0|  0|   14|           1|          14|
    |data_round_46_fu_7279_p3     |    select|   0|  0|   14|           1|          14|
    |data_round_47_fu_7344_p3     |    select|   0|  0|   14|           1|          14|
    |data_round_48_fu_7409_p3     |    select|   0|  0|   14|           1|          14|
    |data_round_49_fu_7474_p3     |    select|   0|  0|   14|           1|          14|
    |data_round_4_fu_4549_p3      |    select|   0|  0|   14|           1|          14|
    |data_round_50_fu_7539_p3     |    select|   0|  0|   14|           1|          14|
    |data_round_51_fu_7604_p3     |    select|   0|  0|   14|           1|          14|
    |data_round_52_fu_7669_p3     |    select|   0|  0|   14|           1|          14|
    |data_round_53_fu_7734_p3     |    select|   0|  0|   14|           1|          14|
    |data_round_54_fu_7799_p3     |    select|   0|  0|   14|           1|          14|
    |data_round_55_fu_7864_p3     |    select|   0|  0|   14|           1|          14|
    |data_round_5_fu_4614_p3      |    select|   0|  0|   14|           1|          14|
    |data_round_6_fu_4679_p3      |    select|   0|  0|   14|           1|          14|
    |data_round_7_fu_4744_p3      |    select|   0|  0|   14|           1|          14|
    |data_round_8_fu_4809_p3      |    select|   0|  0|   14|           1|          14|
    |data_round_9_fu_4874_p3      |    select|   0|  0|   14|           1|          14|
    |data_round_fu_4289_p3        |    select|   0|  0|   14|           1|          14|
    |exp_res_index_10_fu_8892_p3  |    select|   0|  0|   12|           1|           1|
    |exp_res_index_11_fu_9317_p3  |    select|   0|  0|   10|           1|           2|
    |exp_res_index_12_fu_8963_p3  |    select|   0|  0|   13|           1|          13|
    |exp_res_index_13_fu_8983_p3  |    select|   0|  0|   12|           1|           1|
    |exp_res_index_14_fu_9328_p3  |    select|   0|  0|   10|           1|           2|
    |exp_res_index_15_fu_9054_p3  |    select|   0|  0|   13|           1|          13|
    |exp_res_index_16_fu_9074_p3  |    select|   0|  0|   12|           1|           1|
    |exp_res_index_17_fu_9339_p3  |    select|   0|  0|   10|           1|           2|
    |exp_res_index_18_fu_9145_p3  |    select|   0|  0|   13|           1|          13|
    |exp_res_index_19_fu_9165_p3  |    select|   0|  0|   12|           1|           1|
    |exp_res_index_1_fu_8619_p3   |    select|   0|  0|   12|           1|           1|
    |exp_res_index_20_fu_9350_p3  |    select|   0|  0|   10|           1|           2|
    |exp_res_index_21_fu_9236_p3  |    select|   0|  0|   13|           1|          13|
    |exp_res_index_22_fu_9256_p3  |    select|   0|  0|   12|           1|           1|
    |exp_res_index_23_fu_9361_p3  |    select|   0|  0|   10|           1|           2|
    |exp_res_index_2_fu_9284_p3   |    select|   0|  0|   10|           1|           2|
    |exp_res_index_3_fu_8690_p3   |    select|   0|  0|   13|           1|          13|
    |exp_res_index_4_fu_8710_p3   |    select|   0|  0|   12|           1|           1|
    |exp_res_index_5_fu_9295_p3   |    select|   0|  0|   10|           1|           2|
    |exp_res_index_6_fu_8781_p3   |    select|   0|  0|   13|           1|          13|
    |exp_res_index_7_fu_8801_p3   |    select|   0|  0|   12|           1|           1|
    |exp_res_index_8_fu_9306_p3   |    select|   0|  0|   10|           1|           2|
    |exp_res_index_9_fu_8872_p3   |    select|   0|  0|   13|           1|          13|
    |exp_res_index_fu_8599_p3     |    select|   0|  0|   13|           1|          13|
    |index_100_fu_6458_p3         |    select|   0|  0|   13|           1|           1|
    |index_101_fu_6486_p3         |    select|   0|  0|   10|           1|           2|
    |index_103_fu_6523_p3         |    select|   0|  0|   13|           1|           1|
    |index_104_fu_6551_p3         |    select|   0|  0|   10|           1|           2|
    |index_106_fu_6588_p3         |    select|   0|  0|   13|           1|           1|
    |index_107_fu_6616_p3         |    select|   0|  0|   10|           1|           2|
    |index_109_fu_6653_p3         |    select|   0|  0|   13|           1|           1|
    |index_10_fu_4508_p3          |    select|   0|  0|   13|           1|           1|
    |index_110_fu_6681_p3         |    select|   0|  0|   10|           1|           2|
    |index_112_fu_6718_p3         |    select|   0|  0|   13|           1|           1|
    |index_113_fu_6746_p3         |    select|   0|  0|   10|           1|           2|
    |index_115_fu_6783_p3         |    select|   0|  0|   13|           1|           1|
    |index_116_fu_6811_p3         |    select|   0|  0|   10|           1|           2|
    |index_118_fu_6848_p3         |    select|   0|  0|   13|           1|           1|
    |index_119_fu_6876_p3         |    select|   0|  0|   10|           1|           2|
    |index_11_fu_4536_p3          |    select|   0|  0|   10|           1|           2|
    |index_121_fu_6913_p3         |    select|   0|  0|   13|           1|           1|
    |index_122_fu_6941_p3         |    select|   0|  0|   10|           1|           2|
    |index_124_fu_6978_p3         |    select|   0|  0|   13|           1|           1|
    |index_125_fu_7006_p3         |    select|   0|  0|   10|           1|           2|
    |index_127_fu_7043_p3         |    select|   0|  0|   13|           1|           1|
    |index_128_fu_7071_p3         |    select|   0|  0|   10|           1|           2|
    |index_130_fu_7108_p3         |    select|   0|  0|   13|           1|           1|
    |index_131_fu_7136_p3         |    select|   0|  0|   10|           1|           2|
    |index_133_fu_7173_p3         |    select|   0|  0|   13|           1|           1|
    |index_134_fu_7201_p3         |    select|   0|  0|   10|           1|           2|
    |index_136_fu_7238_p3         |    select|   0|  0|   13|           1|           1|
    |index_137_fu_7266_p3         |    select|   0|  0|   10|           1|           2|
    |index_139_fu_7303_p3         |    select|   0|  0|   13|           1|           1|
    |index_13_fu_4573_p3          |    select|   0|  0|   13|           1|           1|
    |index_140_fu_7331_p3         |    select|   0|  0|   10|           1|           2|
    |index_142_fu_7368_p3         |    select|   0|  0|   13|           1|           1|
    |index_143_fu_7396_p3         |    select|   0|  0|   10|           1|           2|
    |index_145_fu_7433_p3         |    select|   0|  0|   13|           1|           1|
    |index_146_fu_7461_p3         |    select|   0|  0|   10|           1|           2|
    |index_148_fu_7498_p3         |    select|   0|  0|   13|           1|           1|
    |index_149_fu_7526_p3         |    select|   0|  0|   10|           1|           2|
    |index_14_fu_4601_p3          |    select|   0|  0|   10|           1|           2|
    |index_151_fu_7563_p3         |    select|   0|  0|   13|           1|           1|
    |index_152_fu_7591_p3         |    select|   0|  0|   10|           1|           2|
    |index_154_fu_7628_p3         |    select|   0|  0|   13|           1|           1|
    |index_155_fu_7656_p3         |    select|   0|  0|   10|           1|           2|
    |index_157_fu_7693_p3         |    select|   0|  0|   13|           1|           1|
    |index_158_fu_7721_p3         |    select|   0|  0|   10|           1|           2|
    |index_160_fu_7758_p3         |    select|   0|  0|   13|           1|           1|
    |index_161_fu_7786_p3         |    select|   0|  0|   10|           1|           2|
    |index_163_fu_7823_p3         |    select|   0|  0|   13|           1|           1|
    |index_164_fu_7851_p3         |    select|   0|  0|   10|           1|           2|
    |index_166_fu_7888_p3         |    select|   0|  0|   13|           1|           1|
    |index_167_fu_7916_p3         |    select|   0|  0|   10|           1|           2|
    |index_16_fu_4638_p3          |    select|   0|  0|   13|           1|           1|
    |index_17_fu_4666_p3          |    select|   0|  0|   10|           1|           2|
    |index_19_fu_4703_p3          |    select|   0|  0|   13|           1|           1|
    |index_1_fu_4313_p3           |    select|   0|  0|   13|           1|           1|
    |index_20_fu_4731_p3          |    select|   0|  0|   10|           1|           2|
    |index_22_fu_4768_p3          |    select|   0|  0|   13|           1|           1|
    |index_23_fu_4796_p3          |    select|   0|  0|   10|           1|           2|
    |index_25_fu_4833_p3          |    select|   0|  0|   13|           1|           1|
    |index_26_fu_4861_p3          |    select|   0|  0|   10|           1|           2|
    |index_28_fu_4898_p3          |    select|   0|  0|   13|           1|           1|
    |index_29_fu_4926_p3          |    select|   0|  0|   10|           1|           2|
    |index_2_fu_4341_p3           |    select|   0|  0|   10|           1|           2|
    |index_31_fu_4963_p3          |    select|   0|  0|   13|           1|           1|
    |index_32_fu_4991_p3          |    select|   0|  0|   10|           1|           2|
    |index_34_fu_5028_p3          |    select|   0|  0|   13|           1|           1|
    |index_35_fu_5056_p3          |    select|   0|  0|   10|           1|           2|
    |index_37_fu_5093_p3          |    select|   0|  0|   13|           1|           1|
    |index_38_fu_5121_p3          |    select|   0|  0|   10|           1|           2|
    |index_40_fu_5158_p3          |    select|   0|  0|   13|           1|           1|
    |index_41_fu_5186_p3          |    select|   0|  0|   10|           1|           2|
    |index_43_fu_5223_p3          |    select|   0|  0|   13|           1|           1|
    |index_44_fu_5251_p3          |    select|   0|  0|   10|           1|           2|
    |index_46_fu_5288_p3          |    select|   0|  0|   13|           1|           1|
    |index_47_fu_5316_p3          |    select|   0|  0|   10|           1|           2|
    |index_49_fu_5353_p3          |    select|   0|  0|   13|           1|           1|
    |index_4_fu_4378_p3           |    select|   0|  0|   13|           1|           1|
    |index_50_fu_5381_p3          |    select|   0|  0|   10|           1|           2|
    |index_52_fu_5418_p3          |    select|   0|  0|   13|           1|           1|
    |index_53_fu_5446_p3          |    select|   0|  0|   10|           1|           2|
    |index_55_fu_5483_p3          |    select|   0|  0|   13|           1|           1|
    |index_56_fu_5511_p3          |    select|   0|  0|   10|           1|           2|
    |index_58_fu_5548_p3          |    select|   0|  0|   13|           1|           1|
    |index_59_fu_5576_p3          |    select|   0|  0|   10|           1|           2|
    |index_5_fu_4406_p3           |    select|   0|  0|   10|           1|           2|
    |index_61_fu_5613_p3          |    select|   0|  0|   13|           1|           1|
    |index_62_fu_5641_p3          |    select|   0|  0|   10|           1|           2|
    |index_64_fu_5678_p3          |    select|   0|  0|   13|           1|           1|
    |index_65_fu_5706_p3          |    select|   0|  0|   10|           1|           2|
    |index_67_fu_5743_p3          |    select|   0|  0|   13|           1|           1|
    |index_68_fu_5771_p3          |    select|   0|  0|   10|           1|           2|
    |index_70_fu_5808_p3          |    select|   0|  0|   13|           1|           1|
    |index_71_fu_5836_p3          |    select|   0|  0|   10|           1|           2|
    |index_73_fu_5873_p3          |    select|   0|  0|   13|           1|           1|
    |index_74_fu_5901_p3          |    select|   0|  0|   10|           1|           2|
    |index_76_fu_5938_p3          |    select|   0|  0|   13|           1|           1|
    |index_77_fu_5966_p3          |    select|   0|  0|   10|           1|           2|
    |index_79_fu_6003_p3          |    select|   0|  0|   13|           1|           1|
    |index_7_fu_4443_p3           |    select|   0|  0|   13|           1|           1|
    |index_80_fu_6031_p3          |    select|   0|  0|   10|           1|           2|
    |index_82_fu_6068_p3          |    select|   0|  0|   13|           1|           1|
    |index_83_fu_6096_p3          |    select|   0|  0|   10|           1|           2|
    |index_85_fu_6133_p3          |    select|   0|  0|   13|           1|           1|
    |index_86_fu_6161_p3          |    select|   0|  0|   10|           1|           2|
    |index_88_fu_6198_p3          |    select|   0|  0|   13|           1|           1|
    |index_89_fu_6226_p3          |    select|   0|  0|   10|           1|           2|
    |index_8_fu_4471_p3           |    select|   0|  0|   10|           1|           2|
    |index_91_fu_6263_p3          |    select|   0|  0|   13|           1|           1|
    |index_92_fu_6291_p3          |    select|   0|  0|   10|           1|           2|
    |index_94_fu_6328_p3          |    select|   0|  0|   13|           1|           1|
    |index_95_fu_6356_p3          |    select|   0|  0|   10|           1|           2|
    |index_97_fu_6393_p3          |    select|   0|  0|   13|           1|           1|
    |index_98_fu_6421_p3          |    select|   0|  0|   10|           1|           2|
    |select_ln333_10_fu_4934_p3   |    select|   0|  0|   14|           1|          14|
    |select_ln333_11_fu_4999_p3   |    select|   0|  0|   14|           1|          14|
    |select_ln333_12_fu_5064_p3   |    select|   0|  0|   14|           1|          14|
    |select_ln333_13_fu_5129_p3   |    select|   0|  0|   14|           1|          14|
    |select_ln333_14_fu_5194_p3   |    select|   0|  0|   14|           1|          14|
    |select_ln333_15_fu_5259_p3   |    select|   0|  0|   14|           1|          14|
    |select_ln333_16_fu_5324_p3   |    select|   0|  0|   14|           1|          14|
    |select_ln333_17_fu_5389_p3   |    select|   0|  0|   14|           1|          14|
    |select_ln333_18_fu_5454_p3   |    select|   0|  0|   14|           1|          14|
    |select_ln333_19_fu_5519_p3   |    select|   0|  0|   14|           1|          14|
    |select_ln333_1_fu_4349_p3    |    select|   0|  0|   14|           1|          14|
    |select_ln333_20_fu_5584_p3   |    select|   0|  0|   14|           1|          14|
    |select_ln333_21_fu_5649_p3   |    select|   0|  0|   14|           1|          14|
    |select_ln333_22_fu_5714_p3   |    select|   0|  0|   14|           1|          14|
    |select_ln333_23_fu_5779_p3   |    select|   0|  0|   14|           1|          14|
    |select_ln333_24_fu_5844_p3   |    select|   0|  0|   14|           1|          14|
    |select_ln333_25_fu_5909_p3   |    select|   0|  0|   14|           1|          14|
    |select_ln333_26_fu_5974_p3   |    select|   0|  0|   14|           1|          14|
    |select_ln333_27_fu_6039_p3   |    select|   0|  0|   14|           1|          14|
    |select_ln333_28_fu_6104_p3   |    select|   0|  0|   14|           1|          14|
    |select_ln333_29_fu_6169_p3   |    select|   0|  0|   14|           1|          14|
    |select_ln333_2_fu_4414_p3    |    select|   0|  0|   14|           1|          14|
    |select_ln333_30_fu_6234_p3   |    select|   0|  0|   14|           1|          14|
    |select_ln333_31_fu_6299_p3   |    select|   0|  0|   14|           1|          14|
    |select_ln333_32_fu_6364_p3   |    select|   0|  0|   14|           1|          14|
    |select_ln333_33_fu_6429_p3   |    select|   0|  0|   14|           1|          14|
    |select_ln333_34_fu_6494_p3   |    select|   0|  0|   14|           1|          14|
    |select_ln333_35_fu_6559_p3   |    select|   0|  0|   14|           1|          14|
    |select_ln333_36_fu_6624_p3   |    select|   0|  0|   14|           1|          14|
    |select_ln333_37_fu_6689_p3   |    select|   0|  0|   14|           1|          14|
    |select_ln333_38_fu_6754_p3   |    select|   0|  0|   14|           1|          14|
    |select_ln333_39_fu_6819_p3   |    select|   0|  0|   14|           1|          14|
    |select_ln333_3_fu_4479_p3    |    select|   0|  0|   14|           1|          14|
    |select_ln333_40_fu_6884_p3   |    select|   0|  0|   14|           1|          14|
    |select_ln333_41_fu_6949_p3   |    select|   0|  0|   14|           1|          14|
    |select_ln333_42_fu_7014_p3   |    select|   0|  0|   14|           1|          14|
    |select_ln333_43_fu_7079_p3   |    select|   0|  0|   14|           1|          14|
    |select_ln333_44_fu_7144_p3   |    select|   0|  0|   14|           1|          14|
    |select_ln333_45_fu_7209_p3   |    select|   0|  0|   14|           1|          14|
    |select_ln333_46_fu_7274_p3   |    select|   0|  0|   14|           1|          14|
    |select_ln333_47_fu_7339_p3   |    select|   0|  0|   14|           1|          14|
    |select_ln333_48_fu_7404_p3   |    select|   0|  0|   14|           1|          14|
    |select_ln333_49_fu_7469_p3   |    select|   0|  0|   14|           1|          14|
    |select_ln333_4_fu_4544_p3    |    select|   0|  0|   14|           1|          14|
    |select_ln333_50_fu_7534_p3   |    select|   0|  0|   14|           1|          14|
    |select_ln333_51_fu_7599_p3   |    select|   0|  0|   14|           1|          14|
    |select_ln333_52_fu_7664_p3   |    select|   0|  0|   14|           1|          14|
    |select_ln333_53_fu_7729_p3   |    select|   0|  0|   14|           1|          14|
    |select_ln333_54_fu_7794_p3   |    select|   0|  0|   14|           1|          14|
    |select_ln333_55_fu_7859_p3   |    select|   0|  0|   14|           1|          14|
    |select_ln333_5_fu_4609_p3    |    select|   0|  0|   14|           1|          14|
    |select_ln333_6_fu_4674_p3    |    select|   0|  0|   14|           1|          14|
    |select_ln333_7_fu_4739_p3    |    select|   0|  0|   14|           1|          14|
    |select_ln333_8_fu_4804_p3    |    select|   0|  0|   14|           1|          14|
    |select_ln333_9_fu_4869_p3    |    select|   0|  0|   14|           1|          14|
    |select_ln333_fu_4284_p3      |    select|   0|  0|   14|           1|          14|
    |select_ln347_1_fu_8682_p3    |    select|   0|  0|   13|           1|          13|
    |select_ln347_2_fu_8773_p3    |    select|   0|  0|   13|           1|          13|
    |select_ln347_3_fu_8864_p3    |    select|   0|  0|   13|           1|          13|
    |select_ln347_4_fu_8955_p3    |    select|   0|  0|   13|           1|          13|
    |select_ln347_5_fu_9046_p3    |    select|   0|  0|   13|           1|          13|
    |select_ln347_6_fu_9137_p3    |    select|   0|  0|   13|           1|          13|
    |select_ln347_7_fu_9228_p3    |    select|   0|  0|   13|           1|          13|
    |select_ln347_fu_8591_p3      |    select|   0|  0|   13|           1|          13|
    |select_ln353_1_fu_9733_p3    |    select|   0|  0|    8|           1|           8|
    |select_ln353_2_fu_9782_p3    |    select|   0|  0|    8|           1|           8|
    |select_ln353_3_fu_9831_p3    |    select|   0|  0|    8|           1|           8|
    |select_ln353_4_fu_9880_p3    |    select|   0|  0|    8|           1|           8|
    |select_ln353_5_fu_9929_p3    |    select|   0|  0|    8|           1|           8|
    |select_ln353_6_fu_9978_p3    |    select|   0|  0|    8|           1|           8|
    |select_ln353_7_fu_10027_p3   |    select|   0|  0|    8|           1|           8|
    |select_ln353_fu_9684_p3      |    select|   0|  0|    8|           1|           8|
    |ap_enable_pp0                |       xor|   0|  0|    2|           1|           2|
    |xor_ln353_1_fu_9716_p2       |       xor|   0|  0|    2|           1|           2|
    |xor_ln353_2_fu_9765_p2       |       xor|   0|  0|    2|           1|           2|
    |xor_ln353_3_fu_9814_p2       |       xor|   0|  0|    2|           1|           2|
    |xor_ln353_4_fu_9863_p2       |       xor|   0|  0|    2|           1|           2|
    |xor_ln353_5_fu_9912_p2       |       xor|   0|  0|    2|           1|           2|
    |xor_ln353_6_fu_9961_p2       |       xor|   0|  0|    2|           1|           2|
    |xor_ln353_7_fu_10010_p2      |       xor|   0|  0|    2|           1|           2|
    |xor_ln353_fu_9667_p2         |       xor|   0|  0|    2|           1|           2|
    +-----------------------------+----------+----+---+-----+------------+------------+
    |Total                        |          |   0|  0|13852|        7930|        5579|
    +-----------------------------+----------+----+---+-----+------------+------------+

    * Multiplexer: 
    +---------------+----+-----------+-----+-----------+
    |      Name     | LUT| Input Size| Bits| Total Bits|
    +---------------+----+-----------+-----+-----------+
    |ap_done        |   9|          2|    1|          2|
    |layer24_out_0  |   9|          2|    8|         16|
    |layer24_out_1  |   9|          2|    8|         16|
    |layer24_out_2  |   9|          2|    8|         16|
    |layer24_out_3  |   9|          2|    8|         16|
    |layer24_out_4  |   9|          2|    8|         16|
    |layer24_out_5  |   9|          2|    8|         16|
    |layer24_out_6  |   9|          2|    8|         16|
    |layer24_out_7  |   9|          2|    8|         16|
    +---------------+----+-----------+-----+-----------+
    |Total          |  81|         18|   65|        130|
    +---------------+----+-----------+-----+-----------+

    * Register: 
    +-------------------------------+----+----+-----+-----------+
    |              Name             | FF | LUT| Bits| Const Bits|
    +-------------------------------+----+----+-----+-----------+
    |add_ln333_10_reg_10302         |  14|   0|   14|          0|
    |add_ln333_11_reg_10323         |  14|   0|   14|          0|
    |add_ln333_12_reg_10344         |  14|   0|   14|          0|
    |add_ln333_13_reg_10365         |  14|   0|   14|          0|
    |add_ln333_14_reg_10386         |  14|   0|   14|          0|
    |add_ln333_15_reg_10407         |  14|   0|   14|          0|
    |add_ln333_16_reg_10428         |  14|   0|   14|          0|
    |add_ln333_17_reg_10449         |  14|   0|   14|          0|
    |add_ln333_18_reg_10470         |  14|   0|   14|          0|
    |add_ln333_19_reg_10491         |  14|   0|   14|          0|
    |add_ln333_1_reg_10113          |  14|   0|   14|          0|
    |add_ln333_20_reg_10512         |  14|   0|   14|          0|
    |add_ln333_21_reg_10533         |  14|   0|   14|          0|
    |add_ln333_22_reg_10554         |  14|   0|   14|          0|
    |add_ln333_23_reg_10575         |  14|   0|   14|          0|
    |add_ln333_24_reg_10596         |  14|   0|   14|          0|
    |add_ln333_25_reg_10617         |  14|   0|   14|          0|
    |add_ln333_26_reg_10638         |  14|   0|   14|          0|
    |add_ln333_27_reg_10659         |  14|   0|   14|          0|
    |add_ln333_28_reg_10680         |  14|   0|   14|          0|
    |add_ln333_29_reg_10701         |  14|   0|   14|          0|
    |add_ln333_2_reg_10134          |  14|   0|   14|          0|
    |add_ln333_30_reg_10722         |  14|   0|   14|          0|
    |add_ln333_31_reg_10743         |  14|   0|   14|          0|
    |add_ln333_32_reg_10764         |  14|   0|   14|          0|
    |add_ln333_33_reg_10785         |  14|   0|   14|          0|
    |add_ln333_34_reg_10806         |  14|   0|   14|          0|
    |add_ln333_35_reg_10827         |  14|   0|   14|          0|
    |add_ln333_36_reg_10848         |  14|   0|   14|          0|
    |add_ln333_37_reg_10869         |  14|   0|   14|          0|
    |add_ln333_38_reg_10890         |  14|   0|   14|          0|
    |add_ln333_39_reg_10911         |  14|   0|   14|          0|
    |add_ln333_3_reg_10155          |  14|   0|   14|          0|
    |add_ln333_40_reg_10932         |  14|   0|   14|          0|
    |add_ln333_41_reg_10953         |  14|   0|   14|          0|
    |add_ln333_42_reg_10974         |  14|   0|   14|          0|
    |add_ln333_43_reg_10995         |  14|   0|   14|          0|
    |add_ln333_44_reg_11016         |  14|   0|   14|          0|
    |add_ln333_45_reg_11037         |  14|   0|   14|          0|
    |add_ln333_46_reg_11058         |  14|   0|   14|          0|
    |add_ln333_47_reg_11079         |  14|   0|   14|          0|
    |add_ln333_48_reg_11100         |  14|   0|   14|          0|
    |add_ln333_49_reg_11121         |  14|   0|   14|          0|
    |add_ln333_4_reg_10176          |  14|   0|   14|          0|
    |add_ln333_50_reg_11142         |  14|   0|   14|          0|
    |add_ln333_51_reg_11163         |  14|   0|   14|          0|
    |add_ln333_52_reg_11184         |  14|   0|   14|          0|
    |add_ln333_53_reg_11205         |  14|   0|   14|          0|
    |add_ln333_54_reg_11226         |  14|   0|   14|          0|
    |add_ln333_55_reg_11247         |  14|   0|   14|          0|
    |add_ln333_5_reg_10197          |  14|   0|   14|          0|
    |add_ln333_6_reg_10218          |  14|   0|   14|          0|
    |add_ln333_7_reg_10239          |  14|   0|   14|          0|
    |add_ln333_8_reg_10260          |  14|   0|   14|          0|
    |add_ln333_9_reg_10281          |  14|   0|   14|          0|
    |add_ln333_reg_10092            |  14|   0|   14|          0|
    |add_ln341_11_reg_11857         |  18|   0|   18|          0|
    |add_ln341_14_reg_11872         |  18|   0|   18|          0|
    |add_ln341_15_reg_11877         |  18|   0|   18|          0|
    |add_ln341_18_reg_11882         |  18|   0|   18|          0|
    |add_ln341_1_reg_11827          |  18|   0|   18|          0|
    |add_ln341_21_reg_11897         |  18|   0|   18|          0|
    |add_ln341_22_reg_11902         |  18|   0|   18|          0|
    |add_ln341_25_reg_11907         |  18|   0|   18|          0|
    |add_ln341_28_reg_11922         |  18|   0|   18|          0|
    |add_ln341_29_reg_11927         |  18|   0|   18|          0|
    |add_ln341_32_reg_11932         |  18|   0|   18|          0|
    |add_ln341_35_reg_11947         |  18|   0|   18|          0|
    |add_ln341_36_reg_11952         |  18|   0|   18|          0|
    |add_ln341_39_reg_11957         |  18|   0|   18|          0|
    |add_ln341_42_reg_11972         |  18|   0|   18|          0|
    |add_ln341_43_reg_11977         |  18|   0|   18|          0|
    |add_ln341_46_reg_11982         |  18|   0|   18|          0|
    |add_ln341_49_reg_11997         |  18|   0|   18|          0|
    |add_ln341_4_reg_11832          |  18|   0|   18|          0|
    |add_ln341_50_reg_12002         |  18|   0|   18|          0|
    |add_ln341_53_reg_12007         |  18|   0|   18|          0|
    |add_ln341_7_reg_11847          |  18|   0|   18|          0|
    |add_ln341_8_reg_11852          |  18|   0|   18|          0|
    |add_ln341_reg_11822            |  18|   0|   18|          0|
    |ap_CS_fsm                      |   1|   0|    1|          0|
    |ap_done_reg                    |   1|   0|    1|          0|
    |ap_enable_reg_pp0_iter1        |   1|   0|    1|          0|
    |ap_enable_reg_pp0_iter2        |   1|   0|    1|          0|
    |ap_enable_reg_pp0_iter3        |   1|   0|    1|          0|
    |ap_enable_reg_pp0_iter4        |   1|   0|    1|          0|
    |ap_enable_reg_pp0_iter5        |   1|   0|    1|          0|
    |ap_enable_reg_pp0_iter6        |   1|   0|    1|          0|
    |ap_enable_reg_pp0_iter7        |   1|   0|    1|          0|
    |ap_enable_reg_pp0_iter8        |   1|   0|    1|          0|
    |ap_enable_reg_pp0_iter9        |   1|   0|    1|          0|
    |exp_diff_res_15_reg_11862      |  18|   0|   18|          0|
    |exp_diff_res_16_reg_11867      |  18|   0|   18|          0|
    |exp_diff_res_1_reg_11812       |  18|   0|   18|          0|
    |exp_diff_res_22_reg_11887      |  18|   0|   18|          0|
    |exp_diff_res_23_reg_11892      |  18|   0|   18|          0|
    |exp_diff_res_29_reg_11912      |  18|   0|   18|          0|
    |exp_diff_res_2_reg_11817       |  18|   0|   18|          0|
    |exp_diff_res_30_reg_11917      |  18|   0|   18|          0|
    |exp_diff_res_36_reg_11937      |  18|   0|   18|          0|
    |exp_diff_res_37_reg_11942      |  18|   0|   18|          0|
    |exp_diff_res_43_reg_11962      |  18|   0|   18|          0|
    |exp_diff_res_44_reg_11967      |  18|   0|   18|          0|
    |exp_diff_res_50_reg_11987      |  18|   0|   18|          0|
    |exp_diff_res_51_reg_11992      |  18|   0|   18|          0|
    |exp_diff_res_8_reg_11837       |  18|   0|   18|          0|
    |exp_diff_res_9_reg_11842       |  18|   0|   18|          0|
    |exp_res_1_reg_12017            |  18|   0|   18|          0|
    |exp_res_2_reg_12022            |  18|   0|   18|          0|
    |exp_res_3_reg_12027            |  18|   0|   18|          0|
    |exp_res_4_reg_12032            |  18|   0|   18|          0|
    |exp_res_5_reg_12037            |  18|   0|   18|          0|
    |exp_res_6_reg_12042            |  18|   0|   18|          0|
    |exp_res_7_reg_12047            |  18|   0|   18|          0|
    |exp_res_reg_12012              |  18|   0|   18|          0|
    |icmp_ln333_100_reg_11132       |   1|   0|    1|          0|
    |icmp_ln333_101_reg_11137       |   1|   0|    1|          0|
    |icmp_ln333_102_reg_11153       |   1|   0|    1|          0|
    |icmp_ln333_103_reg_11158       |   1|   0|    1|          0|
    |icmp_ln333_104_reg_11174       |   1|   0|    1|          0|
    |icmp_ln333_105_reg_11179       |   1|   0|    1|          0|
    |icmp_ln333_106_reg_11195       |   1|   0|    1|          0|
    |icmp_ln333_107_reg_11200       |   1|   0|    1|          0|
    |icmp_ln333_108_reg_11216       |   1|   0|    1|          0|
    |icmp_ln333_109_reg_11221       |   1|   0|    1|          0|
    |icmp_ln333_10_reg_10187        |   1|   0|    1|          0|
    |icmp_ln333_110_reg_11237       |   1|   0|    1|          0|
    |icmp_ln333_111_reg_11242       |   1|   0|    1|          0|
    |icmp_ln333_11_reg_10192        |   1|   0|    1|          0|
    |icmp_ln333_12_reg_10208        |   1|   0|    1|          0|
    |icmp_ln333_13_reg_10213        |   1|   0|    1|          0|
    |icmp_ln333_14_reg_10229        |   1|   0|    1|          0|
    |icmp_ln333_15_reg_10234        |   1|   0|    1|          0|
    |icmp_ln333_16_reg_10250        |   1|   0|    1|          0|
    |icmp_ln333_17_reg_10255        |   1|   0|    1|          0|
    |icmp_ln333_18_reg_10271        |   1|   0|    1|          0|
    |icmp_ln333_19_reg_10276        |   1|   0|    1|          0|
    |icmp_ln333_1_reg_10087         |   1|   0|    1|          0|
    |icmp_ln333_20_reg_10292        |   1|   0|    1|          0|
    |icmp_ln333_21_reg_10297        |   1|   0|    1|          0|
    |icmp_ln333_22_reg_10313        |   1|   0|    1|          0|
    |icmp_ln333_23_reg_10318        |   1|   0|    1|          0|
    |icmp_ln333_24_reg_10334        |   1|   0|    1|          0|
    |icmp_ln333_25_reg_10339        |   1|   0|    1|          0|
    |icmp_ln333_26_reg_10355        |   1|   0|    1|          0|
    |icmp_ln333_27_reg_10360        |   1|   0|    1|          0|
    |icmp_ln333_28_reg_10376        |   1|   0|    1|          0|
    |icmp_ln333_29_reg_10381        |   1|   0|    1|          0|
    |icmp_ln333_2_reg_10103         |   1|   0|    1|          0|
    |icmp_ln333_30_reg_10397        |   1|   0|    1|          0|
    |icmp_ln333_31_reg_10402        |   1|   0|    1|          0|
    |icmp_ln333_32_reg_10418        |   1|   0|    1|          0|
    |icmp_ln333_33_reg_10423        |   1|   0|    1|          0|
    |icmp_ln333_34_reg_10439        |   1|   0|    1|          0|
    |icmp_ln333_35_reg_10444        |   1|   0|    1|          0|
    |icmp_ln333_36_reg_10460        |   1|   0|    1|          0|
    |icmp_ln333_37_reg_10465        |   1|   0|    1|          0|
    |icmp_ln333_38_reg_10481        |   1|   0|    1|          0|
    |icmp_ln333_39_reg_10486        |   1|   0|    1|          0|
    |icmp_ln333_3_reg_10108         |   1|   0|    1|          0|
    |icmp_ln333_40_reg_10502        |   1|   0|    1|          0|
    |icmp_ln333_41_reg_10507        |   1|   0|    1|          0|
    |icmp_ln333_42_reg_10523        |   1|   0|    1|          0|
    |icmp_ln333_43_reg_10528        |   1|   0|    1|          0|
    |icmp_ln333_44_reg_10544        |   1|   0|    1|          0|
    |icmp_ln333_45_reg_10549        |   1|   0|    1|          0|
    |icmp_ln333_46_reg_10565        |   1|   0|    1|          0|
    |icmp_ln333_47_reg_10570        |   1|   0|    1|          0|
    |icmp_ln333_48_reg_10586        |   1|   0|    1|          0|
    |icmp_ln333_49_reg_10591        |   1|   0|    1|          0|
    |icmp_ln333_4_reg_10124         |   1|   0|    1|          0|
    |icmp_ln333_50_reg_10607        |   1|   0|    1|          0|
    |icmp_ln333_51_reg_10612        |   1|   0|    1|          0|
    |icmp_ln333_52_reg_10628        |   1|   0|    1|          0|
    |icmp_ln333_53_reg_10633        |   1|   0|    1|          0|
    |icmp_ln333_54_reg_10649        |   1|   0|    1|          0|
    |icmp_ln333_55_reg_10654        |   1|   0|    1|          0|
    |icmp_ln333_56_reg_10670        |   1|   0|    1|          0|
    |icmp_ln333_57_reg_10675        |   1|   0|    1|          0|
    |icmp_ln333_58_reg_10691        |   1|   0|    1|          0|
    |icmp_ln333_59_reg_10696        |   1|   0|    1|          0|
    |icmp_ln333_5_reg_10129         |   1|   0|    1|          0|
    |icmp_ln333_60_reg_10712        |   1|   0|    1|          0|
    |icmp_ln333_61_reg_10717        |   1|   0|    1|          0|
    |icmp_ln333_62_reg_10733        |   1|   0|    1|          0|
    |icmp_ln333_63_reg_10738        |   1|   0|    1|          0|
    |icmp_ln333_64_reg_10754        |   1|   0|    1|          0|
    |icmp_ln333_65_reg_10759        |   1|   0|    1|          0|
    |icmp_ln333_66_reg_10775        |   1|   0|    1|          0|
    |icmp_ln333_67_reg_10780        |   1|   0|    1|          0|
    |icmp_ln333_68_reg_10796        |   1|   0|    1|          0|
    |icmp_ln333_69_reg_10801        |   1|   0|    1|          0|
    |icmp_ln333_6_reg_10145         |   1|   0|    1|          0|
    |icmp_ln333_70_reg_10817        |   1|   0|    1|          0|
    |icmp_ln333_71_reg_10822        |   1|   0|    1|          0|
    |icmp_ln333_72_reg_10838        |   1|   0|    1|          0|
    |icmp_ln333_73_reg_10843        |   1|   0|    1|          0|
    |icmp_ln333_74_reg_10859        |   1|   0|    1|          0|
    |icmp_ln333_75_reg_10864        |   1|   0|    1|          0|
    |icmp_ln333_76_reg_10880        |   1|   0|    1|          0|
    |icmp_ln333_77_reg_10885        |   1|   0|    1|          0|
    |icmp_ln333_78_reg_10901        |   1|   0|    1|          0|
    |icmp_ln333_79_reg_10906        |   1|   0|    1|          0|
    |icmp_ln333_7_reg_10150         |   1|   0|    1|          0|
    |icmp_ln333_80_reg_10922        |   1|   0|    1|          0|
    |icmp_ln333_81_reg_10927        |   1|   0|    1|          0|
    |icmp_ln333_82_reg_10943        |   1|   0|    1|          0|
    |icmp_ln333_83_reg_10948        |   1|   0|    1|          0|
    |icmp_ln333_84_reg_10964        |   1|   0|    1|          0|
    |icmp_ln333_85_reg_10969        |   1|   0|    1|          0|
    |icmp_ln333_86_reg_10985        |   1|   0|    1|          0|
    |icmp_ln333_87_reg_10990        |   1|   0|    1|          0|
    |icmp_ln333_88_reg_11006        |   1|   0|    1|          0|
    |icmp_ln333_89_reg_11011        |   1|   0|    1|          0|
    |icmp_ln333_8_reg_10166         |   1|   0|    1|          0|
    |icmp_ln333_90_reg_11027        |   1|   0|    1|          0|
    |icmp_ln333_91_reg_11032        |   1|   0|    1|          0|
    |icmp_ln333_92_reg_11048        |   1|   0|    1|          0|
    |icmp_ln333_93_reg_11053        |   1|   0|    1|          0|
    |icmp_ln333_94_reg_11069        |   1|   0|    1|          0|
    |icmp_ln333_95_reg_11074        |   1|   0|    1|          0|
    |icmp_ln333_96_reg_11090        |   1|   0|    1|          0|
    |icmp_ln333_97_reg_11095        |   1|   0|    1|          0|
    |icmp_ln333_98_reg_11111        |   1|   0|    1|          0|
    |icmp_ln333_99_reg_11116        |   1|   0|    1|          0|
    |icmp_ln333_9_reg_10171         |   1|   0|    1|          0|
    |icmp_ln333_reg_10082           |   1|   0|    1|          0|
    |icmp_ln350_1_reg_12147         |   1|   0|    1|          0|
    |icmp_ln350_2_reg_12157         |   1|   0|    1|          0|
    |icmp_ln350_3_reg_12167         |   1|   0|    1|          0|
    |icmp_ln350_4_reg_12177         |   1|   0|    1|          0|
    |icmp_ln350_5_reg_12187         |   1|   0|    1|          0|
    |icmp_ln350_6_reg_12197         |   1|   0|    1|          0|
    |icmp_ln350_7_reg_12207         |   1|   0|    1|          0|
    |icmp_ln350_reg_12137           |   1|   0|    1|          0|
    |icmp_ln353_1_reg_12287         |   1|   0|    1|          0|
    |icmp_ln353_2_reg_12307         |   1|   0|    1|          0|
    |icmp_ln353_3_reg_12327         |   1|   0|    1|          0|
    |icmp_ln353_4_reg_12347         |   1|   0|    1|          0|
    |icmp_ln353_5_reg_12367         |   1|   0|    1|          0|
    |icmp_ln353_6_reg_12387         |   1|   0|    1|          0|
    |icmp_ln353_7_reg_12407         |   1|   0|    1|          0|
    |icmp_ln353_reg_12267           |   1|   0|    1|          0|
    |index_101_reg_11417            |  10|   0|   10|          0|
    |index_104_reg_11422            |  10|   0|   10|          0|
    |index_107_reg_11427            |  10|   0|   10|          0|
    |index_110_reg_11432            |  10|   0|   10|          0|
    |index_113_reg_11437            |  10|   0|   10|          0|
    |index_116_reg_11442            |  10|   0|   10|          0|
    |index_119_reg_11447            |  10|   0|   10|          0|
    |index_11_reg_11267             |  10|   0|   10|          0|
    |index_122_reg_11452            |  10|   0|   10|          0|
    |index_125_reg_11457            |  10|   0|   10|          0|
    |index_128_reg_11462            |  10|   0|   10|          0|
    |index_131_reg_11467            |  10|   0|   10|          0|
    |index_134_reg_11472            |  10|   0|   10|          0|
    |index_137_reg_11477            |  10|   0|   10|          0|
    |index_140_reg_11482            |  10|   0|   10|          0|
    |index_143_reg_11487            |  10|   0|   10|          0|
    |index_146_reg_11492            |  10|   0|   10|          0|
    |index_149_reg_11497            |  10|   0|   10|          0|
    |index_14_reg_11272             |  10|   0|   10|          0|
    |index_152_reg_11502            |  10|   0|   10|          0|
    |index_155_reg_11507            |  10|   0|   10|          0|
    |index_158_reg_11512            |  10|   0|   10|          0|
    |index_161_reg_11517            |  10|   0|   10|          0|
    |index_164_reg_11522            |  10|   0|   10|          0|
    |index_167_reg_11527            |  10|   0|   10|          0|
    |index_17_reg_11277             |  10|   0|   10|          0|
    |index_20_reg_11282             |  10|   0|   10|          0|
    |index_23_reg_11287             |  10|   0|   10|          0|
    |index_26_reg_11292             |  10|   0|   10|          0|
    |index_29_reg_11297             |  10|   0|   10|          0|
    |index_2_reg_11252              |  10|   0|   10|          0|
    |index_32_reg_11302             |  10|   0|   10|          0|
    |index_35_reg_11307             |  10|   0|   10|          0|
    |index_38_reg_11312             |  10|   0|   10|          0|
    |index_41_reg_11317             |  10|   0|   10|          0|
    |index_44_reg_11322             |  10|   0|   10|          0|
    |index_47_reg_11327             |  10|   0|   10|          0|
    |index_50_reg_11332             |  10|   0|   10|          0|
    |index_53_reg_11337             |  10|   0|   10|          0|
    |index_56_reg_11342             |  10|   0|   10|          0|
    |index_59_reg_11347             |  10|   0|   10|          0|
    |index_5_reg_11257              |  10|   0|   10|          0|
    |index_62_reg_11352             |  10|   0|   10|          0|
    |index_65_reg_11357             |  10|   0|   10|          0|
    |index_68_reg_11362             |  10|   0|   10|          0|
    |index_71_reg_11367             |  10|   0|   10|          0|
    |index_74_reg_11372             |  10|   0|   10|          0|
    |index_77_reg_11377             |  10|   0|   10|          0|
    |index_80_reg_11382             |  10|   0|   10|          0|
    |index_83_reg_11387             |  10|   0|   10|          0|
    |index_86_reg_11392             |  10|   0|   10|          0|
    |index_89_reg_11397             |  10|   0|   10|          0|
    |index_8_reg_11262              |  10|   0|   10|          0|
    |index_92_reg_11402             |  10|   0|   10|          0|
    |index_95_reg_11407             |  10|   0|   10|          0|
    |index_98_reg_11412             |  10|   0|   10|          0|
    |invert_table_load_1_reg_12272  |  15|   0|   15|          0|
    |invert_table_load_2_reg_12292  |  15|   0|   15|          0|
    |invert_table_load_3_reg_12312  |  15|   0|   15|          0|
    |invert_table_load_4_reg_12332  |  15|   0|   15|          0|
    |invert_table_load_5_reg_12352  |  15|   0|   15|          0|
    |invert_table_load_6_reg_12372  |  15|   0|   15|          0|
    |invert_table_load_7_reg_12392  |  15|   0|   15|          0|
    |invert_table_load_reg_12252    |  15|   0|   15|          0|
    |layer24_out_0_preg             |   8|   0|    8|          0|
    |layer24_out_1_preg             |   8|   0|    8|          0|
    |layer24_out_2_preg             |   8|   0|    8|          0|
    |layer24_out_3_preg             |   8|   0|    8|          0|
    |layer24_out_4_preg             |   8|   0|    8|          0|
    |layer24_out_5_preg             |   8|   0|    8|          0|
    |layer24_out_6_preg             |   8|   0|    8|          0|
    |layer24_out_7_preg             |   8|   0|    8|          0|
    |p_read_1_reg_10036             |  24|   0|   24|          0|
    |p_read_2_reg_10041             |  24|   0|   24|          0|
    |p_read_3_reg_10046             |  24|   0|   24|          0|
    |p_read_4_reg_10051             |  24|   0|   24|          0|
    |p_read_5_reg_10056             |  24|   0|   24|          0|
    |p_read_6_reg_10061             |  24|   0|   24|          0|
    |p_read_7_reg_10066             |  24|   0|   24|          0|
    |p_read_8_reg_10071             |  24|   0|   24|          0|
    |sext_ln333_10_reg_10160        |  14|   0|   14|          0|
    |sext_ln333_12_reg_10181        |  14|   0|   14|          0|
    |sext_ln333_14_reg_10202        |  14|   0|   14|          0|
    |sext_ln333_15_reg_10223        |  14|   0|   14|          0|
    |sext_ln333_16_reg_10244        |  14|   0|   14|          0|
    |sext_ln333_17_reg_10265        |  14|   0|   14|          0|
    |sext_ln333_18_reg_10286        |  14|   0|   14|          0|
    |sext_ln333_19_reg_10307        |  14|   0|   14|          0|
    |sext_ln333_20_reg_10328        |  14|   0|   14|          0|
    |sext_ln333_21_reg_10349        |  14|   0|   14|          0|
    |sext_ln333_22_reg_10370        |  14|   0|   14|          0|
    |sext_ln333_23_reg_10391        |  14|   0|   14|          0|
    |sext_ln333_24_reg_10412        |  14|   0|   14|          0|
    |sext_ln333_25_reg_10433        |  14|   0|   14|          0|
    |sext_ln333_26_reg_10454        |  14|   0|   14|          0|
    |sext_ln333_27_reg_10475        |  14|   0|   14|          0|
    |sext_ln333_28_reg_10496        |  14|   0|   14|          0|
    |sext_ln333_29_reg_10517        |  14|   0|   14|          0|
    |sext_ln333_2_reg_10076         |  14|   0|   14|          0|
    |sext_ln333_30_reg_10538        |  14|   0|   14|          0|
    |sext_ln333_31_reg_10559        |  14|   0|   14|          0|
    |sext_ln333_32_reg_10580        |  14|   0|   14|          0|
    |sext_ln333_33_reg_10601        |  14|   0|   14|          0|
    |sext_ln333_34_reg_10622        |  14|   0|   14|          0|
    |sext_ln333_35_reg_10643        |  14|   0|   14|          0|
    |sext_ln333_36_reg_10664        |  14|   0|   14|          0|
    |sext_ln333_37_reg_10685        |  14|   0|   14|          0|
    |sext_ln333_38_reg_10706        |  14|   0|   14|          0|
    |sext_ln333_39_reg_10727        |  14|   0|   14|          0|
    |sext_ln333_40_reg_10748        |  14|   0|   14|          0|
    |sext_ln333_41_reg_10769        |  14|   0|   14|          0|
    |sext_ln333_42_reg_10790        |  14|   0|   14|          0|
    |sext_ln333_43_reg_10811        |  14|   0|   14|          0|
    |sext_ln333_44_reg_10832        |  14|   0|   14|          0|
    |sext_ln333_45_reg_10853        |  14|   0|   14|          0|
    |sext_ln333_46_reg_10874        |  14|   0|   14|          0|
    |sext_ln333_47_reg_10895        |  14|   0|   14|          0|
    |sext_ln333_48_reg_10916        |  14|   0|   14|          0|
    |sext_ln333_49_reg_10937        |  14|   0|   14|          0|
    |sext_ln333_4_reg_10097         |  14|   0|   14|          0|
    |sext_ln333_50_reg_10958        |  14|   0|   14|          0|
    |sext_ln333_51_reg_10979        |  14|   0|   14|          0|
    |sext_ln333_52_reg_11000        |  14|   0|   14|          0|
    |sext_ln333_53_reg_11021        |  14|   0|   14|          0|
    |sext_ln333_54_reg_11042        |  14|   0|   14|          0|
    |sext_ln333_55_reg_11063        |  14|   0|   14|          0|
    |sext_ln333_56_reg_11084        |  14|   0|   14|          0|
    |sext_ln333_57_reg_11105        |  14|   0|   14|          0|
    |sext_ln333_58_reg_11126        |  14|   0|   14|          0|
    |sext_ln333_59_reg_11147        |  14|   0|   14|          0|
    |sext_ln333_60_reg_11168        |  14|   0|   14|          0|
    |sext_ln333_61_reg_11189        |  14|   0|   14|          0|
    |sext_ln333_62_reg_11210        |  14|   0|   14|          0|
    |sext_ln333_63_reg_11231        |  14|   0|   14|          0|
    |sext_ln333_6_reg_10118         |  14|   0|   14|          0|
    |sext_ln333_8_reg_10139         |  14|   0|   14|          0|
    |tmp_175_reg_12052              |  12|   0|   12|          0|
    |tmp_178_reg_12062              |  12|   0|   12|          0|
    |tmp_181_reg_12072              |  12|   0|   12|          0|
    |tmp_184_reg_12082              |  12|   0|   12|          0|
    |tmp_187_reg_12092              |  12|   0|   12|          0|
    |tmp_190_reg_12102              |  12|   0|   12|          0|
    |tmp_193_reg_12112              |  12|   0|   12|          0|
    |tmp_196_reg_12122              |  12|   0|   12|          0|
    |tmp_249_reg_12262              |   1|   0|    1|          0|
    |tmp_254_reg_12282              |   1|   0|    1|          0|
    |tmp_259_reg_12302              |   1|   0|    1|          0|
    |tmp_264_reg_12322              |   1|   0|    1|          0|
    |tmp_269_reg_12342              |   1|   0|    1|          0|
    |tmp_274_reg_12362              |   1|   0|    1|          0|
    |tmp_279_reg_12382              |   1|   0|    1|          0|
    |tmp_284_reg_12402              |   1|   0|    1|          0|
    |trunc_ln2_reg_12257            |   8|   0|    8|          0|
    |trunc_ln347_11_reg_12162       |  10|   0|   10|          0|
    |trunc_ln347_12_reg_12097       |   6|   0|    6|          0|
    |trunc_ln347_14_reg_12172       |  10|   0|   10|          0|
    |trunc_ln347_15_reg_12107       |   6|   0|    6|          0|
    |trunc_ln347_17_reg_12182       |  10|   0|   10|          0|
    |trunc_ln347_18_reg_12117       |   6|   0|    6|          0|
    |trunc_ln347_20_reg_12192       |  10|   0|   10|          0|
    |trunc_ln347_21_reg_12127       |   6|   0|    6|          0|
    |trunc_ln347_23_reg_12202       |  10|   0|   10|          0|
    |trunc_ln347_2_reg_12132        |  10|   0|   10|          0|
    |trunc_ln347_3_reg_12067        |   6|   0|    6|          0|
    |trunc_ln347_5_reg_12142        |  10|   0|   10|          0|
    |trunc_ln347_6_reg_12077        |   6|   0|    6|          0|
    |trunc_ln347_8_reg_12152        |  10|   0|   10|          0|
    |trunc_ln347_9_reg_12087        |   6|   0|    6|          0|
    |trunc_ln347_reg_12057          |   6|   0|    6|          0|
    |trunc_ln353_1_reg_12277        |   8|   0|    8|          0|
    |trunc_ln353_2_reg_12297        |   8|   0|    8|          0|
    |trunc_ln353_3_reg_12317        |   8|   0|    8|          0|
    |trunc_ln353_4_reg_12337        |   8|   0|    8|          0|
    |trunc_ln353_5_reg_12357        |   8|   0|    8|          0|
    |trunc_ln353_6_reg_12377        |   8|   0|    8|          0|
    |trunc_ln353_7_reg_12397        |   8|   0|    8|          0|
    +-------------------------------+----+----+-----+-----------+
    |Total                          |3803|   0| 3803|          0|
    +-------------------------------+----+----+-----+-----------+



================================================================
== Interface
================================================================
* Summary: 
+----------------------+-----+-----+------------+----------------------------------------------------------------+--------------+
|       RTL Ports      | Dir | Bits|  Protocol  |                          Source Object                         |    C Type    |
+----------------------+-----+-----+------------+----------------------------------------------------------------+--------------+
|ap_clk                |   in|    1|  ap_ctrl_hs|  softmax_legacy<ap_fixed,ap_ufixed<8,0,0,0,0>,softmax_config24>|  return value|
|ap_rst                |   in|    1|  ap_ctrl_hs|  softmax_legacy<ap_fixed,ap_ufixed<8,0,0,0,0>,softmax_config24>|  return value|
|ap_start              |   in|    1|  ap_ctrl_hs|  softmax_legacy<ap_fixed,ap_ufixed<8,0,0,0,0>,softmax_config24>|  return value|
|ap_done               |  out|    1|  ap_ctrl_hs|  softmax_legacy<ap_fixed,ap_ufixed<8,0,0,0,0>,softmax_config24>|  return value|
|ap_continue           |   in|    1|  ap_ctrl_hs|  softmax_legacy<ap_fixed,ap_ufixed<8,0,0,0,0>,softmax_config24>|  return value|
|ap_idle               |  out|    1|  ap_ctrl_hs|  softmax_legacy<ap_fixed,ap_ufixed<8,0,0,0,0>,softmax_config24>|  return value|
|ap_ready              |  out|    1|  ap_ctrl_hs|  softmax_legacy<ap_fixed,ap_ufixed<8,0,0,0,0>,softmax_config24>|  return value|
|p_read                |   in|   24|     ap_none|                                                          p_read|        scalar|
|p_read1               |   in|   24|     ap_none|                                                         p_read1|        scalar|
|p_read2               |   in|   24|     ap_none|                                                         p_read2|        scalar|
|p_read3               |   in|   24|     ap_none|                                                         p_read3|        scalar|
|p_read4               |   in|   24|     ap_none|                                                         p_read4|        scalar|
|p_read5               |   in|   24|     ap_none|                                                         p_read5|        scalar|
|p_read6               |   in|   24|     ap_none|                                                         p_read6|        scalar|
|p_read7               |   in|   24|     ap_none|                                                         p_read7|        scalar|
|layer24_out_0         |  out|    8|      ap_vld|                                                   layer24_out_0|       pointer|
|layer24_out_0_ap_vld  |  out|    1|      ap_vld|                                                   layer24_out_0|       pointer|
|layer24_out_1         |  out|    8|      ap_vld|                                                   layer24_out_1|       pointer|
|layer24_out_1_ap_vld  |  out|    1|      ap_vld|                                                   layer24_out_1|       pointer|
|layer24_out_2         |  out|    8|      ap_vld|                                                   layer24_out_2|       pointer|
|layer24_out_2_ap_vld  |  out|    1|      ap_vld|                                                   layer24_out_2|       pointer|
|layer24_out_3         |  out|    8|      ap_vld|                                                   layer24_out_3|       pointer|
|layer24_out_3_ap_vld  |  out|    1|      ap_vld|                                                   layer24_out_3|       pointer|
|layer24_out_4         |  out|    8|      ap_vld|                                                   layer24_out_4|       pointer|
|layer24_out_4_ap_vld  |  out|    1|      ap_vld|                                                   layer24_out_4|       pointer|
|layer24_out_5         |  out|    8|      ap_vld|                                                   layer24_out_5|       pointer|
|layer24_out_5_ap_vld  |  out|    1|      ap_vld|                                                   layer24_out_5|       pointer|
|layer24_out_6         |  out|    8|      ap_vld|                                                   layer24_out_6|       pointer|
|layer24_out_6_ap_vld  |  out|    1|      ap_vld|                                                   layer24_out_6|       pointer|
|layer24_out_7         |  out|    8|      ap_vld|                                                   layer24_out_7|       pointer|
|layer24_out_7_ap_vld  |  out|    1|      ap_vld|                                                   layer24_out_7|       pointer|
+----------------------+-----+-----+------------+----------------------------------------------------------------+--------------+

