==============================================================
Vitis HLS - High-Level Synthesis from C, C++ and OpenCL v2023.2 (64-bit)
Tool Version Limit: 2023.10
Copyright 1986-2022 Xilinx, Inc. All Rights Reserved.
Copyright 2022-2023 Advanced Micro Devices, Inc. All Rights Reserved.

==============================================================
INFO: [HLS 200-1505] Using default flow_target 'vivado'
INFO: [HLS 200-1510] Running: config_array_partition -maximum_size 4096 
INFO: [XFORM 203-101] Allowed max sub elements number after partition is 4096.
ERROR: [HLS 200-642] The 'config_array_partition -maximum_size' command is not supported.
INFO: [HLS 200-1510] Running: config_compile -name_max_length 80 
INFO: [XFORM 203-1161] The maximum of name length is set to 80.
INFO: [HLS 200-1510] Running: set_part xcvu9p-flga2104-2L-e 
INFO: [HLS 200-1611] Setting target device to 'xcvu9p-flga2104-2L-e'
INFO: [XFORM 203-1161] The maximum of name length is set to 80.
INFO: [HLS 200-1510] Running: config_schedule -enable_dsp_full_reg=false 
INFO: [HLS 200-1510] Running: create_clock -period 2.8 -name default 
INFO: [SYN 201-201] Setting up clock 'default' with a period of 2.8ns.
INFO: [HLS 200-1510] Running: set_clock_uncertainty 27% default 
INFO: [SYN 201-201] Setting up clock 'default' with an uncertainty of 0.756ns.
INFO: [HLS 200-1510] Running: csynth_design 
INFO: [HLS 200-111] Finished File checks and directory preparation: CPU user time: 0.16 seconds. CPU system time: 0.01 seconds. Elapsed time: 0.17 seconds; current allocated memory: 253.711 MB.
INFO: [HLS 200-10] Analyzing design file 'firmware/JetTaggerNN.cpp' ... 
WARNING: [HLS 207-5536] 'Resource pragma' is deprecated, use 'bind_op/bind_storage pragma' instead (firmware/nnet_utils/nnet_dense_resource.h:33:9)
WARNING: [HLS 207-5536] 'Resource pragma' is deprecated, use 'bind_op/bind_storage pragma' instead (firmware/nnet_utils/nnet_dense_resource.h:107:9)
WARNING: [HLS 207-5536] 'Resource pragma' is deprecated, use 'bind_op/bind_storage pragma' instead (firmware/nnet_utils/nnet_dense_resource.h:189:9)
WARNING: [HLS 207-5573] ALLOCATION pragma is ignored, because Instances value is not valid function pointer expression  (firmware/nnet_utils/nnet_pooling.h:128:43)
INFO: [HLS 207-4235] in instantiation of function template specialization 'nnet::global_pooling1d_cl<ap_fixed<18, 9, AP_RND_CONV, AP_SAT, 0>, ap_fixed<16, 6, AP_TRN, AP_WRAP, 0>, config10>' requested here (firmware/JetTaggerNN.cpp:73:8)
WARNING: [HLS 214-113] Either use an argument of the function or declare the variable inside the dataflow loop body (firmware/JetTaggerNN.cpp:49:66)
WARNING: [HLS 214-113] Either use an argument of the function or declare the variable inside the dataflow loop body (firmware/JetTaggerNN.cpp:49:70)
WARNING: [HLS 214-113] Either use an argument of the function or declare the variable inside the dataflow loop body (firmware/JetTaggerNN.cpp:53:97)
WARNING: [HLS 214-113] Either use an argument of the function or declare the variable inside the dataflow loop body (firmware/JetTaggerNN.cpp:53:102)
WARNING: [HLS 214-113] Either use an argument of the function or declare the variable inside the dataflow loop body (firmware/JetTaggerNN.cpp:61:97)
WARNING: [HLS 214-113] Either use an argument of the function or declare the variable inside the dataflow loop body (firmware/JetTaggerNN.cpp:61:102)
WARNING: [HLS 214-113] Either use an argument of the function or declare the variable inside the dataflow loop body (firmware/JetTaggerNN.cpp:77:84)
WARNING: [HLS 214-113] Either use an argument of the function or declare the variable inside the dataflow loop body (firmware/JetTaggerNN.cpp:77:89)
WARNING: [HLS 214-113] Either use an argument of the function or declare the variable inside the dataflow loop body (firmware/JetTaggerNN.cpp:85:86)
WARNING: [HLS 214-113] Either use an argument of the function or declare the variable inside the dataflow loop body (firmware/JetTaggerNN.cpp:85:91)
WARNING: [HLS 214-113] Either use an argument of the function or declare the variable inside the dataflow loop body (firmware/JetTaggerNN.cpp:89:84)
WARNING: [HLS 214-113] Either use an argument of the function or declare the variable inside the dataflow loop body (firmware/JetTaggerNN.cpp:89:89)
WARNING: [HLS 214-113] Either use an argument of the function or declare the variable inside the dataflow loop body (firmware/JetTaggerNN.cpp:101:88)
WARNING: [HLS 214-113] Either use an argument of the function or declare the variable inside the dataflow loop body (firmware/JetTaggerNN.cpp:101:93)
WARNING: [HLS 214-113] Either use an argument of the function or declare the variable inside the dataflow loop body (firmware/JetTaggerNN.cpp:105:72)
WARNING: [HLS 214-113] Either use an argument of the function or declare the variable inside the dataflow loop body (firmware/JetTaggerNN.cpp:105:77)
WARNING: [HLS 200-471] Dataflow form checks found 16 issue(s) in file firmware/JetTaggerNN.cpp
WARNING: [HLS 207-5292] unused parameter 'keep' (firmware/nnet_utils/nnet_helpers.h:285:99)
WARNING: [HLS 207-5292] unused parameter 'data' (firmware/nnet_utils/nnet_function_stubs.h:14:36)
WARNING: [HLS 207-5292] unused parameter 'buffer' (firmware/nnet_utils/nnet_function_stubs.h:15:36)
WARNING: [HLS 207-5292] unused parameter 'partition' (firmware/nnet_utils/nnet_function_stubs.h:16:44)
WARNING: [HLS 207-5292] unused parameter 'data' (firmware/nnet_utils/nnet_function_stubs.h:24:24)
WARNING: [HLS 207-5292] unused parameter 'buffer' (firmware/nnet_utils/nnet_function_stubs.h:25:24)
WARNING: [HLS 207-5292] unused parameter 'partition' (firmware/nnet_utils/nnet_function_stubs.h:26:32)
WARNING: [HLS 207-5292] unused parameter 'data' (firmware/nnet_utils/nnet_function_stubs.h:33:30)
WARNING: [HLS 207-5292] unused parameter 'res' (firmware/nnet_utils/nnet_function_stubs.h:33:58)
WARNING: [HLS 207-5292] unused parameter 'weights' (firmware/nnet_utils/nnet_function_stubs.h:34:51)
WARNING: [HLS 207-5292] unused parameter 'biases' (firmware/nnet_utils/nnet_function_stubs.h:35:49)
INFO: [HLS 200-111] Finished Source Code Analysis and Preprocessing: CPU user time: 28.64 seconds. CPU system time: 1.81 seconds. Elapsed time: 31.73 seconds; current allocated memory: 262.805 MB.
INFO: [HLS 200-777] Using interface defaults for 'Vivado' flow target.
INFO: [HLS 200-1995] There were 17,577 instructions in the design after the 'Compile/Link' phase of compilation. See the Design Size Report for more details: /data/hlssynt-users/duhoang/CL2TaggerFirmware/JetTaggerNN/JetTaggerNN_prj/solution1/syn/report/csynth_design_size.rpt
WARNING: [HLS 200-1995] There were 452,088 instructions in the design after the 'Unroll/Inline' phase of compilation. See the Design Size Report for more details: /data/hlssynt-users/duhoang/CL2TaggerFirmware/JetTaggerNN/JetTaggerNN_prj/solution1/syn/report/csynth_design_size.rpt
WARNING: [HLS 200-1995] There were 166,144 instructions in the design after the 'Unroll/Inline (step 2)' phase of compilation. See the Design Size Report for more details: /data/hlssynt-users/duhoang/CL2TaggerFirmware/JetTaggerNN/JetTaggerNN_prj/solution1/syn/report/csynth_design_size.rpt
WARNING: [HLS 200-1995] There were 146,195 instructions in the design after the 'Unroll/Inline (step 3)' phase of compilation. See the Design Size Report for more details: /data/hlssynt-users/duhoang/CL2TaggerFirmware/JetTaggerNN/JetTaggerNN_prj/solution1/syn/report/csynth_design_size.rpt
WARNING: [HLS 200-1995] There were 144,140 instructions in the design after the 'Unroll/Inline (step 4)' phase of compilation. See the Design Size Report for more details: /data/hlssynt-users/duhoang/CL2TaggerFirmware/JetTaggerNN/JetTaggerNN_prj/solution1/syn/report/csynth_design_size.rpt
WARNING: [HLS 200-1995] There were 129,810 instructions in the design after the 'Array/Struct' phase of compilation. See the Design Size Report for more details: /data/hlssynt-users/duhoang/CL2TaggerFirmware/JetTaggerNN/JetTaggerNN_prj/solution1/syn/report/csynth_design_size.rpt
WARNING: [HLS 200-1995] There were 103,095 instructions in the design after the 'Array/Struct (step 2)' phase of compilation. See the Design Size Report for more details: /data/hlssynt-users/duhoang/CL2TaggerFirmware/JetTaggerNN/JetTaggerNN_prj/solution1/syn/report/csynth_design_size.rpt
WARNING: [HLS 200-1995] There were 103,095 instructions in the design after the 'Array/Struct (step 3)' phase of compilation. See the Design Size Report for more details: /data/hlssynt-users/duhoang/CL2TaggerFirmware/JetTaggerNN/JetTaggerNN_prj/solution1/syn/report/csynth_design_size.rpt
WARNING: [HLS 200-1995] There were 103,703 instructions in the design after the 'Array/Struct (step 4)' phase of compilation. See the Design Size Report for more details: /data/hlssynt-users/duhoang/CL2TaggerFirmware/JetTaggerNN/JetTaggerNN_prj/solution1/syn/report/csynth_design_size.rpt
WARNING: [HLS 200-1995] There were 102,791 instructions in the design after the 'Array/Struct (step 5)' phase of compilation. See the Design Size Report for more details: /data/hlssynt-users/duhoang/CL2TaggerFirmware/JetTaggerNN/JetTaggerNN_prj/solution1/syn/report/csynth_design_size.rpt
WARNING: [HLS 200-1995] There were 100,386 instructions in the design after the 'Performance' phase of compilation. See the Design Size Report for more details: /data/hlssynt-users/duhoang/CL2TaggerFirmware/JetTaggerNN/JetTaggerNN_prj/solution1/syn/report/csynth_design_size.rpt
INFO: [HLS 200-1995] There were 98,981 instructions in the design after the 'Performance (step 2)' phase of compilation. See the Design Size Report for more details: /data/hlssynt-users/duhoang/CL2TaggerFirmware/JetTaggerNN/JetTaggerNN_prj/solution1/syn/report/csynth_design_size.rpt
INFO: [HLS 200-1995] There were 98,965 instructions in the design after the 'Performance (step 3)' phase of compilation. See the Design Size Report for more details: /data/hlssynt-users/duhoang/CL2TaggerFirmware/JetTaggerNN/JetTaggerNN_prj/solution1/syn/report/csynth_design_size.rpt
INFO: [HLS 200-1995] There were 98,133 instructions in the design after the 'Performance (step 4)' phase of compilation. See the Design Size Report for more details: /data/hlssynt-users/duhoang/CL2TaggerFirmware/JetTaggerNN/JetTaggerNN_prj/solution1/syn/report/csynth_design_size.rpt
INFO: [HLS 200-1995] There were 98,143 instructions in the design after the 'HW Transforms' phase of compilation. See the Design Size Report for more details: /data/hlssynt-users/duhoang/CL2TaggerFirmware/JetTaggerNN/JetTaggerNN_prj/solution1/syn/report/csynth_design_size.rpt
INFO: [HLS 200-1995] There were 98,171 instructions in the design after the 'HW Transforms (step 2)' phase of compilation. See the Design Size Report for more details: /data/hlssynt-users/duhoang/CL2TaggerFirmware/JetTaggerNN/JetTaggerNN_prj/solution1/syn/report/csynth_design_size.rpt
WARNING: [HLS 214-273] In function 'void nnet::dense<ap_fixed<16, 6, (ap_q_mode)5, (ap_o_mode)3, 0>, ap_fixed<31, 15, (ap_q_mode)5, (ap_o_mode)3, 0>, config11>(ap_fixed<16, 6, (ap_q_mode)5, (ap_o_mode)3, 0>*, ap_fixed<31, 15, (ap_q_mode)5, (ap_o_mode)3, 0>*, config11::weight_t*, config11::bias_t*)', Pragma conflict happens on 'INLINE' and DATAFLOW pragmas: Inline into dataflow region may break the canonical form (firmware/nnet_utils/nnet_dense.h:43:0)
WARNING: [HLS 214-273] In function 'void nnet::dense<ap_ufixed<9, 0, (ap_q_mode)4, (ap_o_mode)0, 0>, ap_fixed<24, 9, (ap_q_mode)5, (ap_o_mode)3, 0>, config14>(ap_ufixed<9, 0, (ap_q_mode)4, (ap_o_mode)0, 0>*, ap_fixed<24, 9, (ap_q_mode)5, (ap_o_mode)3, 0>*, config14::weight_t*, config14::bias_t*)', Pragma conflict happens on 'INLINE' and DATAFLOW pragmas: Inline into dataflow region may break the canonical form (firmware/nnet_utils/nnet_dense.h:43:0)
WARNING: [HLS 214-273] In function 'void nnet::dense<ap_ufixed<9, 0, (ap_q_mode)4, (ap_o_mode)0, 0>, ap_fixed<24, 9, (ap_q_mode)5, (ap_o_mode)3, 0>, config16>(ap_ufixed<9, 0, (ap_q_mode)4, (ap_o_mode)0, 0>*, ap_fixed<24, 9, (ap_q_mode)5, (ap_o_mode)3, 0>*, config16::weight_t*, config16::bias_t*)', Pragma conflict happens on 'INLINE' and DATAFLOW pragmas: Inline into dataflow region may break the canonical form (firmware/nnet_utils/nnet_dense.h:43:0)
WARNING: [HLS 214-273] In function 'void nnet::dense<ap_ufixed<9, 0, (ap_q_mode)4, (ap_o_mode)0, 0>, ap_fixed<31, 13, (ap_q_mode)5, (ap_o_mode)3, 0>, config20>(ap_ufixed<9, 0, (ap_q_mode)4, (ap_o_mode)0, 0>*, ap_fixed<31, 13, (ap_q_mode)5, (ap_o_mode)3, 0>*, config20::weight_t*, config20::bias_t*)', Pragma conflict happens on 'INLINE' and DATAFLOW pragmas: Inline into dataflow region may break the canonical form (firmware/nnet_utils/nnet_dense.h:43:0)
WARNING: [HLS 214-273] In function 'void nnet::dense<ap_ufixed<9, 0, (ap_q_mode)4, (ap_o_mode)0, 0>, ap_fixed<10, 6, (ap_q_mode)0, (ap_o_mode)0, 0>, config22>(ap_ufixed<9, 0, (ap_q_mode)4, (ap_o_mode)0, 0>*, ap_fixed<10, 6, (ap_q_mode)0, (ap_o_mode)0, 0>*, config22::weight_t*, config22::bias_t*)', Pragma conflict happens on 'INLINE' and DATAFLOW pragmas: Inline into dataflow region may break the canonical form (firmware/nnet_utils/nnet_dense.h:43:0)
WARNING: [HLS 214-273] In function 'void nnet::softmax<ap_fixed<31, 13, (ap_q_mode)5, (ap_o_mode)3, 0>, ap_ufixed<8, 0, (ap_q_mode)0, (ap_o_mode)0, 0>, softmax_config24>(ap_fixed<31, 13, (ap_q_mode)5, (ap_o_mode)3, 0>*, ap_ufixed<8, 0, (ap_q_mode)0, (ap_o_mode)0, 0>*)', Pragma conflict happens on 'INLINE' and DATAFLOW pragmas: Inline into dataflow region may break the canonical form (firmware/nnet_utils/nnet_activation.h:379:0)
WARNING: [HLS 214-273] In function 'nnet::DenseLatency<ap_ufixed<9, 0, (ap_q_mode)4, (ap_o_mode)0, 0>, ap_fixed<10, 6, (ap_q_mode)0, (ap_o_mode)0, 0>, config22>::dense(ap_ufixed<9, 0, (ap_q_mode)4, (ap_o_mode)0, 0>*, ap_fixed<10, 6, (ap_q_mode)0, (ap_o_mode)0, 0>*, ap_fixed<16, 7, (ap_q_mode)5, (ap_o_mode)3, 0>*, ap_fixed<16, 7, (ap_q_mode)5, (ap_o_mode)3, 0>*)', Pragma conflict happens on 'INLINE' and DATAFLOW pragmas: Inline into dataflow region may break the canonical form (firmware/nnet_utils/nnet_dense.h:52:0)
WARNING: [HLS 214-273] In function 'nnet::DenseLatency<ap_ufixed<9, 0, (ap_q_mode)4, (ap_o_mode)0, 0>, ap_fixed<31, 13, (ap_q_mode)5, (ap_o_mode)3, 0>, config20>::dense(ap_ufixed<9, 0, (ap_q_mode)4, (ap_o_mode)0, 0>*, ap_fixed<31, 13, (ap_q_mode)5, (ap_o_mode)3, 0>*, ap_fixed<16, 7, (ap_q_mode)5, (ap_o_mode)3, 0>*, ap_fixed<16, 7, (ap_q_mode)5, (ap_o_mode)3, 0>*)', Pragma conflict happens on 'INLINE' and DATAFLOW pragmas: Inline into dataflow region may break the canonical form (firmware/nnet_utils/nnet_dense.h:52:0)
WARNING: [HLS 214-273] In function 'nnet::DenseLatency<ap_ufixed<9, 0, (ap_q_mode)4, (ap_o_mode)0, 0>, ap_fixed<24, 9, (ap_q_mode)5, (ap_o_mode)3, 0>, config16>::dense(ap_ufixed<9, 0, (ap_q_mode)4, (ap_o_mode)0, 0>*, ap_fixed<24, 9, (ap_q_mode)5, (ap_o_mode)3, 0>*, ap_fixed<9, 3, (ap_q_mode)5, (ap_o_mode)3, 0>*, ap_fixed<9, 3, (ap_q_mode)5, (ap_o_mode)3, 0>*)', Pragma conflict happens on 'INLINE' and DATAFLOW pragmas: Inline into dataflow region may break the canonical form (firmware/nnet_utils/nnet_dense.h:52:0)
WARNING: [HLS 214-273] In function 'nnet::DenseLatency<ap_ufixed<9, 0, (ap_q_mode)4, (ap_o_mode)0, 0>, ap_fixed<24, 9, (ap_q_mode)5, (ap_o_mode)3, 0>, config14>::dense(ap_ufixed<9, 0, (ap_q_mode)4, (ap_o_mode)0, 0>*, ap_fixed<24, 9, (ap_q_mode)5, (ap_o_mode)3, 0>*, ap_fixed<9, 3, (ap_q_mode)5, (ap_o_mode)3, 0>*, ap_fixed<9, 3, (ap_q_mode)5, (ap_o_mode)3, 0>*)', Pragma conflict happens on 'INLINE' and DATAFLOW pragmas: Inline into dataflow region may break the canonical form (firmware/nnet_utils/nnet_dense.h:52:0)
WARNING: [HLS 214-273] In function 'nnet::DenseLatency<ap_fixed<16, 6, (ap_q_mode)5, (ap_o_mode)3, 0>, ap_fixed<31, 15, (ap_q_mode)5, (ap_o_mode)3, 0>, config11>::dense(ap_fixed<16, 6, (ap_q_mode)5, (ap_o_mode)3, 0>*, ap_fixed<31, 15, (ap_q_mode)5, (ap_o_mode)3, 0>*, ap_fixed<9, 3, (ap_q_mode)5, (ap_o_mode)3, 0>*, ap_fixed<9, 3, (ap_q_mode)5, (ap_o_mode)3, 0>*)', Pragma conflict happens on 'INLINE' and DATAFLOW pragmas: Inline into dataflow region may break the canonical form (firmware/nnet_utils/nnet_dense.h:52:0)
INFO: [HLS 214-131] Inlining function 'nnet::product::mult<ap_fixed<15, 12, (ap_q_mode)0, (ap_o_mode)0, 0>, ap_fixed<15, 12, (ap_q_mode)0, (ap_o_mode)0, 0> >::product(ap_fixed<15, 12, (ap_q_mode)0, (ap_o_mode)0, 0>, ap_fixed<15, 12, (ap_q_mode)0, (ap_o_mode)0, 0>)' into 'void nnet::normalize<ap_fixed<15, 12, (ap_q_mode)0, (ap_o_mode)0, 0>, ap_fixed<15, 12, (ap_q_mode)0, (ap_o_mode)0, 0>, config2>(ap_fixed<15, 12, (ap_q_mode)0, (ap_o_mode)0, 0>*, ap_fixed<15, 12, (ap_q_mode)0, (ap_o_mode)0, 0>*, config2::scale_t*, config2::bias_t*)' (firmware/nnet_utils/nnet_batchnorm.h:59:17)
INFO: [HLS 214-131] Inlining function 'nnet::product::mult<ap_fixed<15, 12, (ap_q_mode)0, (ap_o_mode)0, 0>, ap_fixed<9, 3, (ap_q_mode)5, (ap_o_mode)3, 0> >::product(ap_fixed<15, 12, (ap_q_mode)0, (ap_o_mode)0, 0>, ap_fixed<9, 3, (ap_q_mode)5, (ap_o_mode)3, 0>)' into 'void nnet::conv_1d_latency_cl<ap_fixed<15, 12, (ap_q_mode)0, (ap_o_mode)0, 0>, ap_fixed<30, 21, (ap_q_mode)5, (ap_o_mode)3, 0>, config28>(ap_fixed<15, 12, (ap_q_mode)0, (ap_o_mode)0, 0>*, ap_fixed<30, 21, (ap_q_mode)5, (ap_o_mode)3, 0>*, config28::weight_t*, config28::bias_t*)' (firmware/nnet_utils/nnet_conv1d_latency.h:54:25)
INFO: [HLS 214-131] Inlining function 'nnet::product::mult<ap_ufixed<9, 0, (ap_q_mode)4, (ap_o_mode)0, 0>, ap_fixed<9, 3, (ap_q_mode)5, (ap_o_mode)3, 0> >::product(ap_ufixed<9, 0, (ap_q_mode)4, (ap_o_mode)0, 0>, ap_fixed<9, 3, (ap_q_mode)5, (ap_o_mode)3, 0>)' into 'void nnet::conv_1d_latency_cl<ap_ufixed<9, 0, (ap_q_mode)4, (ap_o_mode)0, 0>, ap_fixed<24, 9, (ap_q_mode)5, (ap_o_mode)3, 0>, config29>(ap_ufixed<9, 0, (ap_q_mode)4, (ap_o_mode)0, 0>*, ap_fixed<24, 9, (ap_q_mode)5, (ap_o_mode)3, 0>*, config29::weight_t*, config29::bias_t*)' (firmware/nnet_utils/nnet_conv1d_latency.h:54:25)
INFO: [HLS 214-131] Inlining function 'nnet::product::mult<ap_fixed<16, 6, (ap_q_mode)5, (ap_o_mode)3, 0>, ap_fixed<9, 3, (ap_q_mode)5, (ap_o_mode)3, 0> >::product(ap_fixed<16, 6, (ap_q_mode)5, (ap_o_mode)3, 0>, ap_fixed<9, 3, (ap_q_mode)5, (ap_o_mode)3, 0>)' into 'void nnet::dense_latency<ap_fixed<16, 6, (ap_q_mode)5, (ap_o_mode)3, 0>, ap_fixed<31, 15, (ap_q_mode)5, (ap_o_mode)3, 0>, config11>(ap_fixed<16, 6, (ap_q_mode)5, (ap_o_mode)3, 0>*, ap_fixed<31, 15, (ap_q_mode)5, (ap_o_mode)3, 0>*, config11::weight_t*, config11::bias_t*)' (firmware/nnet_utils/nnet_dense_latency.h:42:27)
INFO: [HLS 214-131] Inlining function 'nnet::DenseLatency<ap_fixed<16, 6, (ap_q_mode)5, (ap_o_mode)3, 0>, ap_fixed<31, 15, (ap_q_mode)5, (ap_o_mode)3, 0>, config11>::dense(ap_fixed<16, 6, (ap_q_mode)5, (ap_o_mode)3, 0>*, ap_fixed<31, 15, (ap_q_mode)5, (ap_o_mode)3, 0>*, ap_fixed<9, 3, (ap_q_mode)5, (ap_o_mode)3, 0>*, ap_fixed<9, 3, (ap_q_mode)5, (ap_o_mode)3, 0>*)' into 'void nnet::dense<ap_fixed<16, 6, (ap_q_mode)5, (ap_o_mode)3, 0>, ap_fixed<31, 15, (ap_q_mode)5, (ap_o_mode)3, 0>, config11>(ap_fixed<16, 6, (ap_q_mode)5, (ap_o_mode)3, 0>*, ap_fixed<31, 15, (ap_q_mode)5, (ap_o_mode)3, 0>*, config11::weight_t*, config11::bias_t*)' (firmware/nnet_utils/nnet_dense.h:45:2)
INFO: [HLS 214-131] Inlining function 'nnet::product::mult<ap_ufixed<9, 0, (ap_q_mode)4, (ap_o_mode)0, 0>, ap_fixed<9, 3, (ap_q_mode)5, (ap_o_mode)3, 0> >::product(ap_ufixed<9, 0, (ap_q_mode)4, (ap_o_mode)0, 0>, ap_fixed<9, 3, (ap_q_mode)5, (ap_o_mode)3, 0>)' into 'void nnet::dense_latency<ap_ufixed<9, 0, (ap_q_mode)4, (ap_o_mode)0, 0>, ap_fixed<24, 9, (ap_q_mode)5, (ap_o_mode)3, 0>, config14>(ap_ufixed<9, 0, (ap_q_mode)4, (ap_o_mode)0, 0>*, ap_fixed<24, 9, (ap_q_mode)5, (ap_o_mode)3, 0>*, config14::weight_t*, config14::bias_t*)' (firmware/nnet_utils/nnet_dense_latency.h:42:27)
INFO: [HLS 214-131] Inlining function 'nnet::DenseLatency<ap_ufixed<9, 0, (ap_q_mode)4, (ap_o_mode)0, 0>, ap_fixed<24, 9, (ap_q_mode)5, (ap_o_mode)3, 0>, config14>::dense(ap_ufixed<9, 0, (ap_q_mode)4, (ap_o_mode)0, 0>*, ap_fixed<24, 9, (ap_q_mode)5, (ap_o_mode)3, 0>*, ap_fixed<9, 3, (ap_q_mode)5, (ap_o_mode)3, 0>*, ap_fixed<9, 3, (ap_q_mode)5, (ap_o_mode)3, 0>*)' into 'void nnet::dense<ap_ufixed<9, 0, (ap_q_mode)4, (ap_o_mode)0, 0>, ap_fixed<24, 9, (ap_q_mode)5, (ap_o_mode)3, 0>, config14>(ap_ufixed<9, 0, (ap_q_mode)4, (ap_o_mode)0, 0>*, ap_fixed<24, 9, (ap_q_mode)5, (ap_o_mode)3, 0>*, config14::weight_t*, config14::bias_t*)' (firmware/nnet_utils/nnet_dense.h:45:2)
INFO: [HLS 214-131] Inlining function 'nnet::product::mult<ap_ufixed<9, 0, (ap_q_mode)4, (ap_o_mode)0, 0>, ap_fixed<9, 3, (ap_q_mode)5, (ap_o_mode)3, 0> >::product(ap_ufixed<9, 0, (ap_q_mode)4, (ap_o_mode)0, 0>, ap_fixed<9, 3, (ap_q_mode)5, (ap_o_mode)3, 0>)' into 'void nnet::dense_latency<ap_ufixed<9, 0, (ap_q_mode)4, (ap_o_mode)0, 0>, ap_fixed<24, 9, (ap_q_mode)5, (ap_o_mode)3, 0>, config16>(ap_ufixed<9, 0, (ap_q_mode)4, (ap_o_mode)0, 0>*, ap_fixed<24, 9, (ap_q_mode)5, (ap_o_mode)3, 0>*, config16::weight_t*, config16::bias_t*)' (firmware/nnet_utils/nnet_dense_latency.h:42:27)
INFO: [HLS 214-131] Inlining function 'nnet::DenseLatency<ap_ufixed<9, 0, (ap_q_mode)4, (ap_o_mode)0, 0>, ap_fixed<24, 9, (ap_q_mode)5, (ap_o_mode)3, 0>, config16>::dense(ap_ufixed<9, 0, (ap_q_mode)4, (ap_o_mode)0, 0>*, ap_fixed<24, 9, (ap_q_mode)5, (ap_o_mode)3, 0>*, ap_fixed<9, 3, (ap_q_mode)5, (ap_o_mode)3, 0>*, ap_fixed<9, 3, (ap_q_mode)5, (ap_o_mode)3, 0>*)' into 'void nnet::dense<ap_ufixed<9, 0, (ap_q_mode)4, (ap_o_mode)0, 0>, ap_fixed<24, 9, (ap_q_mode)5, (ap_o_mode)3, 0>, config16>(ap_ufixed<9, 0, (ap_q_mode)4, (ap_o_mode)0, 0>*, ap_fixed<24, 9, (ap_q_mode)5, (ap_o_mode)3, 0>*, config16::weight_t*, config16::bias_t*)' (firmware/nnet_utils/nnet_dense.h:45:2)
INFO: [HLS 214-131] Inlining function 'nnet::product::mult<ap_ufixed<9, 0, (ap_q_mode)4, (ap_o_mode)0, 0>, ap_fixed<16, 7, (ap_q_mode)5, (ap_o_mode)3, 0> >::product(ap_ufixed<9, 0, (ap_q_mode)4, (ap_o_mode)0, 0>, ap_fixed<16, 7, (ap_q_mode)5, (ap_o_mode)3, 0>)' into 'void nnet::dense_latency<ap_ufixed<9, 0, (ap_q_mode)4, (ap_o_mode)0, 0>, ap_fixed<31, 13, (ap_q_mode)5, (ap_o_mode)3, 0>, config20>(ap_ufixed<9, 0, (ap_q_mode)4, (ap_o_mode)0, 0>*, ap_fixed<31, 13, (ap_q_mode)5, (ap_o_mode)3, 0>*, config20::weight_t*, config20::bias_t*)' (firmware/nnet_utils/nnet_dense_latency.h:42:27)
INFO: [HLS 214-131] Inlining function 'nnet::DenseLatency<ap_ufixed<9, 0, (ap_q_mode)4, (ap_o_mode)0, 0>, ap_fixed<31, 13, (ap_q_mode)5, (ap_o_mode)3, 0>, config20>::dense(ap_ufixed<9, 0, (ap_q_mode)4, (ap_o_mode)0, 0>*, ap_fixed<31, 13, (ap_q_mode)5, (ap_o_mode)3, 0>*, ap_fixed<16, 7, (ap_q_mode)5, (ap_o_mode)3, 0>*, ap_fixed<16, 7, (ap_q_mode)5, (ap_o_mode)3, 0>*)' into 'void nnet::dense<ap_ufixed<9, 0, (ap_q_mode)4, (ap_o_mode)0, 0>, ap_fixed<31, 13, (ap_q_mode)5, (ap_o_mode)3, 0>, config20>(ap_ufixed<9, 0, (ap_q_mode)4, (ap_o_mode)0, 0>*, ap_fixed<31, 13, (ap_q_mode)5, (ap_o_mode)3, 0>*, config20::weight_t*, config20::bias_t*)' (firmware/nnet_utils/nnet_dense.h:45:2)
INFO: [HLS 214-131] Inlining function 'nnet::product::mult<ap_ufixed<9, 0, (ap_q_mode)4, (ap_o_mode)0, 0>, ap_fixed<16, 7, (ap_q_mode)5, (ap_o_mode)3, 0> >::product(ap_ufixed<9, 0, (ap_q_mode)4, (ap_o_mode)0, 0>, ap_fixed<16, 7, (ap_q_mode)5, (ap_o_mode)3, 0>)' into 'void nnet::dense_latency<ap_ufixed<9, 0, (ap_q_mode)4, (ap_o_mode)0, 0>, ap_fixed<10, 6, (ap_q_mode)0, (ap_o_mode)0, 0>, config22>(ap_ufixed<9, 0, (ap_q_mode)4, (ap_o_mode)0, 0>*, ap_fixed<10, 6, (ap_q_mode)0, (ap_o_mode)0, 0>*, config22::weight_t*, config22::bias_t*)' (firmware/nnet_utils/nnet_dense_latency.h:42:27)
INFO: [HLS 214-131] Inlining function 'nnet::DenseLatency<ap_ufixed<9, 0, (ap_q_mode)4, (ap_o_mode)0, 0>, ap_fixed<10, 6, (ap_q_mode)0, (ap_o_mode)0, 0>, config22>::dense(ap_ufixed<9, 0, (ap_q_mode)4, (ap_o_mode)0, 0>*, ap_fixed<10, 6, (ap_q_mode)0, (ap_o_mode)0, 0>*, ap_fixed<16, 7, (ap_q_mode)5, (ap_o_mode)3, 0>*, ap_fixed<16, 7, (ap_q_mode)5, (ap_o_mode)3, 0>*)' into 'void nnet::dense<ap_ufixed<9, 0, (ap_q_mode)4, (ap_o_mode)0, 0>, ap_fixed<10, 6, (ap_q_mode)0, (ap_o_mode)0, 0>, config22>(ap_ufixed<9, 0, (ap_q_mode)4, (ap_o_mode)0, 0>*, ap_fixed<10, 6, (ap_q_mode)0, (ap_o_mode)0, 0>*, config22::weight_t*, config22::bias_t*)' (firmware/nnet_utils/nnet_dense.h:45:2)
INFO: [HLS 214-131] Inlining function 'void nnet::dense<ap_fixed<16, 6, (ap_q_mode)5, (ap_o_mode)3, 0>, ap_fixed<31, 15, (ap_q_mode)5, (ap_o_mode)3, 0>, config11>(ap_fixed<16, 6, (ap_q_mode)5, (ap_o_mode)3, 0>*, ap_fixed<31, 15, (ap_q_mode)5, (ap_o_mode)3, 0>*, config11::weight_t*, config11::bias_t*)' into 'JetTaggerNN(ap_fixed<15, 12, (ap_q_mode)0, (ap_o_mode)0, 0>*, ap_fixed<16, 6, (ap_q_mode)5, (ap_o_mode)3, 0>*, ap_ufixed<8, 0, (ap_q_mode)0, (ap_o_mode)0, 0>*)' (firmware/JetTaggerNN.cpp:77:2)
INFO: [HLS 214-131] Inlining function 'void nnet::dense<ap_ufixed<9, 0, (ap_q_mode)4, (ap_o_mode)0, 0>, ap_fixed<24, 9, (ap_q_mode)5, (ap_o_mode)3, 0>, config14>(ap_ufixed<9, 0, (ap_q_mode)4, (ap_o_mode)0, 0>*, ap_fixed<24, 9, (ap_q_mode)5, (ap_o_mode)3, 0>*, config14::weight_t*, config14::bias_t*)' into 'JetTaggerNN(ap_fixed<15, 12, (ap_q_mode)0, (ap_o_mode)0, 0>*, ap_fixed<16, 6, (ap_q_mode)5, (ap_o_mode)3, 0>*, ap_ufixed<8, 0, (ap_q_mode)0, (ap_o_mode)0, 0>*)' (firmware/JetTaggerNN.cpp:85:2)
INFO: [HLS 214-131] Inlining function 'void nnet::dense<ap_ufixed<9, 0, (ap_q_mode)4, (ap_o_mode)0, 0>, ap_fixed<24, 9, (ap_q_mode)5, (ap_o_mode)3, 0>, config16>(ap_ufixed<9, 0, (ap_q_mode)4, (ap_o_mode)0, 0>*, ap_fixed<24, 9, (ap_q_mode)5, (ap_o_mode)3, 0>*, config16::weight_t*, config16::bias_t*)' into 'JetTaggerNN(ap_fixed<15, 12, (ap_q_mode)0, (ap_o_mode)0, 0>*, ap_fixed<16, 6, (ap_q_mode)5, (ap_o_mode)3, 0>*, ap_ufixed<8, 0, (ap_q_mode)0, (ap_o_mode)0, 0>*)' (firmware/JetTaggerNN.cpp:89:2)
INFO: [HLS 214-131] Inlining function 'void nnet::dense<ap_ufixed<9, 0, (ap_q_mode)4, (ap_o_mode)0, 0>, ap_fixed<31, 13, (ap_q_mode)5, (ap_o_mode)3, 0>, config20>(ap_ufixed<9, 0, (ap_q_mode)4, (ap_o_mode)0, 0>*, ap_fixed<31, 13, (ap_q_mode)5, (ap_o_mode)3, 0>*, config20::weight_t*, config20::bias_t*)' into 'JetTaggerNN(ap_fixed<15, 12, (ap_q_mode)0, (ap_o_mode)0, 0>*, ap_fixed<16, 6, (ap_q_mode)5, (ap_o_mode)3, 0>*, ap_ufixed<8, 0, (ap_q_mode)0, (ap_o_mode)0, 0>*)' (firmware/JetTaggerNN.cpp:101:2)
INFO: [HLS 214-131] Inlining function 'void nnet::dense<ap_ufixed<9, 0, (ap_q_mode)4, (ap_o_mode)0, 0>, ap_fixed<10, 6, (ap_q_mode)0, (ap_o_mode)0, 0>, config22>(ap_ufixed<9, 0, (ap_q_mode)4, (ap_o_mode)0, 0>*, ap_fixed<10, 6, (ap_q_mode)0, (ap_o_mode)0, 0>*, config22::weight_t*, config22::bias_t*)' into 'JetTaggerNN(ap_fixed<15, 12, (ap_q_mode)0, (ap_o_mode)0, 0>*, ap_fixed<16, 6, (ap_q_mode)5, (ap_o_mode)3, 0>*, ap_ufixed<8, 0, (ap_q_mode)0, (ap_o_mode)0, 0>*)' (firmware/JetTaggerNN.cpp:105:2)
INFO: [HLS 214-131] Inlining function 'void nnet::softmax<ap_fixed<31, 13, (ap_q_mode)5, (ap_o_mode)3, 0>, ap_ufixed<8, 0, (ap_q_mode)0, (ap_o_mode)0, 0>, softmax_config24>(ap_fixed<31, 13, (ap_q_mode)5, (ap_o_mode)3, 0>*, ap_ufixed<8, 0, (ap_q_mode)0, (ap_o_mode)0, 0>*)' into 'JetTaggerNN(ap_fixed<15, 12, (ap_q_mode)0, (ap_o_mode)0, 0>*, ap_fixed<16, 6, (ap_q_mode)5, (ap_o_mode)3, 0>*, ap_ufixed<8, 0, (ap_q_mode)0, (ap_o_mode)0, 0>*)' (firmware/JetTaggerNN.cpp:109:5)
INFO: [HLS 214-291] Loop 'VITIS_LOOP_346_4' is marked as complete unroll implied by the pipeline pragma (firmware/nnet_utils/nnet_activation.h:346:23)
INFO: [HLS 214-291] Loop 'VITIS_LOOP_328_2' is marked as complete unroll implied by the pipeline pragma (firmware/nnet_utils/nnet_activation.h:328:23)
INFO: [HLS 214-291] Loop 'VITIS_LOOP_329_3' is marked as complete unroll implied by the pipeline pragma (firmware/nnet_utils/nnet_activation.h:329:27)
INFO: [HLS 214-291] Loop 'VITIS_LOOP_323_1' is marked as complete unroll implied by the pipeline pragma (firmware/nnet_utils/nnet_activation.h:323:23)
INFO: [HLS 214-291] Loop 'VITIS_LOOP_31_1' is marked as complete unroll implied by the pipeline pragma (firmware/nnet_utils/nnet_activation.h:31:19)
INFO: [HLS 214-291] Loop 'Result' is marked as complete unroll implied by the pipeline pragma (firmware/nnet_utils/nnet_dense_latency.h:64:5)
INFO: [HLS 214-291] Loop 'Accum1' is marked as complete unroll implied by the pipeline pragma (firmware/nnet_utils/nnet_dense_latency.h:54:5)
INFO: [HLS 214-291] Loop 'Accum2' is marked as complete unroll implied by the pipeline pragma (firmware/nnet_utils/nnet_dense_latency.h:56:9)
INFO: [HLS 214-291] Loop 'ResetAccum' is marked as complete unroll implied by the pipeline pragma (firmware/nnet_utils/nnet_dense_latency.h:48:5)
INFO: [HLS 214-291] Loop 'Product1' is marked as complete unroll implied by the pipeline pragma (firmware/nnet_utils/nnet_dense_latency.h:37:5)
INFO: [HLS 214-291] Loop 'Product2' is marked as complete unroll implied by the pipeline pragma (firmware/nnet_utils/nnet_dense_latency.h:40:9)
INFO: [HLS 214-291] Loop 'VITIS_LOOP_43_1' is marked as complete unroll implied by the pipeline pragma (firmware/nnet_utils/nnet_activation.h:43:22)
INFO: [HLS 214-291] Loop 'VITIS_LOOP_131_1' is marked as complete unroll implied by the pipeline pragma (firmware/nnet_utils/nnet_pooling.h:131:20)
INFO: [HLS 214-291] Loop 'VITIS_LOOP_134_2' is marked as complete unroll implied by the pipeline pragma (firmware/nnet_utils/nnet_pooling.h:134:20)
INFO: [HLS 214-291] Loop 'VITIS_LOOP_22_1' is marked as complete unroll implied by the pipeline pragma (firmware/nnet_utils/nnet_pooling.h:22:22)
INFO: [HLS 214-291] Loop 'PixelLoop' is marked as complete unroll implied by the pipeline pragma (firmware/nnet_utils/nnet_conv1d_latency.h:40:9)
INFO: [HLS 214-291] Loop 'Product1' is marked as complete unroll implied by the pipeline pragma (firmware/nnet_utils/nnet_conv1d_latency.h:47:13)
INFO: [HLS 214-291] Loop 'Product2' is marked as complete unroll implied by the pipeline pragma (firmware/nnet_utils/nnet_conv1d_latency.h:51:17)
INFO: [HLS 214-291] Loop 'ResetAccum' is marked as complete unroll implied by the pipeline pragma (firmware/nnet_utils/nnet_conv1d_latency.h:61:13)
INFO: [HLS 214-291] Loop 'Accum1' is marked as complete unroll implied by the pipeline pragma (firmware/nnet_utils/nnet_conv1d_latency.h:68:13)
INFO: [HLS 214-291] Loop 'Accum2' is marked as complete unroll implied by the pipeline pragma (firmware/nnet_utils/nnet_conv1d_latency.h:71:17)
INFO: [HLS 214-291] Loop 'Result' is marked as complete unroll implied by the pipeline pragma (firmware/nnet_utils/nnet_conv1d_latency.h:79:13)
INFO: [HLS 214-291] Loop 'Result' is marked as complete unroll implied by the pipeline pragma (firmware/nnet_utils/nnet_batchnorm.h:52:5)
INFO: [HLS 214-186] Unrolling loop 'VITIS_LOOP_346_4' (firmware/nnet_utils/nnet_activation.h:346:23) in function 'nnet::softmax_legacy<ap_fixed<31, 13, (ap_q_mode)5, (ap_o_mode)3, 0>, ap_ufixed<8, 0, (ap_q_mode)0, (ap_o_mode)0, 0>, softmax_config24>' completely with a factor of 8 (firmware/nnet_utils/nnet_activation.h:298:0)
INFO: [HLS 214-186] Unrolling loop 'VITIS_LOOP_328_2' (firmware/nnet_utils/nnet_activation.h:328:23) in function 'nnet::softmax_legacy<ap_fixed<31, 13, (ap_q_mode)5, (ap_o_mode)3, 0>, ap_ufixed<8, 0, (ap_q_mode)0, (ap_o_mode)0, 0>, softmax_config24>' completely with a factor of 8 (firmware/nnet_utils/nnet_activation.h:298:0)
INFO: [HLS 214-186] Unrolling loop 'VITIS_LOOP_329_3' (firmware/nnet_utils/nnet_activation.h:329:27) in function 'nnet::softmax_legacy<ap_fixed<31, 13, (ap_q_mode)5, (ap_o_mode)3, 0>, ap_ufixed<8, 0, (ap_q_mode)0, (ap_o_mode)0, 0>, softmax_config24>' completely with a factor of 8 (firmware/nnet_utils/nnet_activation.h:298:0)
INFO: [HLS 214-186] Unrolling loop 'VITIS_LOOP_323_1' (firmware/nnet_utils/nnet_activation.h:323:23) in function 'nnet::softmax_legacy<ap_fixed<31, 13, (ap_q_mode)5, (ap_o_mode)3, 0>, ap_ufixed<8, 0, (ap_q_mode)0, (ap_o_mode)0, 0>, softmax_config24>' completely with a factor of 8 (firmware/nnet_utils/nnet_activation.h:298:0)
INFO: [HLS 214-186] Unrolling loop 'VITIS_LOOP_31_1' (firmware/nnet_utils/nnet_activation.h:31:19) in function 'nnet::linear<ap_fixed<10, 6, (ap_q_mode)0, (ap_o_mode)0, 0>, ap_fixed<16, 6, (ap_q_mode)5, (ap_o_mode)3, 0>, linear_config23>' completely with a factor of 1 (firmware/nnet_utils/nnet_activation.h:28:0)
INFO: [HLS 214-186] Unrolling loop 'Result' (firmware/nnet_utils/nnet_dense_latency.h:64:5) in function 'nnet::dense_latency<ap_ufixed<9, 0, (ap_q_mode)4, (ap_o_mode)0, 0>, ap_fixed<10, 6, (ap_q_mode)0, (ap_o_mode)0, 0>, config22>' completely with a factor of 1 (firmware/nnet_utils/nnet_dense_latency.h:15:0)
INFO: [HLS 214-186] Unrolling loop 'Accum1' (firmware/nnet_utils/nnet_dense_latency.h:54:5) in function 'nnet::dense_latency<ap_ufixed<9, 0, (ap_q_mode)4, (ap_o_mode)0, 0>, ap_fixed<10, 6, (ap_q_mode)0, (ap_o_mode)0, 0>, config22>' completely with a factor of 32 (firmware/nnet_utils/nnet_dense_latency.h:15:0)
INFO: [HLS 214-186] Unrolling loop 'Accum2' (firmware/nnet_utils/nnet_dense_latency.h:56:9) in function 'nnet::dense_latency<ap_ufixed<9, 0, (ap_q_mode)4, (ap_o_mode)0, 0>, ap_fixed<10, 6, (ap_q_mode)0, (ap_o_mode)0, 0>, config22>' completely with a factor of 1 (firmware/nnet_utils/nnet_dense_latency.h:15:0)
INFO: [HLS 214-186] Unrolling loop 'ResetAccum' (firmware/nnet_utils/nnet_dense_latency.h:48:5) in function 'nnet::dense_latency<ap_ufixed<9, 0, (ap_q_mode)4, (ap_o_mode)0, 0>, ap_fixed<10, 6, (ap_q_mode)0, (ap_o_mode)0, 0>, config22>' completely with a factor of 1 (firmware/nnet_utils/nnet_dense_latency.h:15:0)
INFO: [HLS 214-186] Unrolling loop 'Product1' (firmware/nnet_utils/nnet_dense_latency.h:37:5) in function 'nnet::dense_latency<ap_ufixed<9, 0, (ap_q_mode)4, (ap_o_mode)0, 0>, ap_fixed<10, 6, (ap_q_mode)0, (ap_o_mode)0, 0>, config22>' completely with a factor of 32 (firmware/nnet_utils/nnet_dense_latency.h:15:0)
INFO: [HLS 214-186] Unrolling loop 'Product2' (firmware/nnet_utils/nnet_dense_latency.h:40:9) in function 'nnet::dense_latency<ap_ufixed<9, 0, (ap_q_mode)4, (ap_o_mode)0, 0>, ap_fixed<10, 6, (ap_q_mode)0, (ap_o_mode)0, 0>, config22>' completely with a factor of 1 (firmware/nnet_utils/nnet_dense_latency.h:15:0)
INFO: [HLS 214-186] Unrolling loop 'Result' (firmware/nnet_utils/nnet_dense_latency.h:64:5) in function 'nnet::dense_latency<ap_ufixed<9, 0, (ap_q_mode)4, (ap_o_mode)0, 0>, ap_fixed<31, 13, (ap_q_mode)5, (ap_o_mode)3, 0>, config20>' completely with a factor of 8 (firmware/nnet_utils/nnet_dense_latency.h:15:0)
INFO: [HLS 214-186] Unrolling loop 'Accum1' (firmware/nnet_utils/nnet_dense_latency.h:54:5) in function 'nnet::dense_latency<ap_ufixed<9, 0, (ap_q_mode)4, (ap_o_mode)0, 0>, ap_fixed<31, 13, (ap_q_mode)5, (ap_o_mode)3, 0>, config20>' completely with a factor of 32 (firmware/nnet_utils/nnet_dense_latency.h:15:0)
INFO: [HLS 214-186] Unrolling loop 'Accum2' (firmware/nnet_utils/nnet_dense_latency.h:56:9) in function 'nnet::dense_latency<ap_ufixed<9, 0, (ap_q_mode)4, (ap_o_mode)0, 0>, ap_fixed<31, 13, (ap_q_mode)5, (ap_o_mode)3, 0>, config20>' completely with a factor of 8 (firmware/nnet_utils/nnet_dense_latency.h:15:0)
INFO: [HLS 214-186] Unrolling loop 'ResetAccum' (firmware/nnet_utils/nnet_dense_latency.h:48:5) in function 'nnet::dense_latency<ap_ufixed<9, 0, (ap_q_mode)4, (ap_o_mode)0, 0>, ap_fixed<31, 13, (ap_q_mode)5, (ap_o_mode)3, 0>, config20>' completely with a factor of 8 (firmware/nnet_utils/nnet_dense_latency.h:15:0)
INFO: [HLS 214-186] Unrolling loop 'Product1' (firmware/nnet_utils/nnet_dense_latency.h:37:5) in function 'nnet::dense_latency<ap_ufixed<9, 0, (ap_q_mode)4, (ap_o_mode)0, 0>, ap_fixed<31, 13, (ap_q_mode)5, (ap_o_mode)3, 0>, config20>' completely with a factor of 32 (firmware/nnet_utils/nnet_dense_latency.h:15:0)
INFO: [HLS 214-186] Unrolling loop 'Product2' (firmware/nnet_utils/nnet_dense_latency.h:40:9) in function 'nnet::dense_latency<ap_ufixed<9, 0, (ap_q_mode)4, (ap_o_mode)0, 0>, ap_fixed<31, 13, (ap_q_mode)5, (ap_o_mode)3, 0>, config20>' completely with a factor of 8 (firmware/nnet_utils/nnet_dense_latency.h:15:0)
INFO: [HLS 214-186] Unrolling loop 'VITIS_LOOP_43_1' (firmware/nnet_utils/nnet_activation.h:43:22) in function 'nnet::relu<ap_fixed<24, 9, (ap_q_mode)5, (ap_o_mode)3, 0>, ap_ufixed<9, 0, (ap_q_mode)4, (ap_o_mode)0, 0>, relu_config19>' completely with a factor of 32 (firmware/nnet_utils/nnet_activation.h:39:0)
INFO: [HLS 214-186] Unrolling loop 'VITIS_LOOP_43_1' (firmware/nnet_utils/nnet_activation.h:43:22) in function 'nnet::relu<ap_fixed<24, 9, (ap_q_mode)5, (ap_o_mode)3, 0>, ap_ufixed<9, 0, (ap_q_mode)4, (ap_o_mode)0, 0>, relu_config18>' completely with a factor of 32 (firmware/nnet_utils/nnet_activation.h:39:0)
INFO: [HLS 214-186] Unrolling loop 'Result' (firmware/nnet_utils/nnet_dense_latency.h:64:5) in function 'nnet::dense_latency<ap_ufixed<9, 0, (ap_q_mode)4, (ap_o_mode)0, 0>, ap_fixed<24, 9, (ap_q_mode)5, (ap_o_mode)3, 0>, config16>' completely with a factor of 32 (firmware/nnet_utils/nnet_dense_latency.h:15:0)
INFO: [HLS 214-186] Unrolling loop 'Accum1' (firmware/nnet_utils/nnet_dense_latency.h:54:5) in function 'nnet::dense_latency<ap_ufixed<9, 0, (ap_q_mode)4, (ap_o_mode)0, 0>, ap_fixed<24, 9, (ap_q_mode)5, (ap_o_mode)3, 0>, config16>' completely with a factor of 32 (firmware/nnet_utils/nnet_dense_latency.h:15:0)
INFO: [HLS 214-186] Unrolling loop 'Accum2' (firmware/nnet_utils/nnet_dense_latency.h:56:9) in function 'nnet::dense_latency<ap_ufixed<9, 0, (ap_q_mode)4, (ap_o_mode)0, 0>, ap_fixed<24, 9, (ap_q_mode)5, (ap_o_mode)3, 0>, config16>' completely with a factor of 32 (firmware/nnet_utils/nnet_dense_latency.h:15:0)
INFO: [HLS 214-186] Unrolling loop 'ResetAccum' (firmware/nnet_utils/nnet_dense_latency.h:48:5) in function 'nnet::dense_latency<ap_ufixed<9, 0, (ap_q_mode)4, (ap_o_mode)0, 0>, ap_fixed<24, 9, (ap_q_mode)5, (ap_o_mode)3, 0>, config16>' completely with a factor of 32 (firmware/nnet_utils/nnet_dense_latency.h:15:0)
INFO: [HLS 214-186] Unrolling loop 'Product1' (firmware/nnet_utils/nnet_dense_latency.h:37:5) in function 'nnet::dense_latency<ap_ufixed<9, 0, (ap_q_mode)4, (ap_o_mode)0, 0>, ap_fixed<24, 9, (ap_q_mode)5, (ap_o_mode)3, 0>, config16>' completely with a factor of 32 (firmware/nnet_utils/nnet_dense_latency.h:15:0)
INFO: [HLS 214-186] Unrolling loop 'Product2' (firmware/nnet_utils/nnet_dense_latency.h:40:9) in function 'nnet::dense_latency<ap_ufixed<9, 0, (ap_q_mode)4, (ap_o_mode)0, 0>, ap_fixed<24, 9, (ap_q_mode)5, (ap_o_mode)3, 0>, config16>' completely with a factor of 32 (firmware/nnet_utils/nnet_dense_latency.h:15:0)
INFO: [HLS 214-186] Unrolling loop 'Result' (firmware/nnet_utils/nnet_dense_latency.h:64:5) in function 'nnet::dense_latency<ap_ufixed<9, 0, (ap_q_mode)4, (ap_o_mode)0, 0>, ap_fixed<24, 9, (ap_q_mode)5, (ap_o_mode)3, 0>, config14>' completely with a factor of 32 (firmware/nnet_utils/nnet_dense_latency.h:15:0)
INFO: [HLS 214-186] Unrolling loop 'Accum1' (firmware/nnet_utils/nnet_dense_latency.h:54:5) in function 'nnet::dense_latency<ap_ufixed<9, 0, (ap_q_mode)4, (ap_o_mode)0, 0>, ap_fixed<24, 9, (ap_q_mode)5, (ap_o_mode)3, 0>, config14>' completely with a factor of 32 (firmware/nnet_utils/nnet_dense_latency.h:15:0)
INFO: [HLS 214-186] Unrolling loop 'Accum2' (firmware/nnet_utils/nnet_dense_latency.h:56:9) in function 'nnet::dense_latency<ap_ufixed<9, 0, (ap_q_mode)4, (ap_o_mode)0, 0>, ap_fixed<24, 9, (ap_q_mode)5, (ap_o_mode)3, 0>, config14>' completely with a factor of 32 (firmware/nnet_utils/nnet_dense_latency.h:15:0)
INFO: [HLS 214-186] Unrolling loop 'ResetAccum' (firmware/nnet_utils/nnet_dense_latency.h:48:5) in function 'nnet::dense_latency<ap_ufixed<9, 0, (ap_q_mode)4, (ap_o_mode)0, 0>, ap_fixed<24, 9, (ap_q_mode)5, (ap_o_mode)3, 0>, config14>' completely with a factor of 32 (firmware/nnet_utils/nnet_dense_latency.h:15:0)
INFO: [HLS 214-186] Unrolling loop 'Product1' (firmware/nnet_utils/nnet_dense_latency.h:37:5) in function 'nnet::dense_latency<ap_ufixed<9, 0, (ap_q_mode)4, (ap_o_mode)0, 0>, ap_fixed<24, 9, (ap_q_mode)5, (ap_o_mode)3, 0>, config14>' completely with a factor of 32 (firmware/nnet_utils/nnet_dense_latency.h:15:0)
INFO: [HLS 214-186] Unrolling loop 'Product2' (firmware/nnet_utils/nnet_dense_latency.h:40:9) in function 'nnet::dense_latency<ap_ufixed<9, 0, (ap_q_mode)4, (ap_o_mode)0, 0>, ap_fixed<24, 9, (ap_q_mode)5, (ap_o_mode)3, 0>, config14>' completely with a factor of 32 (firmware/nnet_utils/nnet_dense_latency.h:15:0)
INFO: [HLS 214-186] Unrolling loop 'VITIS_LOOP_43_1' (firmware/nnet_utils/nnet_activation.h:43:22) in function 'nnet::relu<ap_fixed<31, 15, (ap_q_mode)5, (ap_o_mode)3, 0>, ap_ufixed<9, 0, (ap_q_mode)4, (ap_o_mode)0, 0>, relu_config13>' completely with a factor of 32 (firmware/nnet_utils/nnet_activation.h:39:0)
INFO: [HLS 214-186] Unrolling loop 'Result' (firmware/nnet_utils/nnet_dense_latency.h:64:5) in function 'nnet::dense_latency<ap_fixed<16, 6, (ap_q_mode)5, (ap_o_mode)3, 0>, ap_fixed<31, 15, (ap_q_mode)5, (ap_o_mode)3, 0>, config11>' completely with a factor of 32 (firmware/nnet_utils/nnet_dense_latency.h:15:0)
INFO: [HLS 214-186] Unrolling loop 'Accum1' (firmware/nnet_utils/nnet_dense_latency.h:54:5) in function 'nnet::dense_latency<ap_fixed<16, 6, (ap_q_mode)5, (ap_o_mode)3, 0>, ap_fixed<31, 15, (ap_q_mode)5, (ap_o_mode)3, 0>, config11>' completely with a factor of 32 (firmware/nnet_utils/nnet_dense_latency.h:15:0)
INFO: [HLS 214-186] Unrolling loop 'Accum2' (firmware/nnet_utils/nnet_dense_latency.h:56:9) in function 'nnet::dense_latency<ap_fixed<16, 6, (ap_q_mode)5, (ap_o_mode)3, 0>, ap_fixed<31, 15, (ap_q_mode)5, (ap_o_mode)3, 0>, config11>' completely with a factor of 32 (firmware/nnet_utils/nnet_dense_latency.h:15:0)
INFO: [HLS 214-186] Unrolling loop 'ResetAccum' (firmware/nnet_utils/nnet_dense_latency.h:48:5) in function 'nnet::dense_latency<ap_fixed<16, 6, (ap_q_mode)5, (ap_o_mode)3, 0>, ap_fixed<31, 15, (ap_q_mode)5, (ap_o_mode)3, 0>, config11>' completely with a factor of 32 (firmware/nnet_utils/nnet_dense_latency.h:15:0)
INFO: [HLS 214-186] Unrolling loop 'Product1' (firmware/nnet_utils/nnet_dense_latency.h:37:5) in function 'nnet::dense_latency<ap_fixed<16, 6, (ap_q_mode)5, (ap_o_mode)3, 0>, ap_fixed<31, 15, (ap_q_mode)5, (ap_o_mode)3, 0>, config11>' completely with a factor of 32 (firmware/nnet_utils/nnet_dense_latency.h:15:0)
INFO: [HLS 214-186] Unrolling loop 'Product2' (firmware/nnet_utils/nnet_dense_latency.h:40:9) in function 'nnet::dense_latency<ap_fixed<16, 6, (ap_q_mode)5, (ap_o_mode)3, 0>, ap_fixed<31, 15, (ap_q_mode)5, (ap_o_mode)3, 0>, config11>' completely with a factor of 32 (firmware/nnet_utils/nnet_dense_latency.h:15:0)
INFO: [HLS 214-186] Unrolling loop 'VITIS_LOOP_131_1' (firmware/nnet_utils/nnet_pooling.h:131:20) in function 'nnet::global_pooling1d_cl<ap_fixed<18, 9, (ap_q_mode)4, (ap_o_mode)0, 0>, ap_fixed<16, 6, (ap_q_mode)5, (ap_o_mode)3, 0>, config10>' completely with a factor of 32 (firmware/nnet_utils/nnet_pooling.h:120:0)
INFO: [HLS 214-186] Unrolling loop 'VITIS_LOOP_134_2' (firmware/nnet_utils/nnet_pooling.h:134:20) in function 'nnet::global_pooling1d_cl<ap_fixed<18, 9, (ap_q_mode)4, (ap_o_mode)0, 0>, ap_fixed<16, 6, (ap_q_mode)5, (ap_o_mode)3, 0>, config10>' completely with a factor of 16 (firmware/nnet_utils/nnet_pooling.h:120:0)
INFO: [HLS 214-186] Unrolling loop 'VITIS_LOOP_22_1' (firmware/nnet_utils/nnet_pooling.h:22:22) in function 'nnet::avg<ap_fixed<18, 9, (ap_q_mode)4, (ap_o_mode)0, 0>, 16, ap_fixed<16, 6, (ap_q_mode)5, (ap_o_mode)3, 0> >' completely with a factor of 16 (firmware/nnet_utils/nnet_pooling.h:20:0)
INFO: [HLS 214-186] Unrolling loop 'VITIS_LOOP_31_1' (firmware/nnet_utils/nnet_activation.h:31:19) in function 'nnet::linear<ap_ufixed<9, 0, (ap_q_mode)4, (ap_o_mode)0, 0>, ap_fixed<18, 9, (ap_q_mode)4, (ap_o_mode)0, 0>, linear_config9>' completely with a factor of 512 (firmware/nnet_utils/nnet_activation.h:28:0)
INFO: [HLS 214-186] Unrolling loop 'VITIS_LOOP_43_1' (firmware/nnet_utils/nnet_activation.h:43:22) in function 'nnet::relu<ap_fixed<24, 9, (ap_q_mode)5, (ap_o_mode)3, 0>, ap_ufixed<9, 0, (ap_q_mode)4, (ap_o_mode)0, 0>, relu_config8>' completely with a factor of 512 (firmware/nnet_utils/nnet_activation.h:39:0)
INFO: [HLS 214-186] Unrolling loop 'PixelLoop' (firmware/nnet_utils/nnet_conv1d_latency.h:40:9) in function 'nnet::conv_1d_latency_cl<ap_ufixed<9, 0, (ap_q_mode)4, (ap_o_mode)0, 0>, ap_fixed<24, 9, (ap_q_mode)5, (ap_o_mode)3, 0>, config29>' completely with a factor of 1 (firmware/nnet_utils/nnet_conv1d_latency.h:14:0)
INFO: [HLS 214-186] Unrolling loop 'Result' (firmware/nnet_utils/nnet_conv1d_latency.h:79:13) in function 'nnet::conv_1d_latency_cl<ap_ufixed<9, 0, (ap_q_mode)4, (ap_o_mode)0, 0>, ap_fixed<24, 9, (ap_q_mode)5, (ap_o_mode)3, 0>, config29>' completely with a factor of 32 (firmware/nnet_utils/nnet_conv1d_latency.h:14:0)
INFO: [HLS 214-186] Unrolling loop 'Accum1' (firmware/nnet_utils/nnet_conv1d_latency.h:68:13) in function 'nnet::conv_1d_latency_cl<ap_ufixed<9, 0, (ap_q_mode)4, (ap_o_mode)0, 0>, ap_fixed<24, 9, (ap_q_mode)5, (ap_o_mode)3, 0>, config29>' completely with a factor of 32 (firmware/nnet_utils/nnet_conv1d_latency.h:14:0)
INFO: [HLS 214-186] Unrolling loop 'Accum2' (firmware/nnet_utils/nnet_conv1d_latency.h:71:17) in function 'nnet::conv_1d_latency_cl<ap_ufixed<9, 0, (ap_q_mode)4, (ap_o_mode)0, 0>, ap_fixed<24, 9, (ap_q_mode)5, (ap_o_mode)3, 0>, config29>' completely with a factor of 32 (firmware/nnet_utils/nnet_conv1d_latency.h:14:0)
INFO: [HLS 214-186] Unrolling loop 'ResetAccum' (firmware/nnet_utils/nnet_conv1d_latency.h:61:13) in function 'nnet::conv_1d_latency_cl<ap_ufixed<9, 0, (ap_q_mode)4, (ap_o_mode)0, 0>, ap_fixed<24, 9, (ap_q_mode)5, (ap_o_mode)3, 0>, config29>' completely with a factor of 32 (firmware/nnet_utils/nnet_conv1d_latency.h:14:0)
INFO: [HLS 214-186] Unrolling loop 'Product1' (firmware/nnet_utils/nnet_conv1d_latency.h:47:13) in function 'nnet::conv_1d_latency_cl<ap_ufixed<9, 0, (ap_q_mode)4, (ap_o_mode)0, 0>, ap_fixed<24, 9, (ap_q_mode)5, (ap_o_mode)3, 0>, config29>' completely with a factor of 32 (firmware/nnet_utils/nnet_conv1d_latency.h:14:0)
INFO: [HLS 214-186] Unrolling loop 'Product2' (firmware/nnet_utils/nnet_conv1d_latency.h:51:17) in function 'nnet::conv_1d_latency_cl<ap_ufixed<9, 0, (ap_q_mode)4, (ap_o_mode)0, 0>, ap_fixed<24, 9, (ap_q_mode)5, (ap_o_mode)3, 0>, config29>' completely with a factor of 32 (firmware/nnet_utils/nnet_conv1d_latency.h:14:0)
INFO: [HLS 214-186] Unrolling loop 'VITIS_LOOP_43_1' (firmware/nnet_utils/nnet_activation.h:43:22) in function 'nnet::relu<ap_fixed<30, 21, (ap_q_mode)5, (ap_o_mode)3, 0>, ap_ufixed<9, 0, (ap_q_mode)4, (ap_o_mode)0, 0>, relu_config5>' completely with a factor of 512 (firmware/nnet_utils/nnet_activation.h:39:0)
INFO: [HLS 214-186] Unrolling loop 'PixelLoop' (firmware/nnet_utils/nnet_conv1d_latency.h:40:9) in function 'nnet::conv_1d_latency_cl<ap_fixed<15, 12, (ap_q_mode)0, (ap_o_mode)0, 0>, ap_fixed<30, 21, (ap_q_mode)5, (ap_o_mode)3, 0>, config28>' completely with a factor of 1 (firmware/nnet_utils/nnet_conv1d_latency.h:14:0)
INFO: [HLS 214-186] Unrolling loop 'Result' (firmware/nnet_utils/nnet_conv1d_latency.h:79:13) in function 'nnet::conv_1d_latency_cl<ap_fixed<15, 12, (ap_q_mode)0, (ap_o_mode)0, 0>, ap_fixed<30, 21, (ap_q_mode)5, (ap_o_mode)3, 0>, config28>' completely with a factor of 32 (firmware/nnet_utils/nnet_conv1d_latency.h:14:0)
INFO: [HLS 214-186] Unrolling loop 'Accum1' (firmware/nnet_utils/nnet_conv1d_latency.h:68:13) in function 'nnet::conv_1d_latency_cl<ap_fixed<15, 12, (ap_q_mode)0, (ap_o_mode)0, 0>, ap_fixed<30, 21, (ap_q_mode)5, (ap_o_mode)3, 0>, config28>' completely with a factor of 21 (firmware/nnet_utils/nnet_conv1d_latency.h:14:0)
INFO: [HLS 214-186] Unrolling loop 'Accum2' (firmware/nnet_utils/nnet_conv1d_latency.h:71:17) in function 'nnet::conv_1d_latency_cl<ap_fixed<15, 12, (ap_q_mode)0, (ap_o_mode)0, 0>, ap_fixed<30, 21, (ap_q_mode)5, (ap_o_mode)3, 0>, config28>' completely with a factor of 32 (firmware/nnet_utils/nnet_conv1d_latency.h:14:0)
INFO: [HLS 214-186] Unrolling loop 'ResetAccum' (firmware/nnet_utils/nnet_conv1d_latency.h:61:13) in function 'nnet::conv_1d_latency_cl<ap_fixed<15, 12, (ap_q_mode)0, (ap_o_mode)0, 0>, ap_fixed<30, 21, (ap_q_mode)5, (ap_o_mode)3, 0>, config28>' completely with a factor of 32 (firmware/nnet_utils/nnet_conv1d_latency.h:14:0)
INFO: [HLS 214-186] Unrolling loop 'Product1' (firmware/nnet_utils/nnet_conv1d_latency.h:47:13) in function 'nnet::conv_1d_latency_cl<ap_fixed<15, 12, (ap_q_mode)0, (ap_o_mode)0, 0>, ap_fixed<30, 21, (ap_q_mode)5, (ap_o_mode)3, 0>, config28>' completely with a factor of 21 (firmware/nnet_utils/nnet_conv1d_latency.h:14:0)
INFO: [HLS 214-186] Unrolling loop 'Product2' (firmware/nnet_utils/nnet_conv1d_latency.h:51:17) in function 'nnet::conv_1d_latency_cl<ap_fixed<15, 12, (ap_q_mode)0, (ap_o_mode)0, 0>, ap_fixed<30, 21, (ap_q_mode)5, (ap_o_mode)3, 0>, config28>' completely with a factor of 32 (firmware/nnet_utils/nnet_conv1d_latency.h:14:0)
INFO: [HLS 214-186] Unrolling loop 'Result' (firmware/nnet_utils/nnet_batchnorm.h:52:5) in function 'nnet::normalize<ap_fixed<15, 12, (ap_q_mode)0, (ap_o_mode)0, 0>, ap_fixed<15, 12, (ap_q_mode)0, (ap_o_mode)0, 0>, config2>' completely with a factor of 336 (firmware/nnet_utils/nnet_batchnorm.h:33:0)
INFO: [HLS 214-178] Inlining function 'ap_fixed<16, 6, (ap_q_mode)5, (ap_o_mode)3, 0> nnet::avg<ap_fixed<18, 9, (ap_q_mode)4, (ap_o_mode)0, 0>, 16, ap_fixed<16, 6, (ap_q_mode)5, (ap_o_mode)3, 0> >(ap_fixed<18, 9, (ap_q_mode)4, (ap_o_mode)0, 0> (&) [16], unsigned int)' into 'ap_fixed<16, 6, (ap_q_mode)5, (ap_o_mode)3, 0> nnet::pool_op<ap_fixed<18, 9, (ap_q_mode)4, (ap_o_mode)0, 0>, 16, (nnet::Pool_Op)1, ap_fixed<16, 6, (ap_q_mode)5, (ap_o_mode)3, 0> >(ap_fixed<18, 9, (ap_q_mode)4, (ap_o_mode)0, 0> (&) [16], unsigned int)' (firmware/nnet_utils/nnet_pooling.h:31:0)
INFO: [HLS 214-178] Inlining function 'ap_fixed<16, 6, (ap_q_mode)5, (ap_o_mode)3, 0> nnet::pool_op<ap_fixed<18, 9, (ap_q_mode)4, (ap_o_mode)0, 0>, 16, (nnet::Pool_Op)1, ap_fixed<16, 6, (ap_q_mode)5, (ap_o_mode)3, 0> >(ap_fixed<18, 9, (ap_q_mode)4, (ap_o_mode)0, 0> (&) [16], unsigned int)' into 'ap_fixed<16, 6, (ap_q_mode)5, (ap_o_mode)3, 0> nnet::pool_op<ap_fixed<18, 9, (ap_q_mode)4, (ap_o_mode)0, 0>, 16, (nnet::Pool_Op)1, ap_fixed<16, 6, (ap_q_mode)5, (ap_o_mode)3, 0> >(ap_fixed<18, 9, (ap_q_mode)4, (ap_o_mode)0, 0> (&) [16])' (firmware/nnet_utils/nnet_pooling.h:41:0)
INFO: [HLS 214-178] Inlining function 'std::enable_if<!(std::is_same<ap_ufixed<9, 0, (ap_q_mode)4, (ap_o_mode)0, 0>, ap_uint<1> >::value), ap_fixed<31, 13, (ap_q_mode)5, (ap_o_mode)3, 0> >::type nnet::cast<ap_ufixed<9, 0, (ap_q_mode)4, (ap_o_mode)0, 0>, ap_fixed<31, 13, (ap_q_mode)5, (ap_o_mode)3, 0>, config20>(config20::accum_t)' into 'void nnet::dense_latency<ap_ufixed<9, 0, (ap_q_mode)4, (ap_o_mode)0, 0>, ap_fixed<31, 13, (ap_q_mode)5, (ap_o_mode)3, 0>, config20>(ap_ufixed<9, 0, (ap_q_mode)4, (ap_o_mode)0, 0>*, ap_fixed<31, 13, (ap_q_mode)5, (ap_o_mode)3, 0>*, config20::weight_t*, config20::bias_t*)' (firmware/nnet_utils/nnet_dense_latency.h:15:0)
INFO: [HLS 214-178] Inlining function 'std::enable_if<!(std::is_same<ap_ufixed<9, 0, (ap_q_mode)4, (ap_o_mode)0, 0>, ap_uint<1> >::value), ap_fixed<10, 6, (ap_q_mode)0, (ap_o_mode)0, 0> >::type nnet::cast<ap_ufixed<9, 0, (ap_q_mode)4, (ap_o_mode)0, 0>, ap_fixed<10, 6, (ap_q_mode)0, (ap_o_mode)0, 0>, config22>(config22::accum_t)' into 'void nnet::dense_latency<ap_ufixed<9, 0, (ap_q_mode)4, (ap_o_mode)0, 0>, ap_fixed<10, 6, (ap_q_mode)0, (ap_o_mode)0, 0>, config22>(ap_ufixed<9, 0, (ap_q_mode)4, (ap_o_mode)0, 0>*, ap_fixed<10, 6, (ap_q_mode)0, (ap_o_mode)0, 0>*, config22::weight_t*, config22::bias_t*)' (firmware/nnet_utils/nnet_dense_latency.h:15:0)
INFO: [HLS 214-248] Applying array_partition to 'b22': Complete partitioning on dimension 1. (firmware/weights/b22.h:12:0)
INFO: [HLS 214-248] Applying array_partition to 'b20': Complete partitioning on dimension 1. (firmware/weights/b20.h:12:0)
INFO: [HLS 214-248] Applying array_partition to 'b16': Complete partitioning on dimension 1. (firmware/weights/b16.h:12:0)
INFO: [HLS 214-248] Applying array_partition to 'b14': Complete partitioning on dimension 1. (firmware/weights/b14.h:12:0)
INFO: [HLS 214-248] Applying array_partition to 'b11': Complete partitioning on dimension 1. (firmware/weights/b11.h:12:0)
INFO: [HLS 214-248] Applying array_partition to 'b29': Complete partitioning on dimension 1. (firmware/weights/b29.h:12:0)
INFO: [HLS 214-248] Applying array_partition to 'w29': Complete partitioning on dimension 1. (firmware/weights/w29.h:12:0)
INFO: [HLS 214-248] Applying array_partition to 'b28': Complete partitioning on dimension 1. (firmware/weights/b28.h:12:0)
INFO: [HLS 214-248] Applying array_partition to 'w28': Complete partitioning on dimension 1. (firmware/weights/w28.h:12:0)
INFO: [HLS 214-248] Applying array_partition to 'b2': Complete partitioning on dimension 1. (firmware/weights/b2.h:12:0)
INFO: [HLS 214-248] Applying array_partition to 's2': Complete partitioning on dimension 1. (firmware/weights/s2.h:12:0)
INFO: [HLS 214-248] Applying array_partition to 'data_buf': Complete partitioning on dimension 1. Complete partitioning on dimension 2. (firmware/nnet_utils/nnet_conv1d_latency.h:18:12)
INFO: [HLS 214-248] Applying array_partition to 'pool': Complete partitioning on dimension 1.
INFO: [HLS 214-248] Applying array_partition to 'mult': Complete partitioning on dimension 1. (firmware/nnet_utils/nnet_dense_latency.h:17:32)
INFO: [HLS 214-248] Applying array_partition to 'layer2_out': Complete partitioning on dimension 1. (firmware/JetTaggerNN.cpp:47:11)
INFO: [HLS 214-248] Applying array_partition to 'layer28_out': Complete partitioning on dimension 1. (firmware/JetTaggerNN.cpp:51:27)
INFO: [HLS 214-248] Applying array_partition to 'layer5_out': Complete partitioning on dimension 1. (firmware/JetTaggerNN.cpp:55:14)
INFO: [HLS 214-248] Applying array_partition to 'layer29_out': Complete partitioning on dimension 1. (firmware/JetTaggerNN.cpp:59:27)
INFO: [HLS 214-248] Applying array_partition to 'layer8_out': Complete partitioning on dimension 1. (firmware/JetTaggerNN.cpp:63:14)
INFO: [HLS 214-248] Applying array_partition to 'layer9_out': Complete partitioning on dimension 1. (firmware/JetTaggerNN.cpp:67:14)
INFO: [HLS 214-248] Applying array_partition to 'layer10_out': Complete partitioning on dimension 1. (firmware/JetTaggerNN.cpp:71:15)
INFO: [HLS 214-248] Applying array_partition to 'layer11_out': Complete partitioning on dimension 1. (firmware/JetTaggerNN.cpp:75:27)
INFO: [HLS 214-248] Applying array_partition to 'layer13_out': Complete partitioning on dimension 1. (firmware/JetTaggerNN.cpp:79:15)
INFO: [HLS 214-248] Applying array_partition to 'layer14_out': Complete partitioning on dimension 1. (firmware/JetTaggerNN.cpp:83:29)
INFO: [HLS 214-248] Applying array_partition to 'layer16_out': Complete partitioning on dimension 1. (firmware/JetTaggerNN.cpp:87:27)
INFO: [HLS 214-248] Applying array_partition to 'layer18_out': Complete partitioning on dimension 1. (firmware/JetTaggerNN.cpp:91:15)
INFO: [HLS 214-248] Applying array_partition to 'layer19_out': Complete partitioning on dimension 1. (firmware/JetTaggerNN.cpp:95:15)
INFO: [HLS 214-248] Applying array_partition to 'layer20_out': Complete partitioning on dimension 1. (firmware/JetTaggerNN.cpp:99:31)
INFO: [HLS 214-248] Applying array_partition to 'layer22_out': Complete partitioning on dimension 1. (firmware/JetTaggerNN.cpp:103:15)
INFO: [HLS 214-248] Applying array_partition to 'layer23_out': Complete partitioning on dimension 1. (firmware/JetTaggerNN.cpp:10:0)
INFO: [HLS 214-248] Applying array_partition to 'layer24_out': Complete partitioning on dimension 1. (firmware/JetTaggerNN.cpp:10:0)
INFO: [HLS 214-248] Applying array_reshape to 'inputs': Complete reshaping on dimension 1. (firmware/JetTaggerNN.cpp:10:0)
INFO: [HLS 214-364] Automatically inlining function 'ap_fixed<16, 6, (ap_q_mode)5, (ap_o_mode)3, 0> nnet::pool_op<ap_fixed<18, 9, (ap_q_mode)4, (ap_o_mode)0, 0>, 16, (nnet::Pool_Op)1, ap_fixed<16, 6, (ap_q_mode)5, (ap_o_mode)3, 0> >(ap_fixed<18, 9, (ap_q_mode)4, (ap_o_mode)0, 0> (&) [16])' to improve effectiveness of pipeline pragma in function 'void nnet::global_pooling1d_cl<ap_fixed<18, 9, (ap_q_mode)4, (ap_o_mode)0, 0>, ap_fixed<16, 6, (ap_q_mode)5, (ap_o_mode)3, 0>, config10>(ap_fixed<18, 9, (ap_q_mode)4, (ap_o_mode)0, 0>*, ap_fixed<16, 6, (ap_q_mode)5, (ap_o_mode)3, 0>*)' (firmware/nnet_utils/nnet_pooling.h:138:19)
INFO: [HLS 214-364] Automatically inlining function 'std::enable_if<!(std::is_same<ap_fixed<16, 6, (ap_q_mode)5, (ap_o_mode)3, 0>, ap_uint<1> >::value), ap_fixed<31, 15, (ap_q_mode)5, (ap_o_mode)3, 0> >::type nnet::cast<ap_fixed<16, 6, (ap_q_mode)5, (ap_o_mode)3, 0>, ap_fixed<31, 15, (ap_q_mode)5, (ap_o_mode)3, 0>, config11>(config11::accum_t)' to improve effectiveness of pipeline pragma in function 'void nnet::dense_latency<ap_fixed<16, 6, (ap_q_mode)5, (ap_o_mode)3, 0>, ap_fixed<31, 15, (ap_q_mode)5, (ap_o_mode)3, 0>, config11>(ap_fixed<16, 6, (ap_q_mode)5, (ap_o_mode)3, 0>*, ap_fixed<31, 15, (ap_q_mode)5, (ap_o_mode)3, 0>*, config11::weight_t*, config11::bias_t*)' (firmware/nnet_utils/nnet_dense_latency.h:66:21)
INFO: [HLS 214-364] Automatically inlining function 'std::enable_if<!(std::is_same<ap_ufixed<9, 0, (ap_q_mode)4, (ap_o_mode)0, 0>, ap_uint<1> >::value), ap_fixed<24, 9, (ap_q_mode)5, (ap_o_mode)3, 0> >::type nnet::cast<ap_ufixed<9, 0, (ap_q_mode)4, (ap_o_mode)0, 0>, ap_fixed<24, 9, (ap_q_mode)5, (ap_o_mode)3, 0>, config14>(config14::accum_t)' to improve effectiveness of pipeline pragma in function 'void nnet::dense_latency<ap_ufixed<9, 0, (ap_q_mode)4, (ap_o_mode)0, 0>, ap_fixed<24, 9, (ap_q_mode)5, (ap_o_mode)3, 0>, config14>(ap_ufixed<9, 0, (ap_q_mode)4, (ap_o_mode)0, 0>*, ap_fixed<24, 9, (ap_q_mode)5, (ap_o_mode)3, 0>*, config14::weight_t*, config14::bias_t*)' (firmware/nnet_utils/nnet_dense_latency.h:66:21)
INFO: [HLS 214-364] Automatically inlining function 'std::enable_if<!(std::is_same<ap_ufixed<9, 0, (ap_q_mode)4, (ap_o_mode)0, 0>, ap_uint<1> >::value), ap_fixed<24, 9, (ap_q_mode)5, (ap_o_mode)3, 0> >::type nnet::cast<ap_ufixed<9, 0, (ap_q_mode)4, (ap_o_mode)0, 0>, ap_fixed<24, 9, (ap_q_mode)5, (ap_o_mode)3, 0>, config16>(config16::accum_t)' to improve effectiveness of pipeline pragma in function 'void nnet::dense_latency<ap_ufixed<9, 0, (ap_q_mode)4, (ap_o_mode)0, 0>, ap_fixed<24, 9, (ap_q_mode)5, (ap_o_mode)3, 0>, config16>(ap_ufixed<9, 0, (ap_q_mode)4, (ap_o_mode)0, 0>*, ap_fixed<24, 9, (ap_q_mode)5, (ap_o_mode)3, 0>*, config16::weight_t*, config16::bias_t*)' (firmware/nnet_utils/nnet_dense_latency.h:66:21)
INFO: [HLS 214-364] Automatically inlining function 'nnet::fill_buffer_28<ap_fixed<15, 12, (ap_q_mode)0, (ap_o_mode)0, 0>, config28>::fill_buffer(ap_fixed<15, 12, (ap_q_mode)0, (ap_o_mode)0, 0>*, ap_fixed<15, 12, (ap_q_mode)0, (ap_o_mode)0, 0> (*) [21], unsigned int) (.234.235)' to improve effectiveness of pipeline pragma in function 'void nnet::conv_1d_latency_cl<ap_fixed<15, 12, (ap_q_mode)0, (ap_o_mode)0, 0>, ap_fixed<30, 21, (ap_q_mode)5, (ap_o_mode)3, 0>, config28>(ap_fixed<15, 12, (ap_q_mode)0, (ap_o_mode)0, 0>*, ap_fixed<30, 21, (ap_q_mode)5, (ap_o_mode)3, 0>*, config28::weight_t*, config28::bias_t*)' (firmware/nnet_utils/nnet_conv1d_latency.h:37:2)
INFO: [HLS 214-364] Automatically inlining function 'std::enable_if<!(std::is_same<ap_fixed<15, 12, (ap_q_mode)0, (ap_o_mode)0, 0>, ap_uint<1> >::value), ap_fixed<30, 21, (ap_q_mode)5, (ap_o_mode)3, 0> >::type nnet::cast<ap_fixed<15, 12, (ap_q_mode)0, (ap_o_mode)0, 0>, ap_fixed<30, 21, (ap_q_mode)5, (ap_o_mode)3, 0>, config28_mult>(config28_mult::accum_t)' to improve effectiveness of pipeline pragma in function 'void nnet::conv_1d_latency_cl<ap_fixed<15, 12, (ap_q_mode)0, (ap_o_mode)0, 0>, ap_fixed<30, 21, (ap_q_mode)5, (ap_o_mode)3, 0>, config28>(ap_fixed<15, 12, (ap_q_mode)0, (ap_o_mode)0, 0>*, ap_fixed<30, 21, (ap_q_mode)5, (ap_o_mode)3, 0>*, config28::weight_t*, config28::bias_t*)' (firmware/nnet_utils/nnet_conv1d_latency.h:82:21)
INFO: [HLS 214-364] Automatically inlining function 'nnet::fill_buffer_29<ap_ufixed<9, 0, (ap_q_mode)4, (ap_o_mode)0, 0>, config29>::fill_buffer(ap_ufixed<9, 0, (ap_q_mode)4, (ap_o_mode)0, 0>*, ap_ufixed<9, 0, (ap_q_mode)4, (ap_o_mode)0, 0> (*) [32], unsigned int) (.242.243)' to improve effectiveness of pipeline pragma in function 'void nnet::conv_1d_latency_cl<ap_ufixed<9, 0, (ap_q_mode)4, (ap_o_mode)0, 0>, ap_fixed<24, 9, (ap_q_mode)5, (ap_o_mode)3, 0>, config29>(ap_ufixed<9, 0, (ap_q_mode)4, (ap_o_mode)0, 0>*, ap_fixed<24, 9, (ap_q_mode)5, (ap_o_mode)3, 0>*, config29::weight_t*, config29::bias_t*)' (firmware/nnet_utils/nnet_conv1d_latency.h:37:2)
INFO: [HLS 214-364] Automatically inlining function 'std::enable_if<!(std::is_same<ap_ufixed<9, 0, (ap_q_mode)4, (ap_o_mode)0, 0>, ap_uint<1> >::value), ap_fixed<24, 9, (ap_q_mode)5, (ap_o_mode)3, 0> >::type nnet::cast<ap_ufixed<9, 0, (ap_q_mode)4, (ap_o_mode)0, 0>, ap_fixed<24, 9, (ap_q_mode)5, (ap_o_mode)3, 0>, config29_mult>(config29_mult::accum_t)' to improve effectiveness of pipeline pragma in function 'void nnet::conv_1d_latency_cl<ap_ufixed<9, 0, (ap_q_mode)4, (ap_o_mode)0, 0>, ap_fixed<24, 9, (ap_q_mode)5, (ap_o_mode)3, 0>, config29>(ap_ufixed<9, 0, (ap_q_mode)4, (ap_o_mode)0, 0>*, ap_fixed<24, 9, (ap_q_mode)5, (ap_o_mode)3, 0>*, config29::weight_t*, config29::bias_t*)' (firmware/nnet_utils/nnet_conv1d_latency.h:82:21)
INFO: [HLS 200-111] Finished Compiling Optimization and Transform: CPU user time: 232.83 seconds. CPU system time: 1.65 seconds. Elapsed time: 238.78 seconds; current allocated memory: 275.809 MB.
INFO: [HLS 200-111] Finished Checking Pragmas: CPU user time: 0 seconds. CPU system time: 0 seconds. Elapsed time: 0.01 seconds; current allocated memory: 275.809 MB.
INFO: [HLS 200-10] Starting code transformations ...
INFO: [HLS 200-111] Finished Standard Transforms: CPU user time: 52.95 seconds. CPU system time: 0.16 seconds. Elapsed time: 53.43 seconds; current allocated memory: 363.836 MB.
INFO: [HLS 200-10] Checking synthesizability ...
INFO: [HLS 200-111] Finished Checking Synthesizability: CPU user time: 14.36 seconds. CPU system time: 0.07 seconds. Elapsed time: 14.5 seconds; current allocated memory: 401.320 MB.
INFO: [XFORM 203-712] Applying dataflow to function 'JetTaggerNN' (firmware/JetTaggerNN.cpp:47), detected/extracted 17 process function(s): 
	 'nnet::normalize<ap_fixed<15, 12, (ap_q_mode)0, (ap_o_mode)0, 0>, ap_fixed<15, 12, (ap_q_mode)0, (ap_o_mode)0, 0>, config2>'
	 'nnet::pointwise_conv_1d_cl<ap_fixed<15, 12, (ap_q_mode)0, (ap_o_mode)0, 0>, ap_fixed<30, 21, (ap_q_mode)5, (ap_o_mode)3, 0>, config28>'
	 'nnet::relu<ap_fixed<30, 21, (ap_q_mode)5, (ap_o_mode)3, 0>, ap_ufixed<9, 0, (ap_q_mode)4, (ap_o_mode)0, 0>, relu_config5>'
	 'nnet::pointwise_conv_1d_cl<ap_ufixed<9, 0, (ap_q_mode)4, (ap_o_mode)0, 0>, ap_fixed<24, 9, (ap_q_mode)5, (ap_o_mode)3, 0>, config29>'
	 'nnet::relu<ap_fixed<24, 9, (ap_q_mode)5, (ap_o_mode)3, 0>, ap_ufixed<9, 0, (ap_q_mode)4, (ap_o_mode)0, 0>, relu_config8>'
	 'nnet::linear<ap_ufixed<9, 0, (ap_q_mode)4, (ap_o_mode)0, 0>, ap_fixed<18, 9, (ap_q_mode)4, (ap_o_mode)0, 0>, linear_config9>'
	 'nnet::global_pooling1d_cl<ap_fixed<18, 9, (ap_q_mode)4, (ap_o_mode)0, 0>, ap_fixed<16, 6, (ap_q_mode)5, (ap_o_mode)3, 0>, config10>'
	 'nnet::dense_latency<ap_fixed<16, 6, (ap_q_mode)5, (ap_o_mode)3, 0>, ap_fixed<31, 15, (ap_q_mode)5, (ap_o_mode)3, 0>, config11>'
	 'nnet::relu<ap_fixed<31, 15, (ap_q_mode)5, (ap_o_mode)3, 0>, ap_ufixed<9, 0, (ap_q_mode)4, (ap_o_mode)0, 0>, relu_config13>'
	 'nnet::dense_latency<ap_ufixed<9, 0, (ap_q_mode)4, (ap_o_mode)0, 0>, ap_fixed<24, 9, (ap_q_mode)5, (ap_o_mode)3, 0>, config14>'
	 'nnet::dense_latency<ap_ufixed<9, 0, (ap_q_mode)4, (ap_o_mode)0, 0>, ap_fixed<24, 9, (ap_q_mode)5, (ap_o_mode)3, 0>, config16>'
	 'nnet::relu<ap_fixed<24, 9, (ap_q_mode)5, (ap_o_mode)3, 0>, ap_ufixed<9, 0, (ap_q_mode)4, (ap_o_mode)0, 0>, relu_config18>'
	 'nnet::relu<ap_fixed<24, 9, (ap_q_mode)5, (ap_o_mode)3, 0>, ap_ufixed<9, 0, (ap_q_mode)4, (ap_o_mode)0, 0>, relu_config19>'
	 'nnet::dense_latency<ap_ufixed<9, 0, (ap_q_mode)4, (ap_o_mode)0, 0>, ap_fixed<31, 13, (ap_q_mode)5, (ap_o_mode)3, 0>, config20>'
	 'nnet::dense_latency<ap_ufixed<9, 0, (ap_q_mode)4, (ap_o_mode)0, 0>, ap_fixed<10, 6, (ap_q_mode)0, (ap_o_mode)0, 0>, config22>'
	 'nnet::linear<ap_fixed<10, 6, (ap_q_mode)0, (ap_o_mode)0, 0>, ap_fixed<16, 6, (ap_q_mode)5, (ap_o_mode)3, 0>, linear_config23>'
	 'nnet::softmax_legacy<ap_fixed<31, 13, (ap_q_mode)5, (ap_o_mode)3, 0>, ap_ufixed<8, 0, (ap_q_mode)0, (ap_o_mode)0, 0>, softmax_config24>'.
INFO: [XFORM 203-401] Performing if-conversion on hyperblock from (firmware/nnet_utils/nnet_activation.h:315:9) to (firmware/nnet_utils/nnet_activation.h:355:1) in function 'nnet::softmax_legacy<ap_fixed<31, 13, (ap_q_mode)5, (ap_o_mode)3, 0>, ap_ufixed<8, 0, (ap_q_mode)0, (ap_o_mode)0, 0>, softmax_config24>'... converting 145 basic blocks.
INFO: [XFORM 203-401] Performing if-conversion on hyperblock from (firmware/nnet_utils/nnet_activation.h:40:9) to (firmware/nnet_utils/nnet_activation.h:50:1) in function 'nnet::relu<ap_fixed<31, 15, (ap_q_mode)5, (ap_o_mode)3, 0>, ap_ufixed<9, 0, (ap_q_mode)4, (ap_o_mode)0, 0>, relu_config13>'... converting 85 basic blocks.
INFO: [XFORM 203-401] Performing if-conversion on hyperblock from (firmware/nnet_utils/nnet_activation.h:40:9) to (firmware/nnet_utils/nnet_activation.h:50:1) in function 'nnet::relu<ap_fixed<30, 21, (ap_q_mode)5, (ap_o_mode)3, 0>, ap_ufixed<9, 0, (ap_q_mode)4, (ap_o_mode)0, 0>, relu_config5>'... converting 1025 basic blocks.
INFO: [XFORM 203-401] Performing if-conversion on hyperblock from (firmware/nnet_utils/nnet_activation.h:40:9) to (firmware/nnet_utils/nnet_activation.h:50:1) in function 'nnet::relu<ap_fixed<24, 9, (ap_q_mode)5, (ap_o_mode)3, 0>, ap_ufixed<9, 0, (ap_q_mode)4, (ap_o_mode)0, 0>, relu_config8>'... converting 2689 basic blocks.
INFO: [XFORM 203-401] Performing if-conversion on hyperblock from (firmware/nnet_utils/nnet_activation.h:40:9) to (firmware/nnet_utils/nnet_activation.h:50:1) in function 'nnet::relu<ap_fixed<24, 9, (ap_q_mode)5, (ap_o_mode)3, 0>, ap_ufixed<9, 0, (ap_q_mode)4, (ap_o_mode)0, 0>, relu_config19>'... converting 117 basic blocks.
INFO: [XFORM 203-401] Performing if-conversion on hyperblock from (firmware/nnet_utils/nnet_activation.h:40:9) to (firmware/nnet_utils/nnet_activation.h:50:1) in function 'nnet::relu<ap_fixed<24, 9, (ap_q_mode)5, (ap_o_mode)3, 0>, ap_ufixed<9, 0, (ap_q_mode)4, (ap_o_mode)0, 0>, relu_config18>'... converting 145 basic blocks.
INFO: [XFORM 203-401] Performing if-conversion on hyperblock from (firmware/nnet_utils/nnet_batchnorm.h:48:9) to (firmware/nnet_utils/nnet_batchnorm.h:63:1) in function 'nnet::normalize<ap_fixed<15, 12, (ap_q_mode)0, (ap_o_mode)0, 0>, ap_fixed<15, 12, (ap_q_mode)0, (ap_o_mode)0, 0>, config2>'... converting 513 basic blocks.
INFO: [XFORM 203-11] Balancing expressions in function 'nnet::softmax_legacy<ap_fixed<31, 13, (ap_q_mode)5, (ap_o_mode)3, 0>, ap_ufixed<8, 0, (ap_q_mode)0, (ap_o_mode)0, 0>, softmax_config24>' (firmware/nnet_utils/nnet_activation.h:315:25)...104 expression(s) balanced.
INFO: [XFORM 203-11] Balancing expressions in function 'nnet::global_pooling1d_cl<ap_fixed<18, 9, (ap_q_mode)4, (ap_o_mode)0, 0>, ap_fixed<16, 6, (ap_q_mode)5, (ap_o_mode)3, 0>, config10>' (firmware/nnet_utils/nnet_pooling.h:23:1)...312 expression(s) balanced.
INFO: [XFORM 203-11] Balancing expressions in function 'nnet::dense_latency<ap_ufixed<9, 0, (ap_q_mode)4, (ap_o_mode)0, 0>, ap_fixed<31, 13, (ap_q_mode)5, (ap_o_mode)3, 0>, config20>' (firmware/nnet_utils/nnet_dense_latency.h:17:27)...246 expression(s) balanced.
INFO: [XFORM 203-11] Balancing expressions in function 'nnet::dense_latency<ap_ufixed<9, 0, (ap_q_mode)4, (ap_o_mode)0, 0>, ap_fixed<24, 9, (ap_q_mode)5, (ap_o_mode)3, 0>, config16>' (firmware/nnet_utils/nnet_dense_latency.h:17:27)...137 expression(s) balanced.
INFO: [XFORM 203-11] Balancing expressions in function 'nnet::dense_latency<ap_ufixed<9, 0, (ap_q_mode)4, (ap_o_mode)0, 0>, ap_fixed<24, 9, (ap_q_mode)5, (ap_o_mode)3, 0>, config14>' (firmware/nnet_utils/nnet_dense_latency.h:17:27)...227 expression(s) balanced.
INFO: [XFORM 203-11] Balancing expressions in function 'nnet::dense_latency<ap_ufixed<9, 0, (ap_q_mode)4, (ap_o_mode)0, 0>, ap_fixed<10, 6, (ap_q_mode)0, (ap_o_mode)0, 0>, config22>' (firmware/nnet_utils/nnet_dense_latency.h:33:1)...61 expression(s) balanced.
INFO: [XFORM 203-11] Balancing expressions in function 'nnet::dense_latency<ap_fixed<16, 6, (ap_q_mode)5, (ap_o_mode)3, 0>, ap_fixed<31, 15, (ap_q_mode)5, (ap_o_mode)3, 0>, config11>' (firmware/nnet_utils/nnet_dense_latency.h:17:27)...348 expression(s) balanced.
INFO: [XFORM 203-11] Balancing expressions in function 'nnet::conv_1d_latency_cl<ap_ufixed<9, 0, (ap_q_mode)4, (ap_o_mode)0, 0>, ap_fixed<24, 9, (ap_q_mode)5, (ap_o_mode)3, 0>, config29>' (firmware/nnet_utils/nnet_conv1d_latency.h:18:5)...430 expression(s) balanced.
INFO: [XFORM 203-11] Balancing expressions in function 'nnet::conv_1d_latency_cl<ap_fixed<15, 12, (ap_q_mode)0, (ap_o_mode)0, 0>, ap_fixed<30, 21, (ap_q_mode)5, (ap_o_mode)3, 0>, config28>' (firmware/nnet_utils/nnet_conv1d_latency.h:18:5)...290 expression(s) balanced.
INFO: [HLS 200-111] Finished Loop, function and other optimizations: CPU user time: 179.34 seconds. CPU system time: 0.25 seconds. Elapsed time: 180.21 seconds; current allocated memory: 558.441 MB.
WARNING: [HLS 200-1992] Performance of loop 'PartitionLoop'(firmware/nnet_utils/nnet_conv1d_latency.h:34:5) in function 'conv_1d_latency_cl<ap_ufixed<9, 0, 4, 0, 0>, ap_fixed<24, 9, 5, 3, 0>, config29>' can be improved with loop rewind inference if the loop is called from a region that can be executed in overlapped fashion such as a dataflow region or the top function.
WARNING: [HLS 200-1992] Performance of loop 'PartitionLoop'(firmware/nnet_utils/nnet_conv1d_latency.h:34:5) in function 'conv_1d_latency_cl<ap_fixed,ap_fixed<30,21,5,3,0>,config28>' can be improved with loop rewind inference if the loop is called from a region that can be executed in overlapped fashion such as a dataflow region or the top function.
INFO: [XFORM 203-531] Rewinding loop 'PartitionLoop' (firmware/nnet_utils/nnet_conv1d_latency.h:34) in function 'conv_1d_latency_cl<ap_fixed,ap_fixed<30,21,5,3,0>,config28>'.
INFO: [XFORM 203-531] Rewinding loop 'PartitionLoop' (firmware/nnet_utils/nnet_conv1d_latency.h:34) in function 'conv_1d_latency_cl<ap_ufixed<9, 0, 4, 0, 0>, ap_fixed<24, 9, 5, 3, 0>, config29>'.
INFO: [HLS 200-111] Finished Architecture Synthesis: CPU user time: 57.69 seconds. CPU system time: 0.56 seconds. Elapsed time: 58.5 seconds; current allocated memory: 1.226 GB.
INFO: [HLS 200-10] Starting hardware synthesis ...
INFO: [HLS 200-10] Synthesizing 'JetTaggerNN' ...
WARNING: [SYN 201-103] Legalizing function name 'normalize<ap_fixed<15, 12, 0, 0, 0>, ap_fixed<15, 12, 0, 0, 0>, config2>' to 'normalize_ap_fixed_15_12_0_0_0_ap_fixed_15_12_0_0_0_config2_s'.
WARNING: [SYN 201-103] Legalizing function name 'conv_1d_latency_cl<ap_fixed,ap_fixed<30,21,5,3,0>,config28>' to 'conv_1d_latency_cl_ap_fixed_ap_fixed_30_21_5_3_0_config28_s'.
WARNING: [SYN 201-103] Legalizing function name 'pointwise_conv_1d_cl<ap_fixed,ap_fixed<30,21,5,3,0>,config28>' to 'pointwise_conv_1d_cl_ap_fixed_ap_fixed_30_21_5_3_0_config28_s'.
WARNING: [SYN 201-103] Legalizing function name 'relu<ap_fixed<30, 21, 5, 3, 0>, ap_ufixed<9, 0, 4, 0, 0>, relu_config5>' to 'relu_ap_fixed_30_21_5_3_0_ap_ufixed_9_0_4_0_0_relu_config5_s'.
WARNING: [SYN 201-103] Legalizing function name 'conv_1d_latency_cl<ap_ufixed<9, 0, 4, 0, 0>, ap_fixed<24, 9, 5, 3, 0>, config29>' to 'conv_1d_latency_cl_ap_ufixed_9_0_4_0_0_ap_fixed_24_9_5_3_0_config29_s'.
WARNING: [SYN 201-103] Legalizing function name 'pointwise_conv_1d_cl<ap_ufixed,ap_fixed<24,9,5,3,0>,config29>' to 'pointwise_conv_1d_cl_ap_ufixed_ap_fixed_24_9_5_3_0_config29_s'.
WARNING: [SYN 201-103] Legalizing function name 'relu<ap_fixed<24, 9, 5, 3, 0>, ap_ufixed<9, 0, 4, 0, 0>, relu_config8>' to 'relu_ap_fixed_24_9_5_3_0_ap_ufixed_9_0_4_0_0_relu_config8_s'.
WARNING: [SYN 201-103] Legalizing function name 'linear<ap_ufixed<9, 0, 4, 0, 0>, ap_fixed<18, 9, 4, 0, 0>, linear_config9>' to 'linear_ap_ufixed_9_0_4_0_0_ap_fixed_18_9_4_0_0_linear_config9_s'.
WARNING: [SYN 201-103] Legalizing function name 'global_pooling1d_cl<ap_fixed,ap_fixed<16,6,5,3,0>,config10>' to 'global_pooling1d_cl_ap_fixed_ap_fixed_16_6_5_3_0_config10_s'.
WARNING: [SYN 201-103] Legalizing function name 'dense_latency<ap_fixed<16, 6, 5, 3, 0>, ap_fixed<31, 15, 5, 3, 0>, config11>' to 'dense_latency_ap_fixed_16_6_5_3_0_ap_fixed_31_15_5_3_0_config11_s'.
WARNING: [SYN 201-103] Legalizing function name 'relu<ap_fixed<31, 15, 5, 3, 0>, ap_ufixed<9, 0, 4, 0, 0>, relu_config13>' to 'relu_ap_fixed_31_15_5_3_0_ap_ufixed_9_0_4_0_0_relu_config13_s'.
WARNING: [SYN 201-103] Legalizing function name 'dense_latency<ap_ufixed<9, 0, 4, 0, 0>, ap_fixed<24, 9, 5, 3, 0>, config14>' to 'dense_latency_ap_ufixed_9_0_4_0_0_ap_fixed_24_9_5_3_0_config14_s'.
WARNING: [SYN 201-103] Legalizing function name 'dense_latency<ap_ufixed<9, 0, 4, 0, 0>, ap_fixed<24, 9, 5, 3, 0>, config16>' to 'dense_latency_ap_ufixed_9_0_4_0_0_ap_fixed_24_9_5_3_0_config16_s'.
WARNING: [SYN 201-103] Legalizing function name 'relu<ap_fixed<24, 9, 5, 3, 0>, ap_ufixed<9, 0, 4, 0, 0>, relu_config18>' to 'relu_ap_fixed_24_9_5_3_0_ap_ufixed_9_0_4_0_0_relu_config18_s'.
WARNING: [SYN 201-103] Legalizing function name 'relu<ap_fixed<24, 9, 5, 3, 0>, ap_ufixed<9, 0, 4, 0, 0>, relu_config19>' to 'relu_ap_fixed_24_9_5_3_0_ap_ufixed_9_0_4_0_0_relu_config19_s'.
WARNING: [SYN 201-103] Legalizing function name 'dense_latency<ap_ufixed<9, 0, 4, 0, 0>, ap_fixed<31, 13, 5, 3, 0>, config20>' to 'dense_latency_ap_ufixed_9_0_4_0_0_ap_fixed_31_13_5_3_0_config20_s'.
WARNING: [SYN 201-103] Legalizing function name 'dense_latency<ap_ufixed<9, 0, 4, 0, 0>, ap_fixed<10, 6, 0, 0, 0>, config22>' to 'dense_latency_ap_ufixed_9_0_4_0_0_ap_fixed_10_6_0_0_0_config22_s'.
WARNING: [SYN 201-103] Legalizing function name 'linear<ap_fixed<10, 6, 0, 0, 0>, ap_fixed<16, 6, 5, 3, 0>, linear_config23>' to 'linear_ap_fixed_10_6_0_0_0_ap_fixed_16_6_5_3_0_linear_config23_s'.
WARNING: [SYN 201-103] Legalizing function name 'softmax_legacy<ap_fixed,ap_ufixed<8,0,0,0,0>,softmax_config24>' to 'softmax_legacy_ap_fixed_ap_ufixed_8_0_0_0_0_softmax_config24_s'.
INFO: [HLS 200-10] ----------------------------------------------------------------
INFO: [HLS 200-42] -- Implementing module 'normalize_ap_fixed_15_12_0_0_0_ap_fixed_15_12_0_0_0_config2_s' 
INFO: [HLS 200-10] ----------------------------------------------------------------
INFO: [SCHED 204-11] Starting scheduling ...
INFO: [SCHED 204-61] Pipelining function 'normalize<ap_fixed<15, 12, 0, 0, 0>, ap_fixed<15, 12, 0, 0, 0>, config2>'.
INFO: [HLS 200-1470] Pipelining result : Target II = 1, Final II = 1, Depth = 3, function 'normalize<ap_fixed<15, 12, 0, 0, 0>, ap_fixed<15, 12, 0, 0, 0>, config2>'
INFO: [SCHED 204-11] Finished scheduling.
INFO: [HLS 200-111] Finished Scheduling: CPU user time: 11.43 seconds. CPU system time: 0.27 seconds. Elapsed time: 11.8 seconds; current allocated memory: 1.356 GB.
INFO: [BIND 205-100] Starting micro-architecture generation ...
INFO: [BIND 205-101] Performing variable lifetime analysis.
INFO: [BIND 205-101] Exploring resource sharing.
INFO: [BIND 205-101] Binding ...
INFO: [BIND 205-100] Starting global binding ...
INFO: [BIND 205-100] Finished micro-architecture generation.
INFO: [HLS 200-111] Finished Binding: CPU user time: 9.81 seconds. CPU system time: 0.07 seconds. Elapsed time: 9.93 seconds; current allocated memory: 1.356 GB.
INFO: [HLS 200-10] ----------------------------------------------------------------
INFO: [HLS 200-42] -- Implementing module 'conv_1d_latency_cl_ap_fixed_ap_fixed_30_21_5_3_0_config28_s' 
INFO: [HLS 200-10] ----------------------------------------------------------------
INFO: [SCHED 204-11] Starting scheduling ...
INFO: [SCHED 204-61] Pipelining loop 'PartitionLoop'.
INFO: [HLS 200-1470] Pipelining result : Target II = 1, Final II = 1, Depth = 5, loop 'PartitionLoop'
INFO: [SCHED 204-11] Finished scheduling.
INFO: [HLS 200-111] Finished Scheduling: CPU user time: 17.34 seconds. CPU system time: 0.19 seconds. Elapsed time: 17.61 seconds; current allocated memory: 1.475 GB.
INFO: [BIND 205-100] Starting micro-architecture generation ...
INFO: [BIND 205-101] Performing variable lifetime analysis.
INFO: [BIND 205-101] Exploring resource sharing.
INFO: [BIND 205-101] Binding ...
INFO: [BIND 205-100] Starting global binding ...
INFO: [BIND 205-100] Finished micro-architecture generation.
INFO: [HLS 200-111] Finished Binding: CPU user time: 1.21 seconds. CPU system time: 0.02 seconds. Elapsed time: 1.24 seconds; current allocated memory: 1.475 GB.
INFO: [HLS 200-10] ----------------------------------------------------------------
INFO: [HLS 200-42] -- Implementing module 'pointwise_conv_1d_cl_ap_fixed_ap_fixed_30_21_5_3_0_config28_s' 
INFO: [HLS 200-10] ----------------------------------------------------------------
INFO: [SCHED 204-11] Starting scheduling ...
INFO: [SCHED 204-11] Finished scheduling.
INFO: [HLS 200-111] Finished Scheduling: CPU user time: 2.46 seconds. CPU system time: 0.02 seconds. Elapsed time: 2.49 seconds; current allocated memory: 1.475 GB.
INFO: [BIND 205-100] Starting micro-architecture generation ...
INFO: [BIND 205-101] Performing variable lifetime analysis.
INFO: [BIND 205-101] Exploring resource sharing.
INFO: [BIND 205-101] Binding ...
INFO: [BIND 205-100] Finished micro-architecture generation.
INFO: [HLS 200-111] Finished Binding: CPU user time: 0.93 seconds. CPU system time: 0.01 seconds. Elapsed time: 0.95 seconds; current allocated memory: 1.475 GB.
INFO: [HLS 200-10] ----------------------------------------------------------------
INFO: [HLS 200-42] -- Implementing module 'relu_ap_fixed_30_21_5_3_0_ap_ufixed_9_0_4_0_0_relu_config5_s' 
INFO: [HLS 200-10] ----------------------------------------------------------------
INFO: [SCHED 204-11] Starting scheduling ...
INFO: [SCHED 204-61] Pipelining function 'relu<ap_fixed<30, 21, 5, 3, 0>, ap_ufixed<9, 0, 4, 0, 0>, relu_config5>'.
INFO: [HLS 200-1470] Pipelining result : Target II = NA, Final II = 1, Depth = 2, function 'relu<ap_fixed<30, 21, 5, 3, 0>, ap_ufixed<9, 0, 4, 0, 0>, relu_config5>'
INFO: [SCHED 204-11] Finished scheduling.
INFO: [HLS 200-111] Finished Scheduling: CPU user time: 14.37 seconds. CPU system time: 0.06 seconds. Elapsed time: 14.47 seconds; current allocated memory: 1.487 GB.
INFO: [BIND 205-100] Starting micro-architecture generation ...
INFO: [BIND 205-101] Performing variable lifetime analysis.
INFO: [BIND 205-101] Exploring resource sharing.
INFO: [BIND 205-101] Binding ...
INFO: [BIND 205-100] Finished micro-architecture generation.
INFO: [HLS 200-111] Finished Binding: CPU user time: 5.15 seconds. CPU system time: 0.05 seconds. Elapsed time: 5.23 seconds; current allocated memory: 1.487 GB.
INFO: [HLS 200-10] ----------------------------------------------------------------
INFO: [HLS 200-42] -- Implementing module 'conv_1d_latency_cl_ap_ufixed_9_0_4_0_0_ap_fixed_24_9_5_3_0_config29_s' 
INFO: [HLS 200-10] ----------------------------------------------------------------
INFO: [SCHED 204-11] Starting scheduling ...
INFO: [SCHED 204-61] Pipelining loop 'PartitionLoop'.
INFO: [HLS 200-1470] Pipelining result : Target II = 1, Final II = 1, Depth = 6, loop 'PartitionLoop'
INFO: [SCHED 204-11] Finished scheduling.
INFO: [HLS 200-111] Finished Scheduling: CPU user time: 33.14 seconds. CPU system time: 0.3 seconds. Elapsed time: 33.61 seconds; current allocated memory: 1.691 GB.
INFO: [BIND 205-100] Starting micro-architecture generation ...
INFO: [BIND 205-101] Performing variable lifetime analysis.
INFO: [BIND 205-101] Exploring resource sharing.
INFO: [BIND 205-101] Binding ...
INFO: [BIND 205-100] Starting global binding ...
INFO: [BIND 205-100] Finished micro-architecture generation.
INFO: [HLS 200-111] Finished Binding: CPU user time: 4.02 seconds. CPU system time: 0.07 seconds. Elapsed time: 4.1 seconds; current allocated memory: 1.691 GB.
INFO: [HLS 200-10] ----------------------------------------------------------------
INFO: [HLS 200-42] -- Implementing module 'pointwise_conv_1d_cl_ap_ufixed_ap_fixed_24_9_5_3_0_config29_s' 
INFO: [HLS 200-10] ----------------------------------------------------------------
INFO: [SCHED 204-11] Starting scheduling ...
INFO: [SCHED 204-11] Finished scheduling.
INFO: [HLS 200-111] Finished Scheduling: CPU user time: 3.42 seconds. CPU system time: 0.06 seconds. Elapsed time: 3.5 seconds; current allocated memory: 1.691 GB.
INFO: [BIND 205-100] Starting micro-architecture generation ...
INFO: [BIND 205-101] Performing variable lifetime analysis.
INFO: [BIND 205-101] Exploring resource sharing.
INFO: [BIND 205-101] Binding ...
INFO: [BIND 205-100] Finished micro-architecture generation.
INFO: [HLS 200-111] Finished Binding: CPU user time: 0.94 seconds. CPU system time: 0.02 seconds. Elapsed time: 0.97 seconds; current allocated memory: 1.691 GB.
INFO: [HLS 200-10] ----------------------------------------------------------------
INFO: [HLS 200-42] -- Implementing module 'relu_ap_fixed_24_9_5_3_0_ap_ufixed_9_0_4_0_0_relu_config8_s' 
INFO: [HLS 200-10] ----------------------------------------------------------------
INFO: [SCHED 204-11] Starting scheduling ...
INFO: [SCHED 204-61] Pipelining function 'relu<ap_fixed<24, 9, 5, 3, 0>, ap_ufixed<9, 0, 4, 0, 0>, relu_config8>'.
INFO: [HLS 200-1470] Pipelining result : Target II = NA, Final II = 1, Depth = 2, function 'relu<ap_fixed<24, 9, 5, 3, 0>, ap_ufixed<9, 0, 4, 0, 0>, relu_config8>'
INFO: [SCHED 204-11] Finished scheduling.
INFO: [HLS 200-111] Finished Scheduling: CPU user time: 38.83 seconds. CPU system time: 0.11 seconds. Elapsed time: 39.09 seconds; current allocated memory: 1.707 GB.
INFO: [BIND 205-100] Starting micro-architecture generation ...
INFO: [BIND 205-101] Performing variable lifetime analysis.
INFO: [BIND 205-101] Exploring resource sharing.
INFO: [BIND 205-101] Binding ...
INFO: [BIND 205-100] Finished micro-architecture generation.
INFO: [HLS 200-111] Finished Binding: CPU user time: 19.35 seconds. CPU system time: 0.14 seconds. Elapsed time: 19.58 seconds; current allocated memory: 1.707 GB.
INFO: [HLS 200-10] ----------------------------------------------------------------
INFO: [HLS 200-42] -- Implementing module 'linear_ap_ufixed_9_0_4_0_0_ap_fixed_18_9_4_0_0_linear_config9_s' 
INFO: [HLS 200-10] ----------------------------------------------------------------
INFO: [SCHED 204-11] Starting scheduling ...
INFO: [SCHED 204-61] Pipelining function 'linear<ap_ufixed<9, 0, 4, 0, 0>, ap_fixed<18, 9, 4, 0, 0>, linear_config9>'.
INFO: [HLS 200-1470] Pipelining result : Target II = NA, Final II = 1, Depth = 1, function 'linear<ap_ufixed<9, 0, 4, 0, 0>, ap_fixed<18, 9, 4, 0, 0>, linear_config9>'
INFO: [SCHED 204-11] Finished scheduling.
INFO: [HLS 200-111] Finished Scheduling: CPU user time: 12.08 seconds. CPU system time: 0.16 seconds. Elapsed time: 12.29 seconds; current allocated memory: 1.707 GB.
INFO: [BIND 205-100] Starting micro-architecture generation ...
INFO: [BIND 205-101] Performing variable lifetime analysis.
INFO: [BIND 205-101] Exploring resource sharing.
INFO: [BIND 205-101] Binding ...
INFO: [BIND 205-100] Finished micro-architecture generation.
INFO: [HLS 200-111] Finished Binding: CPU user time: 0.35 seconds. CPU system time: 0.01 seconds. Elapsed time: 0.36 seconds; current allocated memory: 1.707 GB.
INFO: [HLS 200-10] ----------------------------------------------------------------
INFO: [HLS 200-42] -- Implementing module 'global_pooling1d_cl_ap_fixed_ap_fixed_16_6_5_3_0_config10_s' 
INFO: [HLS 200-10] ----------------------------------------------------------------
INFO: [SCHED 204-11] Starting scheduling ...
INFO: [SCHED 204-61] Pipelining function 'global_pooling1d_cl<ap_fixed,ap_fixed<16,6,5,3,0>,config10>'.
INFO: [HLS 200-1470] Pipelining result : Target II = 1, Final II = 1, Depth = 3, function 'global_pooling1d_cl<ap_fixed,ap_fixed<16,6,5,3,0>,config10>'
INFO: [SCHED 204-11] Finished scheduling.
INFO: [HLS 200-111] Finished Scheduling: CPU user time: 1.51 seconds. CPU system time: 0.01 seconds. Elapsed time: 1.53 seconds; current allocated memory: 1.707 GB.
INFO: [BIND 205-100] Starting micro-architecture generation ...
INFO: [BIND 205-101] Performing variable lifetime analysis.
INFO: [BIND 205-101] Exploring resource sharing.
INFO: [BIND 205-101] Binding ...
INFO: [BIND 205-100] Finished micro-architecture generation.
INFO: [HLS 200-111] Finished Binding: CPU user time: 0.68 seconds. CPU system time: 0.03 seconds. Elapsed time: 0.73 seconds; current allocated memory: 1.707 GB.
INFO: [HLS 200-10] ----------------------------------------------------------------
INFO: [HLS 200-42] -- Implementing module 'dense_latency_ap_fixed_16_6_5_3_0_ap_fixed_31_15_5_3_0_config11_s' 
INFO: [HLS 200-10] ----------------------------------------------------------------
INFO: [SCHED 204-11] Starting scheduling ...
INFO: [SCHED 204-61] Pipelining function 'dense_latency<ap_fixed<16, 6, 5, 3, 0>, ap_fixed<31, 15, 5, 3, 0>, config11>'.
INFO: [HLS 200-1470] Pipelining result : Target II = 1, Final II = 1, Depth = 5, function 'dense_latency<ap_fixed<16, 6, 5, 3, 0>, ap_fixed<31, 15, 5, 3, 0>, config11>'
INFO: [SCHED 204-11] Finished scheduling.
INFO: [HLS 200-111] Finished Scheduling: CPU user time: 3.55 seconds. CPU system time: 0.02 seconds. Elapsed time: 3.59 seconds; current allocated memory: 1.707 GB.
INFO: [BIND 205-100] Starting micro-architecture generation ...
INFO: [BIND 205-101] Performing variable lifetime analysis.
INFO: [BIND 205-101] Exploring resource sharing.
INFO: [BIND 205-101] Binding ...
INFO: [BIND 205-100] Starting global binding ...
INFO: [BIND 205-100] Finished micro-architecture generation.
INFO: [HLS 200-111] Finished Binding: CPU user time: 1.56 seconds. CPU system time: 0.03 seconds. Elapsed time: 1.6 seconds; current allocated memory: 1.719 GB.
INFO: [HLS 200-10] ----------------------------------------------------------------
INFO: [HLS 200-42] -- Implementing module 'relu_ap_fixed_31_15_5_3_0_ap_ufixed_9_0_4_0_0_relu_config13_s' 
INFO: [HLS 200-10] ----------------------------------------------------------------
INFO: [SCHED 204-11] Starting scheduling ...
INFO: [SCHED 204-61] Pipelining function 'relu<ap_fixed<31, 15, 5, 3, 0>, ap_ufixed<9, 0, 4, 0, 0>, relu_config13>'.
INFO: [HLS 200-1470] Pipelining result : Target II = NA, Final II = 1, Depth = 2, function 'relu<ap_fixed<31, 15, 5, 3, 0>, ap_ufixed<9, 0, 4, 0, 0>, relu_config13>'
INFO: [SCHED 204-11] Finished scheduling.
INFO: [HLS 200-111] Finished Scheduling: CPU user time: 0.6 seconds. CPU system time: 0.03 seconds. Elapsed time: 0.64 seconds; current allocated memory: 1.719 GB.
INFO: [BIND 205-100] Starting micro-architecture generation ...
INFO: [BIND 205-101] Performing variable lifetime analysis.
INFO: [BIND 205-101] Exploring resource sharing.
INFO: [BIND 205-101] Binding ...
INFO: [BIND 205-100] Finished micro-architecture generation.
INFO: [HLS 200-111] Finished Binding: CPU user time: 0.13 seconds. CPU system time: 0 seconds. Elapsed time: 0.13 seconds; current allocated memory: 1.719 GB.
INFO: [HLS 200-10] ----------------------------------------------------------------
INFO: [HLS 200-42] -- Implementing module 'dense_latency_ap_ufixed_9_0_4_0_0_ap_fixed_24_9_5_3_0_config14_s' 
INFO: [HLS 200-10] ----------------------------------------------------------------
INFO: [SCHED 204-11] Starting scheduling ...
INFO: [SCHED 204-61] Pipelining function 'dense_latency<ap_ufixed<9, 0, 4, 0, 0>, ap_fixed<24, 9, 5, 3, 0>, config14>'.
INFO: [HLS 200-1470] Pipelining result : Target II = 1, Final II = 1, Depth = 5, function 'dense_latency<ap_ufixed<9, 0, 4, 0, 0>, ap_fixed<24, 9, 5, 3, 0>, config14>'
INFO: [SCHED 204-11] Finished scheduling.
INFO: [HLS 200-111] Finished Scheduling: CPU user time: 2.54 seconds. CPU system time: 0.01 seconds. Elapsed time: 2.56 seconds; current allocated memory: 1.719 GB.
INFO: [BIND 205-100] Starting micro-architecture generation ...
INFO: [BIND 205-101] Performing variable lifetime analysis.
INFO: [BIND 205-101] Exploring resource sharing.
INFO: [BIND 205-101] Binding ...
INFO: [BIND 205-100] Starting global binding ...
INFO: [BIND 205-100] Finished micro-architecture generation.
INFO: [HLS 200-111] Finished Binding: CPU user time: 0.91 seconds. CPU system time: 0.02 seconds. Elapsed time: 0.93 seconds; current allocated memory: 1.723 GB.
INFO: [HLS 200-10] ----------------------------------------------------------------
INFO: [HLS 200-42] -- Implementing module 'dense_latency_ap_ufixed_9_0_4_0_0_ap_fixed_24_9_5_3_0_config16_s' 
INFO: [HLS 200-10] ----------------------------------------------------------------
INFO: [SCHED 204-11] Starting scheduling ...
INFO: [SCHED 204-61] Pipelining function 'dense_latency<ap_ufixed<9, 0, 4, 0, 0>, ap_fixed<24, 9, 5, 3, 0>, config16>'.
INFO: [HLS 200-1470] Pipelining result : Target II = 1, Final II = 1, Depth = 5, function 'dense_latency<ap_ufixed<9, 0, 4, 0, 0>, ap_fixed<24, 9, 5, 3, 0>, config16>'
INFO: [SCHED 204-11] Finished scheduling.
INFO: [HLS 200-111] Finished Scheduling: CPU user time: 1.92 seconds. CPU system time: 0.03 seconds. Elapsed time: 2.03 seconds; current allocated memory: 1.728 GB.
INFO: [BIND 205-100] Starting micro-architecture generation ...
INFO: [BIND 205-101] Performing variable lifetime analysis.
INFO: [BIND 205-101] Exploring resource sharing.
INFO: [BIND 205-101] Binding ...
INFO: [BIND 205-100] Starting global binding ...
INFO: [BIND 205-100] Finished micro-architecture generation.
INFO: [HLS 200-111] Finished Binding: CPU user time: 0.48 seconds. CPU system time: 0.01 seconds. Elapsed time: 0.5 seconds; current allocated memory: 1.729 GB.
INFO: [HLS 200-10] ----------------------------------------------------------------
INFO: [HLS 200-42] -- Implementing module 'relu_ap_fixed_24_9_5_3_0_ap_ufixed_9_0_4_0_0_relu_config18_s' 
INFO: [HLS 200-10] ----------------------------------------------------------------
INFO: [SCHED 204-11] Starting scheduling ...
INFO: [SCHED 204-61] Pipelining function 'relu<ap_fixed<24, 9, 5, 3, 0>, ap_ufixed<9, 0, 4, 0, 0>, relu_config18>'.
INFO: [HLS 200-1470] Pipelining result : Target II = NA, Final II = 1, Depth = 2, function 'relu<ap_fixed<24, 9, 5, 3, 0>, ap_ufixed<9, 0, 4, 0, 0>, relu_config18>'
INFO: [SCHED 204-11] Finished scheduling.
INFO: [HLS 200-111] Finished Scheduling: CPU user time: 0.57 seconds. CPU system time: 0.02 seconds. Elapsed time: 0.6 seconds; current allocated memory: 1.734 GB.
INFO: [BIND 205-100] Starting micro-architecture generation ...
INFO: [BIND 205-101] Performing variable lifetime analysis.
INFO: [BIND 205-101] Exploring resource sharing.
INFO: [BIND 205-101] Binding ...
INFO: [BIND 205-100] Finished micro-architecture generation.
INFO: [HLS 200-111] Finished Binding: CPU user time: 0.16 seconds. CPU system time: 0.01 seconds. Elapsed time: 0.17 seconds; current allocated memory: 1.736 GB.
INFO: [HLS 200-10] ----------------------------------------------------------------
INFO: [HLS 200-42] -- Implementing module 'relu_ap_fixed_24_9_5_3_0_ap_ufixed_9_0_4_0_0_relu_config19_s' 
INFO: [HLS 200-10] ----------------------------------------------------------------
INFO: [SCHED 204-11] Starting scheduling ...
INFO: [SCHED 204-61] Pipelining function 'relu<ap_fixed<24, 9, 5, 3, 0>, ap_ufixed<9, 0, 4, 0, 0>, relu_config19>'.
INFO: [HLS 200-1470] Pipelining result : Target II = NA, Final II = 1, Depth = 2, function 'relu<ap_fixed<24, 9, 5, 3, 0>, ap_ufixed<9, 0, 4, 0, 0>, relu_config19>'
INFO: [SCHED 204-11] Finished scheduling.
INFO: [HLS 200-111] Finished Scheduling: CPU user time: 0.39 seconds. CPU system time: 0.01 seconds. Elapsed time: 0.4 seconds; current allocated memory: 1.739 GB.
INFO: [BIND 205-100] Starting micro-architecture generation ...
INFO: [BIND 205-101] Performing variable lifetime analysis.
INFO: [BIND 205-101] Exploring resource sharing.
INFO: [BIND 205-101] Binding ...
INFO: [BIND 205-100] Finished micro-architecture generation.
INFO: [HLS 200-111] Finished Binding: CPU user time: 0.12 seconds. CPU system time: 0.01 seconds. Elapsed time: 0.13 seconds; current allocated memory: 1.740 GB.
INFO: [HLS 200-10] ----------------------------------------------------------------
INFO: [HLS 200-42] -- Implementing module 'dense_latency_ap_ufixed_9_0_4_0_0_ap_fixed_31_13_5_3_0_config20_s' 
INFO: [HLS 200-10] ----------------------------------------------------------------
INFO: [SCHED 204-11] Starting scheduling ...
INFO: [SCHED 204-61] Pipelining function 'dense_latency<ap_ufixed<9, 0, 4, 0, 0>, ap_fixed<31, 13, 5, 3, 0>, config20>'.
INFO: [HLS 200-1470] Pipelining result : Target II = 1, Final II = 1, Depth = 5, function 'dense_latency<ap_ufixed<9, 0, 4, 0, 0>, ap_fixed<31, 13, 5, 3, 0>, config20>'
INFO: [SCHED 204-11] Finished scheduling.
INFO: [HLS 200-111] Finished Scheduling: CPU user time: 2.1 seconds. CPU system time: 0.01 seconds. Elapsed time: 2.13 seconds; current allocated memory: 1.746 GB.
INFO: [BIND 205-100] Starting micro-architecture generation ...
INFO: [BIND 205-101] Performing variable lifetime analysis.
INFO: [BIND 205-101] Exploring resource sharing.
INFO: [BIND 205-101] Binding ...
INFO: [BIND 205-100] Starting global binding ...
INFO: [BIND 205-100] Finished micro-architecture generation.
INFO: [HLS 200-111] Finished Binding: CPU user time: 0.67 seconds. CPU system time: 0.01 seconds. Elapsed time: 0.69 seconds; current allocated memory: 1.758 GB.
INFO: [HLS 200-10] ----------------------------------------------------------------
INFO: [HLS 200-42] -- Implementing module 'dense_latency_ap_ufixed_9_0_4_0_0_ap_fixed_10_6_0_0_0_config22_s' 
INFO: [HLS 200-10] ----------------------------------------------------------------
INFO: [SCHED 204-11] Starting scheduling ...
INFO: [SCHED 204-61] Pipelining function 'dense_latency<ap_ufixed<9, 0, 4, 0, 0>, ap_fixed<10, 6, 0, 0, 0>, config22>'.
INFO: [HLS 200-1470] Pipelining result : Target II = 1, Final II = 1, Depth = 6, function 'dense_latency<ap_ufixed<9, 0, 4, 0, 0>, ap_fixed<10, 6, 0, 0, 0>, config22>'
INFO: [SCHED 204-11] Finished scheduling.
INFO: [HLS 200-111] Finished Scheduling: CPU user time: 0.36 seconds. CPU system time: 0.02 seconds. Elapsed time: 0.37 seconds; current allocated memory: 1.758 GB.
INFO: [BIND 205-100] Starting micro-architecture generation ...
INFO: [BIND 205-101] Performing variable lifetime analysis.
INFO: [BIND 205-101] Exploring resource sharing.
INFO: [BIND 205-101] Binding ...
INFO: [BIND 205-100] Starting global binding ...
INFO: [BIND 205-100] Finished micro-architecture generation.
INFO: [HLS 200-111] Finished Binding: CPU user time: 0.06 seconds. CPU system time: 0 seconds. Elapsed time: 0.07 seconds; current allocated memory: 1.758 GB.
INFO: [HLS 200-10] ----------------------------------------------------------------
INFO: [HLS 200-42] -- Implementing module 'linear_ap_fixed_10_6_0_0_0_ap_fixed_16_6_5_3_0_linear_config23_s' 
INFO: [HLS 200-10] ----------------------------------------------------------------
INFO: [SCHED 204-11] Starting scheduling ...
INFO: [SCHED 204-61] Pipelining function 'linear<ap_fixed<10, 6, 0, 0, 0>, ap_fixed<16, 6, 5, 3, 0>, linear_config23>'.
INFO: [HLS 200-1470] Pipelining result : Target II = NA, Final II = 1, Depth = 1, function 'linear<ap_fixed<10, 6, 0, 0, 0>, ap_fixed<16, 6, 5, 3, 0>, linear_config23>'
INFO: [SCHED 204-11] Finished scheduling.
INFO: [HLS 200-111] Finished Scheduling: CPU user time: 0.07 seconds. CPU system time: 0.01 seconds. Elapsed time: 0.07 seconds; current allocated memory: 1.758 GB.
INFO: [BIND 205-100] Starting micro-architecture generation ...
INFO: [BIND 205-101] Performing variable lifetime analysis.
INFO: [BIND 205-101] Exploring resource sharing.
INFO: [BIND 205-101] Binding ...
INFO: [BIND 205-100] Finished micro-architecture generation.
INFO: [HLS 200-111] Finished Binding: CPU user time: 0.04 seconds. CPU system time: 0 seconds. Elapsed time: 0.04 seconds; current allocated memory: 1.758 GB.
INFO: [HLS 200-10] ----------------------------------------------------------------
INFO: [HLS 200-42] -- Implementing module 'softmax_legacy_ap_fixed_ap_ufixed_8_0_0_0_0_softmax_config24_s' 
INFO: [HLS 200-10] ----------------------------------------------------------------
INFO: [SCHED 204-11] Starting scheduling ...
INFO: [SCHED 204-61] Pipelining function 'softmax_legacy<ap_fixed,ap_ufixed<8,0,0,0,0>,softmax_config24>'.
INFO: [HLS 200-1470] Pipelining result : Target II = NA, Final II = 1, Depth = 10, function 'softmax_legacy<ap_fixed,ap_ufixed<8,0,0,0,0>,softmax_config24>'
INFO: [SCHED 204-11] Finished scheduling.
INFO: [HLS 200-111] Finished Scheduling: CPU user time: 1.32 seconds. CPU system time: 0.01 seconds. Elapsed time: 1.33 seconds; current allocated memory: 1.763 GB.
INFO: [BIND 205-100] Starting micro-architecture generation ...
INFO: [BIND 205-101] Performing variable lifetime analysis.
INFO: [BIND 205-101] Exploring resource sharing.
INFO: [BIND 205-101] Binding ...
INFO: [BIND 205-100] Finished micro-architecture generation.
INFO: [HLS 200-111] Finished Binding: CPU user time: 0.46 seconds. CPU system time: 0.02 seconds. Elapsed time: 0.48 seconds; current allocated memory: 1.763 GB.
INFO: [HLS 200-10] ----------------------------------------------------------------
INFO: [HLS 200-42] -- Implementing module 'JetTaggerNN' 
INFO: [HLS 200-10] ----------------------------------------------------------------
INFO: [SCHED 204-11] Starting scheduling ...
INFO: [SCHED 204-11] Finished scheduling.
INFO: [HLS 200-111] Finished Scheduling: CPU user time: 2.52 seconds. CPU system time: 0.05 seconds. Elapsed time: 2.58 seconds; current allocated memory: 1.789 GB.
INFO: [BIND 205-100] Starting micro-architecture generation ...
INFO: [BIND 205-101] Performing variable lifetime analysis.
INFO: [BIND 205-101] Exploring resource sharing.
INFO: [BIND 205-101] Binding ...
INFO: [BIND 205-100] Finished micro-architecture generation.
INFO: [HLS 200-111] Finished Binding: CPU user time: 2.62 seconds. CPU system time: 0.14 seconds. Elapsed time: 2.76 seconds; current allocated memory: 1.789 GB.
INFO: [HLS 200-10] ----------------------------------------------------------------
INFO: [HLS 200-10] -- Generating RTL for module 'normalize_ap_fixed_15_12_0_0_0_ap_fixed_15_12_0_0_0_config2_s' 
INFO: [HLS 200-10] ----------------------------------------------------------------
INFO: [HLS 200-1030] Apply Unified Pipeline Control on module 'normalize_ap_fixed_15_12_0_0_0_ap_fixed_15_12_0_0_0_config2_s' pipeline 'normalize<ap_fixed<15, 12, 0, 0, 0>, ap_fixed<15, 12, 0, 0, 0>, config2>' pipeline type 'function pipeline'
INFO: [HLS 200-1553] Disabling free running pipeline (frp) architecture on pipeline 'normalize<ap_fixed<15, 12, 0, 0, 0>, ap_fixed<15, 12, 0, 0, 0>, config2>' in module 'normalize_ap_fixed_15_12_0_0_0_ap_fixed_15_12_0_0_0_config2_s', because the estimated Stream Port Number is 3124, which is bigger than the frp_stream_port_number threshold of 20.
INFO: [RTGEN 206-104] Estimated max fanout for 'normalize_ap_fixed_15_12_0_0_0_ap_fixed_15_12_0_0_0_config2_s' is 13968 from HDL expression: ((1'b0 == ap_block_pp0_stage0_11001) & (1'b1 == ap_CS_fsm_pp0_stage0))
INFO: [RTGEN 206-100] Generating core module 'mul_15s_6ns_20_1_1': 16 instance(s).
INFO: [RTGEN 206-100] Generating core module 'mul_15s_6ns_21_1_1': 16 instance(s).
INFO: [RTGEN 206-100] Generating core module 'mul_15s_6s_20_1_1': 16 instance(s).
INFO: [RTGEN 206-100] Generating core module 'mul_15s_7ns_21_1_1': 48 instance(s).
INFO: [RTGEN 206-100] Generating core module 'mul_15s_8ns_23_1_1': 80 instance(s).
INFO: [RTGEN 206-100] Finished creating RTL model for 'normalize_ap_fixed_15_12_0_0_0_ap_fixed_15_12_0_0_0_config2_s'.
INFO: [HLS 200-111] Finished Creating RTL model: CPU user time: 16.42 seconds. CPU system time: 0.42 seconds. Elapsed time: 16.95 seconds; current allocated memory: 2.180 GB.
INFO: [HLS 200-10] ----------------------------------------------------------------
INFO: [HLS 200-10] -- Generating RTL for module 'conv_1d_latency_cl_ap_fixed_ap_fixed_30_21_5_3_0_config28_s' 
INFO: [HLS 200-10] ----------------------------------------------------------------
INFO: [HLS 200-1030] Apply Unified Pipeline Control on module 'conv_1d_latency_cl_ap_fixed_ap_fixed_30_21_5_3_0_config28_s' pipeline 'PartitionLoop' pipeline type 'rewind pipeline'
INFO: [RTGEN 206-104] Estimated max fanout for 'conv_1d_latency_cl_ap_fixed_ap_fixed_30_21_5_3_0_config28_s' is 9120, found 2 HDL expressions with this fanout: (ap_phi_mux_do_init_phi_fu_7321_p6 == 1'd1), (ap_phi_mux_do_init_phi_fu_7321_p6 == 1'd0)
INFO: [RTGEN 206-100] Generating core module 'mul_15s_10ns_16_1_1': 3 instance(s).
INFO: [RTGEN 206-100] Generating core module 'mul_15s_6ns_16_1_1': 3 instance(s).
INFO: [RTGEN 206-100] Generating core module 'mul_15s_6s_16_1_1': 3 instance(s).
INFO: [RTGEN 206-100] Generating core module 'mul_15s_7ns_16_1_1': 22 instance(s).
INFO: [RTGEN 206-100] Generating core module 'mul_15s_7s_16_1_1': 23 instance(s).
INFO: [RTGEN 206-100] Generating core module 'mul_15s_8ns_16_1_1': 18 instance(s).
INFO: [RTGEN 206-100] Generating core module 'mul_15s_8s_16_1_1': 16 instance(s).
INFO: [RTGEN 206-100] Generating core module 'mul_15s_9ns_16_1_1': 10 instance(s).
INFO: [RTGEN 206-100] Generating core module 'mul_15s_9s_16_1_1': 9 instance(s).
INFO: [RTGEN 206-100] Generating core module 'mul_16s_6ns_16_1_1': 1 instance(s).
INFO: [RTGEN 206-100] Generating core module 'mul_16s_6s_16_1_1': 1 instance(s).
INFO: [RTGEN 206-100] Generating core module 'mul_16s_9ns_16_1_1': 1 instance(s).
INFO: [RTGEN 206-100] Finished creating RTL model for 'conv_1d_latency_cl_ap_fixed_ap_fixed_30_21_5_3_0_config28_s'.
INFO: [HLS 200-111] Finished Creating RTL model: CPU user time: 16.97 seconds. CPU system time: 0.62 seconds. Elapsed time: 17.84 seconds; current allocated memory: 2.294 GB.
INFO: [HLS 200-10] ----------------------------------------------------------------
INFO: [HLS 200-10] -- Generating RTL for module 'pointwise_conv_1d_cl_ap_fixed_ap_fixed_30_21_5_3_0_config28_s' 
INFO: [HLS 200-10] ----------------------------------------------------------------
INFO: [RTGEN 206-104] Estimated max fanout for 'pointwise_conv_1d_cl_ap_fixed_ap_fixed_30_21_5_3_0_config28_s' is 7683 from HDL expression: (1'b1 == ap_CS_fsm_state4)
INFO: [RTGEN 206-100] Finished creating RTL model for 'pointwise_conv_1d_cl_ap_fixed_ap_fixed_30_21_5_3_0_config28_s'.
INFO: [HLS 200-111] Finished Creating RTL model: CPU user time: 23.28 seconds. CPU system time: 0.81 seconds. Elapsed time: 24.24 seconds; current allocated memory: 3.114 GB.
INFO: [HLS 200-10] ----------------------------------------------------------------
INFO: [HLS 200-10] -- Generating RTL for module 'relu_ap_fixed_30_21_5_3_0_ap_ufixed_9_0_4_0_0_relu_config5_s' 
INFO: [HLS 200-10] ----------------------------------------------------------------
INFO: [HLS 200-1030] Apply Unified Pipeline Control on module 'relu_ap_fixed_30_21_5_3_0_ap_ufixed_9_0_4_0_0_relu_config5_s' pipeline 'relu<ap_fixed<30, 21, 5, 3, 0>, ap_ufixed<9, 0, 4, 0, 0>, relu_config5>' pipeline type 'function pipeline'
INFO: [HLS 200-1553] Disabling free running pipeline (frp) architecture on pipeline 'relu<ap_fixed<30, 21, 5, 3, 0>, ap_ufixed<9, 0, 4, 0, 0>, relu_config5>' in module 'relu_ap_fixed_30_21_5_3_0_ap_ufixed_9_0_4_0_0_relu_config5_s', because the estimated Stream Port Number is 157, which is bigger than the frp_stream_port_number threshold of 20.
INFO: [RTGEN 206-104] Estimated max fanout for 'relu_ap_fixed_30_21_5_3_0_ap_ufixed_9_0_4_0_0_relu_config5_s' is 17920 from HDL expression: ((1'b0 == ap_block_pp0_stage0_11001) & (1'b1 == ap_ce) & (1'b1 == ap_CS_fsm_pp0_stage0))
INFO: [RTGEN 206-100] Finished creating RTL model for 'relu_ap_fixed_30_21_5_3_0_ap_ufixed_9_0_4_0_0_relu_config5_s'.
INFO: [HLS 200-111] Finished Creating RTL model: CPU user time: 30.84 seconds. CPU system time: 0.74 seconds. Elapsed time: 31.75 seconds; current allocated memory: 3.875 GB.
INFO: [HLS 200-10] ----------------------------------------------------------------
INFO: [HLS 200-10] -- Generating RTL for module 'conv_1d_latency_cl_ap_ufixed_9_0_4_0_0_ap_fixed_24_9_5_3_0_config29_s' 
INFO: [HLS 200-10] ----------------------------------------------------------------
INFO: [HLS 200-1030] Apply Unified Pipeline Control on module 'conv_1d_latency_cl_ap_ufixed_9_0_4_0_0_ap_fixed_24_9_5_3_0_config29_s' pipeline 'PartitionLoop' pipeline type 'rewind pipeline'
INFO: [RTGEN 206-104] Estimated max fanout for 'conv_1d_latency_cl_ap_ufixed_9_0_4_0_0_ap_fixed_24_9_5_3_0_config29_s' is 9216, found 2 HDL expressions with this fanout: (ap_phi_mux_do_init_phi_fu_9201_p6 == 1'd1), (ap_phi_mux_do_init_phi_fu_9201_p6 == 1'd0)
INFO: [RTGEN 206-100] Generating core module 'mul_9ns_5ns_13_1_1': 14 instance(s).
INFO: [RTGEN 206-100] Generating core module 'mul_9ns_5s_14_1_1': 14 instance(s).
INFO: [RTGEN 206-100] Generating core module 'mul_9ns_6ns_14_1_1': 33 instance(s).
INFO: [RTGEN 206-100] Generating core module 'mul_9ns_6s_15_1_1': 41 instance(s).
INFO: [RTGEN 206-100] Generating core module 'mul_9ns_7ns_15_1_1': 45 instance(s).
INFO: [RTGEN 206-100] Generating core module 'mul_9ns_7s_16_1_1': 55 instance(s).
INFO: [RTGEN 206-100] Generating core module 'mul_9ns_8ns_16_1_1': 15 instance(s).
INFO: [RTGEN 206-100] Generating core module 'mul_9ns_8s_17_1_1': 24 instance(s).
INFO: [RTGEN 206-100] Generating core module 'mul_9ns_9ns_17_1_1': 1 instance(s).
INFO: [RTGEN 206-100] Generating core module 'mul_9ns_9s_18_1_1': 2 instance(s).
INFO: [RTGEN 206-100] Finished creating RTL model for 'conv_1d_latency_cl_ap_ufixed_9_0_4_0_0_ap_fixed_24_9_5_3_0_config29_s'.
INFO: [HLS 200-111] Finished Creating RTL model: CPU user time: 14.28 seconds. CPU system time: 0.48 seconds. Elapsed time: 14.95 seconds; current allocated memory: 3.892 GB.
INFO: [HLS 200-10] ----------------------------------------------------------------
INFO: [HLS 200-10] -- Generating RTL for module 'pointwise_conv_1d_cl_ap_ufixed_ap_fixed_24_9_5_3_0_config29_s' 
INFO: [HLS 200-10] ----------------------------------------------------------------
INFO: [RTGEN 206-104] Estimated max fanout for 'pointwise_conv_1d_cl_ap_ufixed_ap_fixed_24_9_5_3_0_config29_s' is 8739 from HDL expression: (1'b1 == ap_CS_fsm_state4)
INFO: [RTGEN 206-100] Finished creating RTL model for 'pointwise_conv_1d_cl_ap_ufixed_ap_fixed_24_9_5_3_0_config29_s'.
INFO: [HLS 200-111] Finished Creating RTL model: CPU user time: 18.23 seconds. CPU system time: 0.75 seconds. Elapsed time: 19.19 seconds; current allocated memory: 4.422 GB.
INFO: [HLS 200-10] ----------------------------------------------------------------
INFO: [HLS 200-10] -- Generating RTL for module 'relu_ap_fixed_24_9_5_3_0_ap_ufixed_9_0_4_0_0_relu_config8_s' 
INFO: [HLS 200-10] ----------------------------------------------------------------
INFO: [HLS 200-1030] Apply Unified Pipeline Control on module 'relu_ap_fixed_24_9_5_3_0_ap_ufixed_9_0_4_0_0_relu_config8_s' pipeline 'relu<ap_fixed<24, 9, 5, 3, 0>, ap_ufixed<9, 0, 4, 0, 0>, relu_config8>' pipeline type 'function pipeline'
INFO: [HLS 200-1553] Disabling free running pipeline (frp) architecture on pipeline 'relu<ap_fixed<24, 9, 5, 3, 0>, ap_ufixed<9, 0, 4, 0, 0>, relu_config8>' in module 'relu_ap_fixed_24_9_5_3_0_ap_ufixed_9_0_4_0_0_relu_config8_s', because the estimated Stream Port Number is 224, which is bigger than the frp_stream_port_number threshold of 20.
INFO: [RTGEN 206-104] Estimated max fanout for 'relu_ap_fixed_24_9_5_3_0_ap_ufixed_9_0_4_0_0_relu_config8_s' is 18304 from HDL expression: ((1'b0 == ap_block_pp0_stage0_11001) & (1'b1 == ap_ce) & (1'b1 == ap_CS_fsm_pp0_stage0))
INFO: [RTGEN 206-100] Finished creating RTL model for 'relu_ap_fixed_24_9_5_3_0_ap_ufixed_9_0_4_0_0_relu_config8_s'.
INFO: [HLS 200-111] Finished Creating RTL model: CPU user time: 27.15 seconds. CPU system time: 0.69 seconds. Elapsed time: 27.99 seconds; current allocated memory: 5.013 GB.
INFO: [HLS 200-10] ----------------------------------------------------------------
INFO: [HLS 200-10] -- Generating RTL for module 'linear_ap_ufixed_9_0_4_0_0_ap_fixed_18_9_4_0_0_linear_config9_s' 
INFO: [HLS 200-10] ----------------------------------------------------------------
INFO: [RTGEN 206-104] Estimated max fanout for 'linear_ap_ufixed_9_0_4_0_0_ap_fixed_18_9_4_0_0_linear_config9_s' is 7491 from HDL expression: ((1'b0 == ap_block_state1) & (1'b1 == ap_CS_fsm_state1))
INFO: [RTGEN 206-100] Finished creating RTL model for 'linear_ap_ufixed_9_0_4_0_0_ap_fixed_18_9_4_0_0_linear_config9_s'.
INFO: [HLS 200-111] Finished Creating RTL model: CPU user time: 41.24 seconds. CPU system time: 1.41 seconds. Elapsed time: 43.11 seconds; current allocated memory: 5.602 GB.
INFO: [HLS 200-10] ----------------------------------------------------------------
INFO: [HLS 200-10] -- Generating RTL for module 'global_pooling1d_cl_ap_fixed_ap_fixed_16_6_5_3_0_config10_s' 
INFO: [HLS 200-10] ----------------------------------------------------------------
INFO: [HLS 200-1030] Apply Unified Pipeline Control on module 'global_pooling1d_cl_ap_fixed_ap_fixed_16_6_5_3_0_config10_s' pipeline 'global_pooling1d_cl<ap_fixed,ap_fixed<16,6,5,3,0>,config10>' pipeline type 'function pipeline'
INFO: [HLS 200-1552] Enabling free running pipeline (frp) architecture on pipeline 'global_pooling1d_cl<ap_fixed,ap_fixed<16,6,5,3,0>,config10>' in module 'global_pooling1d_cl_ap_fixed_ap_fixed_16_6_5_3_0_config10_s'. Estimated max control fanout for pipeline is 7878.
INFO: [RTGEN 206-100] Finished creating RTL model for 'global_pooling1d_cl_ap_fixed_ap_fixed_16_6_5_3_0_config10_s'.
INFO: [HLS 200-111] Finished Creating RTL model: CPU user time: 2.6 seconds. CPU system time: 0.13 seconds. Elapsed time: 2.78 seconds; current allocated memory: 5.633 GB.
INFO: [HLS 200-10] ----------------------------------------------------------------
INFO: [HLS 200-10] -- Generating RTL for module 'dense_latency_ap_fixed_16_6_5_3_0_ap_fixed_31_15_5_3_0_config11_s' 
INFO: [HLS 200-10] ----------------------------------------------------------------
INFO: [HLS 200-1030] Apply Unified Pipeline Control on module 'dense_latency_ap_fixed_16_6_5_3_0_ap_fixed_31_15_5_3_0_config11_s' pipeline 'dense_latency<ap_fixed<16, 6, 5, 3, 0>, ap_fixed<31, 15, 5, 3, 0>, config11>' pipeline type 'function pipeline'
INFO: [HLS 200-1552] Enabling free running pipeline (frp) architecture on pipeline 'dense_latency<ap_fixed<16, 6, 5, 3, 0>, ap_fixed<31, 15, 5, 3, 0>, config11>' in module 'dense_latency_ap_fixed_16_6_5_3_0_ap_fixed_31_15_5_3_0_config11_s'. Estimated max control fanout for pipeline is 6115.
INFO: [RTGEN 206-100] Generating core module 'mul_10ns_5ns_14_1_1': 10 instance(s).
INFO: [RTGEN 206-100] Generating core module 'mul_10ns_5s_15_1_1': 4 instance(s).
INFO: [RTGEN 206-100] Generating core module 'mul_10ns_6ns_15_1_1': 20 instance(s).
INFO: [RTGEN 206-100] Generating core module 'mul_10ns_6s_16_1_1': 21 instance(s).
INFO: [RTGEN 206-100] Generating core module 'mul_10ns_7ns_16_1_1': 32 instance(s).
INFO: [RTGEN 206-100] Generating core module 'mul_10ns_7s_17_1_1': 34 instance(s).
INFO: [RTGEN 206-100] Generating core module 'mul_10ns_8ns_17_1_1': 19 instance(s).
INFO: [RTGEN 206-100] Generating core module 'mul_10ns_8s_18_1_1': 20 instance(s).
INFO: [RTGEN 206-100] Generating core module 'mul_10ns_9ns_18_1_1': 13 instance(s).
INFO: [RTGEN 206-100] Generating core module 'mul_10ns_9s_19_1_1': 5 instance(s).
INFO: [RTGEN 206-100] Finished creating RTL model for 'dense_latency_ap_fixed_16_6_5_3_0_ap_fixed_31_15_5_3_0_config11_s'.
INFO: [HLS 200-111] Finished Creating RTL model: CPU user time: 2.41 seconds. CPU system time: 0.17 seconds. Elapsed time: 2.64 seconds; current allocated memory: 5.637 GB.
INFO: [HLS 200-10] ----------------------------------------------------------------
INFO: [HLS 200-10] -- Generating RTL for module 'relu_ap_fixed_31_15_5_3_0_ap_ufixed_9_0_4_0_0_relu_config13_s' 
INFO: [HLS 200-10] ----------------------------------------------------------------
INFO: [HLS 200-1030] Apply Unified Pipeline Control on module 'relu_ap_fixed_31_15_5_3_0_ap_ufixed_9_0_4_0_0_relu_config13_s' pipeline 'relu<ap_fixed<31, 15, 5, 3, 0>, ap_ufixed<9, 0, 4, 0, 0>, relu_config13>' pipeline type 'function pipeline'
INFO: [RTGEN 206-100] Finished creating RTL model for 'relu_ap_fixed_31_15_5_3_0_ap_ufixed_9_0_4_0_0_relu_config13_s'.
INFO: [HLS 200-111] Finished Creating RTL model: CPU user time: 2.19 seconds. CPU system time: 0.2 seconds. Elapsed time: 2.46 seconds; current allocated memory: 5.699 GB.
INFO: [HLS 200-10] ----------------------------------------------------------------
INFO: [HLS 200-10] -- Generating RTL for module 'dense_latency_ap_ufixed_9_0_4_0_0_ap_fixed_24_9_5_3_0_config14_s' 
INFO: [HLS 200-10] ----------------------------------------------------------------
INFO: [HLS 200-1030] Apply Unified Pipeline Control on module 'dense_latency_ap_ufixed_9_0_4_0_0_ap_fixed_24_9_5_3_0_config14_s' pipeline 'dense_latency<ap_ufixed<9, 0, 4, 0, 0>, ap_fixed<24, 9, 5, 3, 0>, config14>' pipeline type 'function pipeline'
INFO: [RTGEN 206-100] Generating core module 'mul_9ns_5ns_13_1_1': 7 instance(s).
INFO: [RTGEN 206-100] Generating core module 'mul_9ns_5s_14_1_1': 4 instance(s).
INFO: [RTGEN 206-100] Generating core module 'mul_9ns_6ns_14_1_1': 21 instance(s).
INFO: [RTGEN 206-100] Generating core module 'mul_9ns_6s_15_1_1': 16 instance(s).
INFO: [RTGEN 206-100] Generating core module 'mul_9ns_7ns_15_1_1': 23 instance(s).
INFO: [RTGEN 206-100] Generating core module 'mul_9ns_7s_16_1_1': 28 instance(s).
INFO: [RTGEN 206-100] Generating core module 'mul_9ns_8ns_16_1_1': 15 instance(s).
INFO: [RTGEN 206-100] Generating core module 'mul_9ns_8s_17_1_1': 15 instance(s).
INFO: [RTGEN 206-100] Generating core module 'mul_9ns_9ns_17_1_1': 1 instance(s).
INFO: [RTGEN 206-100] Finished creating RTL model for 'dense_latency_ap_ufixed_9_0_4_0_0_ap_fixed_24_9_5_3_0_config14_s'.
INFO: [HLS 200-111] Finished Creating RTL model: CPU user time: 1.56 seconds. CPU system time: 0.15 seconds. Elapsed time: 1.75 seconds; current allocated memory: 5.699 GB.
INFO: [HLS 200-10] ----------------------------------------------------------------
INFO: [HLS 200-10] -- Generating RTL for module 'dense_latency_ap_ufixed_9_0_4_0_0_ap_fixed_24_9_5_3_0_config16_s' 
INFO: [HLS 200-10] ----------------------------------------------------------------
INFO: [HLS 200-1030] Apply Unified Pipeline Control on module 'dense_latency_ap_ufixed_9_0_4_0_0_ap_fixed_24_9_5_3_0_config16_s' pipeline 'dense_latency<ap_ufixed<9, 0, 4, 0, 0>, ap_fixed<24, 9, 5, 3, 0>, config16>' pipeline type 'function pipeline'
INFO: [RTGEN 206-100] Generating core module 'mul_9ns_5ns_13_1_1': 5 instance(s).
INFO: [RTGEN 206-100] Generating core module 'mul_9ns_5s_14_1_1': 4 instance(s).
INFO: [RTGEN 206-100] Generating core module 'mul_9ns_6ns_14_1_1': 12 instance(s).
INFO: [RTGEN 206-100] Generating core module 'mul_9ns_6s_15_1_1': 15 instance(s).
INFO: [RTGEN 206-100] Generating core module 'mul_9ns_7ns_15_1_1': 13 instance(s).
INFO: [RTGEN 206-100] Generating core module 'mul_9ns_7s_16_1_1': 16 instance(s).
INFO: [RTGEN 206-100] Generating core module 'mul_9ns_8ns_16_1_1': 8 instance(s).
INFO: [RTGEN 206-100] Generating core module 'mul_9ns_8s_17_1_1': 17 instance(s).
INFO: [RTGEN 206-100] Generating core module 'mul_9ns_9s_18_1_1': 1 instance(s).
INFO: [RTGEN 206-100] Finished creating RTL model for 'dense_latency_ap_ufixed_9_0_4_0_0_ap_fixed_24_9_5_3_0_config16_s'.
INFO: [HLS 200-111] Finished Creating RTL model: CPU user time: 2.06 seconds. CPU system time: 0.23 seconds. Elapsed time: 2.35 seconds; current allocated memory: 5.699 GB.
INFO: [HLS 200-10] ----------------------------------------------------------------
INFO: [HLS 200-10] -- Generating RTL for module 'relu_ap_fixed_24_9_5_3_0_ap_ufixed_9_0_4_0_0_relu_config18_s' 
INFO: [HLS 200-10] ----------------------------------------------------------------
INFO: [HLS 200-1030] Apply Unified Pipeline Control on module 'relu_ap_fixed_24_9_5_3_0_ap_ufixed_9_0_4_0_0_relu_config18_s' pipeline 'relu<ap_fixed<24, 9, 5, 3, 0>, ap_ufixed<9, 0, 4, 0, 0>, relu_config18>' pipeline type 'function pipeline'
INFO: [RTGEN 206-100] Finished creating RTL model for 'relu_ap_fixed_24_9_5_3_0_ap_ufixed_9_0_4_0_0_relu_config18_s'.
INFO: [HLS 200-111] Finished Creating RTL model: CPU user time: 1.6 seconds. CPU system time: 0.2 seconds. Elapsed time: 1.84 seconds; current allocated memory: 5.799 GB.
INFO: [HLS 200-10] ----------------------------------------------------------------
INFO: [HLS 200-10] -- Generating RTL for module 'relu_ap_fixed_24_9_5_3_0_ap_ufixed_9_0_4_0_0_relu_config19_s' 
INFO: [HLS 200-10] ----------------------------------------------------------------
INFO: [HLS 200-1030] Apply Unified Pipeline Control on module 'relu_ap_fixed_24_9_5_3_0_ap_ufixed_9_0_4_0_0_relu_config19_s' pipeline 'relu<ap_fixed<24, 9, 5, 3, 0>, ap_ufixed<9, 0, 4, 0, 0>, relu_config19>' pipeline type 'function pipeline'
INFO: [RTGEN 206-100] Finished creating RTL model for 'relu_ap_fixed_24_9_5_3_0_ap_ufixed_9_0_4_0_0_relu_config19_s'.
INFO: [HLS 200-111] Finished Creating RTL model: CPU user time: 1.29 seconds. CPU system time: 0.1 seconds. Elapsed time: 1.42 seconds; current allocated memory: 5.824 GB.
INFO: [HLS 200-10] ----------------------------------------------------------------
INFO: [HLS 200-10] -- Generating RTL for module 'dense_latency_ap_ufixed_9_0_4_0_0_ap_fixed_31_13_5_3_0_config20_s' 
INFO: [HLS 200-10] ----------------------------------------------------------------
INFO: [HLS 200-1030] Apply Unified Pipeline Control on module 'dense_latency_ap_ufixed_9_0_4_0_0_ap_fixed_31_13_5_3_0_config20_s' pipeline 'dense_latency<ap_ufixed<9, 0, 4, 0, 0>, ap_fixed<31, 13, 5, 3, 0>, config20>' pipeline type 'function pipeline'
INFO: [RTGEN 206-100] Generating core module 'mul_9ns_10ns_18_1_1': 18 instance(s).
INFO: [RTGEN 206-100] Generating core module 'mul_9ns_10s_19_1_1': 12 instance(s).
INFO: [RTGEN 206-100] Generating core module 'mul_9ns_11ns_19_1_1': 17 instance(s).
INFO: [RTGEN 206-100] Generating core module 'mul_9ns_11s_20_1_1': 33 instance(s).
INFO: [RTGEN 206-100] Generating core module 'mul_9ns_12ns_20_1_1': 10 instance(s).
INFO: [RTGEN 206-100] Generating core module 'mul_9ns_12s_21_1_1': 11 instance(s).
INFO: [RTGEN 206-100] Generating core module 'mul_9ns_13s_22_1_1': 2 instance(s).
INFO: [RTGEN 206-100] Generating core module 'mul_9ns_6ns_14_1_1': 1 instance(s).
INFO: [RTGEN 206-100] Generating core module 'mul_9ns_6s_15_1_1': 2 instance(s).
INFO: [RTGEN 206-100] Generating core module 'mul_9ns_7ns_15_1_1': 5 instance(s).
INFO: [RTGEN 206-100] Generating core module 'mul_9ns_7s_16_1_1': 1 instance(s).
INFO: [RTGEN 206-100] Generating core module 'mul_9ns_8ns_16_1_1': 4 instance(s).
INFO: [RTGEN 206-100] Generating core module 'mul_9ns_8s_17_1_1': 7 instance(s).
INFO: [RTGEN 206-100] Generating core module 'mul_9ns_9ns_17_1_1': 13 instance(s).
INFO: [RTGEN 206-100] Generating core module 'mul_9ns_9s_18_1_1': 9 instance(s).
INFO: [RTGEN 206-100] Finished creating RTL model for 'dense_latency_ap_ufixed_9_0_4_0_0_ap_fixed_31_13_5_3_0_config20_s'.
INFO: [HLS 200-111] Finished Creating RTL model: CPU user time: 1.46 seconds. CPU system time: 0.14 seconds. Elapsed time: 1.64 seconds; current allocated memory: 5.824 GB.
INFO: [HLS 200-10] ----------------------------------------------------------------
INFO: [HLS 200-10] -- Generating RTL for module 'dense_latency_ap_ufixed_9_0_4_0_0_ap_fixed_10_6_0_0_0_config22_s' 
INFO: [HLS 200-10] ----------------------------------------------------------------
INFO: [HLS 200-1030] Apply Unified Pipeline Control on module 'dense_latency_ap_ufixed_9_0_4_0_0_ap_fixed_10_6_0_0_0_config22_s' pipeline 'dense_latency<ap_ufixed<9, 0, 4, 0, 0>, ap_fixed<10, 6, 0, 0, 0>, config22>' pipeline type 'function pipeline'
INFO: [RTGEN 206-100] Generating core module 'mul_9ns_11ns_19_1_1': 1 instance(s).
INFO: [RTGEN 206-100] Generating core module 'mul_9ns_8ns_16_1_1': 3 instance(s).
INFO: [RTGEN 206-100] Generating core module 'mul_9ns_8s_17_1_1': 1 instance(s).
INFO: [RTGEN 206-100] Generating core module 'mul_9ns_9ns_17_1_1': 5 instance(s).
INFO: [RTGEN 206-100] Generating core module 'mul_9ns_9s_18_1_1': 2 instance(s).
INFO: [RTGEN 206-100] Finished creating RTL model for 'dense_latency_ap_ufixed_9_0_4_0_0_ap_fixed_10_6_0_0_0_config22_s'.
INFO: [HLS 200-111] Finished Creating RTL model: CPU user time: 1.36 seconds. CPU system time: 0.15 seconds. Elapsed time: 1.55 seconds; current allocated memory: 5.824 GB.
INFO: [HLS 200-10] ----------------------------------------------------------------
INFO: [HLS 200-10] -- Generating RTL for module 'linear_ap_fixed_10_6_0_0_0_ap_fixed_16_6_5_3_0_linear_config23_s' 
INFO: [HLS 200-10] ----------------------------------------------------------------
INFO: [RTGEN 206-100] Finished creating RTL model for 'linear_ap_fixed_10_6_0_0_0_ap_fixed_16_6_5_3_0_linear_config23_s'.
INFO: [HLS 200-111] Finished Creating RTL model: CPU user time: 0.8 seconds. CPU system time: 0.13 seconds. Elapsed time: 0.95 seconds; current allocated memory: 5.824 GB.
INFO: [HLS 200-10] ----------------------------------------------------------------
INFO: [HLS 200-10] -- Generating RTL for module 'softmax_legacy_ap_fixed_ap_ufixed_8_0_0_0_0_softmax_config24_s' 
INFO: [HLS 200-10] ----------------------------------------------------------------
INFO: [SYN 201-210] Renamed object name 'softmax_legacy_ap_fixed_ap_ufixed_8_0_0_0_0_softmax_config24_s_exp_table_ROM_AUTO_1R' to 'softmax_legacy_ap_fixed_ap_ufixed_8_0_0_0_0_softmax_config24_s_exp_table_ROM_bkb' due to the length limit 80
INFO: [SYN 201-210] Renamed object name 'softmax_legacy_ap_fixed_ap_ufixed_8_0_0_0_0_softmax_config24_s_invert_table_ROM_AUTO_1R' to 'softmax_legacy_ap_fixed_ap_ufixed_8_0_0_0_0_softmax_config24_s_invert_table_Rcud' due to the length limit 80
INFO: [HLS 200-1030] Apply Unified Pipeline Control on module 'softmax_legacy_ap_fixed_ap_ufixed_8_0_0_0_0_softmax_config24_s' pipeline 'softmax_legacy<ap_fixed,ap_ufixed<8,0,0,0,0>,softmax_config24>' pipeline type 'function pipeline'
INFO: [RTGEN 206-100] Finished creating RTL model for 'softmax_legacy_ap_fixed_ap_ufixed_8_0_0_0_0_softmax_config24_s'.
INFO: [RTMG 210-279] Implementing memory 'JetTaggerNN_softmax_legacy_ap_fixed_ap_ufixed_8_0_0_0_0_softmax_config24_s_exp_table_ROM_bkb' using auto ROMs.
INFO: [RTMG 210-279] Implementing memory 'JetTaggerNN_softmax_legacy_ap_fixed_ap_ufixed_8_0_0_0_0_softmax_config24_s_invert_table_Rcud' using auto ROMs.
INFO: [HLS 200-111] Finished Creating RTL model: CPU user time: 1.27 seconds. CPU system time: 0.12 seconds. Elapsed time: 1.43 seconds; current allocated memory: 5.886 GB.
INFO: [HLS 200-10] ----------------------------------------------------------------
INFO: [HLS 200-10] -- Generating RTL for module 'JetTaggerNN' 
INFO: [HLS 200-10] ----------------------------------------------------------------
INFO: [RTGEN 206-500] Setting interface mode on port 'JetTaggerNN/inputs' to 'ap_vld'.
INFO: [RTGEN 206-500] Setting interface mode on port 'JetTaggerNN/layer23_out' to 'ap_vld'.
INFO: [RTGEN 206-500] Setting interface mode on port 'JetTaggerNN/layer24_out_0' to 'ap_vld'.
INFO: [RTGEN 206-500] Setting interface mode on port 'JetTaggerNN/layer24_out_1' to 'ap_vld'.
INFO: [RTGEN 206-500] Setting interface mode on port 'JetTaggerNN/layer24_out_2' to 'ap_vld'.
INFO: [RTGEN 206-500] Setting interface mode on port 'JetTaggerNN/layer24_out_3' to 'ap_vld'.
INFO: [RTGEN 206-500] Setting interface mode on port 'JetTaggerNN/layer24_out_4' to 'ap_vld'.
INFO: [RTGEN 206-500] Setting interface mode on port 'JetTaggerNN/layer24_out_5' to 'ap_vld'.
INFO: [RTGEN 206-500] Setting interface mode on port 'JetTaggerNN/layer24_out_6' to 'ap_vld'.
INFO: [RTGEN 206-500] Setting interface mode on port 'JetTaggerNN/layer24_out_7' to 'ap_vld'.
INFO: [RTGEN 206-500] Setting interface mode on function 'JetTaggerNN' to 'ap_ctrl_hs'.
WARNING: [HLS 200-656] Deadlocks can occur since process normalize<ap_fixed<15, 12, 0, 0, 0>, ap_fixed<15, 12, 0, 0, 0>, config2> is instantiated in a dataflow region with ap_ctrl_none or without start propagation and contains an auto-rewind pipeline.
INFO: [RTGEN 206-100] Finished creating RTL model for 'JetTaggerNN'.
INFO: [RTMG 210-285] Implementing FIFO 'layer2_out_U(JetTaggerNN_fifo_w15_d2_S)' using Shift Registers.
INFO: [RTMG 210-285] Implementing FIFO 'layer2_out_1_U(JetTaggerNN_fifo_w15_d2_S)' using Shift Registers.
INFO: [RTMG 210-285] Implementing FIFO 'layer2_out_2_U(JetTaggerNN_fifo_w15_d2_S)' using Shift Registers.
INFO: [RTMG 210-285] Implementing FIFO 'layer2_out_3_U(JetTaggerNN_fifo_w15_d2_S)' using Shift Registers.
INFO: [RTMG 210-285] Implementing FIFO 'layer2_out_4_U(JetTaggerNN_fifo_w15_d2_S)' using Shift Registers.
INFO: [RTMG 210-285] Implementing FIFO 'layer2_out_5_U(JetTaggerNN_fifo_w15_d2_S)' using Shift Registers.
INFO: [RTMG 210-285] Implementing FIFO 'layer2_out_6_U(JetTaggerNN_fifo_w15_d2_S)' using Shift Registers.
INFO: [RTMG 210-285] Implementing FIFO 'layer2_out_7_U(JetTaggerNN_fifo_w15_d2_S)' using Shift Registers.
INFO: [RTMG 210-285] Implementing FIFO 'layer2_out_8_U(JetTaggerNN_fifo_w15_d2_S)' using Shift Registers.
INFO: [RTMG 210-285] Implementing FIFO 'layer2_out_9_U(JetTaggerNN_fifo_w15_d2_S)' using Shift Registers.
INFO: [RTMG 210-285] Implementing FIFO 'layer2_out_10_U(JetTaggerNN_fifo_w15_d2_S)' using Shift Registers.
INFO: [RTMG 210-285] Implementing FIFO 'layer2_out_11_U(JetTaggerNN_fifo_w15_d2_S)' using Shift Registers.
INFO: [RTMG 210-285] Implementing FIFO 'layer2_out_12_U(JetTaggerNN_fifo_w15_d2_S)' using Shift Registers.
INFO: [RTMG 210-285] Implementing FIFO 'layer2_out_13_U(JetTaggerNN_fifo_w15_d2_S)' using Shift Registers.
INFO: [RTMG 210-285] Implementing FIFO 'layer2_out_14_U(JetTaggerNN_fifo_w15_d2_S)' using Shift Registers.
INFO: [RTMG 210-285] Implementing FIFO 'layer2_out_15_U(JetTaggerNN_fifo_w15_d2_S)' using Shift Registers.
INFO: [RTMG 210-285] Implementing FIFO 'layer2_out_16_U(JetTaggerNN_fifo_w15_d2_S)' using Shift Registers.
INFO: [RTMG 210-285] Implementing FIFO 'layer2_out_17_U(JetTaggerNN_fifo_w15_d2_S)' using Shift Registers.
INFO: [RTMG 210-285] Implementing FIFO 'layer2_out_18_U(JetTaggerNN_fifo_w15_d2_S)' using Shift Registers.
INFO: [RTMG 210-285] Implementing FIFO 'layer2_out_19_U(JetTaggerNN_fifo_w15_d2_S)' using Shift Registers.
INFO: [RTMG 210-285] Implementing FIFO 'layer2_out_20_U(JetTaggerNN_fifo_w15_d2_S)' using Shift Registers.
INFO: [RTMG 210-285] Implementing FIFO 'layer2_out_21_U(JetTaggerNN_fifo_w15_d2_S)' using Shift Registers.
INFO: [RTMG 210-285] Implementing FIFO 'layer2_out_22_U(JetTaggerNN_fifo_w15_d2_S)' using Shift Registers.
INFO: [RTMG 210-285] Implementing FIFO 'layer2_out_23_U(JetTaggerNN_fifo_w15_d2_S)' using Shift Registers.
INFO: [RTMG 210-285] Implementing FIFO 'layer2_out_24_U(JetTaggerNN_fifo_w15_d2_S)' using Shift Registers.
INFO: [RTMG 210-285] Implementing FIFO 'layer2_out_25_U(JetTaggerNN_fifo_w15_d2_S)' using Shift Registers.
INFO: [RTMG 210-285] Implementing FIFO 'layer2_out_26_U(JetTaggerNN_fifo_w15_d2_S)' using Shift Registers.
INFO: [RTMG 210-285] Implementing FIFO 'layer2_out_27_U(JetTaggerNN_fifo_w15_d2_S)' using Shift Registers.
INFO: [RTMG 210-285] Implementing FIFO 'layer2_out_28_U(JetTaggerNN_fifo_w15_d2_S)' using Shift Registers.
INFO: [RTMG 210-285] Implementing FIFO 'layer2_out_29_U(JetTaggerNN_fifo_w15_d2_S)' using Shift Registers.
INFO: [RTMG 210-285] Implementing FIFO 'layer2_out_30_U(JetTaggerNN_fifo_w15_d2_S)' using Shift Registers.
INFO: [RTMG 210-285] Implementing FIFO 'layer2_out_31_U(JetTaggerNN_fifo_w15_d2_S)' using Shift Registers.
INFO: [RTMG 210-285] Implementing FIFO 'layer2_out_32_U(JetTaggerNN_fifo_w15_d2_S)' using Shift Registers.
INFO: [RTMG 210-285] Implementing FIFO 'layer2_out_33_U(JetTaggerNN_fifo_w15_d2_S)' using Shift Registers.
INFO: [RTMG 210-285] Implementing FIFO 'layer2_out_34_U(JetTaggerNN_fifo_w15_d2_S)' using Shift Registers.
INFO: [RTMG 210-285] Implementing FIFO 'layer2_out_35_U(JetTaggerNN_fifo_w15_d2_S)' using Shift Registers.
INFO: [RTMG 210-285] Implementing FIFO 'layer2_out_36_U(JetTaggerNN_fifo_w15_d2_S)' using Shift Registers.
INFO: [RTMG 210-285] Implementing FIFO 'layer2_out_37_U(JetTaggerNN_fifo_w15_d2_S)' using Shift Registers.
INFO: [RTMG 210-285] Implementing FIFO 'layer2_out_38_U(JetTaggerNN_fifo_w15_d2_S)' using Shift Registers.
INFO: [RTMG 210-285] Implementing FIFO 'layer2_out_39_U(JetTaggerNN_fifo_w15_d2_S)' using Shift Registers.
INFO: [RTMG 210-285] Implementing FIFO 'layer2_out_40_U(JetTaggerNN_fifo_w15_d2_S)' using Shift Registers.
INFO: [RTMG 210-285] Implementing FIFO 'layer2_out_41_U(JetTaggerNN_fifo_w15_d2_S)' using Shift Registers.
INFO: [RTMG 210-285] Implementing FIFO 'layer2_out_42_U(JetTaggerNN_fifo_w15_d2_S)' using Shift Registers.
INFO: [RTMG 210-285] Implementing FIFO 'layer2_out_43_U(JetTaggerNN_fifo_w15_d2_S)' using Shift Registers.
INFO: [RTMG 210-285] Implementing FIFO 'layer2_out_44_U(JetTaggerNN_fifo_w15_d2_S)' using Shift Registers.
INFO: [RTMG 210-285] Implementing FIFO 'layer2_out_45_U(JetTaggerNN_fifo_w15_d2_S)' using Shift Registers.
INFO: [RTMG 210-285] Implementing FIFO 'layer2_out_46_U(JetTaggerNN_fifo_w15_d2_S)' using Shift Registers.
INFO: [RTMG 210-285] Implementing FIFO 'layer2_out_47_U(JetTaggerNN_fifo_w15_d2_S)' using Shift Registers.
INFO: [RTMG 210-285] Implementing FIFO 'layer2_out_48_U(JetTaggerNN_fifo_w15_d2_S)' using Shift Registers.
INFO: [RTMG 210-285] Implementing FIFO 'layer2_out_49_U(JetTaggerNN_fifo_w15_d2_S)' using Shift Registers.
INFO: [RTMG 210-285] Implementing FIFO 'layer2_out_50_U(JetTaggerNN_fifo_w15_d2_S)' using Shift Registers.
INFO: [RTMG 210-285] Implementing FIFO 'layer2_out_51_U(JetTaggerNN_fifo_w15_d2_S)' using Shift Registers.
INFO: [RTMG 210-285] Implementing FIFO 'layer2_out_52_U(JetTaggerNN_fifo_w15_d2_S)' using Shift Registers.
INFO: [RTMG 210-285] Implementing FIFO 'layer2_out_53_U(JetTaggerNN_fifo_w15_d2_S)' using Shift Registers.
INFO: [RTMG 210-285] Implementing FIFO 'layer2_out_54_U(JetTaggerNN_fifo_w15_d2_S)' using Shift Registers.
INFO: [RTMG 210-285] Implementing FIFO 'layer2_out_55_U(JetTaggerNN_fifo_w15_d2_S)' using Shift Registers.
INFO: [RTMG 210-285] Implementing FIFO 'layer2_out_56_U(JetTaggerNN_fifo_w15_d2_S)' using Shift Registers.
INFO: [RTMG 210-285] Implementing FIFO 'layer2_out_57_U(JetTaggerNN_fifo_w15_d2_S)' using Shift Registers.
INFO: [RTMG 210-285] Implementing FIFO 'layer2_out_58_U(JetTaggerNN_fifo_w15_d2_S)' using Shift Registers.
INFO: [RTMG 210-285] Implementing FIFO 'layer2_out_59_U(JetTaggerNN_fifo_w15_d2_S)' using Shift Registers.
INFO: [RTMG 210-285] Implementing FIFO 'layer2_out_60_U(JetTaggerNN_fifo_w15_d2_S)' using Shift Registers.
INFO: [RTMG 210-285] Implementing FIFO 'layer2_out_61_U(JetTaggerNN_fifo_w15_d2_S)' using Shift Registers.
INFO: [RTMG 210-285] Implementing FIFO 'layer2_out_62_U(JetTaggerNN_fifo_w15_d2_S)' using Shift Registers.
INFO: [RTMG 210-285] Implementing FIFO 'layer2_out_63_U(JetTaggerNN_fifo_w15_d2_S)' using Shift Registers.
INFO: [RTMG 210-285] Implementing FIFO 'layer2_out_64_U(JetTaggerNN_fifo_w15_d2_S)' using Shift Registers.
INFO: [RTMG 210-285] Implementing FIFO 'layer2_out_65_U(JetTaggerNN_fifo_w15_d2_S)' using Shift Registers.
INFO: [RTMG 210-285] Implementing FIFO 'layer2_out_66_U(JetTaggerNN_fifo_w15_d2_S)' using Shift Registers.
INFO: [RTMG 210-285] Implementing FIFO 'layer2_out_67_U(JetTaggerNN_fifo_w15_d2_S)' using Shift Registers.
INFO: [RTMG 210-285] Implementing FIFO 'layer2_out_68_U(JetTaggerNN_fifo_w15_d2_S)' using Shift Registers.
INFO: [RTMG 210-285] Implementing FIFO 'layer2_out_69_U(JetTaggerNN_fifo_w15_d2_S)' using Shift Registers.
INFO: [RTMG 210-285] Implementing FIFO 'layer2_out_70_U(JetTaggerNN_fifo_w15_d2_S)' using Shift Registers.
INFO: [RTMG 210-285] Implementing FIFO 'layer2_out_71_U(JetTaggerNN_fifo_w15_d2_S)' using Shift Registers.
INFO: [RTMG 210-285] Implementing FIFO 'layer2_out_72_U(JetTaggerNN_fifo_w15_d2_S)' using Shift Registers.
INFO: [RTMG 210-285] Implementing FIFO 'layer2_out_73_U(JetTaggerNN_fifo_w15_d2_S)' using Shift Registers.
INFO: [RTMG 210-285] Implementing FIFO 'layer2_out_74_U(JetTaggerNN_fifo_w15_d2_S)' using Shift Registers.
INFO: [RTMG 210-285] Implementing FIFO 'layer2_out_75_U(JetTaggerNN_fifo_w15_d2_S)' using Shift Registers.
INFO: [RTMG 210-285] Implementing FIFO 'layer2_out_76_U(JetTaggerNN_fifo_w15_d2_S)' using Shift Registers.
INFO: [RTMG 210-285] Implementing FIFO 'layer2_out_77_U(JetTaggerNN_fifo_w15_d2_S)' using Shift Registers.
INFO: [RTMG 210-285] Implementing FIFO 'layer2_out_78_U(JetTaggerNN_fifo_w15_d2_S)' using Shift Registers.
INFO: [RTMG 210-285] Implementing FIFO 'layer2_out_79_U(JetTaggerNN_fifo_w15_d2_S)' using Shift Registers.
INFO: [RTMG 210-285] Implementing FIFO 'layer2_out_80_U(JetTaggerNN_fifo_w15_d2_S)' using Shift Registers.
INFO: [RTMG 210-285] Implementing FIFO 'layer2_out_81_U(JetTaggerNN_fifo_w15_d2_S)' using Shift Registers.
INFO: [RTMG 210-285] Implementing FIFO 'layer2_out_82_U(JetTaggerNN_fifo_w15_d2_S)' using Shift Registers.
INFO: [RTMG 210-285] Implementing FIFO 'layer2_out_83_U(JetTaggerNN_fifo_w15_d2_S)' using Shift Registers.
INFO: [RTMG 210-285] Implementing FIFO 'layer2_out_84_U(JetTaggerNN_fifo_w15_d2_S)' using Shift Registers.
INFO: [RTMG 210-285] Implementing FIFO 'layer2_out_85_U(JetTaggerNN_fifo_w15_d2_S)' using Shift Registers.
INFO: [RTMG 210-285] Implementing FIFO 'layer2_out_86_U(JetTaggerNN_fifo_w15_d2_S)' using Shift Registers.
INFO: [RTMG 210-285] Implementing FIFO 'layer2_out_87_U(JetTaggerNN_fifo_w15_d2_S)' using Shift Registers.
INFO: [RTMG 210-285] Implementing FIFO 'layer2_out_88_U(JetTaggerNN_fifo_w15_d2_S)' using Shift Registers.
INFO: [RTMG 210-285] Implementing FIFO 'layer2_out_89_U(JetTaggerNN_fifo_w15_d2_S)' using Shift Registers.
INFO: [RTMG 210-285] Implementing FIFO 'layer2_out_90_U(JetTaggerNN_fifo_w15_d2_S)' using Shift Registers.
INFO: [RTMG 210-285] Implementing FIFO 'layer2_out_91_U(JetTaggerNN_fifo_w15_d2_S)' using Shift Registers.
INFO: [RTMG 210-285] Implementing FIFO 'layer2_out_92_U(JetTaggerNN_fifo_w15_d2_S)' using Shift Registers.
INFO: [RTMG 210-285] Implementing FIFO 'layer2_out_93_U(JetTaggerNN_fifo_w15_d2_S)' using Shift Registers.
INFO: [RTMG 210-285] Implementing FIFO 'layer2_out_94_U(JetTaggerNN_fifo_w15_d2_S)' using Shift Registers.
INFO: [RTMG 210-285] Implementing FIFO 'layer2_out_95_U(JetTaggerNN_fifo_w15_d2_S)' using Shift Registers.
INFO: [RTMG 210-285] Implementing FIFO 'layer2_out_96_U(JetTaggerNN_fifo_w15_d2_S)' using Shift Registers.
INFO: [RTMG 210-285] Implementing FIFO 'layer2_out_97_U(JetTaggerNN_fifo_w15_d2_S)' using Shift Registers.
INFO: [RTMG 210-285] Implementing FIFO 'layer2_out_98_U(JetTaggerNN_fifo_w15_d2_S)' using Shift Registers.
INFO: [RTMG 210-285] Implementing FIFO 'layer2_out_99_U(JetTaggerNN_fifo_w15_d2_S)' using Shift Registers.
INFO: [RTMG 210-285] Implementing FIFO 'layer2_out_100_U(JetTaggerNN_fifo_w15_d2_S)' using Shift Registers.
INFO: [RTMG 210-285] Implementing FIFO 'layer2_out_101_U(JetTaggerNN_fifo_w15_d2_S)' using Shift Registers.
INFO: [RTMG 210-285] Implementing FIFO 'layer2_out_102_U(JetTaggerNN_fifo_w15_d2_S)' using Shift Registers.
INFO: [RTMG 210-285] Implementing FIFO 'layer2_out_103_U(JetTaggerNN_fifo_w15_d2_S)' using Shift Registers.
INFO: [RTMG 210-285] Implementing FIFO 'layer2_out_104_U(JetTaggerNN_fifo_w15_d2_S)' using Shift Registers.
INFO: [RTMG 210-285] Implementing FIFO 'layer2_out_105_U(JetTaggerNN_fifo_w15_d2_S)' using Shift Registers.
INFO: [RTMG 210-285] Implementing FIFO 'layer2_out_106_U(JetTaggerNN_fifo_w15_d2_S)' using Shift Registers.
INFO: [RTMG 210-285] Implementing FIFO 'layer2_out_107_U(JetTaggerNN_fifo_w15_d2_S)' using Shift Registers.
INFO: [RTMG 210-285] Implementing FIFO 'layer2_out_108_U(JetTaggerNN_fifo_w15_d2_S)' using Shift Registers.
INFO: [RTMG 210-285] Implementing FIFO 'layer2_out_109_U(JetTaggerNN_fifo_w15_d2_S)' using Shift Registers.
INFO: [RTMG 210-285] Implementing FIFO 'layer2_out_110_U(JetTaggerNN_fifo_w15_d2_S)' using Shift Registers.
INFO: [RTMG 210-285] Implementing FIFO 'layer2_out_111_U(JetTaggerNN_fifo_w15_d2_S)' using Shift Registers.
INFO: [RTMG 210-285] Implementing FIFO 'layer2_out_112_U(JetTaggerNN_fifo_w15_d2_S)' using Shift Registers.
INFO: [RTMG 210-285] Implementing FIFO 'layer2_out_113_U(JetTaggerNN_fifo_w15_d2_S)' using Shift Registers.
INFO: [RTMG 210-285] Implementing FIFO 'layer2_out_114_U(JetTaggerNN_fifo_w15_d2_S)' using Shift Registers.
INFO: [RTMG 210-285] Implementing FIFO 'layer2_out_115_U(JetTaggerNN_fifo_w15_d2_S)' using Shift Registers.
INFO: [RTMG 210-285] Implementing FIFO 'layer2_out_116_U(JetTaggerNN_fifo_w15_d2_S)' using Shift Registers.
INFO: [RTMG 210-285] Implementing FIFO 'layer2_out_117_U(JetTaggerNN_fifo_w15_d2_S)' using Shift Registers.
INFO: [RTMG 210-285] Implementing FIFO 'layer2_out_118_U(JetTaggerNN_fifo_w15_d2_S)' using Shift Registers.
INFO: [RTMG 210-285] Implementing FIFO 'layer2_out_119_U(JetTaggerNN_fifo_w15_d2_S)' using Shift Registers.
INFO: [RTMG 210-285] Implementing FIFO 'layer2_out_120_U(JetTaggerNN_fifo_w15_d2_S)' using Shift Registers.
INFO: [RTMG 210-285] Implementing FIFO 'layer2_out_121_U(JetTaggerNN_fifo_w15_d2_S)' using Shift Registers.
INFO: [RTMG 210-285] Implementing FIFO 'layer2_out_122_U(JetTaggerNN_fifo_w15_d2_S)' using Shift Registers.
INFO: [RTMG 210-285] Implementing FIFO 'layer2_out_123_U(JetTaggerNN_fifo_w15_d2_S)' using Shift Registers.
INFO: [RTMG 210-285] Implementing FIFO 'layer2_out_124_U(JetTaggerNN_fifo_w15_d2_S)' using Shift Registers.
INFO: [RTMG 210-285] Implementing FIFO 'layer2_out_125_U(JetTaggerNN_fifo_w15_d2_S)' using Shift Registers.
INFO: [RTMG 210-285] Implementing FIFO 'layer2_out_126_U(JetTaggerNN_fifo_w15_d2_S)' using Shift Registers.
INFO: [RTMG 210-285] Implementing FIFO 'layer2_out_127_U(JetTaggerNN_fifo_w15_d2_S)' using Shift Registers.
INFO: [RTMG 210-285] Implementing FIFO 'layer2_out_128_U(JetTaggerNN_fifo_w15_d2_S)' using Shift Registers.
INFO: [RTMG 210-285] Implementing FIFO 'layer2_out_129_U(JetTaggerNN_fifo_w15_d2_S)' using Shift Registers.
INFO: [RTMG 210-285] Implementing FIFO 'layer2_out_130_U(JetTaggerNN_fifo_w15_d2_S)' using Shift Registers.
INFO: [RTMG 210-285] Implementing FIFO 'layer2_out_131_U(JetTaggerNN_fifo_w15_d2_S)' using Shift Registers.
INFO: [RTMG 210-285] Implementing FIFO 'layer2_out_132_U(JetTaggerNN_fifo_w15_d2_S)' using Shift Registers.
INFO: [RTMG 210-285] Implementing FIFO 'layer2_out_133_U(JetTaggerNN_fifo_w15_d2_S)' using Shift Registers.
INFO: [RTMG 210-285] Implementing FIFO 'layer2_out_134_U(JetTaggerNN_fifo_w15_d2_S)' using Shift Registers.
INFO: [RTMG 210-285] Implementing FIFO 'layer2_out_135_U(JetTaggerNN_fifo_w15_d2_S)' using Shift Registers.
INFO: [RTMG 210-285] Implementing FIFO 'layer2_out_136_U(JetTaggerNN_fifo_w15_d2_S)' using Shift Registers.
INFO: [RTMG 210-285] Implementing FIFO 'layer2_out_137_U(JetTaggerNN_fifo_w15_d2_S)' using Shift Registers.
INFO: [RTMG 210-285] Implementing FIFO 'layer2_out_138_U(JetTaggerNN_fifo_w15_d2_S)' using Shift Registers.
INFO: [RTMG 210-285] Implementing FIFO 'layer2_out_139_U(JetTaggerNN_fifo_w15_d2_S)' using Shift Registers.
INFO: [RTMG 210-285] Implementing FIFO 'layer2_out_140_U(JetTaggerNN_fifo_w15_d2_S)' using Shift Registers.
INFO: [RTMG 210-285] Implementing FIFO 'layer2_out_141_U(JetTaggerNN_fifo_w15_d2_S)' using Shift Registers.
INFO: [RTMG 210-285] Implementing FIFO 'layer2_out_142_U(JetTaggerNN_fifo_w15_d2_S)' using Shift Registers.
INFO: [RTMG 210-285] Implementing FIFO 'layer2_out_143_U(JetTaggerNN_fifo_w15_d2_S)' using Shift Registers.
INFO: [RTMG 210-285] Implementing FIFO 'layer2_out_144_U(JetTaggerNN_fifo_w15_d2_S)' using Shift Registers.
INFO: [RTMG 210-285] Implementing FIFO 'layer2_out_145_U(JetTaggerNN_fifo_w15_d2_S)' using Shift Registers.
INFO: [RTMG 210-285] Implementing FIFO 'layer2_out_146_U(JetTaggerNN_fifo_w15_d2_S)' using Shift Registers.
INFO: [RTMG 210-285] Implementing FIFO 'layer2_out_147_U(JetTaggerNN_fifo_w15_d2_S)' using Shift Registers.
INFO: [RTMG 210-285] Implementing FIFO 'layer2_out_148_U(JetTaggerNN_fifo_w15_d2_S)' using Shift Registers.
INFO: [RTMG 210-285] Implementing FIFO 'layer2_out_149_U(JetTaggerNN_fifo_w15_d2_S)' using Shift Registers.
INFO: [RTMG 210-285] Implementing FIFO 'layer2_out_150_U(JetTaggerNN_fifo_w15_d2_S)' using Shift Registers.
INFO: [RTMG 210-285] Implementing FIFO 'layer2_out_151_U(JetTaggerNN_fifo_w15_d2_S)' using Shift Registers.
INFO: [RTMG 210-285] Implementing FIFO 'layer2_out_152_U(JetTaggerNN_fifo_w15_d2_S)' using Shift Registers.
INFO: [RTMG 210-285] Implementing FIFO 'layer2_out_153_U(JetTaggerNN_fifo_w15_d2_S)' using Shift Registers.
INFO: [RTMG 210-285] Implementing FIFO 'layer2_out_154_U(JetTaggerNN_fifo_w15_d2_S)' using Shift Registers.
INFO: [RTMG 210-285] Implementing FIFO 'layer2_out_155_U(JetTaggerNN_fifo_w15_d2_S)' using Shift Registers.
INFO: [RTMG 210-285] Implementing FIFO 'layer2_out_156_U(JetTaggerNN_fifo_w15_d2_S)' using Shift Registers.
INFO: [RTMG 210-285] Implementing FIFO 'layer2_out_157_U(JetTaggerNN_fifo_w15_d2_S)' using Shift Registers.
INFO: [RTMG 210-285] Implementing FIFO 'layer2_out_158_U(JetTaggerNN_fifo_w15_d2_S)' using Shift Registers.
INFO: [RTMG 210-285] Implementing FIFO 'layer2_out_159_U(JetTaggerNN_fifo_w15_d2_S)' using Shift Registers.
INFO: [RTMG 210-285] Implementing FIFO 'layer2_out_160_U(JetTaggerNN_fifo_w15_d2_S)' using Shift Registers.
INFO: [RTMG 210-285] Implementing FIFO 'layer2_out_161_U(JetTaggerNN_fifo_w15_d2_S)' using Shift Registers.
INFO: [RTMG 210-285] Implementing FIFO 'layer2_out_162_U(JetTaggerNN_fifo_w15_d2_S)' using Shift Registers.
INFO: [RTMG 210-285] Implementing FIFO 'layer2_out_163_U(JetTaggerNN_fifo_w15_d2_S)' using Shift Registers.
INFO: [RTMG 210-285] Implementing FIFO 'layer2_out_164_U(JetTaggerNN_fifo_w15_d2_S)' using Shift Registers.
INFO: [RTMG 210-285] Implementing FIFO 'layer2_out_165_U(JetTaggerNN_fifo_w15_d2_S)' using Shift Registers.
INFO: [RTMG 210-285] Implementing FIFO 'layer2_out_166_U(JetTaggerNN_fifo_w15_d2_S)' using Shift Registers.
INFO: [RTMG 210-285] Implementing FIFO 'layer2_out_167_U(JetTaggerNN_fifo_w15_d2_S)' using Shift Registers.
INFO: [RTMG 210-285] Implementing FIFO 'layer2_out_168_U(JetTaggerNN_fifo_w15_d2_S)' using Shift Registers.
INFO: [RTMG 210-285] Implementing FIFO 'layer2_out_169_U(JetTaggerNN_fifo_w15_d2_S)' using Shift Registers.
INFO: [RTMG 210-285] Implementing FIFO 'layer2_out_170_U(JetTaggerNN_fifo_w15_d2_S)' using Shift Registers.
INFO: [RTMG 210-285] Implementing FIFO 'layer2_out_171_U(JetTaggerNN_fifo_w15_d2_S)' using Shift Registers.
INFO: [RTMG 210-285] Implementing FIFO 'layer2_out_172_U(JetTaggerNN_fifo_w15_d2_S)' using Shift Registers.
INFO: [RTMG 210-285] Implementing FIFO 'layer2_out_173_U(JetTaggerNN_fifo_w15_d2_S)' using Shift Registers.
INFO: [RTMG 210-285] Implementing FIFO 'layer2_out_174_U(JetTaggerNN_fifo_w15_d2_S)' using Shift Registers.
INFO: [RTMG 210-285] Implementing FIFO 'layer2_out_175_U(JetTaggerNN_fifo_w15_d2_S)' using Shift Registers.
INFO: [RTMG 210-285] Implementing FIFO 'layer2_out_176_U(JetTaggerNN_fifo_w15_d2_S)' using Shift Registers.
INFO: [RTMG 210-285] Implementing FIFO 'layer2_out_177_U(JetTaggerNN_fifo_w15_d2_S)' using Shift Registers.
INFO: [RTMG 210-285] Implementing FIFO 'layer2_out_178_U(JetTaggerNN_fifo_w15_d2_S)' using Shift Registers.
INFO: [RTMG 210-285] Implementing FIFO 'layer2_out_179_U(JetTaggerNN_fifo_w15_d2_S)' using Shift Registers.
INFO: [RTMG 210-285] Implementing FIFO 'layer2_out_180_U(JetTaggerNN_fifo_w15_d2_S)' using Shift Registers.
INFO: [RTMG 210-285] Implementing FIFO 'layer2_out_181_U(JetTaggerNN_fifo_w15_d2_S)' using Shift Registers.
INFO: [RTMG 210-285] Implementing FIFO 'layer2_out_182_U(JetTaggerNN_fifo_w15_d2_S)' using Shift Registers.
INFO: [RTMG 210-285] Implementing FIFO 'layer2_out_183_U(JetTaggerNN_fifo_w15_d2_S)' using Shift Registers.
INFO: [RTMG 210-285] Implementing FIFO 'layer2_out_184_U(JetTaggerNN_fifo_w15_d2_S)' using Shift Registers.
INFO: [RTMG 210-285] Implementing FIFO 'layer2_out_185_U(JetTaggerNN_fifo_w15_d2_S)' using Shift Registers.
INFO: [RTMG 210-285] Implementing FIFO 'layer2_out_186_U(JetTaggerNN_fifo_w15_d2_S)' using Shift Registers.
INFO: [RTMG 210-285] Implementing FIFO 'layer2_out_187_U(JetTaggerNN_fifo_w15_d2_S)' using Shift Registers.
INFO: [RTMG 210-285] Implementing FIFO 'layer2_out_188_U(JetTaggerNN_fifo_w15_d2_S)' using Shift Registers.
INFO: [RTMG 210-285] Implementing FIFO 'layer2_out_189_U(JetTaggerNN_fifo_w15_d2_S)' using Shift Registers.
INFO: [RTMG 210-285] Implementing FIFO 'layer2_out_190_U(JetTaggerNN_fifo_w15_d2_S)' using Shift Registers.
INFO: [RTMG 210-285] Implementing FIFO 'layer2_out_191_U(JetTaggerNN_fifo_w15_d2_S)' using Shift Registers.
INFO: [RTMG 210-285] Implementing FIFO 'layer2_out_192_U(JetTaggerNN_fifo_w15_d2_S)' using Shift Registers.
INFO: [RTMG 210-285] Implementing FIFO 'layer2_out_193_U(JetTaggerNN_fifo_w15_d2_S)' using Shift Registers.
INFO: [RTMG 210-285] Implementing FIFO 'layer2_out_194_U(JetTaggerNN_fifo_w15_d2_S)' using Shift Registers.
INFO: [RTMG 210-285] Implementing FIFO 'layer2_out_195_U(JetTaggerNN_fifo_w15_d2_S)' using Shift Registers.
INFO: [RTMG 210-285] Implementing FIFO 'layer2_out_196_U(JetTaggerNN_fifo_w15_d2_S)' using Shift Registers.
INFO: [RTMG 210-285] Implementing FIFO 'layer2_out_197_U(JetTaggerNN_fifo_w15_d2_S)' using Shift Registers.
INFO: [RTMG 210-285] Implementing FIFO 'layer2_out_198_U(JetTaggerNN_fifo_w15_d2_S)' using Shift Registers.
INFO: [RTMG 210-285] Implementing FIFO 'layer2_out_199_U(JetTaggerNN_fifo_w15_d2_S)' using Shift Registers.
INFO: [RTMG 210-285] Implementing FIFO 'layer2_out_200_U(JetTaggerNN_fifo_w15_d2_S)' using Shift Registers.
INFO: [RTMG 210-285] Implementing FIFO 'layer2_out_201_U(JetTaggerNN_fifo_w15_d2_S)' using Shift Registers.
INFO: [RTMG 210-285] Implementing FIFO 'layer2_out_202_U(JetTaggerNN_fifo_w15_d2_S)' using Shift Registers.
INFO: [RTMG 210-285] Implementing FIFO 'layer2_out_203_U(JetTaggerNN_fifo_w15_d2_S)' using Shift Registers.
INFO: [RTMG 210-285] Implementing FIFO 'layer2_out_204_U(JetTaggerNN_fifo_w15_d2_S)' using Shift Registers.
INFO: [RTMG 210-285] Implementing FIFO 'layer2_out_205_U(JetTaggerNN_fifo_w15_d2_S)' using Shift Registers.
INFO: [RTMG 210-285] Implementing FIFO 'layer2_out_206_U(JetTaggerNN_fifo_w15_d2_S)' using Shift Registers.
INFO: [RTMG 210-285] Implementing FIFO 'layer2_out_207_U(JetTaggerNN_fifo_w15_d2_S)' using Shift Registers.
INFO: [RTMG 210-285] Implementing FIFO 'layer2_out_208_U(JetTaggerNN_fifo_w15_d2_S)' using Shift Registers.
INFO: [RTMG 210-285] Implementing FIFO 'layer2_out_209_U(JetTaggerNN_fifo_w15_d2_S)' using Shift Registers.
INFO: [RTMG 210-285] Implementing FIFO 'layer2_out_210_U(JetTaggerNN_fifo_w15_d2_S)' using Shift Registers.
INFO: [RTMG 210-285] Implementing FIFO 'layer2_out_211_U(JetTaggerNN_fifo_w15_d2_S)' using Shift Registers.
INFO: [RTMG 210-285] Implementing FIFO 'layer2_out_212_U(JetTaggerNN_fifo_w15_d2_S)' using Shift Registers.
INFO: [RTMG 210-285] Implementing FIFO 'layer2_out_213_U(JetTaggerNN_fifo_w15_d2_S)' using Shift Registers.
INFO: [RTMG 210-285] Implementing FIFO 'layer2_out_214_U(JetTaggerNN_fifo_w15_d2_S)' using Shift Registers.
INFO: [RTMG 210-285] Implementing FIFO 'layer2_out_215_U(JetTaggerNN_fifo_w15_d2_S)' using Shift Registers.
INFO: [RTMG 210-285] Implementing FIFO 'layer2_out_216_U(JetTaggerNN_fifo_w15_d2_S)' using Shift Registers.
INFO: [RTMG 210-285] Implementing FIFO 'layer2_out_217_U(JetTaggerNN_fifo_w15_d2_S)' using Shift Registers.
INFO: [RTMG 210-285] Implementing FIFO 'layer2_out_218_U(JetTaggerNN_fifo_w15_d2_S)' using Shift Registers.
INFO: [RTMG 210-285] Implementing FIFO 'layer2_out_219_U(JetTaggerNN_fifo_w15_d2_S)' using Shift Registers.
INFO: [RTMG 210-285] Implementing FIFO 'layer2_out_220_U(JetTaggerNN_fifo_w15_d2_S)' using Shift Registers.
INFO: [RTMG 210-285] Implementing FIFO 'layer2_out_221_U(JetTaggerNN_fifo_w15_d2_S)' using Shift Registers.
INFO: [RTMG 210-285] Implementing FIFO 'layer2_out_222_U(JetTaggerNN_fifo_w15_d2_S)' using Shift Registers.
INFO: [RTMG 210-285] Implementing FIFO 'layer2_out_223_U(JetTaggerNN_fifo_w15_d2_S)' using Shift Registers.
INFO: [RTMG 210-285] Implementing FIFO 'layer2_out_224_U(JetTaggerNN_fifo_w15_d2_S)' using Shift Registers.
INFO: [RTMG 210-285] Implementing FIFO 'layer2_out_225_U(JetTaggerNN_fifo_w15_d2_S)' using Shift Registers.
INFO: [RTMG 210-285] Implementing FIFO 'layer2_out_226_U(JetTaggerNN_fifo_w15_d2_S)' using Shift Registers.
INFO: [RTMG 210-285] Implementing FIFO 'layer2_out_227_U(JetTaggerNN_fifo_w15_d2_S)' using Shift Registers.
INFO: [RTMG 210-285] Implementing FIFO 'layer2_out_228_U(JetTaggerNN_fifo_w15_d2_S)' using Shift Registers.
INFO: [RTMG 210-285] Implementing FIFO 'layer2_out_229_U(JetTaggerNN_fifo_w15_d2_S)' using Shift Registers.
INFO: [RTMG 210-285] Implementing FIFO 'layer2_out_230_U(JetTaggerNN_fifo_w15_d2_S)' using Shift Registers.
INFO: [RTMG 210-285] Implementing FIFO 'layer2_out_231_U(JetTaggerNN_fifo_w15_d2_S)' using Shift Registers.
INFO: [RTMG 210-285] Implementing FIFO 'layer2_out_232_U(JetTaggerNN_fifo_w15_d2_S)' using Shift Registers.
INFO: [RTMG 210-285] Implementing FIFO 'layer2_out_233_U(JetTaggerNN_fifo_w15_d2_S)' using Shift Registers.
INFO: [RTMG 210-285] Implementing FIFO 'layer2_out_234_U(JetTaggerNN_fifo_w15_d2_S)' using Shift Registers.
INFO: [RTMG 210-285] Implementing FIFO 'layer2_out_235_U(JetTaggerNN_fifo_w15_d2_S)' using Shift Registers.
INFO: [RTMG 210-285] Implementing FIFO 'layer2_out_236_U(JetTaggerNN_fifo_w15_d2_S)' using Shift Registers.
INFO: [RTMG 210-285] Implementing FIFO 'layer2_out_237_U(JetTaggerNN_fifo_w15_d2_S)' using Shift Registers.
INFO: [RTMG 210-285] Implementing FIFO 'layer2_out_238_U(JetTaggerNN_fifo_w15_d2_S)' using Shift Registers.
INFO: [RTMG 210-285] Implementing FIFO 'layer2_out_239_U(JetTaggerNN_fifo_w15_d2_S)' using Shift Registers.
INFO: [RTMG 210-285] Implementing FIFO 'layer2_out_240_U(JetTaggerNN_fifo_w15_d2_S)' using Shift Registers.
INFO: [RTMG 210-285] Implementing FIFO 'layer2_out_241_U(JetTaggerNN_fifo_w15_d2_S)' using Shift Registers.
INFO: [RTMG 210-285] Implementing FIFO 'layer2_out_242_U(JetTaggerNN_fifo_w15_d2_S)' using Shift Registers.
INFO: [RTMG 210-285] Implementing FIFO 'layer2_out_243_U(JetTaggerNN_fifo_w15_d2_S)' using Shift Registers.
INFO: [RTMG 210-285] Implementing FIFO 'layer2_out_244_U(JetTaggerNN_fifo_w15_d2_S)' using Shift Registers.
INFO: [RTMG 210-285] Implementing FIFO 'layer2_out_245_U(JetTaggerNN_fifo_w15_d2_S)' using Shift Registers.
INFO: [RTMG 210-285] Implementing FIFO 'layer2_out_246_U(JetTaggerNN_fifo_w15_d2_S)' using Shift Registers.
INFO: [RTMG 210-285] Implementing FIFO 'layer2_out_247_U(JetTaggerNN_fifo_w15_d2_S)' using Shift Registers.
INFO: [RTMG 210-285] Implementing FIFO 'layer2_out_248_U(JetTaggerNN_fifo_w15_d2_S)' using Shift Registers.
INFO: [RTMG 210-285] Implementing FIFO 'layer2_out_249_U(JetTaggerNN_fifo_w15_d2_S)' using Shift Registers.
INFO: [RTMG 210-285] Implementing FIFO 'layer2_out_250_U(JetTaggerNN_fifo_w15_d2_S)' using Shift Registers.
INFO: [RTMG 210-285] Implementing FIFO 'layer2_out_251_U(JetTaggerNN_fifo_w15_d2_S)' using Shift Registers.
INFO: [RTMG 210-285] Implementing FIFO 'layer2_out_252_U(JetTaggerNN_fifo_w15_d2_S)' using Shift Registers.
INFO: [RTMG 210-285] Implementing FIFO 'layer2_out_253_U(JetTaggerNN_fifo_w15_d2_S)' using Shift Registers.
INFO: [RTMG 210-285] Implementing FIFO 'layer2_out_254_U(JetTaggerNN_fifo_w15_d2_S)' using Shift Registers.
INFO: [RTMG 210-285] Implementing FIFO 'layer2_out_255_U(JetTaggerNN_fifo_w15_d2_S)' using Shift Registers.
INFO: [RTMG 210-285] Implementing FIFO 'layer2_out_256_U(JetTaggerNN_fifo_w15_d2_S)' using Shift Registers.
INFO: [RTMG 210-285] Implementing FIFO 'layer2_out_257_U(JetTaggerNN_fifo_w15_d2_S)' using Shift Registers.
INFO: [RTMG 210-285] Implementing FIFO 'layer2_out_258_U(JetTaggerNN_fifo_w15_d2_S)' using Shift Registers.
INFO: [RTMG 210-285] Implementing FIFO 'layer2_out_259_U(JetTaggerNN_fifo_w15_d2_S)' using Shift Registers.
INFO: [RTMG 210-285] Implementing FIFO 'layer2_out_260_U(JetTaggerNN_fifo_w15_d2_S)' using Shift Registers.
INFO: [RTMG 210-285] Implementing FIFO 'layer2_out_261_U(JetTaggerNN_fifo_w15_d2_S)' using Shift Registers.
INFO: [RTMG 210-285] Implementing FIFO 'layer2_out_262_U(JetTaggerNN_fifo_w15_d2_S)' using Shift Registers.
INFO: [RTMG 210-285] Implementing FIFO 'layer2_out_263_U(JetTaggerNN_fifo_w15_d2_S)' using Shift Registers.
INFO: [RTMG 210-285] Implementing FIFO 'layer2_out_264_U(JetTaggerNN_fifo_w15_d2_S)' using Shift Registers.
INFO: [RTMG 210-285] Implementing FIFO 'layer2_out_265_U(JetTaggerNN_fifo_w15_d2_S)' using Shift Registers.
INFO: [RTMG 210-285] Implementing FIFO 'layer2_out_266_U(JetTaggerNN_fifo_w15_d2_S)' using Shift Registers.
INFO: [RTMG 210-285] Implementing FIFO 'layer2_out_267_U(JetTaggerNN_fifo_w15_d2_S)' using Shift Registers.
INFO: [RTMG 210-285] Implementing FIFO 'layer2_out_268_U(JetTaggerNN_fifo_w15_d2_S)' using Shift Registers.
INFO: [RTMG 210-285] Implementing FIFO 'layer2_out_269_U(JetTaggerNN_fifo_w15_d2_S)' using Shift Registers.
INFO: [RTMG 210-285] Implementing FIFO 'layer2_out_270_U(JetTaggerNN_fifo_w15_d2_S)' using Shift Registers.
INFO: [RTMG 210-285] Implementing FIFO 'layer2_out_271_U(JetTaggerNN_fifo_w15_d2_S)' using Shift Registers.
INFO: [RTMG 210-285] Implementing FIFO 'layer2_out_272_U(JetTaggerNN_fifo_w15_d2_S)' using Shift Registers.
INFO: [RTMG 210-285] Implementing FIFO 'layer2_out_273_U(JetTaggerNN_fifo_w15_d2_S)' using Shift Registers.
INFO: [RTMG 210-285] Implementing FIFO 'layer2_out_274_U(JetTaggerNN_fifo_w15_d2_S)' using Shift Registers.
INFO: [RTMG 210-285] Implementing FIFO 'layer2_out_275_U(JetTaggerNN_fifo_w15_d2_S)' using Shift Registers.
INFO: [RTMG 210-285] Implementing FIFO 'layer2_out_276_U(JetTaggerNN_fifo_w15_d2_S)' using Shift Registers.
INFO: [RTMG 210-285] Implementing FIFO 'layer2_out_277_U(JetTaggerNN_fifo_w15_d2_S)' using Shift Registers.
INFO: [RTMG 210-285] Implementing FIFO 'layer2_out_278_U(JetTaggerNN_fifo_w15_d2_S)' using Shift Registers.
INFO: [RTMG 210-285] Implementing FIFO 'layer2_out_279_U(JetTaggerNN_fifo_w15_d2_S)' using Shift Registers.
INFO: [RTMG 210-285] Implementing FIFO 'layer2_out_280_U(JetTaggerNN_fifo_w15_d2_S)' using Shift Registers.
INFO: [RTMG 210-285] Implementing FIFO 'layer2_out_281_U(JetTaggerNN_fifo_w15_d2_S)' using Shift Registers.
INFO: [RTMG 210-285] Implementing FIFO 'layer2_out_282_U(JetTaggerNN_fifo_w15_d2_S)' using Shift Registers.
INFO: [RTMG 210-285] Implementing FIFO 'layer2_out_283_U(JetTaggerNN_fifo_w15_d2_S)' using Shift Registers.
INFO: [RTMG 210-285] Implementing FIFO 'layer2_out_284_U(JetTaggerNN_fifo_w15_d2_S)' using Shift Registers.
INFO: [RTMG 210-285] Implementing FIFO 'layer2_out_285_U(JetTaggerNN_fifo_w15_d2_S)' using Shift Registers.
INFO: [RTMG 210-285] Implementing FIFO 'layer2_out_286_U(JetTaggerNN_fifo_w15_d2_S)' using Shift Registers.
INFO: [RTMG 210-285] Implementing FIFO 'layer2_out_287_U(JetTaggerNN_fifo_w15_d2_S)' using Shift Registers.
INFO: [RTMG 210-285] Implementing FIFO 'layer2_out_288_U(JetTaggerNN_fifo_w15_d2_S)' using Shift Registers.
INFO: [RTMG 210-285] Implementing FIFO 'layer2_out_289_U(JetTaggerNN_fifo_w15_d2_S)' using Shift Registers.
INFO: [RTMG 210-285] Implementing FIFO 'layer2_out_290_U(JetTaggerNN_fifo_w15_d2_S)' using Shift Registers.
INFO: [RTMG 210-285] Implementing FIFO 'layer2_out_291_U(JetTaggerNN_fifo_w15_d2_S)' using Shift Registers.
INFO: [RTMG 210-285] Implementing FIFO 'layer2_out_292_U(JetTaggerNN_fifo_w15_d2_S)' using Shift Registers.
INFO: [RTMG 210-285] Implementing FIFO 'layer2_out_293_U(JetTaggerNN_fifo_w15_d2_S)' using Shift Registers.
INFO: [RTMG 210-285] Implementing FIFO 'layer2_out_294_U(JetTaggerNN_fifo_w15_d2_S)' using Shift Registers.
INFO: [RTMG 210-285] Implementing FIFO 'layer2_out_295_U(JetTaggerNN_fifo_w15_d2_S)' using Shift Registers.
INFO: [RTMG 210-285] Implementing FIFO 'layer2_out_296_U(JetTaggerNN_fifo_w15_d2_S)' using Shift Registers.
INFO: [RTMG 210-285] Implementing FIFO 'layer2_out_297_U(JetTaggerNN_fifo_w15_d2_S)' using Shift Registers.
INFO: [RTMG 210-285] Implementing FIFO 'layer2_out_298_U(JetTaggerNN_fifo_w15_d2_S)' using Shift Registers.
INFO: [RTMG 210-285] Implementing FIFO 'layer2_out_299_U(JetTaggerNN_fifo_w15_d2_S)' using Shift Registers.
INFO: [RTMG 210-285] Implementing FIFO 'layer2_out_300_U(JetTaggerNN_fifo_w15_d2_S)' using Shift Registers.
INFO: [RTMG 210-285] Implementing FIFO 'layer2_out_301_U(JetTaggerNN_fifo_w15_d2_S)' using Shift Registers.
INFO: [RTMG 210-285] Implementing FIFO 'layer2_out_302_U(JetTaggerNN_fifo_w15_d2_S)' using Shift Registers.
INFO: [RTMG 210-285] Implementing FIFO 'layer2_out_303_U(JetTaggerNN_fifo_w15_d2_S)' using Shift Registers.
INFO: [RTMG 210-285] Implementing FIFO 'layer28_out_U(JetTaggerNN_fifo_w15_d2_S)' using Shift Registers.
INFO: [RTMG 210-285] Implementing FIFO 'layer28_out_1_U(JetTaggerNN_fifo_w15_d2_S)' using Shift Registers.
INFO: [RTMG 210-285] Implementing FIFO 'layer28_out_2_U(JetTaggerNN_fifo_w15_d2_S)' using Shift Registers.
INFO: [RTMG 210-285] Implementing FIFO 'layer28_out_3_U(JetTaggerNN_fifo_w15_d2_S)' using Shift Registers.
INFO: [RTMG 210-285] Implementing FIFO 'layer28_out_4_U(JetTaggerNN_fifo_w15_d2_S)' using Shift Registers.
INFO: [RTMG 210-285] Implementing FIFO 'layer28_out_5_U(JetTaggerNN_fifo_w15_d2_S)' using Shift Registers.
INFO: [RTMG 210-285] Implementing FIFO 'layer28_out_6_U(JetTaggerNN_fifo_w15_d2_S)' using Shift Registers.
INFO: [RTMG 210-285] Implementing FIFO 'layer28_out_7_U(JetTaggerNN_fifo_w15_d2_S)' using Shift Registers.
INFO: [RTMG 210-285] Implementing FIFO 'layer28_out_8_U(JetTaggerNN_fifo_w15_d2_S)' using Shift Registers.
INFO: [RTMG 210-285] Implementing FIFO 'layer28_out_9_U(JetTaggerNN_fifo_w15_d2_S)' using Shift Registers.
INFO: [RTMG 210-285] Implementing FIFO 'layer28_out_10_U(JetTaggerNN_fifo_w15_d2_S)' using Shift Registers.
INFO: [RTMG 210-285] Implementing FIFO 'layer28_out_11_U(JetTaggerNN_fifo_w15_d2_S)' using Shift Registers.
INFO: [RTMG 210-285] Implementing FIFO 'layer28_out_12_U(JetTaggerNN_fifo_w15_d2_S)' using Shift Registers.
INFO: [RTMG 210-285] Implementing FIFO 'layer28_out_13_U(JetTaggerNN_fifo_w15_d2_S)' using Shift Registers.
INFO: [RTMG 210-285] Implementing FIFO 'layer28_out_14_U(JetTaggerNN_fifo_w15_d2_S)' using Shift Registers.
INFO: [RTMG 210-285] Implementing FIFO 'layer28_out_15_U(JetTaggerNN_fifo_w15_d2_S)' using Shift Registers.
INFO: [RTMG 210-285] Implementing FIFO 'layer28_out_16_U(JetTaggerNN_fifo_w15_d2_S)' using Shift Registers.
INFO: [RTMG 210-285] Implementing FIFO 'layer28_out_17_U(JetTaggerNN_fifo_w15_d2_S)' using Shift Registers.
INFO: [RTMG 210-285] Implementing FIFO 'layer28_out_18_U(JetTaggerNN_fifo_w15_d2_S)' using Shift Registers.
INFO: [RTMG 210-285] Implementing FIFO 'layer28_out_19_U(JetTaggerNN_fifo_w15_d2_S)' using Shift Registers.
INFO: [RTMG 210-285] Implementing FIFO 'layer28_out_20_U(JetTaggerNN_fifo_w15_d2_S)' using Shift Registers.
INFO: [RTMG 210-285] Implementing FIFO 'layer28_out_21_U(JetTaggerNN_fifo_w15_d2_S)' using Shift Registers.
INFO: [RTMG 210-285] Implementing FIFO 'layer28_out_22_U(JetTaggerNN_fifo_w15_d2_S)' using Shift Registers.
INFO: [RTMG 210-285] Implementing FIFO 'layer28_out_23_U(JetTaggerNN_fifo_w15_d2_S)' using Shift Registers.
INFO: [RTMG 210-285] Implementing FIFO 'layer28_out_24_U(JetTaggerNN_fifo_w15_d2_S)' using Shift Registers.
INFO: [RTMG 210-285] Implementing FIFO 'layer28_out_25_U(JetTaggerNN_fifo_w15_d2_S)' using Shift Registers.
INFO: [RTMG 210-285] Implementing FIFO 'layer28_out_26_U(JetTaggerNN_fifo_w15_d2_S)' using Shift Registers.
INFO: [RTMG 210-285] Implementing FIFO 'layer28_out_27_U(JetTaggerNN_fifo_w15_d2_S)' using Shift Registers.
INFO: [RTMG 210-285] Implementing FIFO 'layer28_out_28_U(JetTaggerNN_fifo_w15_d2_S)' using Shift Registers.
INFO: [RTMG 210-285] Implementing FIFO 'layer28_out_29_U(JetTaggerNN_fifo_w15_d2_S)' using Shift Registers.
INFO: [RTMG 210-285] Implementing FIFO 'layer28_out_30_U(JetTaggerNN_fifo_w15_d2_S)' using Shift Registers.
INFO: [RTMG 210-285] Implementing FIFO 'layer28_out_31_U(JetTaggerNN_fifo_w15_d2_S)' using Shift Registers.
INFO: [RTMG 210-285] Implementing FIFO 'layer28_out_32_U(JetTaggerNN_fifo_w15_d2_S)' using Shift Registers.
INFO: [RTMG 210-285] Implementing FIFO 'layer28_out_33_U(JetTaggerNN_fifo_w15_d2_S)' using Shift Registers.
INFO: [RTMG 210-285] Implementing FIFO 'layer28_out_34_U(JetTaggerNN_fifo_w15_d2_S)' using Shift Registers.
INFO: [RTMG 210-285] Implementing FIFO 'layer28_out_35_U(JetTaggerNN_fifo_w15_d2_S)' using Shift Registers.
INFO: [RTMG 210-285] Implementing FIFO 'layer28_out_36_U(JetTaggerNN_fifo_w15_d2_S)' using Shift Registers.
INFO: [RTMG 210-285] Implementing FIFO 'layer28_out_37_U(JetTaggerNN_fifo_w15_d2_S)' using Shift Registers.
INFO: [RTMG 210-285] Implementing FIFO 'layer28_out_38_U(JetTaggerNN_fifo_w15_d2_S)' using Shift Registers.
INFO: [RTMG 210-285] Implementing FIFO 'layer28_out_39_U(JetTaggerNN_fifo_w15_d2_S)' using Shift Registers.
INFO: [RTMG 210-285] Implementing FIFO 'layer28_out_40_U(JetTaggerNN_fifo_w15_d2_S)' using Shift Registers.
INFO: [RTMG 210-285] Implementing FIFO 'layer28_out_41_U(JetTaggerNN_fifo_w15_d2_S)' using Shift Registers.
INFO: [RTMG 210-285] Implementing FIFO 'layer28_out_42_U(JetTaggerNN_fifo_w15_d2_S)' using Shift Registers.
INFO: [RTMG 210-285] Implementing FIFO 'layer28_out_43_U(JetTaggerNN_fifo_w15_d2_S)' using Shift Registers.
INFO: [RTMG 210-285] Implementing FIFO 'layer28_out_44_U(JetTaggerNN_fifo_w15_d2_S)' using Shift Registers.
INFO: [RTMG 210-285] Implementing FIFO 'layer28_out_45_U(JetTaggerNN_fifo_w15_d2_S)' using Shift Registers.
INFO: [RTMG 210-285] Implementing FIFO 'layer28_out_46_U(JetTaggerNN_fifo_w15_d2_S)' using Shift Registers.
INFO: [RTMG 210-285] Implementing FIFO 'layer28_out_47_U(JetTaggerNN_fifo_w15_d2_S)' using Shift Registers.
INFO: [RTMG 210-285] Implementing FIFO 'layer28_out_48_U(JetTaggerNN_fifo_w15_d2_S)' using Shift Registers.
INFO: [RTMG 210-285] Implementing FIFO 'layer28_out_49_U(JetTaggerNN_fifo_w15_d2_S)' using Shift Registers.
INFO: [RTMG 210-285] Implementing FIFO 'layer28_out_50_U(JetTaggerNN_fifo_w15_d2_S)' using Shift Registers.
INFO: [RTMG 210-285] Implementing FIFO 'layer28_out_51_U(JetTaggerNN_fifo_w15_d2_S)' using Shift Registers.
INFO: [RTMG 210-285] Implementing FIFO 'layer28_out_52_U(JetTaggerNN_fifo_w15_d2_S)' using Shift Registers.
INFO: [RTMG 210-285] Implementing FIFO 'layer28_out_53_U(JetTaggerNN_fifo_w15_d2_S)' using Shift Registers.
INFO: [RTMG 210-285] Implementing FIFO 'layer28_out_54_U(JetTaggerNN_fifo_w15_d2_S)' using Shift Registers.
INFO: [RTMG 210-285] Implementing FIFO 'layer28_out_55_U(JetTaggerNN_fifo_w15_d2_S)' using Shift Registers.
INFO: [RTMG 210-285] Implementing FIFO 'layer28_out_56_U(JetTaggerNN_fifo_w15_d2_S)' using Shift Registers.
INFO: [RTMG 210-285] Implementing FIFO 'layer28_out_57_U(JetTaggerNN_fifo_w15_d2_S)' using Shift Registers.
INFO: [RTMG 210-285] Implementing FIFO 'layer28_out_58_U(JetTaggerNN_fifo_w15_d2_S)' using Shift Registers.
INFO: [RTMG 210-285] Implementing FIFO 'layer28_out_59_U(JetTaggerNN_fifo_w15_d2_S)' using Shift Registers.
INFO: [RTMG 210-285] Implementing FIFO 'layer28_out_60_U(JetTaggerNN_fifo_w15_d2_S)' using Shift Registers.
INFO: [RTMG 210-285] Implementing FIFO 'layer28_out_61_U(JetTaggerNN_fifo_w15_d2_S)' using Shift Registers.
INFO: [RTMG 210-285] Implementing FIFO 'layer28_out_62_U(JetTaggerNN_fifo_w15_d2_S)' using Shift Registers.
INFO: [RTMG 210-285] Implementing FIFO 'layer28_out_63_U(JetTaggerNN_fifo_w15_d2_S)' using Shift Registers.
INFO: [RTMG 210-285] Implementing FIFO 'layer28_out_64_U(JetTaggerNN_fifo_w15_d2_S)' using Shift Registers.
INFO: [RTMG 210-285] Implementing FIFO 'layer28_out_65_U(JetTaggerNN_fifo_w15_d2_S)' using Shift Registers.
INFO: [RTMG 210-285] Implementing FIFO 'layer28_out_66_U(JetTaggerNN_fifo_w15_d2_S)' using Shift Registers.
INFO: [RTMG 210-285] Implementing FIFO 'layer28_out_67_U(JetTaggerNN_fifo_w15_d2_S)' using Shift Registers.
INFO: [RTMG 210-285] Implementing FIFO 'layer28_out_68_U(JetTaggerNN_fifo_w15_d2_S)' using Shift Registers.
INFO: [RTMG 210-285] Implementing FIFO 'layer28_out_69_U(JetTaggerNN_fifo_w15_d2_S)' using Shift Registers.
INFO: [RTMG 210-285] Implementing FIFO 'layer28_out_70_U(JetTaggerNN_fifo_w15_d2_S)' using Shift Registers.
INFO: [RTMG 210-285] Implementing FIFO 'layer28_out_71_U(JetTaggerNN_fifo_w15_d2_S)' using Shift Registers.
INFO: [RTMG 210-285] Implementing FIFO 'layer28_out_72_U(JetTaggerNN_fifo_w15_d2_S)' using Shift Registers.
INFO: [RTMG 210-285] Implementing FIFO 'layer28_out_73_U(JetTaggerNN_fifo_w15_d2_S)' using Shift Registers.
INFO: [RTMG 210-285] Implementing FIFO 'layer28_out_74_U(JetTaggerNN_fifo_w15_d2_S)' using Shift Registers.
INFO: [RTMG 210-285] Implementing FIFO 'layer28_out_75_U(JetTaggerNN_fifo_w15_d2_S)' using Shift Registers.
INFO: [RTMG 210-285] Implementing FIFO 'layer28_out_76_U(JetTaggerNN_fifo_w15_d2_S)' using Shift Registers.
INFO: [RTMG 210-285] Implementing FIFO 'layer28_out_77_U(JetTaggerNN_fifo_w15_d2_S)' using Shift Registers.
INFO: [RTMG 210-285] Implementing FIFO 'layer28_out_78_U(JetTaggerNN_fifo_w15_d2_S)' using Shift Registers.
INFO: [RTMG 210-285] Implementing FIFO 'layer28_out_79_U(JetTaggerNN_fifo_w15_d2_S)' using Shift Registers.
INFO: [RTMG 210-285] Implementing FIFO 'layer28_out_80_U(JetTaggerNN_fifo_w15_d2_S)' using Shift Registers.
INFO: [RTMG 210-285] Implementing FIFO 'layer28_out_81_U(JetTaggerNN_fifo_w15_d2_S)' using Shift Registers.
INFO: [RTMG 210-285] Implementing FIFO 'layer28_out_82_U(JetTaggerNN_fifo_w15_d2_S)' using Shift Registers.
INFO: [RTMG 210-285] Implementing FIFO 'layer28_out_83_U(JetTaggerNN_fifo_w15_d2_S)' using Shift Registers.
INFO: [RTMG 210-285] Implementing FIFO 'layer28_out_84_U(JetTaggerNN_fifo_w15_d2_S)' using Shift Registers.
INFO: [RTMG 210-285] Implementing FIFO 'layer28_out_85_U(JetTaggerNN_fifo_w15_d2_S)' using Shift Registers.
INFO: [RTMG 210-285] Implementing FIFO 'layer28_out_86_U(JetTaggerNN_fifo_w15_d2_S)' using Shift Registers.
INFO: [RTMG 210-285] Implementing FIFO 'layer28_out_87_U(JetTaggerNN_fifo_w15_d2_S)' using Shift Registers.
INFO: [RTMG 210-285] Implementing FIFO 'layer28_out_88_U(JetTaggerNN_fifo_w15_d2_S)' using Shift Registers.
INFO: [RTMG 210-285] Implementing FIFO 'layer28_out_89_U(JetTaggerNN_fifo_w15_d2_S)' using Shift Registers.
INFO: [RTMG 210-285] Implementing FIFO 'layer28_out_90_U(JetTaggerNN_fifo_w15_d2_S)' using Shift Registers.
INFO: [RTMG 210-285] Implementing FIFO 'layer28_out_91_U(JetTaggerNN_fifo_w15_d2_S)' using Shift Registers.
INFO: [RTMG 210-285] Implementing FIFO 'layer28_out_92_U(JetTaggerNN_fifo_w15_d2_S)' using Shift Registers.
INFO: [RTMG 210-285] Implementing FIFO 'layer28_out_93_U(JetTaggerNN_fifo_w15_d2_S)' using Shift Registers.
INFO: [RTMG 210-285] Implementing FIFO 'layer28_out_94_U(JetTaggerNN_fifo_w15_d2_S)' using Shift Registers.
INFO: [RTMG 210-285] Implementing FIFO 'layer28_out_95_U(JetTaggerNN_fifo_w15_d2_S)' using Shift Registers.
INFO: [RTMG 210-285] Implementing FIFO 'layer28_out_96_U(JetTaggerNN_fifo_w15_d2_S)' using Shift Registers.
INFO: [RTMG 210-285] Implementing FIFO 'layer28_out_97_U(JetTaggerNN_fifo_w15_d2_S)' using Shift Registers.
INFO: [RTMG 210-285] Implementing FIFO 'layer28_out_98_U(JetTaggerNN_fifo_w15_d2_S)' using Shift Registers.
INFO: [RTMG 210-285] Implementing FIFO 'layer28_out_99_U(JetTaggerNN_fifo_w15_d2_S)' using Shift Registers.
INFO: [RTMG 210-285] Implementing FIFO 'layer28_out_100_U(JetTaggerNN_fifo_w15_d2_S)' using Shift Registers.
INFO: [RTMG 210-285] Implementing FIFO 'layer28_out_101_U(JetTaggerNN_fifo_w15_d2_S)' using Shift Registers.
INFO: [RTMG 210-285] Implementing FIFO 'layer28_out_102_U(JetTaggerNN_fifo_w15_d2_S)' using Shift Registers.
INFO: [RTMG 210-285] Implementing FIFO 'layer28_out_103_U(JetTaggerNN_fifo_w15_d2_S)' using Shift Registers.
INFO: [RTMG 210-285] Implementing FIFO 'layer28_out_104_U(JetTaggerNN_fifo_w15_d2_S)' using Shift Registers.
INFO: [RTMG 210-285] Implementing FIFO 'layer28_out_105_U(JetTaggerNN_fifo_w15_d2_S)' using Shift Registers.
INFO: [RTMG 210-285] Implementing FIFO 'layer28_out_106_U(JetTaggerNN_fifo_w15_d2_S)' using Shift Registers.
INFO: [RTMG 210-285] Implementing FIFO 'layer28_out_107_U(JetTaggerNN_fifo_w15_d2_S)' using Shift Registers.
INFO: [RTMG 210-285] Implementing FIFO 'layer28_out_108_U(JetTaggerNN_fifo_w15_d2_S)' using Shift Registers.
INFO: [RTMG 210-285] Implementing FIFO 'layer28_out_109_U(JetTaggerNN_fifo_w15_d2_S)' using Shift Registers.
INFO: [RTMG 210-285] Implementing FIFO 'layer28_out_110_U(JetTaggerNN_fifo_w15_d2_S)' using Shift Registers.
INFO: [RTMG 210-285] Implementing FIFO 'layer28_out_111_U(JetTaggerNN_fifo_w15_d2_S)' using Shift Registers.
INFO: [RTMG 210-285] Implementing FIFO 'layer28_out_112_U(JetTaggerNN_fifo_w15_d2_S)' using Shift Registers.
INFO: [RTMG 210-285] Implementing FIFO 'layer28_out_113_U(JetTaggerNN_fifo_w15_d2_S)' using Shift Registers.
INFO: [RTMG 210-285] Implementing FIFO 'layer28_out_114_U(JetTaggerNN_fifo_w15_d2_S)' using Shift Registers.
INFO: [RTMG 210-285] Implementing FIFO 'layer28_out_115_U(JetTaggerNN_fifo_w15_d2_S)' using Shift Registers.
INFO: [RTMG 210-285] Implementing FIFO 'layer28_out_116_U(JetTaggerNN_fifo_w15_d2_S)' using Shift Registers.
INFO: [RTMG 210-285] Implementing FIFO 'layer28_out_117_U(JetTaggerNN_fifo_w15_d2_S)' using Shift Registers.
INFO: [RTMG 210-285] Implementing FIFO 'layer28_out_118_U(JetTaggerNN_fifo_w15_d2_S)' using Shift Registers.
INFO: [RTMG 210-285] Implementing FIFO 'layer28_out_119_U(JetTaggerNN_fifo_w15_d2_S)' using Shift Registers.
INFO: [RTMG 210-285] Implementing FIFO 'layer28_out_120_U(JetTaggerNN_fifo_w15_d2_S)' using Shift Registers.
INFO: [RTMG 210-285] Implementing FIFO 'layer28_out_121_U(JetTaggerNN_fifo_w15_d2_S)' using Shift Registers.
INFO: [RTMG 210-285] Implementing FIFO 'layer28_out_122_U(JetTaggerNN_fifo_w15_d2_S)' using Shift Registers.
INFO: [RTMG 210-285] Implementing FIFO 'layer28_out_123_U(JetTaggerNN_fifo_w15_d2_S)' using Shift Registers.
INFO: [RTMG 210-285] Implementing FIFO 'layer28_out_124_U(JetTaggerNN_fifo_w15_d2_S)' using Shift Registers.
INFO: [RTMG 210-285] Implementing FIFO 'layer28_out_125_U(JetTaggerNN_fifo_w15_d2_S)' using Shift Registers.
INFO: [RTMG 210-285] Implementing FIFO 'layer28_out_126_U(JetTaggerNN_fifo_w15_d2_S)' using Shift Registers.
INFO: [RTMG 210-285] Implementing FIFO 'layer28_out_127_U(JetTaggerNN_fifo_w15_d2_S)' using Shift Registers.
INFO: [RTMG 210-285] Implementing FIFO 'layer28_out_128_U(JetTaggerNN_fifo_w15_d2_S)' using Shift Registers.
INFO: [RTMG 210-285] Implementing FIFO 'layer28_out_129_U(JetTaggerNN_fifo_w15_d2_S)' using Shift Registers.
INFO: [RTMG 210-285] Implementing FIFO 'layer28_out_130_U(JetTaggerNN_fifo_w15_d2_S)' using Shift Registers.
INFO: [RTMG 210-285] Implementing FIFO 'layer28_out_131_U(JetTaggerNN_fifo_w15_d2_S)' using Shift Registers.
INFO: [RTMG 210-285] Implementing FIFO 'layer28_out_132_U(JetTaggerNN_fifo_w15_d2_S)' using Shift Registers.
INFO: [RTMG 210-285] Implementing FIFO 'layer28_out_133_U(JetTaggerNN_fifo_w15_d2_S)' using Shift Registers.
INFO: [RTMG 210-285] Implementing FIFO 'layer28_out_134_U(JetTaggerNN_fifo_w15_d2_S)' using Shift Registers.
INFO: [RTMG 210-285] Implementing FIFO 'layer28_out_135_U(JetTaggerNN_fifo_w15_d2_S)' using Shift Registers.
INFO: [RTMG 210-285] Implementing FIFO 'layer28_out_136_U(JetTaggerNN_fifo_w15_d2_S)' using Shift Registers.
INFO: [RTMG 210-285] Implementing FIFO 'layer28_out_137_U(JetTaggerNN_fifo_w15_d2_S)' using Shift Registers.
INFO: [RTMG 210-285] Implementing FIFO 'layer28_out_138_U(JetTaggerNN_fifo_w15_d2_S)' using Shift Registers.
INFO: [RTMG 210-285] Implementing FIFO 'layer28_out_139_U(JetTaggerNN_fifo_w15_d2_S)' using Shift Registers.
INFO: [RTMG 210-285] Implementing FIFO 'layer28_out_140_U(JetTaggerNN_fifo_w15_d2_S)' using Shift Registers.
INFO: [RTMG 210-285] Implementing FIFO 'layer28_out_141_U(JetTaggerNN_fifo_w15_d2_S)' using Shift Registers.
INFO: [RTMG 210-285] Implementing FIFO 'layer28_out_142_U(JetTaggerNN_fifo_w15_d2_S)' using Shift Registers.
INFO: [RTMG 210-285] Implementing FIFO 'layer28_out_143_U(JetTaggerNN_fifo_w15_d2_S)' using Shift Registers.
INFO: [RTMG 210-285] Implementing FIFO 'layer28_out_144_U(JetTaggerNN_fifo_w15_d2_S)' using Shift Registers.
INFO: [RTMG 210-285] Implementing FIFO 'layer28_out_145_U(JetTaggerNN_fifo_w15_d2_S)' using Shift Registers.
INFO: [RTMG 210-285] Implementing FIFO 'layer28_out_146_U(JetTaggerNN_fifo_w15_d2_S)' using Shift Registers.
INFO: [RTMG 210-285] Implementing FIFO 'layer28_out_147_U(JetTaggerNN_fifo_w15_d2_S)' using Shift Registers.
INFO: [RTMG 210-285] Implementing FIFO 'layer28_out_148_U(JetTaggerNN_fifo_w15_d2_S)' using Shift Registers.
INFO: [RTMG 210-285] Implementing FIFO 'layer28_out_149_U(JetTaggerNN_fifo_w15_d2_S)' using Shift Registers.
INFO: [RTMG 210-285] Implementing FIFO 'layer28_out_150_U(JetTaggerNN_fifo_w15_d2_S)' using Shift Registers.
INFO: [RTMG 210-285] Implementing FIFO 'layer28_out_151_U(JetTaggerNN_fifo_w15_d2_S)' using Shift Registers.
INFO: [RTMG 210-285] Implementing FIFO 'layer28_out_152_U(JetTaggerNN_fifo_w15_d2_S)' using Shift Registers.
INFO: [RTMG 210-285] Implementing FIFO 'layer28_out_153_U(JetTaggerNN_fifo_w15_d2_S)' using Shift Registers.
INFO: [RTMG 210-285] Implementing FIFO 'layer28_out_154_U(JetTaggerNN_fifo_w15_d2_S)' using Shift Registers.
INFO: [RTMG 210-285] Implementing FIFO 'layer28_out_155_U(JetTaggerNN_fifo_w15_d2_S)' using Shift Registers.
INFO: [RTMG 210-285] Implementing FIFO 'layer28_out_156_U(JetTaggerNN_fifo_w15_d2_S)' using Shift Registers.
INFO: [RTMG 210-285] Implementing FIFO 'layer28_out_157_U(JetTaggerNN_fifo_w15_d2_S)' using Shift Registers.
INFO: [RTMG 210-285] Implementing FIFO 'layer28_out_158_U(JetTaggerNN_fifo_w15_d2_S)' using Shift Registers.
INFO: [RTMG 210-285] Implementing FIFO 'layer28_out_159_U(JetTaggerNN_fifo_w15_d2_S)' using Shift Registers.
INFO: [RTMG 210-285] Implementing FIFO 'layer28_out_160_U(JetTaggerNN_fifo_w15_d2_S)' using Shift Registers.
INFO: [RTMG 210-285] Implementing FIFO 'layer28_out_161_U(JetTaggerNN_fifo_w15_d2_S)' using Shift Registers.
INFO: [RTMG 210-285] Implementing FIFO 'layer28_out_162_U(JetTaggerNN_fifo_w15_d2_S)' using Shift Registers.
INFO: [RTMG 210-285] Implementing FIFO 'layer28_out_163_U(JetTaggerNN_fifo_w15_d2_S)' using Shift Registers.
INFO: [RTMG 210-285] Implementing FIFO 'layer28_out_164_U(JetTaggerNN_fifo_w15_d2_S)' using Shift Registers.
INFO: [RTMG 210-285] Implementing FIFO 'layer28_out_165_U(JetTaggerNN_fifo_w15_d2_S)' using Shift Registers.
INFO: [RTMG 210-285] Implementing FIFO 'layer28_out_166_U(JetTaggerNN_fifo_w15_d2_S)' using Shift Registers.
INFO: [RTMG 210-285] Implementing FIFO 'layer28_out_167_U(JetTaggerNN_fifo_w15_d2_S)' using Shift Registers.
INFO: [RTMG 210-285] Implementing FIFO 'layer28_out_168_U(JetTaggerNN_fifo_w15_d2_S)' using Shift Registers.
INFO: [RTMG 210-285] Implementing FIFO 'layer28_out_169_U(JetTaggerNN_fifo_w15_d2_S)' using Shift Registers.
INFO: [RTMG 210-285] Implementing FIFO 'layer28_out_170_U(JetTaggerNN_fifo_w15_d2_S)' using Shift Registers.
INFO: [RTMG 210-285] Implementing FIFO 'layer28_out_171_U(JetTaggerNN_fifo_w15_d2_S)' using Shift Registers.
INFO: [RTMG 210-285] Implementing FIFO 'layer28_out_172_U(JetTaggerNN_fifo_w15_d2_S)' using Shift Registers.
INFO: [RTMG 210-285] Implementing FIFO 'layer28_out_173_U(JetTaggerNN_fifo_w15_d2_S)' using Shift Registers.
INFO: [RTMG 210-285] Implementing FIFO 'layer28_out_174_U(JetTaggerNN_fifo_w15_d2_S)' using Shift Registers.
INFO: [RTMG 210-285] Implementing FIFO 'layer28_out_175_U(JetTaggerNN_fifo_w15_d2_S)' using Shift Registers.
INFO: [RTMG 210-285] Implementing FIFO 'layer28_out_176_U(JetTaggerNN_fifo_w15_d2_S)' using Shift Registers.
INFO: [RTMG 210-285] Implementing FIFO 'layer28_out_177_U(JetTaggerNN_fifo_w15_d2_S)' using Shift Registers.
INFO: [RTMG 210-285] Implementing FIFO 'layer28_out_178_U(JetTaggerNN_fifo_w15_d2_S)' using Shift Registers.
INFO: [RTMG 210-285] Implementing FIFO 'layer28_out_179_U(JetTaggerNN_fifo_w15_d2_S)' using Shift Registers.
INFO: [RTMG 210-285] Implementing FIFO 'layer28_out_180_U(JetTaggerNN_fifo_w15_d2_S)' using Shift Registers.
INFO: [RTMG 210-285] Implementing FIFO 'layer28_out_181_U(JetTaggerNN_fifo_w15_d2_S)' using Shift Registers.
INFO: [RTMG 210-285] Implementing FIFO 'layer28_out_182_U(JetTaggerNN_fifo_w15_d2_S)' using Shift Registers.
INFO: [RTMG 210-285] Implementing FIFO 'layer28_out_183_U(JetTaggerNN_fifo_w15_d2_S)' using Shift Registers.
INFO: [RTMG 210-285] Implementing FIFO 'layer28_out_184_U(JetTaggerNN_fifo_w15_d2_S)' using Shift Registers.
INFO: [RTMG 210-285] Implementing FIFO 'layer28_out_185_U(JetTaggerNN_fifo_w15_d2_S)' using Shift Registers.
INFO: [RTMG 210-285] Implementing FIFO 'layer28_out_186_U(JetTaggerNN_fifo_w15_d2_S)' using Shift Registers.
INFO: [RTMG 210-285] Implementing FIFO 'layer28_out_187_U(JetTaggerNN_fifo_w15_d2_S)' using Shift Registers.
INFO: [RTMG 210-285] Implementing FIFO 'layer28_out_188_U(JetTaggerNN_fifo_w15_d2_S)' using Shift Registers.
INFO: [RTMG 210-285] Implementing FIFO 'layer28_out_189_U(JetTaggerNN_fifo_w15_d2_S)' using Shift Registers.
INFO: [RTMG 210-285] Implementing FIFO 'layer28_out_190_U(JetTaggerNN_fifo_w15_d2_S)' using Shift Registers.
INFO: [RTMG 210-285] Implementing FIFO 'layer28_out_191_U(JetTaggerNN_fifo_w15_d2_S)' using Shift Registers.
INFO: [RTMG 210-285] Implementing FIFO 'layer28_out_192_U(JetTaggerNN_fifo_w15_d2_S)' using Shift Registers.
INFO: [RTMG 210-285] Implementing FIFO 'layer28_out_193_U(JetTaggerNN_fifo_w15_d2_S)' using Shift Registers.
INFO: [RTMG 210-285] Implementing FIFO 'layer28_out_194_U(JetTaggerNN_fifo_w15_d2_S)' using Shift Registers.
INFO: [RTMG 210-285] Implementing FIFO 'layer28_out_195_U(JetTaggerNN_fifo_w15_d2_S)' using Shift Registers.
INFO: [RTMG 210-285] Implementing FIFO 'layer28_out_196_U(JetTaggerNN_fifo_w15_d2_S)' using Shift Registers.
INFO: [RTMG 210-285] Implementing FIFO 'layer28_out_197_U(JetTaggerNN_fifo_w15_d2_S)' using Shift Registers.
INFO: [RTMG 210-285] Implementing FIFO 'layer28_out_198_U(JetTaggerNN_fifo_w15_d2_S)' using Shift Registers.
INFO: [RTMG 210-285] Implementing FIFO 'layer28_out_199_U(JetTaggerNN_fifo_w15_d2_S)' using Shift Registers.
INFO: [RTMG 210-285] Implementing FIFO 'layer28_out_200_U(JetTaggerNN_fifo_w15_d2_S)' using Shift Registers.
INFO: [RTMG 210-285] Implementing FIFO 'layer28_out_201_U(JetTaggerNN_fifo_w15_d2_S)' using Shift Registers.
INFO: [RTMG 210-285] Implementing FIFO 'layer28_out_202_U(JetTaggerNN_fifo_w15_d2_S)' using Shift Registers.
INFO: [RTMG 210-285] Implementing FIFO 'layer28_out_203_U(JetTaggerNN_fifo_w15_d2_S)' using Shift Registers.
INFO: [RTMG 210-285] Implementing FIFO 'layer28_out_204_U(JetTaggerNN_fifo_w15_d2_S)' using Shift Registers.
INFO: [RTMG 210-285] Implementing FIFO 'layer28_out_205_U(JetTaggerNN_fifo_w15_d2_S)' using Shift Registers.
INFO: [RTMG 210-285] Implementing FIFO 'layer28_out_206_U(JetTaggerNN_fifo_w15_d2_S)' using Shift Registers.
INFO: [RTMG 210-285] Implementing FIFO 'layer28_out_207_U(JetTaggerNN_fifo_w15_d2_S)' using Shift Registers.
INFO: [RTMG 210-285] Implementing FIFO 'layer28_out_208_U(JetTaggerNN_fifo_w15_d2_S)' using Shift Registers.
INFO: [RTMG 210-285] Implementing FIFO 'layer28_out_209_U(JetTaggerNN_fifo_w15_d2_S)' using Shift Registers.
INFO: [RTMG 210-285] Implementing FIFO 'layer28_out_210_U(JetTaggerNN_fifo_w15_d2_S)' using Shift Registers.
INFO: [RTMG 210-285] Implementing FIFO 'layer28_out_211_U(JetTaggerNN_fifo_w15_d2_S)' using Shift Registers.
INFO: [RTMG 210-285] Implementing FIFO 'layer28_out_212_U(JetTaggerNN_fifo_w15_d2_S)' using Shift Registers.
INFO: [RTMG 210-285] Implementing FIFO 'layer28_out_213_U(JetTaggerNN_fifo_w15_d2_S)' using Shift Registers.
INFO: [RTMG 210-285] Implementing FIFO 'layer28_out_214_U(JetTaggerNN_fifo_w15_d2_S)' using Shift Registers.
INFO: [RTMG 210-285] Implementing FIFO 'layer28_out_215_U(JetTaggerNN_fifo_w15_d2_S)' using Shift Registers.
INFO: [RTMG 210-285] Implementing FIFO 'layer28_out_216_U(JetTaggerNN_fifo_w15_d2_S)' using Shift Registers.
INFO: [RTMG 210-285] Implementing FIFO 'layer28_out_217_U(JetTaggerNN_fifo_w15_d2_S)' using Shift Registers.
INFO: [RTMG 210-285] Implementing FIFO 'layer28_out_218_U(JetTaggerNN_fifo_w15_d2_S)' using Shift Registers.
INFO: [RTMG 210-285] Implementing FIFO 'layer28_out_219_U(JetTaggerNN_fifo_w15_d2_S)' using Shift Registers.
INFO: [RTMG 210-285] Implementing FIFO 'layer28_out_220_U(JetTaggerNN_fifo_w15_d2_S)' using Shift Registers.
INFO: [RTMG 210-285] Implementing FIFO 'layer28_out_221_U(JetTaggerNN_fifo_w15_d2_S)' using Shift Registers.
INFO: [RTMG 210-285] Implementing FIFO 'layer28_out_222_U(JetTaggerNN_fifo_w15_d2_S)' using Shift Registers.
INFO: [RTMG 210-285] Implementing FIFO 'layer28_out_223_U(JetTaggerNN_fifo_w15_d2_S)' using Shift Registers.
INFO: [RTMG 210-285] Implementing FIFO 'layer28_out_224_U(JetTaggerNN_fifo_w15_d2_S)' using Shift Registers.
INFO: [RTMG 210-285] Implementing FIFO 'layer28_out_225_U(JetTaggerNN_fifo_w15_d2_S)' using Shift Registers.
INFO: [RTMG 210-285] Implementing FIFO 'layer28_out_226_U(JetTaggerNN_fifo_w15_d2_S)' using Shift Registers.
INFO: [RTMG 210-285] Implementing FIFO 'layer28_out_227_U(JetTaggerNN_fifo_w15_d2_S)' using Shift Registers.
INFO: [RTMG 210-285] Implementing FIFO 'layer28_out_228_U(JetTaggerNN_fifo_w15_d2_S)' using Shift Registers.
INFO: [RTMG 210-285] Implementing FIFO 'layer28_out_229_U(JetTaggerNN_fifo_w15_d2_S)' using Shift Registers.
INFO: [RTMG 210-285] Implementing FIFO 'layer28_out_230_U(JetTaggerNN_fifo_w15_d2_S)' using Shift Registers.
INFO: [RTMG 210-285] Implementing FIFO 'layer28_out_231_U(JetTaggerNN_fifo_w15_d2_S)' using Shift Registers.
INFO: [RTMG 210-285] Implementing FIFO 'layer28_out_232_U(JetTaggerNN_fifo_w15_d2_S)' using Shift Registers.
INFO: [RTMG 210-285] Implementing FIFO 'layer28_out_233_U(JetTaggerNN_fifo_w15_d2_S)' using Shift Registers.
INFO: [RTMG 210-285] Implementing FIFO 'layer28_out_234_U(JetTaggerNN_fifo_w15_d2_S)' using Shift Registers.
INFO: [RTMG 210-285] Implementing FIFO 'layer28_out_235_U(JetTaggerNN_fifo_w15_d2_S)' using Shift Registers.
INFO: [RTMG 210-285] Implementing FIFO 'layer28_out_236_U(JetTaggerNN_fifo_w15_d2_S)' using Shift Registers.
INFO: [RTMG 210-285] Implementing FIFO 'layer28_out_237_U(JetTaggerNN_fifo_w15_d2_S)' using Shift Registers.
INFO: [RTMG 210-285] Implementing FIFO 'layer28_out_238_U(JetTaggerNN_fifo_w15_d2_S)' using Shift Registers.
INFO: [RTMG 210-285] Implementing FIFO 'layer28_out_239_U(JetTaggerNN_fifo_w15_d2_S)' using Shift Registers.
INFO: [RTMG 210-285] Implementing FIFO 'layer28_out_240_U(JetTaggerNN_fifo_w15_d2_S)' using Shift Registers.
INFO: [RTMG 210-285] Implementing FIFO 'layer28_out_241_U(JetTaggerNN_fifo_w15_d2_S)' using Shift Registers.
INFO: [RTMG 210-285] Implementing FIFO 'layer28_out_242_U(JetTaggerNN_fifo_w15_d2_S)' using Shift Registers.
INFO: [RTMG 210-285] Implementing FIFO 'layer28_out_243_U(JetTaggerNN_fifo_w15_d2_S)' using Shift Registers.
INFO: [RTMG 210-285] Implementing FIFO 'layer28_out_244_U(JetTaggerNN_fifo_w15_d2_S)' using Shift Registers.
INFO: [RTMG 210-285] Implementing FIFO 'layer28_out_245_U(JetTaggerNN_fifo_w15_d2_S)' using Shift Registers.
INFO: [RTMG 210-285] Implementing FIFO 'layer28_out_246_U(JetTaggerNN_fifo_w15_d2_S)' using Shift Registers.
INFO: [RTMG 210-285] Implementing FIFO 'layer28_out_247_U(JetTaggerNN_fifo_w15_d2_S)' using Shift Registers.
INFO: [RTMG 210-285] Implementing FIFO 'layer28_out_248_U(JetTaggerNN_fifo_w15_d2_S)' using Shift Registers.
INFO: [RTMG 210-285] Implementing FIFO 'layer28_out_249_U(JetTaggerNN_fifo_w15_d2_S)' using Shift Registers.
INFO: [RTMG 210-285] Implementing FIFO 'layer28_out_250_U(JetTaggerNN_fifo_w15_d2_S)' using Shift Registers.
INFO: [RTMG 210-285] Implementing FIFO 'layer28_out_251_U(JetTaggerNN_fifo_w15_d2_S)' using Shift Registers.
INFO: [RTMG 210-285] Implementing FIFO 'layer28_out_252_U(JetTaggerNN_fifo_w15_d2_S)' using Shift Registers.
INFO: [RTMG 210-285] Implementing FIFO 'layer28_out_253_U(JetTaggerNN_fifo_w15_d2_S)' using Shift Registers.
INFO: [RTMG 210-285] Implementing FIFO 'layer28_out_254_U(JetTaggerNN_fifo_w15_d2_S)' using Shift Registers.
INFO: [RTMG 210-285] Implementing FIFO 'layer28_out_255_U(JetTaggerNN_fifo_w15_d2_S)' using Shift Registers.
INFO: [RTMG 210-285] Implementing FIFO 'layer28_out_256_U(JetTaggerNN_fifo_w15_d2_S)' using Shift Registers.
INFO: [RTMG 210-285] Implementing FIFO 'layer28_out_257_U(JetTaggerNN_fifo_w15_d2_S)' using Shift Registers.
INFO: [RTMG 210-285] Implementing FIFO 'layer28_out_258_U(JetTaggerNN_fifo_w15_d2_S)' using Shift Registers.
INFO: [RTMG 210-285] Implementing FIFO 'layer28_out_259_U(JetTaggerNN_fifo_w15_d2_S)' using Shift Registers.
INFO: [RTMG 210-285] Implementing FIFO 'layer28_out_260_U(JetTaggerNN_fifo_w15_d2_S)' using Shift Registers.
INFO: [RTMG 210-285] Implementing FIFO 'layer28_out_261_U(JetTaggerNN_fifo_w15_d2_S)' using Shift Registers.
INFO: [RTMG 210-285] Implementing FIFO 'layer28_out_262_U(JetTaggerNN_fifo_w15_d2_S)' using Shift Registers.
INFO: [RTMG 210-285] Implementing FIFO 'layer28_out_263_U(JetTaggerNN_fifo_w15_d2_S)' using Shift Registers.
INFO: [RTMG 210-285] Implementing FIFO 'layer28_out_264_U(JetTaggerNN_fifo_w15_d2_S)' using Shift Registers.
INFO: [RTMG 210-285] Implementing FIFO 'layer28_out_265_U(JetTaggerNN_fifo_w15_d2_S)' using Shift Registers.
INFO: [RTMG 210-285] Implementing FIFO 'layer28_out_266_U(JetTaggerNN_fifo_w15_d2_S)' using Shift Registers.
INFO: [RTMG 210-285] Implementing FIFO 'layer28_out_267_U(JetTaggerNN_fifo_w15_d2_S)' using Shift Registers.
INFO: [RTMG 210-285] Implementing FIFO 'layer28_out_268_U(JetTaggerNN_fifo_w15_d2_S)' using Shift Registers.
INFO: [RTMG 210-285] Implementing FIFO 'layer28_out_269_U(JetTaggerNN_fifo_w15_d2_S)' using Shift Registers.
INFO: [RTMG 210-285] Implementing FIFO 'layer28_out_270_U(JetTaggerNN_fifo_w15_d2_S)' using Shift Registers.
INFO: [RTMG 210-285] Implementing FIFO 'layer28_out_271_U(JetTaggerNN_fifo_w15_d2_S)' using Shift Registers.
INFO: [RTMG 210-285] Implementing FIFO 'layer28_out_272_U(JetTaggerNN_fifo_w15_d2_S)' using Shift Registers.
INFO: [RTMG 210-285] Implementing FIFO 'layer28_out_273_U(JetTaggerNN_fifo_w15_d2_S)' using Shift Registers.
INFO: [RTMG 210-285] Implementing FIFO 'layer28_out_274_U(JetTaggerNN_fifo_w15_d2_S)' using Shift Registers.
INFO: [RTMG 210-285] Implementing FIFO 'layer28_out_275_U(JetTaggerNN_fifo_w15_d2_S)' using Shift Registers.
INFO: [RTMG 210-285] Implementing FIFO 'layer28_out_276_U(JetTaggerNN_fifo_w15_d2_S)' using Shift Registers.
INFO: [RTMG 210-285] Implementing FIFO 'layer28_out_277_U(JetTaggerNN_fifo_w15_d2_S)' using Shift Registers.
INFO: [RTMG 210-285] Implementing FIFO 'layer28_out_278_U(JetTaggerNN_fifo_w15_d2_S)' using Shift Registers.
INFO: [RTMG 210-285] Implementing FIFO 'layer28_out_279_U(JetTaggerNN_fifo_w15_d2_S)' using Shift Registers.
INFO: [RTMG 210-285] Implementing FIFO 'layer28_out_280_U(JetTaggerNN_fifo_w15_d2_S)' using Shift Registers.
INFO: [RTMG 210-285] Implementing FIFO 'layer28_out_281_U(JetTaggerNN_fifo_w15_d2_S)' using Shift Registers.
INFO: [RTMG 210-285] Implementing FIFO 'layer28_out_282_U(JetTaggerNN_fifo_w15_d2_S)' using Shift Registers.
INFO: [RTMG 210-285] Implementing FIFO 'layer28_out_283_U(JetTaggerNN_fifo_w15_d2_S)' using Shift Registers.
INFO: [RTMG 210-285] Implementing FIFO 'layer28_out_284_U(JetTaggerNN_fifo_w15_d2_S)' using Shift Registers.
INFO: [RTMG 210-285] Implementing FIFO 'layer28_out_285_U(JetTaggerNN_fifo_w15_d2_S)' using Shift Registers.
INFO: [RTMG 210-285] Implementing FIFO 'layer28_out_286_U(JetTaggerNN_fifo_w15_d2_S)' using Shift Registers.
INFO: [RTMG 210-285] Implementing FIFO 'layer28_out_287_U(JetTaggerNN_fifo_w15_d2_S)' using Shift Registers.
INFO: [RTMG 210-285] Implementing FIFO 'layer28_out_288_U(JetTaggerNN_fifo_w15_d2_S)' using Shift Registers.
INFO: [RTMG 210-285] Implementing FIFO 'layer28_out_289_U(JetTaggerNN_fifo_w15_d2_S)' using Shift Registers.
INFO: [RTMG 210-285] Implementing FIFO 'layer28_out_290_U(JetTaggerNN_fifo_w15_d2_S)' using Shift Registers.
INFO: [RTMG 210-285] Implementing FIFO 'layer28_out_291_U(JetTaggerNN_fifo_w15_d2_S)' using Shift Registers.
INFO: [RTMG 210-285] Implementing FIFO 'layer28_out_292_U(JetTaggerNN_fifo_w15_d2_S)' using Shift Registers.
INFO: [RTMG 210-285] Implementing FIFO 'layer28_out_293_U(JetTaggerNN_fifo_w15_d2_S)' using Shift Registers.
INFO: [RTMG 210-285] Implementing FIFO 'layer28_out_294_U(JetTaggerNN_fifo_w15_d2_S)' using Shift Registers.
INFO: [RTMG 210-285] Implementing FIFO 'layer28_out_295_U(JetTaggerNN_fifo_w15_d2_S)' using Shift Registers.
INFO: [RTMG 210-285] Implementing FIFO 'layer28_out_296_U(JetTaggerNN_fifo_w15_d2_S)' using Shift Registers.
INFO: [RTMG 210-285] Implementing FIFO 'layer28_out_297_U(JetTaggerNN_fifo_w15_d2_S)' using Shift Registers.
INFO: [RTMG 210-285] Implementing FIFO 'layer28_out_298_U(JetTaggerNN_fifo_w15_d2_S)' using Shift Registers.
INFO: [RTMG 210-285] Implementing FIFO 'layer28_out_299_U(JetTaggerNN_fifo_w15_d2_S)' using Shift Registers.
INFO: [RTMG 210-285] Implementing FIFO 'layer28_out_300_U(JetTaggerNN_fifo_w15_d2_S)' using Shift Registers.
INFO: [RTMG 210-285] Implementing FIFO 'layer28_out_301_U(JetTaggerNN_fifo_w15_d2_S)' using Shift Registers.
INFO: [RTMG 210-285] Implementing FIFO 'layer28_out_302_U(JetTaggerNN_fifo_w15_d2_S)' using Shift Registers.
INFO: [RTMG 210-285] Implementing FIFO 'layer28_out_303_U(JetTaggerNN_fifo_w15_d2_S)' using Shift Registers.
INFO: [RTMG 210-285] Implementing FIFO 'layer28_out_304_U(JetTaggerNN_fifo_w15_d2_S)' using Shift Registers.
INFO: [RTMG 210-285] Implementing FIFO 'layer28_out_305_U(JetTaggerNN_fifo_w15_d2_S)' using Shift Registers.
INFO: [RTMG 210-285] Implementing FIFO 'layer28_out_306_U(JetTaggerNN_fifo_w15_d2_S)' using Shift Registers.
INFO: [RTMG 210-285] Implementing FIFO 'layer28_out_307_U(JetTaggerNN_fifo_w15_d2_S)' using Shift Registers.
INFO: [RTMG 210-285] Implementing FIFO 'layer28_out_308_U(JetTaggerNN_fifo_w15_d2_S)' using Shift Registers.
INFO: [RTMG 210-285] Implementing FIFO 'layer28_out_309_U(JetTaggerNN_fifo_w15_d2_S)' using Shift Registers.
INFO: [RTMG 210-285] Implementing FIFO 'layer28_out_310_U(JetTaggerNN_fifo_w15_d2_S)' using Shift Registers.
INFO: [RTMG 210-285] Implementing FIFO 'layer28_out_311_U(JetTaggerNN_fifo_w15_d2_S)' using Shift Registers.
INFO: [RTMG 210-285] Implementing FIFO 'layer28_out_312_U(JetTaggerNN_fifo_w15_d2_S)' using Shift Registers.
INFO: [RTMG 210-285] Implementing FIFO 'layer28_out_313_U(JetTaggerNN_fifo_w15_d2_S)' using Shift Registers.
INFO: [RTMG 210-285] Implementing FIFO 'layer28_out_314_U(JetTaggerNN_fifo_w15_d2_S)' using Shift Registers.
INFO: [RTMG 210-285] Implementing FIFO 'layer28_out_315_U(JetTaggerNN_fifo_w15_d2_S)' using Shift Registers.
INFO: [RTMG 210-285] Implementing FIFO 'layer28_out_316_U(JetTaggerNN_fifo_w15_d2_S)' using Shift Registers.
INFO: [RTMG 210-285] Implementing FIFO 'layer28_out_317_U(JetTaggerNN_fifo_w15_d2_S)' using Shift Registers.
INFO: [RTMG 210-285] Implementing FIFO 'layer28_out_318_U(JetTaggerNN_fifo_w15_d2_S)' using Shift Registers.
INFO: [RTMG 210-285] Implementing FIFO 'layer28_out_319_U(JetTaggerNN_fifo_w15_d2_S)' using Shift Registers.
INFO: [RTMG 210-285] Implementing FIFO 'layer28_out_320_U(JetTaggerNN_fifo_w15_d2_S)' using Shift Registers.
INFO: [RTMG 210-285] Implementing FIFO 'layer28_out_321_U(JetTaggerNN_fifo_w15_d2_S)' using Shift Registers.
INFO: [RTMG 210-285] Implementing FIFO 'layer28_out_322_U(JetTaggerNN_fifo_w15_d2_S)' using Shift Registers.
INFO: [RTMG 210-285] Implementing FIFO 'layer28_out_323_U(JetTaggerNN_fifo_w15_d2_S)' using Shift Registers.
INFO: [RTMG 210-285] Implementing FIFO 'layer28_out_324_U(JetTaggerNN_fifo_w15_d2_S)' using Shift Registers.
INFO: [RTMG 210-285] Implementing FIFO 'layer28_out_325_U(JetTaggerNN_fifo_w15_d2_S)' using Shift Registers.
INFO: [RTMG 210-285] Implementing FIFO 'layer28_out_326_U(JetTaggerNN_fifo_w15_d2_S)' using Shift Registers.
INFO: [RTMG 210-285] Implementing FIFO 'layer28_out_327_U(JetTaggerNN_fifo_w15_d2_S)' using Shift Registers.
INFO: [RTMG 210-285] Implementing FIFO 'layer28_out_328_U(JetTaggerNN_fifo_w15_d2_S)' using Shift Registers.
INFO: [RTMG 210-285] Implementing FIFO 'layer28_out_329_U(JetTaggerNN_fifo_w15_d2_S)' using Shift Registers.
INFO: [RTMG 210-285] Implementing FIFO 'layer28_out_330_U(JetTaggerNN_fifo_w15_d2_S)' using Shift Registers.
INFO: [RTMG 210-285] Implementing FIFO 'layer28_out_331_U(JetTaggerNN_fifo_w15_d2_S)' using Shift Registers.
INFO: [RTMG 210-285] Implementing FIFO 'layer28_out_332_U(JetTaggerNN_fifo_w15_d2_S)' using Shift Registers.
INFO: [RTMG 210-285] Implementing FIFO 'layer28_out_333_U(JetTaggerNN_fifo_w15_d2_S)' using Shift Registers.
INFO: [RTMG 210-285] Implementing FIFO 'layer28_out_334_U(JetTaggerNN_fifo_w15_d2_S)' using Shift Registers.
INFO: [RTMG 210-285] Implementing FIFO 'layer28_out_335_U(JetTaggerNN_fifo_w15_d2_S)' using Shift Registers.
INFO: [RTMG 210-285] Implementing FIFO 'layer28_out_336_U(JetTaggerNN_fifo_w15_d2_S)' using Shift Registers.
INFO: [RTMG 210-285] Implementing FIFO 'layer28_out_337_U(JetTaggerNN_fifo_w15_d2_S)' using Shift Registers.
INFO: [RTMG 210-285] Implementing FIFO 'layer28_out_338_U(JetTaggerNN_fifo_w15_d2_S)' using Shift Registers.
INFO: [RTMG 210-285] Implementing FIFO 'layer28_out_339_U(JetTaggerNN_fifo_w15_d2_S)' using Shift Registers.
INFO: [RTMG 210-285] Implementing FIFO 'layer28_out_340_U(JetTaggerNN_fifo_w15_d2_S)' using Shift Registers.
INFO: [RTMG 210-285] Implementing FIFO 'layer28_out_341_U(JetTaggerNN_fifo_w15_d2_S)' using Shift Registers.
INFO: [RTMG 210-285] Implementing FIFO 'layer28_out_342_U(JetTaggerNN_fifo_w15_d2_S)' using Shift Registers.
INFO: [RTMG 210-285] Implementing FIFO 'layer28_out_343_U(JetTaggerNN_fifo_w15_d2_S)' using Shift Registers.
INFO: [RTMG 210-285] Implementing FIFO 'layer28_out_344_U(JetTaggerNN_fifo_w15_d2_S)' using Shift Registers.
INFO: [RTMG 210-285] Implementing FIFO 'layer28_out_345_U(JetTaggerNN_fifo_w15_d2_S)' using Shift Registers.
INFO: [RTMG 210-285] Implementing FIFO 'layer28_out_346_U(JetTaggerNN_fifo_w15_d2_S)' using Shift Registers.
INFO: [RTMG 210-285] Implementing FIFO 'layer28_out_347_U(JetTaggerNN_fifo_w15_d2_S)' using Shift Registers.
INFO: [RTMG 210-285] Implementing FIFO 'layer28_out_348_U(JetTaggerNN_fifo_w15_d2_S)' using Shift Registers.
INFO: [RTMG 210-285] Implementing FIFO 'layer28_out_349_U(JetTaggerNN_fifo_w15_d2_S)' using Shift Registers.
INFO: [RTMG 210-285] Implementing FIFO 'layer28_out_350_U(JetTaggerNN_fifo_w15_d2_S)' using Shift Registers.
INFO: [RTMG 210-285] Implementing FIFO 'layer28_out_351_U(JetTaggerNN_fifo_w15_d2_S)' using Shift Registers.
INFO: [RTMG 210-285] Implementing FIFO 'layer28_out_352_U(JetTaggerNN_fifo_w15_d2_S)' using Shift Registers.
INFO: [RTMG 210-285] Implementing FIFO 'layer28_out_353_U(JetTaggerNN_fifo_w15_d2_S)' using Shift Registers.
INFO: [RTMG 210-285] Implementing FIFO 'layer28_out_354_U(JetTaggerNN_fifo_w15_d2_S)' using Shift Registers.
INFO: [RTMG 210-285] Implementing FIFO 'layer28_out_355_U(JetTaggerNN_fifo_w15_d2_S)' using Shift Registers.
INFO: [RTMG 210-285] Implementing FIFO 'layer28_out_356_U(JetTaggerNN_fifo_w15_d2_S)' using Shift Registers.
INFO: [RTMG 210-285] Implementing FIFO 'layer28_out_357_U(JetTaggerNN_fifo_w15_d2_S)' using Shift Registers.
INFO: [RTMG 210-285] Implementing FIFO 'layer28_out_358_U(JetTaggerNN_fifo_w15_d2_S)' using Shift Registers.
INFO: [RTMG 210-285] Implementing FIFO 'layer28_out_359_U(JetTaggerNN_fifo_w15_d2_S)' using Shift Registers.
INFO: [RTMG 210-285] Implementing FIFO 'layer28_out_360_U(JetTaggerNN_fifo_w15_d2_S)' using Shift Registers.
INFO: [RTMG 210-285] Implementing FIFO 'layer28_out_361_U(JetTaggerNN_fifo_w15_d2_S)' using Shift Registers.
INFO: [RTMG 210-285] Implementing FIFO 'layer28_out_362_U(JetTaggerNN_fifo_w15_d2_S)' using Shift Registers.
INFO: [RTMG 210-285] Implementing FIFO 'layer28_out_363_U(JetTaggerNN_fifo_w15_d2_S)' using Shift Registers.
INFO: [RTMG 210-285] Implementing FIFO 'layer28_out_364_U(JetTaggerNN_fifo_w15_d2_S)' using Shift Registers.
INFO: [RTMG 210-285] Implementing FIFO 'layer28_out_365_U(JetTaggerNN_fifo_w15_d2_S)' using Shift Registers.
INFO: [RTMG 210-285] Implementing FIFO 'layer28_out_366_U(JetTaggerNN_fifo_w15_d2_S)' using Shift Registers.
INFO: [RTMG 210-285] Implementing FIFO 'layer28_out_367_U(JetTaggerNN_fifo_w15_d2_S)' using Shift Registers.
INFO: [RTMG 210-285] Implementing FIFO 'layer28_out_368_U(JetTaggerNN_fifo_w15_d2_S)' using Shift Registers.
INFO: [RTMG 210-285] Implementing FIFO 'layer28_out_369_U(JetTaggerNN_fifo_w15_d2_S)' using Shift Registers.
INFO: [RTMG 210-285] Implementing FIFO 'layer28_out_370_U(JetTaggerNN_fifo_w15_d2_S)' using Shift Registers.
INFO: [RTMG 210-285] Implementing FIFO 'layer28_out_371_U(JetTaggerNN_fifo_w15_d2_S)' using Shift Registers.
INFO: [RTMG 210-285] Implementing FIFO 'layer28_out_372_U(JetTaggerNN_fifo_w15_d2_S)' using Shift Registers.
INFO: [RTMG 210-285] Implementing FIFO 'layer28_out_373_U(JetTaggerNN_fifo_w15_d2_S)' using Shift Registers.
INFO: [RTMG 210-285] Implementing FIFO 'layer28_out_374_U(JetTaggerNN_fifo_w15_d2_S)' using Shift Registers.
INFO: [RTMG 210-285] Implementing FIFO 'layer28_out_375_U(JetTaggerNN_fifo_w15_d2_S)' using Shift Registers.
INFO: [RTMG 210-285] Implementing FIFO 'layer28_out_376_U(JetTaggerNN_fifo_w15_d2_S)' using Shift Registers.
INFO: [RTMG 210-285] Implementing FIFO 'layer28_out_377_U(JetTaggerNN_fifo_w15_d2_S)' using Shift Registers.
INFO: [RTMG 210-285] Implementing FIFO 'layer28_out_378_U(JetTaggerNN_fifo_w15_d2_S)' using Shift Registers.
INFO: [RTMG 210-285] Implementing FIFO 'layer28_out_379_U(JetTaggerNN_fifo_w15_d2_S)' using Shift Registers.
INFO: [RTMG 210-285] Implementing FIFO 'layer28_out_380_U(JetTaggerNN_fifo_w15_d2_S)' using Shift Registers.
INFO: [RTMG 210-285] Implementing FIFO 'layer28_out_381_U(JetTaggerNN_fifo_w15_d2_S)' using Shift Registers.
INFO: [RTMG 210-285] Implementing FIFO 'layer28_out_382_U(JetTaggerNN_fifo_w15_d2_S)' using Shift Registers.
INFO: [RTMG 210-285] Implementing FIFO 'layer28_out_383_U(JetTaggerNN_fifo_w15_d2_S)' using Shift Registers.
INFO: [RTMG 210-285] Implementing FIFO 'layer28_out_384_U(JetTaggerNN_fifo_w15_d2_S)' using Shift Registers.
INFO: [RTMG 210-285] Implementing FIFO 'layer28_out_385_U(JetTaggerNN_fifo_w15_d2_S)' using Shift Registers.
INFO: [RTMG 210-285] Implementing FIFO 'layer28_out_386_U(JetTaggerNN_fifo_w15_d2_S)' using Shift Registers.
INFO: [RTMG 210-285] Implementing FIFO 'layer28_out_387_U(JetTaggerNN_fifo_w15_d2_S)' using Shift Registers.
INFO: [RTMG 210-285] Implementing FIFO 'layer28_out_388_U(JetTaggerNN_fifo_w15_d2_S)' using Shift Registers.
INFO: [RTMG 210-285] Implementing FIFO 'layer28_out_389_U(JetTaggerNN_fifo_w15_d2_S)' using Shift Registers.
INFO: [RTMG 210-285] Implementing FIFO 'layer28_out_390_U(JetTaggerNN_fifo_w15_d2_S)' using Shift Registers.
INFO: [RTMG 210-285] Implementing FIFO 'layer28_out_391_U(JetTaggerNN_fifo_w15_d2_S)' using Shift Registers.
INFO: [RTMG 210-285] Implementing FIFO 'layer28_out_392_U(JetTaggerNN_fifo_w15_d2_S)' using Shift Registers.
INFO: [RTMG 210-285] Implementing FIFO 'layer28_out_393_U(JetTaggerNN_fifo_w15_d2_S)' using Shift Registers.
INFO: [RTMG 210-285] Implementing FIFO 'layer28_out_394_U(JetTaggerNN_fifo_w15_d2_S)' using Shift Registers.
INFO: [RTMG 210-285] Implementing FIFO 'layer28_out_395_U(JetTaggerNN_fifo_w15_d2_S)' using Shift Registers.
INFO: [RTMG 210-285] Implementing FIFO 'layer28_out_396_U(JetTaggerNN_fifo_w15_d2_S)' using Shift Registers.
INFO: [RTMG 210-285] Implementing FIFO 'layer28_out_397_U(JetTaggerNN_fifo_w15_d2_S)' using Shift Registers.
INFO: [RTMG 210-285] Implementing FIFO 'layer28_out_398_U(JetTaggerNN_fifo_w15_d2_S)' using Shift Registers.
INFO: [RTMG 210-285] Implementing FIFO 'layer28_out_399_U(JetTaggerNN_fifo_w15_d2_S)' using Shift Registers.
INFO: [RTMG 210-285] Implementing FIFO 'layer28_out_400_U(JetTaggerNN_fifo_w15_d2_S)' using Shift Registers.
INFO: [RTMG 210-285] Implementing FIFO 'layer28_out_401_U(JetTaggerNN_fifo_w15_d2_S)' using Shift Registers.
INFO: [RTMG 210-285] Implementing FIFO 'layer28_out_402_U(JetTaggerNN_fifo_w15_d2_S)' using Shift Registers.
INFO: [RTMG 210-285] Implementing FIFO 'layer28_out_403_U(JetTaggerNN_fifo_w15_d2_S)' using Shift Registers.
INFO: [RTMG 210-285] Implementing FIFO 'layer28_out_404_U(JetTaggerNN_fifo_w15_d2_S)' using Shift Registers.
INFO: [RTMG 210-285] Implementing FIFO 'layer28_out_405_U(JetTaggerNN_fifo_w15_d2_S)' using Shift Registers.
INFO: [RTMG 210-285] Implementing FIFO 'layer28_out_406_U(JetTaggerNN_fifo_w15_d2_S)' using Shift Registers.
INFO: [RTMG 210-285] Implementing FIFO 'layer28_out_407_U(JetTaggerNN_fifo_w15_d2_S)' using Shift Registers.
INFO: [RTMG 210-285] Implementing FIFO 'layer28_out_408_U(JetTaggerNN_fifo_w15_d2_S)' using Shift Registers.
INFO: [RTMG 210-285] Implementing FIFO 'layer28_out_409_U(JetTaggerNN_fifo_w15_d2_S)' using Shift Registers.
INFO: [RTMG 210-285] Implementing FIFO 'layer28_out_410_U(JetTaggerNN_fifo_w15_d2_S)' using Shift Registers.
INFO: [RTMG 210-285] Implementing FIFO 'layer28_out_411_U(JetTaggerNN_fifo_w15_d2_S)' using Shift Registers.
INFO: [RTMG 210-285] Implementing FIFO 'layer28_out_412_U(JetTaggerNN_fifo_w15_d2_S)' using Shift Registers.
INFO: [RTMG 210-285] Implementing FIFO 'layer28_out_413_U(JetTaggerNN_fifo_w15_d2_S)' using Shift Registers.
INFO: [RTMG 210-285] Implementing FIFO 'layer28_out_414_U(JetTaggerNN_fifo_w15_d2_S)' using Shift Registers.
INFO: [RTMG 210-285] Implementing FIFO 'layer28_out_415_U(JetTaggerNN_fifo_w15_d2_S)' using Shift Registers.
INFO: [RTMG 210-285] Implementing FIFO 'layer28_out_416_U(JetTaggerNN_fifo_w15_d2_S)' using Shift Registers.
INFO: [RTMG 210-285] Implementing FIFO 'layer28_out_417_U(JetTaggerNN_fifo_w15_d2_S)' using Shift Registers.
INFO: [RTMG 210-285] Implementing FIFO 'layer28_out_418_U(JetTaggerNN_fifo_w15_d2_S)' using Shift Registers.
INFO: [RTMG 210-285] Implementing FIFO 'layer28_out_419_U(JetTaggerNN_fifo_w15_d2_S)' using Shift Registers.
INFO: [RTMG 210-285] Implementing FIFO 'layer28_out_420_U(JetTaggerNN_fifo_w15_d2_S)' using Shift Registers.
INFO: [RTMG 210-285] Implementing FIFO 'layer28_out_421_U(JetTaggerNN_fifo_w15_d2_S)' using Shift Registers.
INFO: [RTMG 210-285] Implementing FIFO 'layer28_out_422_U(JetTaggerNN_fifo_w15_d2_S)' using Shift Registers.
INFO: [RTMG 210-285] Implementing FIFO 'layer28_out_423_U(JetTaggerNN_fifo_w15_d2_S)' using Shift Registers.
INFO: [RTMG 210-285] Implementing FIFO 'layer28_out_424_U(JetTaggerNN_fifo_w15_d2_S)' using Shift Registers.
INFO: [RTMG 210-285] Implementing FIFO 'layer28_out_425_U(JetTaggerNN_fifo_w15_d2_S)' using Shift Registers.
INFO: [RTMG 210-285] Implementing FIFO 'layer28_out_426_U(JetTaggerNN_fifo_w15_d2_S)' using Shift Registers.
INFO: [RTMG 210-285] Implementing FIFO 'layer28_out_427_U(JetTaggerNN_fifo_w15_d2_S)' using Shift Registers.
INFO: [RTMG 210-285] Implementing FIFO 'layer28_out_428_U(JetTaggerNN_fifo_w15_d2_S)' using Shift Registers.
INFO: [RTMG 210-285] Implementing FIFO 'layer28_out_429_U(JetTaggerNN_fifo_w15_d2_S)' using Shift Registers.
INFO: [RTMG 210-285] Implementing FIFO 'layer28_out_430_U(JetTaggerNN_fifo_w15_d2_S)' using Shift Registers.
INFO: [RTMG 210-285] Implementing FIFO 'layer28_out_431_U(JetTaggerNN_fifo_w15_d2_S)' using Shift Registers.
INFO: [RTMG 210-285] Implementing FIFO 'layer28_out_432_U(JetTaggerNN_fifo_w15_d2_S)' using Shift Registers.
INFO: [RTMG 210-285] Implementing FIFO 'layer28_out_433_U(JetTaggerNN_fifo_w15_d2_S)' using Shift Registers.
INFO: [RTMG 210-285] Implementing FIFO 'layer28_out_434_U(JetTaggerNN_fifo_w15_d2_S)' using Shift Registers.
INFO: [RTMG 210-285] Implementing FIFO 'layer28_out_435_U(JetTaggerNN_fifo_w15_d2_S)' using Shift Registers.
INFO: [RTMG 210-285] Implementing FIFO 'layer28_out_436_U(JetTaggerNN_fifo_w15_d2_S)' using Shift Registers.
INFO: [RTMG 210-285] Implementing FIFO 'layer28_out_437_U(JetTaggerNN_fifo_w15_d2_S)' using Shift Registers.
INFO: [RTMG 210-285] Implementing FIFO 'layer28_out_438_U(JetTaggerNN_fifo_w15_d2_S)' using Shift Registers.
INFO: [RTMG 210-285] Implementing FIFO 'layer28_out_439_U(JetTaggerNN_fifo_w15_d2_S)' using Shift Registers.
INFO: [RTMG 210-285] Implementing FIFO 'layer28_out_440_U(JetTaggerNN_fifo_w15_d2_S)' using Shift Registers.
INFO: [RTMG 210-285] Implementing FIFO 'layer28_out_441_U(JetTaggerNN_fifo_w15_d2_S)' using Shift Registers.
INFO: [RTMG 210-285] Implementing FIFO 'layer28_out_442_U(JetTaggerNN_fifo_w15_d2_S)' using Shift Registers.
INFO: [RTMG 210-285] Implementing FIFO 'layer28_out_443_U(JetTaggerNN_fifo_w15_d2_S)' using Shift Registers.
INFO: [RTMG 210-285] Implementing FIFO 'layer28_out_444_U(JetTaggerNN_fifo_w15_d2_S)' using Shift Registers.
INFO: [RTMG 210-285] Implementing FIFO 'layer28_out_445_U(JetTaggerNN_fifo_w15_d2_S)' using Shift Registers.
INFO: [RTMG 210-285] Implementing FIFO 'layer28_out_446_U(JetTaggerNN_fifo_w15_d2_S)' using Shift Registers.
INFO: [RTMG 210-285] Implementing FIFO 'layer28_out_447_U(JetTaggerNN_fifo_w15_d2_S)' using Shift Registers.
INFO: [RTMG 210-285] Implementing FIFO 'layer28_out_448_U(JetTaggerNN_fifo_w15_d2_S)' using Shift Registers.
INFO: [RTMG 210-285] Implementing FIFO 'layer28_out_449_U(JetTaggerNN_fifo_w15_d2_S)' using Shift Registers.
INFO: [RTMG 210-285] Implementing FIFO 'layer28_out_450_U(JetTaggerNN_fifo_w15_d2_S)' using Shift Registers.
INFO: [RTMG 210-285] Implementing FIFO 'layer28_out_451_U(JetTaggerNN_fifo_w15_d2_S)' using Shift Registers.
INFO: [RTMG 210-285] Implementing FIFO 'layer28_out_452_U(JetTaggerNN_fifo_w15_d2_S)' using Shift Registers.
INFO: [RTMG 210-285] Implementing FIFO 'layer28_out_453_U(JetTaggerNN_fifo_w15_d2_S)' using Shift Registers.
INFO: [RTMG 210-285] Implementing FIFO 'layer28_out_454_U(JetTaggerNN_fifo_w15_d2_S)' using Shift Registers.
INFO: [RTMG 210-285] Implementing FIFO 'layer28_out_455_U(JetTaggerNN_fifo_w15_d2_S)' using Shift Registers.
INFO: [RTMG 210-285] Implementing FIFO 'layer28_out_456_U(JetTaggerNN_fifo_w15_d2_S)' using Shift Registers.
INFO: [RTMG 210-285] Implementing FIFO 'layer28_out_457_U(JetTaggerNN_fifo_w15_d2_S)' using Shift Registers.
INFO: [RTMG 210-285] Implementing FIFO 'layer28_out_458_U(JetTaggerNN_fifo_w15_d2_S)' using Shift Registers.
INFO: [RTMG 210-285] Implementing FIFO 'layer28_out_459_U(JetTaggerNN_fifo_w15_d2_S)' using Shift Registers.
INFO: [RTMG 210-285] Implementing FIFO 'layer28_out_460_U(JetTaggerNN_fifo_w15_d2_S)' using Shift Registers.
INFO: [RTMG 210-285] Implementing FIFO 'layer28_out_461_U(JetTaggerNN_fifo_w15_d2_S)' using Shift Registers.
INFO: [RTMG 210-285] Implementing FIFO 'layer28_out_462_U(JetTaggerNN_fifo_w15_d2_S)' using Shift Registers.
INFO: [RTMG 210-285] Implementing FIFO 'layer28_out_463_U(JetTaggerNN_fifo_w15_d2_S)' using Shift Registers.
INFO: [RTMG 210-285] Implementing FIFO 'layer28_out_464_U(JetTaggerNN_fifo_w15_d2_S)' using Shift Registers.
INFO: [RTMG 210-285] Implementing FIFO 'layer28_out_465_U(JetTaggerNN_fifo_w15_d2_S)' using Shift Registers.
INFO: [RTMG 210-285] Implementing FIFO 'layer28_out_466_U(JetTaggerNN_fifo_w15_d2_S)' using Shift Registers.
INFO: [RTMG 210-285] Implementing FIFO 'layer28_out_467_U(JetTaggerNN_fifo_w15_d2_S)' using Shift Registers.
INFO: [RTMG 210-285] Implementing FIFO 'layer28_out_468_U(JetTaggerNN_fifo_w15_d2_S)' using Shift Registers.
INFO: [RTMG 210-285] Implementing FIFO 'layer28_out_469_U(JetTaggerNN_fifo_w15_d2_S)' using Shift Registers.
INFO: [RTMG 210-285] Implementing FIFO 'layer28_out_470_U(JetTaggerNN_fifo_w15_d2_S)' using Shift Registers.
INFO: [RTMG 210-285] Implementing FIFO 'layer28_out_471_U(JetTaggerNN_fifo_w15_d2_S)' using Shift Registers.
INFO: [RTMG 210-285] Implementing FIFO 'layer28_out_472_U(JetTaggerNN_fifo_w15_d2_S)' using Shift Registers.
INFO: [RTMG 210-285] Implementing FIFO 'layer28_out_473_U(JetTaggerNN_fifo_w15_d2_S)' using Shift Registers.
INFO: [RTMG 210-285] Implementing FIFO 'layer28_out_474_U(JetTaggerNN_fifo_w15_d2_S)' using Shift Registers.
INFO: [RTMG 210-285] Implementing FIFO 'layer28_out_475_U(JetTaggerNN_fifo_w15_d2_S)' using Shift Registers.
INFO: [RTMG 210-285] Implementing FIFO 'layer28_out_476_U(JetTaggerNN_fifo_w15_d2_S)' using Shift Registers.
INFO: [RTMG 210-285] Implementing FIFO 'layer28_out_477_U(JetTaggerNN_fifo_w15_d2_S)' using Shift Registers.
INFO: [RTMG 210-285] Implementing FIFO 'layer28_out_478_U(JetTaggerNN_fifo_w15_d2_S)' using Shift Registers.
INFO: [RTMG 210-285] Implementing FIFO 'layer28_out_479_U(JetTaggerNN_fifo_w15_d2_S)' using Shift Registers.
INFO: [RTMG 210-285] Implementing FIFO 'layer28_out_480_U(JetTaggerNN_fifo_w15_d2_S)' using Shift Registers.
INFO: [RTMG 210-285] Implementing FIFO 'layer28_out_481_U(JetTaggerNN_fifo_w15_d2_S)' using Shift Registers.
INFO: [RTMG 210-285] Implementing FIFO 'layer28_out_482_U(JetTaggerNN_fifo_w15_d2_S)' using Shift Registers.
INFO: [RTMG 210-285] Implementing FIFO 'layer28_out_483_U(JetTaggerNN_fifo_w15_d2_S)' using Shift Registers.
INFO: [RTMG 210-285] Implementing FIFO 'layer28_out_484_U(JetTaggerNN_fifo_w15_d2_S)' using Shift Registers.
INFO: [RTMG 210-285] Implementing FIFO 'layer28_out_485_U(JetTaggerNN_fifo_w15_d2_S)' using Shift Registers.
INFO: [RTMG 210-285] Implementing FIFO 'layer28_out_486_U(JetTaggerNN_fifo_w15_d2_S)' using Shift Registers.
INFO: [RTMG 210-285] Implementing FIFO 'layer28_out_487_U(JetTaggerNN_fifo_w15_d2_S)' using Shift Registers.
INFO: [RTMG 210-285] Implementing FIFO 'layer28_out_488_U(JetTaggerNN_fifo_w15_d2_S)' using Shift Registers.
INFO: [RTMG 210-285] Implementing FIFO 'layer28_out_489_U(JetTaggerNN_fifo_w15_d2_S)' using Shift Registers.
INFO: [RTMG 210-285] Implementing FIFO 'layer28_out_490_U(JetTaggerNN_fifo_w15_d2_S)' using Shift Registers.
INFO: [RTMG 210-285] Implementing FIFO 'layer28_out_491_U(JetTaggerNN_fifo_w15_d2_S)' using Shift Registers.
INFO: [RTMG 210-285] Implementing FIFO 'layer28_out_492_U(JetTaggerNN_fifo_w15_d2_S)' using Shift Registers.
INFO: [RTMG 210-285] Implementing FIFO 'layer28_out_493_U(JetTaggerNN_fifo_w15_d2_S)' using Shift Registers.
INFO: [RTMG 210-285] Implementing FIFO 'layer28_out_494_U(JetTaggerNN_fifo_w15_d2_S)' using Shift Registers.
INFO: [RTMG 210-285] Implementing FIFO 'layer28_out_495_U(JetTaggerNN_fifo_w15_d2_S)' using Shift Registers.
INFO: [RTMG 210-285] Implementing FIFO 'layer28_out_496_U(JetTaggerNN_fifo_w15_d2_S)' using Shift Registers.
INFO: [RTMG 210-285] Implementing FIFO 'layer28_out_497_U(JetTaggerNN_fifo_w15_d2_S)' using Shift Registers.
INFO: [RTMG 210-285] Implementing FIFO 'layer28_out_498_U(JetTaggerNN_fifo_w15_d2_S)' using Shift Registers.
INFO: [RTMG 210-285] Implementing FIFO 'layer28_out_499_U(JetTaggerNN_fifo_w15_d2_S)' using Shift Registers.
INFO: [RTMG 210-285] Implementing FIFO 'layer28_out_500_U(JetTaggerNN_fifo_w15_d2_S)' using Shift Registers.
INFO: [RTMG 210-285] Implementing FIFO 'layer28_out_501_U(JetTaggerNN_fifo_w15_d2_S)' using Shift Registers.
INFO: [RTMG 210-285] Implementing FIFO 'layer28_out_502_U(JetTaggerNN_fifo_w15_d2_S)' using Shift Registers.
INFO: [RTMG 210-285] Implementing FIFO 'layer28_out_503_U(JetTaggerNN_fifo_w15_d2_S)' using Shift Registers.
INFO: [RTMG 210-285] Implementing FIFO 'layer28_out_504_U(JetTaggerNN_fifo_w15_d2_S)' using Shift Registers.
INFO: [RTMG 210-285] Implementing FIFO 'layer28_out_505_U(JetTaggerNN_fifo_w15_d2_S)' using Shift Registers.
INFO: [RTMG 210-285] Implementing FIFO 'layer28_out_506_U(JetTaggerNN_fifo_w15_d2_S)' using Shift Registers.
INFO: [RTMG 210-285] Implementing FIFO 'layer28_out_507_U(JetTaggerNN_fifo_w15_d2_S)' using Shift Registers.
INFO: [RTMG 210-285] Implementing FIFO 'layer28_out_508_U(JetTaggerNN_fifo_w15_d2_S)' using Shift Registers.
INFO: [RTMG 210-285] Implementing FIFO 'layer28_out_509_U(JetTaggerNN_fifo_w15_d2_S)' using Shift Registers.
INFO: [RTMG 210-285] Implementing FIFO 'layer28_out_510_U(JetTaggerNN_fifo_w15_d2_S)' using Shift Registers.
INFO: [RTMG 210-285] Implementing FIFO 'layer28_out_511_U(JetTaggerNN_fifo_w15_d2_S)' using Shift Registers.
INFO: [RTMG 210-285] Implementing FIFO 'layer5_out_U(JetTaggerNN_fifo_w9_d2_S)' using Shift Registers.
INFO: [RTMG 210-285] Implementing FIFO 'layer5_out_1_U(JetTaggerNN_fifo_w9_d2_S)' using Shift Registers.
INFO: [RTMG 210-285] Implementing FIFO 'layer5_out_2_U(JetTaggerNN_fifo_w9_d2_S)' using Shift Registers.
INFO: [RTMG 210-285] Implementing FIFO 'layer5_out_3_U(JetTaggerNN_fifo_w9_d2_S)' using Shift Registers.
INFO: [RTMG 210-285] Implementing FIFO 'layer5_out_4_U(JetTaggerNN_fifo_w9_d2_S)' using Shift Registers.
INFO: [RTMG 210-285] Implementing FIFO 'layer5_out_5_U(JetTaggerNN_fifo_w9_d2_S)' using Shift Registers.
INFO: [RTMG 210-285] Implementing FIFO 'layer5_out_6_U(JetTaggerNN_fifo_w9_d2_S)' using Shift Registers.
INFO: [RTMG 210-285] Implementing FIFO 'layer5_out_7_U(JetTaggerNN_fifo_w9_d2_S)' using Shift Registers.
INFO: [RTMG 210-285] Implementing FIFO 'layer5_out_8_U(JetTaggerNN_fifo_w9_d2_S)' using Shift Registers.
INFO: [RTMG 210-285] Implementing FIFO 'layer5_out_9_U(JetTaggerNN_fifo_w9_d2_S)' using Shift Registers.
INFO: [RTMG 210-285] Implementing FIFO 'layer5_out_10_U(JetTaggerNN_fifo_w9_d2_S)' using Shift Registers.
INFO: [RTMG 210-285] Implementing FIFO 'layer5_out_11_U(JetTaggerNN_fifo_w9_d2_S)' using Shift Registers.
INFO: [RTMG 210-285] Implementing FIFO 'layer5_out_12_U(JetTaggerNN_fifo_w9_d2_S)' using Shift Registers.
INFO: [RTMG 210-285] Implementing FIFO 'layer5_out_13_U(JetTaggerNN_fifo_w9_d2_S)' using Shift Registers.
INFO: [RTMG 210-285] Implementing FIFO 'layer5_out_14_U(JetTaggerNN_fifo_w9_d2_S)' using Shift Registers.
INFO: [RTMG 210-285] Implementing FIFO 'layer5_out_15_U(JetTaggerNN_fifo_w9_d2_S)' using Shift Registers.
INFO: [RTMG 210-285] Implementing FIFO 'layer5_out_16_U(JetTaggerNN_fifo_w9_d2_S)' using Shift Registers.
INFO: [RTMG 210-285] Implementing FIFO 'layer5_out_17_U(JetTaggerNN_fifo_w9_d2_S)' using Shift Registers.
INFO: [RTMG 210-285] Implementing FIFO 'layer5_out_18_U(JetTaggerNN_fifo_w9_d2_S)' using Shift Registers.
INFO: [RTMG 210-285] Implementing FIFO 'layer5_out_19_U(JetTaggerNN_fifo_w9_d2_S)' using Shift Registers.
INFO: [RTMG 210-285] Implementing FIFO 'layer5_out_20_U(JetTaggerNN_fifo_w9_d2_S)' using Shift Registers.
INFO: [RTMG 210-285] Implementing FIFO 'layer5_out_21_U(JetTaggerNN_fifo_w9_d2_S)' using Shift Registers.
INFO: [RTMG 210-285] Implementing FIFO 'layer5_out_22_U(JetTaggerNN_fifo_w9_d2_S)' using Shift Registers.
INFO: [RTMG 210-285] Implementing FIFO 'layer5_out_23_U(JetTaggerNN_fifo_w9_d2_S)' using Shift Registers.
INFO: [RTMG 210-285] Implementing FIFO 'layer5_out_24_U(JetTaggerNN_fifo_w9_d2_S)' using Shift Registers.
INFO: [RTMG 210-285] Implementing FIFO 'layer5_out_25_U(JetTaggerNN_fifo_w9_d2_S)' using Shift Registers.
INFO: [RTMG 210-285] Implementing FIFO 'layer5_out_26_U(JetTaggerNN_fifo_w9_d2_S)' using Shift Registers.
INFO: [RTMG 210-285] Implementing FIFO 'layer5_out_27_U(JetTaggerNN_fifo_w9_d2_S)' using Shift Registers.
INFO: [RTMG 210-285] Implementing FIFO 'layer5_out_28_U(JetTaggerNN_fifo_w9_d2_S)' using Shift Registers.
INFO: [RTMG 210-285] Implementing FIFO 'layer5_out_29_U(JetTaggerNN_fifo_w9_d2_S)' using Shift Registers.
INFO: [RTMG 210-285] Implementing FIFO 'layer5_out_30_U(JetTaggerNN_fifo_w9_d2_S)' using Shift Registers.
INFO: [RTMG 210-285] Implementing FIFO 'layer5_out_31_U(JetTaggerNN_fifo_w9_d2_S)' using Shift Registers.
INFO: [RTMG 210-285] Implementing FIFO 'layer5_out_32_U(JetTaggerNN_fifo_w9_d2_S)' using Shift Registers.
INFO: [RTMG 210-285] Implementing FIFO 'layer5_out_33_U(JetTaggerNN_fifo_w9_d2_S)' using Shift Registers.
INFO: [RTMG 210-285] Implementing FIFO 'layer5_out_34_U(JetTaggerNN_fifo_w9_d2_S)' using Shift Registers.
INFO: [RTMG 210-285] Implementing FIFO 'layer5_out_35_U(JetTaggerNN_fifo_w9_d2_S)' using Shift Registers.
INFO: [RTMG 210-285] Implementing FIFO 'layer5_out_36_U(JetTaggerNN_fifo_w9_d2_S)' using Shift Registers.
INFO: [RTMG 210-285] Implementing FIFO 'layer5_out_37_U(JetTaggerNN_fifo_w9_d2_S)' using Shift Registers.
INFO: [RTMG 210-285] Implementing FIFO 'layer5_out_38_U(JetTaggerNN_fifo_w9_d2_S)' using Shift Registers.
INFO: [RTMG 210-285] Implementing FIFO 'layer5_out_39_U(JetTaggerNN_fifo_w9_d2_S)' using Shift Registers.
INFO: [RTMG 210-285] Implementing FIFO 'layer5_out_40_U(JetTaggerNN_fifo_w9_d2_S)' using Shift Registers.
INFO: [RTMG 210-285] Implementing FIFO 'layer5_out_41_U(JetTaggerNN_fifo_w9_d2_S)' using Shift Registers.
INFO: [RTMG 210-285] Implementing FIFO 'layer5_out_42_U(JetTaggerNN_fifo_w9_d2_S)' using Shift Registers.
INFO: [RTMG 210-285] Implementing FIFO 'layer5_out_43_U(JetTaggerNN_fifo_w9_d2_S)' using Shift Registers.
INFO: [RTMG 210-285] Implementing FIFO 'layer5_out_44_U(JetTaggerNN_fifo_w9_d2_S)' using Shift Registers.
INFO: [RTMG 210-285] Implementing FIFO 'layer5_out_45_U(JetTaggerNN_fifo_w9_d2_S)' using Shift Registers.
INFO: [RTMG 210-285] Implementing FIFO 'layer5_out_46_U(JetTaggerNN_fifo_w9_d2_S)' using Shift Registers.
INFO: [RTMG 210-285] Implementing FIFO 'layer5_out_47_U(JetTaggerNN_fifo_w9_d2_S)' using Shift Registers.
INFO: [RTMG 210-285] Implementing FIFO 'layer5_out_48_U(JetTaggerNN_fifo_w9_d2_S)' using Shift Registers.
INFO: [RTMG 210-285] Implementing FIFO 'layer5_out_49_U(JetTaggerNN_fifo_w9_d2_S)' using Shift Registers.
INFO: [RTMG 210-285] Implementing FIFO 'layer5_out_50_U(JetTaggerNN_fifo_w9_d2_S)' using Shift Registers.
INFO: [RTMG 210-285] Implementing FIFO 'layer5_out_51_U(JetTaggerNN_fifo_w9_d2_S)' using Shift Registers.
INFO: [RTMG 210-285] Implementing FIFO 'layer5_out_52_U(JetTaggerNN_fifo_w9_d2_S)' using Shift Registers.
INFO: [RTMG 210-285] Implementing FIFO 'layer5_out_53_U(JetTaggerNN_fifo_w9_d2_S)' using Shift Registers.
INFO: [RTMG 210-285] Implementing FIFO 'layer5_out_54_U(JetTaggerNN_fifo_w9_d2_S)' using Shift Registers.
INFO: [RTMG 210-285] Implementing FIFO 'layer5_out_55_U(JetTaggerNN_fifo_w9_d2_S)' using Shift Registers.
INFO: [RTMG 210-285] Implementing FIFO 'layer5_out_56_U(JetTaggerNN_fifo_w9_d2_S)' using Shift Registers.
INFO: [RTMG 210-285] Implementing FIFO 'layer5_out_57_U(JetTaggerNN_fifo_w9_d2_S)' using Shift Registers.
INFO: [RTMG 210-285] Implementing FIFO 'layer5_out_58_U(JetTaggerNN_fifo_w9_d2_S)' using Shift Registers.
INFO: [RTMG 210-285] Implementing FIFO 'layer5_out_59_U(JetTaggerNN_fifo_w9_d2_S)' using Shift Registers.
INFO: [RTMG 210-285] Implementing FIFO 'layer5_out_60_U(JetTaggerNN_fifo_w9_d2_S)' using Shift Registers.
INFO: [RTMG 210-285] Implementing FIFO 'layer5_out_61_U(JetTaggerNN_fifo_w9_d2_S)' using Shift Registers.
INFO: [RTMG 210-285] Implementing FIFO 'layer5_out_62_U(JetTaggerNN_fifo_w9_d2_S)' using Shift Registers.
INFO: [RTMG 210-285] Implementing FIFO 'layer5_out_63_U(JetTaggerNN_fifo_w9_d2_S)' using Shift Registers.
INFO: [RTMG 210-285] Implementing FIFO 'layer5_out_64_U(JetTaggerNN_fifo_w9_d2_S)' using Shift Registers.
INFO: [RTMG 210-285] Implementing FIFO 'layer5_out_65_U(JetTaggerNN_fifo_w9_d2_S)' using Shift Registers.
INFO: [RTMG 210-285] Implementing FIFO 'layer5_out_66_U(JetTaggerNN_fifo_w9_d2_S)' using Shift Registers.
INFO: [RTMG 210-285] Implementing FIFO 'layer5_out_67_U(JetTaggerNN_fifo_w9_d2_S)' using Shift Registers.
INFO: [RTMG 210-285] Implementing FIFO 'layer5_out_68_U(JetTaggerNN_fifo_w9_d2_S)' using Shift Registers.
INFO: [RTMG 210-285] Implementing FIFO 'layer5_out_69_U(JetTaggerNN_fifo_w9_d2_S)' using Shift Registers.
INFO: [RTMG 210-285] Implementing FIFO 'layer5_out_70_U(JetTaggerNN_fifo_w9_d2_S)' using Shift Registers.
INFO: [RTMG 210-285] Implementing FIFO 'layer5_out_71_U(JetTaggerNN_fifo_w9_d2_S)' using Shift Registers.
INFO: [RTMG 210-285] Implementing FIFO 'layer5_out_72_U(JetTaggerNN_fifo_w9_d2_S)' using Shift Registers.
INFO: [RTMG 210-285] Implementing FIFO 'layer5_out_73_U(JetTaggerNN_fifo_w9_d2_S)' using Shift Registers.
INFO: [RTMG 210-285] Implementing FIFO 'layer5_out_74_U(JetTaggerNN_fifo_w9_d2_S)' using Shift Registers.
INFO: [RTMG 210-285] Implementing FIFO 'layer5_out_75_U(JetTaggerNN_fifo_w9_d2_S)' using Shift Registers.
INFO: [RTMG 210-285] Implementing FIFO 'layer5_out_76_U(JetTaggerNN_fifo_w9_d2_S)' using Shift Registers.
INFO: [RTMG 210-285] Implementing FIFO 'layer5_out_77_U(JetTaggerNN_fifo_w9_d2_S)' using Shift Registers.
INFO: [RTMG 210-285] Implementing FIFO 'layer5_out_78_U(JetTaggerNN_fifo_w9_d2_S)' using Shift Registers.
INFO: [RTMG 210-285] Implementing FIFO 'layer5_out_79_U(JetTaggerNN_fifo_w9_d2_S)' using Shift Registers.
INFO: [RTMG 210-285] Implementing FIFO 'layer5_out_80_U(JetTaggerNN_fifo_w9_d2_S)' using Shift Registers.
INFO: [RTMG 210-285] Implementing FIFO 'layer5_out_81_U(JetTaggerNN_fifo_w9_d2_S)' using Shift Registers.
INFO: [RTMG 210-285] Implementing FIFO 'layer5_out_82_U(JetTaggerNN_fifo_w9_d2_S)' using Shift Registers.
INFO: [RTMG 210-285] Implementing FIFO 'layer5_out_83_U(JetTaggerNN_fifo_w9_d2_S)' using Shift Registers.
INFO: [RTMG 210-285] Implementing FIFO 'layer5_out_84_U(JetTaggerNN_fifo_w9_d2_S)' using Shift Registers.
INFO: [RTMG 210-285] Implementing FIFO 'layer5_out_85_U(JetTaggerNN_fifo_w9_d2_S)' using Shift Registers.
INFO: [RTMG 210-285] Implementing FIFO 'layer5_out_86_U(JetTaggerNN_fifo_w9_d2_S)' using Shift Registers.
INFO: [RTMG 210-285] Implementing FIFO 'layer5_out_87_U(JetTaggerNN_fifo_w9_d2_S)' using Shift Registers.
INFO: [RTMG 210-285] Implementing FIFO 'layer5_out_88_U(JetTaggerNN_fifo_w9_d2_S)' using Shift Registers.
INFO: [RTMG 210-285] Implementing FIFO 'layer5_out_89_U(JetTaggerNN_fifo_w9_d2_S)' using Shift Registers.
INFO: [RTMG 210-285] Implementing FIFO 'layer5_out_90_U(JetTaggerNN_fifo_w9_d2_S)' using Shift Registers.
INFO: [RTMG 210-285] Implementing FIFO 'layer5_out_91_U(JetTaggerNN_fifo_w9_d2_S)' using Shift Registers.
INFO: [RTMG 210-285] Implementing FIFO 'layer5_out_92_U(JetTaggerNN_fifo_w9_d2_S)' using Shift Registers.
INFO: [RTMG 210-285] Implementing FIFO 'layer5_out_93_U(JetTaggerNN_fifo_w9_d2_S)' using Shift Registers.
INFO: [RTMG 210-285] Implementing FIFO 'layer5_out_94_U(JetTaggerNN_fifo_w9_d2_S)' using Shift Registers.
INFO: [RTMG 210-285] Implementing FIFO 'layer5_out_95_U(JetTaggerNN_fifo_w9_d2_S)' using Shift Registers.
INFO: [RTMG 210-285] Implementing FIFO 'layer5_out_96_U(JetTaggerNN_fifo_w9_d2_S)' using Shift Registers.
INFO: [RTMG 210-285] Implementing FIFO 'layer5_out_97_U(JetTaggerNN_fifo_w9_d2_S)' using Shift Registers.
INFO: [RTMG 210-285] Implementing FIFO 'layer5_out_98_U(JetTaggerNN_fifo_w9_d2_S)' using Shift Registers.
INFO: [RTMG 210-285] Implementing FIFO 'layer5_out_99_U(JetTaggerNN_fifo_w9_d2_S)' using Shift Registers.
INFO: [RTMG 210-285] Implementing FIFO 'layer5_out_100_U(JetTaggerNN_fifo_w9_d2_S)' using Shift Registers.
INFO: [RTMG 210-285] Implementing FIFO 'layer5_out_101_U(JetTaggerNN_fifo_w9_d2_S)' using Shift Registers.
INFO: [RTMG 210-285] Implementing FIFO 'layer5_out_102_U(JetTaggerNN_fifo_w9_d2_S)' using Shift Registers.
INFO: [RTMG 210-285] Implementing FIFO 'layer5_out_103_U(JetTaggerNN_fifo_w9_d2_S)' using Shift Registers.
INFO: [RTMG 210-285] Implementing FIFO 'layer5_out_104_U(JetTaggerNN_fifo_w9_d2_S)' using Shift Registers.
INFO: [RTMG 210-285] Implementing FIFO 'layer5_out_105_U(JetTaggerNN_fifo_w9_d2_S)' using Shift Registers.
INFO: [RTMG 210-285] Implementing FIFO 'layer5_out_106_U(JetTaggerNN_fifo_w9_d2_S)' using Shift Registers.
INFO: [RTMG 210-285] Implementing FIFO 'layer5_out_107_U(JetTaggerNN_fifo_w9_d2_S)' using Shift Registers.
INFO: [RTMG 210-285] Implementing FIFO 'layer5_out_108_U(JetTaggerNN_fifo_w9_d2_S)' using Shift Registers.
INFO: [RTMG 210-285] Implementing FIFO 'layer5_out_109_U(JetTaggerNN_fifo_w9_d2_S)' using Shift Registers.
INFO: [RTMG 210-285] Implementing FIFO 'layer5_out_110_U(JetTaggerNN_fifo_w9_d2_S)' using Shift Registers.
INFO: [RTMG 210-285] Implementing FIFO 'layer5_out_111_U(JetTaggerNN_fifo_w9_d2_S)' using Shift Registers.
INFO: [RTMG 210-285] Implementing FIFO 'layer5_out_112_U(JetTaggerNN_fifo_w9_d2_S)' using Shift Registers.
INFO: [RTMG 210-285] Implementing FIFO 'layer5_out_113_U(JetTaggerNN_fifo_w9_d2_S)' using Shift Registers.
INFO: [RTMG 210-285] Implementing FIFO 'layer5_out_114_U(JetTaggerNN_fifo_w9_d2_S)' using Shift Registers.
INFO: [RTMG 210-285] Implementing FIFO 'layer5_out_115_U(JetTaggerNN_fifo_w9_d2_S)' using Shift Registers.
INFO: [RTMG 210-285] Implementing FIFO 'layer5_out_116_U(JetTaggerNN_fifo_w9_d2_S)' using Shift Registers.
INFO: [RTMG 210-285] Implementing FIFO 'layer5_out_117_U(JetTaggerNN_fifo_w9_d2_S)' using Shift Registers.
INFO: [RTMG 210-285] Implementing FIFO 'layer5_out_118_U(JetTaggerNN_fifo_w9_d2_S)' using Shift Registers.
INFO: [RTMG 210-285] Implementing FIFO 'layer5_out_119_U(JetTaggerNN_fifo_w9_d2_S)' using Shift Registers.
INFO: [RTMG 210-285] Implementing FIFO 'layer5_out_120_U(JetTaggerNN_fifo_w9_d2_S)' using Shift Registers.
INFO: [RTMG 210-285] Implementing FIFO 'layer5_out_121_U(JetTaggerNN_fifo_w9_d2_S)' using Shift Registers.
INFO: [RTMG 210-285] Implementing FIFO 'layer5_out_122_U(JetTaggerNN_fifo_w9_d2_S)' using Shift Registers.
INFO: [RTMG 210-285] Implementing FIFO 'layer5_out_123_U(JetTaggerNN_fifo_w9_d2_S)' using Shift Registers.
INFO: [RTMG 210-285] Implementing FIFO 'layer5_out_124_U(JetTaggerNN_fifo_w9_d2_S)' using Shift Registers.
INFO: [RTMG 210-285] Implementing FIFO 'layer5_out_125_U(JetTaggerNN_fifo_w9_d2_S)' using Shift Registers.
INFO: [RTMG 210-285] Implementing FIFO 'layer5_out_126_U(JetTaggerNN_fifo_w9_d2_S)' using Shift Registers.
INFO: [RTMG 210-285] Implementing FIFO 'layer5_out_127_U(JetTaggerNN_fifo_w9_d2_S)' using Shift Registers.
INFO: [RTMG 210-285] Implementing FIFO 'layer5_out_128_U(JetTaggerNN_fifo_w9_d2_S)' using Shift Registers.
INFO: [RTMG 210-285] Implementing FIFO 'layer5_out_129_U(JetTaggerNN_fifo_w9_d2_S)' using Shift Registers.
INFO: [RTMG 210-285] Implementing FIFO 'layer5_out_130_U(JetTaggerNN_fifo_w9_d2_S)' using Shift Registers.
INFO: [RTMG 210-285] Implementing FIFO 'layer5_out_131_U(JetTaggerNN_fifo_w9_d2_S)' using Shift Registers.
INFO: [RTMG 210-285] Implementing FIFO 'layer5_out_132_U(JetTaggerNN_fifo_w9_d2_S)' using Shift Registers.
INFO: [RTMG 210-285] Implementing FIFO 'layer5_out_133_U(JetTaggerNN_fifo_w9_d2_S)' using Shift Registers.
INFO: [RTMG 210-285] Implementing FIFO 'layer5_out_134_U(JetTaggerNN_fifo_w9_d2_S)' using Shift Registers.
INFO: [RTMG 210-285] Implementing FIFO 'layer5_out_135_U(JetTaggerNN_fifo_w9_d2_S)' using Shift Registers.
INFO: [RTMG 210-285] Implementing FIFO 'layer5_out_136_U(JetTaggerNN_fifo_w9_d2_S)' using Shift Registers.
INFO: [RTMG 210-285] Implementing FIFO 'layer5_out_137_U(JetTaggerNN_fifo_w9_d2_S)' using Shift Registers.
INFO: [RTMG 210-285] Implementing FIFO 'layer5_out_138_U(JetTaggerNN_fifo_w9_d2_S)' using Shift Registers.
INFO: [RTMG 210-285] Implementing FIFO 'layer5_out_139_U(JetTaggerNN_fifo_w9_d2_S)' using Shift Registers.
INFO: [RTMG 210-285] Implementing FIFO 'layer5_out_140_U(JetTaggerNN_fifo_w9_d2_S)' using Shift Registers.
INFO: [RTMG 210-285] Implementing FIFO 'layer5_out_141_U(JetTaggerNN_fifo_w9_d2_S)' using Shift Registers.
INFO: [RTMG 210-285] Implementing FIFO 'layer5_out_142_U(JetTaggerNN_fifo_w9_d2_S)' using Shift Registers.
INFO: [RTMG 210-285] Implementing FIFO 'layer5_out_143_U(JetTaggerNN_fifo_w9_d2_S)' using Shift Registers.
INFO: [RTMG 210-285] Implementing FIFO 'layer5_out_144_U(JetTaggerNN_fifo_w9_d2_S)' using Shift Registers.
INFO: [RTMG 210-285] Implementing FIFO 'layer5_out_145_U(JetTaggerNN_fifo_w9_d2_S)' using Shift Registers.
INFO: [RTMG 210-285] Implementing FIFO 'layer5_out_146_U(JetTaggerNN_fifo_w9_d2_S)' using Shift Registers.
INFO: [RTMG 210-285] Implementing FIFO 'layer5_out_147_U(JetTaggerNN_fifo_w9_d2_S)' using Shift Registers.
INFO: [RTMG 210-285] Implementing FIFO 'layer5_out_148_U(JetTaggerNN_fifo_w9_d2_S)' using Shift Registers.
INFO: [RTMG 210-285] Implementing FIFO 'layer5_out_149_U(JetTaggerNN_fifo_w9_d2_S)' using Shift Registers.
INFO: [RTMG 210-285] Implementing FIFO 'layer5_out_150_U(JetTaggerNN_fifo_w9_d2_S)' using Shift Registers.
INFO: [RTMG 210-285] Implementing FIFO 'layer5_out_151_U(JetTaggerNN_fifo_w9_d2_S)' using Shift Registers.
INFO: [RTMG 210-285] Implementing FIFO 'layer5_out_152_U(JetTaggerNN_fifo_w9_d2_S)' using Shift Registers.
INFO: [RTMG 210-285] Implementing FIFO 'layer5_out_153_U(JetTaggerNN_fifo_w9_d2_S)' using Shift Registers.
INFO: [RTMG 210-285] Implementing FIFO 'layer5_out_154_U(JetTaggerNN_fifo_w9_d2_S)' using Shift Registers.
INFO: [RTMG 210-285] Implementing FIFO 'layer5_out_155_U(JetTaggerNN_fifo_w9_d2_S)' using Shift Registers.
INFO: [RTMG 210-285] Implementing FIFO 'layer5_out_156_U(JetTaggerNN_fifo_w9_d2_S)' using Shift Registers.
INFO: [RTMG 210-285] Implementing FIFO 'layer5_out_157_U(JetTaggerNN_fifo_w9_d2_S)' using Shift Registers.
INFO: [RTMG 210-285] Implementing FIFO 'layer5_out_158_U(JetTaggerNN_fifo_w9_d2_S)' using Shift Registers.
INFO: [RTMG 210-285] Implementing FIFO 'layer5_out_159_U(JetTaggerNN_fifo_w9_d2_S)' using Shift Registers.
INFO: [RTMG 210-285] Implementing FIFO 'layer5_out_160_U(JetTaggerNN_fifo_w9_d2_S)' using Shift Registers.
INFO: [RTMG 210-285] Implementing FIFO 'layer5_out_161_U(JetTaggerNN_fifo_w9_d2_S)' using Shift Registers.
INFO: [RTMG 210-285] Implementing FIFO 'layer5_out_162_U(JetTaggerNN_fifo_w9_d2_S)' using Shift Registers.
INFO: [RTMG 210-285] Implementing FIFO 'layer5_out_163_U(JetTaggerNN_fifo_w9_d2_S)' using Shift Registers.
INFO: [RTMG 210-285] Implementing FIFO 'layer5_out_164_U(JetTaggerNN_fifo_w9_d2_S)' using Shift Registers.
INFO: [RTMG 210-285] Implementing FIFO 'layer5_out_165_U(JetTaggerNN_fifo_w9_d2_S)' using Shift Registers.
INFO: [RTMG 210-285] Implementing FIFO 'layer5_out_166_U(JetTaggerNN_fifo_w9_d2_S)' using Shift Registers.
INFO: [RTMG 210-285] Implementing FIFO 'layer5_out_167_U(JetTaggerNN_fifo_w9_d2_S)' using Shift Registers.
INFO: [RTMG 210-285] Implementing FIFO 'layer5_out_168_U(JetTaggerNN_fifo_w9_d2_S)' using Shift Registers.
INFO: [RTMG 210-285] Implementing FIFO 'layer5_out_169_U(JetTaggerNN_fifo_w9_d2_S)' using Shift Registers.
INFO: [RTMG 210-285] Implementing FIFO 'layer5_out_170_U(JetTaggerNN_fifo_w9_d2_S)' using Shift Registers.
INFO: [RTMG 210-285] Implementing FIFO 'layer5_out_171_U(JetTaggerNN_fifo_w9_d2_S)' using Shift Registers.
INFO: [RTMG 210-285] Implementing FIFO 'layer5_out_172_U(JetTaggerNN_fifo_w9_d2_S)' using Shift Registers.
INFO: [RTMG 210-285] Implementing FIFO 'layer5_out_173_U(JetTaggerNN_fifo_w9_d2_S)' using Shift Registers.
INFO: [RTMG 210-285] Implementing FIFO 'layer5_out_174_U(JetTaggerNN_fifo_w9_d2_S)' using Shift Registers.
INFO: [RTMG 210-285] Implementing FIFO 'layer5_out_175_U(JetTaggerNN_fifo_w9_d2_S)' using Shift Registers.
INFO: [RTMG 210-285] Implementing FIFO 'layer5_out_176_U(JetTaggerNN_fifo_w9_d2_S)' using Shift Registers.
INFO: [RTMG 210-285] Implementing FIFO 'layer5_out_177_U(JetTaggerNN_fifo_w9_d2_S)' using Shift Registers.
INFO: [RTMG 210-285] Implementing FIFO 'layer5_out_178_U(JetTaggerNN_fifo_w9_d2_S)' using Shift Registers.
INFO: [RTMG 210-285] Implementing FIFO 'layer5_out_179_U(JetTaggerNN_fifo_w9_d2_S)' using Shift Registers.
INFO: [RTMG 210-285] Implementing FIFO 'layer5_out_180_U(JetTaggerNN_fifo_w9_d2_S)' using Shift Registers.
INFO: [RTMG 210-285] Implementing FIFO 'layer5_out_181_U(JetTaggerNN_fifo_w9_d2_S)' using Shift Registers.
INFO: [RTMG 210-285] Implementing FIFO 'layer5_out_182_U(JetTaggerNN_fifo_w9_d2_S)' using Shift Registers.
INFO: [RTMG 210-285] Implementing FIFO 'layer5_out_183_U(JetTaggerNN_fifo_w9_d2_S)' using Shift Registers.
INFO: [RTMG 210-285] Implementing FIFO 'layer5_out_184_U(JetTaggerNN_fifo_w9_d2_S)' using Shift Registers.
INFO: [RTMG 210-285] Implementing FIFO 'layer5_out_185_U(JetTaggerNN_fifo_w9_d2_S)' using Shift Registers.
INFO: [RTMG 210-285] Implementing FIFO 'layer5_out_186_U(JetTaggerNN_fifo_w9_d2_S)' using Shift Registers.
INFO: [RTMG 210-285] Implementing FIFO 'layer5_out_187_U(JetTaggerNN_fifo_w9_d2_S)' using Shift Registers.
INFO: [RTMG 210-285] Implementing FIFO 'layer5_out_188_U(JetTaggerNN_fifo_w9_d2_S)' using Shift Registers.
INFO: [RTMG 210-285] Implementing FIFO 'layer5_out_189_U(JetTaggerNN_fifo_w9_d2_S)' using Shift Registers.
INFO: [RTMG 210-285] Implementing FIFO 'layer5_out_190_U(JetTaggerNN_fifo_w9_d2_S)' using Shift Registers.
INFO: [RTMG 210-285] Implementing FIFO 'layer5_out_191_U(JetTaggerNN_fifo_w9_d2_S)' using Shift Registers.
INFO: [RTMG 210-285] Implementing FIFO 'layer5_out_192_U(JetTaggerNN_fifo_w9_d2_S)' using Shift Registers.
INFO: [RTMG 210-285] Implementing FIFO 'layer5_out_193_U(JetTaggerNN_fifo_w9_d2_S)' using Shift Registers.
INFO: [RTMG 210-285] Implementing FIFO 'layer5_out_194_U(JetTaggerNN_fifo_w9_d2_S)' using Shift Registers.
INFO: [RTMG 210-285] Implementing FIFO 'layer5_out_195_U(JetTaggerNN_fifo_w9_d2_S)' using Shift Registers.
INFO: [RTMG 210-285] Implementing FIFO 'layer5_out_196_U(JetTaggerNN_fifo_w9_d2_S)' using Shift Registers.
INFO: [RTMG 210-285] Implementing FIFO 'layer5_out_197_U(JetTaggerNN_fifo_w9_d2_S)' using Shift Registers.
INFO: [RTMG 210-285] Implementing FIFO 'layer5_out_198_U(JetTaggerNN_fifo_w9_d2_S)' using Shift Registers.
INFO: [RTMG 210-285] Implementing FIFO 'layer5_out_199_U(JetTaggerNN_fifo_w9_d2_S)' using Shift Registers.
INFO: [RTMG 210-285] Implementing FIFO 'layer5_out_200_U(JetTaggerNN_fifo_w9_d2_S)' using Shift Registers.
INFO: [RTMG 210-285] Implementing FIFO 'layer5_out_201_U(JetTaggerNN_fifo_w9_d2_S)' using Shift Registers.
INFO: [RTMG 210-285] Implementing FIFO 'layer5_out_202_U(JetTaggerNN_fifo_w9_d2_S)' using Shift Registers.
INFO: [RTMG 210-285] Implementing FIFO 'layer5_out_203_U(JetTaggerNN_fifo_w9_d2_S)' using Shift Registers.
INFO: [RTMG 210-285] Implementing FIFO 'layer5_out_204_U(JetTaggerNN_fifo_w9_d2_S)' using Shift Registers.
INFO: [RTMG 210-285] Implementing FIFO 'layer5_out_205_U(JetTaggerNN_fifo_w9_d2_S)' using Shift Registers.
INFO: [RTMG 210-285] Implementing FIFO 'layer5_out_206_U(JetTaggerNN_fifo_w9_d2_S)' using Shift Registers.
INFO: [RTMG 210-285] Implementing FIFO 'layer5_out_207_U(JetTaggerNN_fifo_w9_d2_S)' using Shift Registers.
INFO: [RTMG 210-285] Implementing FIFO 'layer5_out_208_U(JetTaggerNN_fifo_w9_d2_S)' using Shift Registers.
INFO: [RTMG 210-285] Implementing FIFO 'layer5_out_209_U(JetTaggerNN_fifo_w9_d2_S)' using Shift Registers.
INFO: [RTMG 210-285] Implementing FIFO 'layer5_out_210_U(JetTaggerNN_fifo_w9_d2_S)' using Shift Registers.
INFO: [RTMG 210-285] Implementing FIFO 'layer5_out_211_U(JetTaggerNN_fifo_w9_d2_S)' using Shift Registers.
INFO: [RTMG 210-285] Implementing FIFO 'layer5_out_212_U(JetTaggerNN_fifo_w9_d2_S)' using Shift Registers.
INFO: [RTMG 210-285] Implementing FIFO 'layer5_out_213_U(JetTaggerNN_fifo_w9_d2_S)' using Shift Registers.
INFO: [RTMG 210-285] Implementing FIFO 'layer5_out_214_U(JetTaggerNN_fifo_w9_d2_S)' using Shift Registers.
INFO: [RTMG 210-285] Implementing FIFO 'layer5_out_215_U(JetTaggerNN_fifo_w9_d2_S)' using Shift Registers.
INFO: [RTMG 210-285] Implementing FIFO 'layer5_out_216_U(JetTaggerNN_fifo_w9_d2_S)' using Shift Registers.
INFO: [RTMG 210-285] Implementing FIFO 'layer5_out_217_U(JetTaggerNN_fifo_w9_d2_S)' using Shift Registers.
INFO: [RTMG 210-285] Implementing FIFO 'layer5_out_218_U(JetTaggerNN_fifo_w9_d2_S)' using Shift Registers.
INFO: [RTMG 210-285] Implementing FIFO 'layer5_out_219_U(JetTaggerNN_fifo_w9_d2_S)' using Shift Registers.
INFO: [RTMG 210-285] Implementing FIFO 'layer5_out_220_U(JetTaggerNN_fifo_w9_d2_S)' using Shift Registers.
INFO: [RTMG 210-285] Implementing FIFO 'layer5_out_221_U(JetTaggerNN_fifo_w9_d2_S)' using Shift Registers.
INFO: [RTMG 210-285] Implementing FIFO 'layer5_out_222_U(JetTaggerNN_fifo_w9_d2_S)' using Shift Registers.
INFO: [RTMG 210-285] Implementing FIFO 'layer5_out_223_U(JetTaggerNN_fifo_w9_d2_S)' using Shift Registers.
INFO: [RTMG 210-285] Implementing FIFO 'layer5_out_224_U(JetTaggerNN_fifo_w9_d2_S)' using Shift Registers.
INFO: [RTMG 210-285] Implementing FIFO 'layer5_out_225_U(JetTaggerNN_fifo_w9_d2_S)' using Shift Registers.
INFO: [RTMG 210-285] Implementing FIFO 'layer5_out_226_U(JetTaggerNN_fifo_w9_d2_S)' using Shift Registers.
INFO: [RTMG 210-285] Implementing FIFO 'layer5_out_227_U(JetTaggerNN_fifo_w9_d2_S)' using Shift Registers.
INFO: [RTMG 210-285] Implementing FIFO 'layer5_out_228_U(JetTaggerNN_fifo_w9_d2_S)' using Shift Registers.
INFO: [RTMG 210-285] Implementing FIFO 'layer5_out_229_U(JetTaggerNN_fifo_w9_d2_S)' using Shift Registers.
INFO: [RTMG 210-285] Implementing FIFO 'layer5_out_230_U(JetTaggerNN_fifo_w9_d2_S)' using Shift Registers.
INFO: [RTMG 210-285] Implementing FIFO 'layer5_out_231_U(JetTaggerNN_fifo_w9_d2_S)' using Shift Registers.
INFO: [RTMG 210-285] Implementing FIFO 'layer5_out_232_U(JetTaggerNN_fifo_w9_d2_S)' using Shift Registers.
INFO: [RTMG 210-285] Implementing FIFO 'layer5_out_233_U(JetTaggerNN_fifo_w9_d2_S)' using Shift Registers.
INFO: [RTMG 210-285] Implementing FIFO 'layer5_out_234_U(JetTaggerNN_fifo_w9_d2_S)' using Shift Registers.
INFO: [RTMG 210-285] Implementing FIFO 'layer5_out_235_U(JetTaggerNN_fifo_w9_d2_S)' using Shift Registers.
INFO: [RTMG 210-285] Implementing FIFO 'layer5_out_236_U(JetTaggerNN_fifo_w9_d2_S)' using Shift Registers.
INFO: [RTMG 210-285] Implementing FIFO 'layer5_out_237_U(JetTaggerNN_fifo_w9_d2_S)' using Shift Registers.
INFO: [RTMG 210-285] Implementing FIFO 'layer5_out_238_U(JetTaggerNN_fifo_w9_d2_S)' using Shift Registers.
INFO: [RTMG 210-285] Implementing FIFO 'layer5_out_239_U(JetTaggerNN_fifo_w9_d2_S)' using Shift Registers.
INFO: [RTMG 210-285] Implementing FIFO 'layer5_out_240_U(JetTaggerNN_fifo_w9_d2_S)' using Shift Registers.
INFO: [RTMG 210-285] Implementing FIFO 'layer5_out_241_U(JetTaggerNN_fifo_w9_d2_S)' using Shift Registers.
INFO: [RTMG 210-285] Implementing FIFO 'layer5_out_242_U(JetTaggerNN_fifo_w9_d2_S)' using Shift Registers.
INFO: [RTMG 210-285] Implementing FIFO 'layer5_out_243_U(JetTaggerNN_fifo_w9_d2_S)' using Shift Registers.
INFO: [RTMG 210-285] Implementing FIFO 'layer5_out_244_U(JetTaggerNN_fifo_w9_d2_S)' using Shift Registers.
INFO: [RTMG 210-285] Implementing FIFO 'layer5_out_245_U(JetTaggerNN_fifo_w9_d2_S)' using Shift Registers.
INFO: [RTMG 210-285] Implementing FIFO 'layer5_out_246_U(JetTaggerNN_fifo_w9_d2_S)' using Shift Registers.
INFO: [RTMG 210-285] Implementing FIFO 'layer5_out_247_U(JetTaggerNN_fifo_w9_d2_S)' using Shift Registers.
INFO: [RTMG 210-285] Implementing FIFO 'layer5_out_248_U(JetTaggerNN_fifo_w9_d2_S)' using Shift Registers.
INFO: [RTMG 210-285] Implementing FIFO 'layer5_out_249_U(JetTaggerNN_fifo_w9_d2_S)' using Shift Registers.
INFO: [RTMG 210-285] Implementing FIFO 'layer5_out_250_U(JetTaggerNN_fifo_w9_d2_S)' using Shift Registers.
INFO: [RTMG 210-285] Implementing FIFO 'layer5_out_251_U(JetTaggerNN_fifo_w9_d2_S)' using Shift Registers.
INFO: [RTMG 210-285] Implementing FIFO 'layer5_out_252_U(JetTaggerNN_fifo_w9_d2_S)' using Shift Registers.
INFO: [RTMG 210-285] Implementing FIFO 'layer5_out_253_U(JetTaggerNN_fifo_w9_d2_S)' using Shift Registers.
INFO: [RTMG 210-285] Implementing FIFO 'layer5_out_254_U(JetTaggerNN_fifo_w9_d2_S)' using Shift Registers.
INFO: [RTMG 210-285] Implementing FIFO 'layer5_out_255_U(JetTaggerNN_fifo_w9_d2_S)' using Shift Registers.
INFO: [RTMG 210-285] Implementing FIFO 'layer5_out_256_U(JetTaggerNN_fifo_w9_d2_S)' using Shift Registers.
INFO: [RTMG 210-285] Implementing FIFO 'layer5_out_257_U(JetTaggerNN_fifo_w9_d2_S)' using Shift Registers.
INFO: [RTMG 210-285] Implementing FIFO 'layer5_out_258_U(JetTaggerNN_fifo_w9_d2_S)' using Shift Registers.
INFO: [RTMG 210-285] Implementing FIFO 'layer5_out_259_U(JetTaggerNN_fifo_w9_d2_S)' using Shift Registers.
INFO: [RTMG 210-285] Implementing FIFO 'layer5_out_260_U(JetTaggerNN_fifo_w9_d2_S)' using Shift Registers.
INFO: [RTMG 210-285] Implementing FIFO 'layer5_out_261_U(JetTaggerNN_fifo_w9_d2_S)' using Shift Registers.
INFO: [RTMG 210-285] Implementing FIFO 'layer5_out_262_U(JetTaggerNN_fifo_w9_d2_S)' using Shift Registers.
INFO: [RTMG 210-285] Implementing FIFO 'layer5_out_263_U(JetTaggerNN_fifo_w9_d2_S)' using Shift Registers.
INFO: [RTMG 210-285] Implementing FIFO 'layer5_out_264_U(JetTaggerNN_fifo_w9_d2_S)' using Shift Registers.
INFO: [RTMG 210-285] Implementing FIFO 'layer5_out_265_U(JetTaggerNN_fifo_w9_d2_S)' using Shift Registers.
INFO: [RTMG 210-285] Implementing FIFO 'layer5_out_266_U(JetTaggerNN_fifo_w9_d2_S)' using Shift Registers.
INFO: [RTMG 210-285] Implementing FIFO 'layer5_out_267_U(JetTaggerNN_fifo_w9_d2_S)' using Shift Registers.
INFO: [RTMG 210-285] Implementing FIFO 'layer5_out_268_U(JetTaggerNN_fifo_w9_d2_S)' using Shift Registers.
INFO: [RTMG 210-285] Implementing FIFO 'layer5_out_269_U(JetTaggerNN_fifo_w9_d2_S)' using Shift Registers.
INFO: [RTMG 210-285] Implementing FIFO 'layer5_out_270_U(JetTaggerNN_fifo_w9_d2_S)' using Shift Registers.
INFO: [RTMG 210-285] Implementing FIFO 'layer5_out_271_U(JetTaggerNN_fifo_w9_d2_S)' using Shift Registers.
INFO: [RTMG 210-285] Implementing FIFO 'layer5_out_272_U(JetTaggerNN_fifo_w9_d2_S)' using Shift Registers.
INFO: [RTMG 210-285] Implementing FIFO 'layer5_out_273_U(JetTaggerNN_fifo_w9_d2_S)' using Shift Registers.
INFO: [RTMG 210-285] Implementing FIFO 'layer5_out_274_U(JetTaggerNN_fifo_w9_d2_S)' using Shift Registers.
INFO: [RTMG 210-285] Implementing FIFO 'layer5_out_275_U(JetTaggerNN_fifo_w9_d2_S)' using Shift Registers.
INFO: [RTMG 210-285] Implementing FIFO 'layer5_out_276_U(JetTaggerNN_fifo_w9_d2_S)' using Shift Registers.
INFO: [RTMG 210-285] Implementing FIFO 'layer5_out_277_U(JetTaggerNN_fifo_w9_d2_S)' using Shift Registers.
INFO: [RTMG 210-285] Implementing FIFO 'layer5_out_278_U(JetTaggerNN_fifo_w9_d2_S)' using Shift Registers.
INFO: [RTMG 210-285] Implementing FIFO 'layer5_out_279_U(JetTaggerNN_fifo_w9_d2_S)' using Shift Registers.
INFO: [RTMG 210-285] Implementing FIFO 'layer5_out_280_U(JetTaggerNN_fifo_w9_d2_S)' using Shift Registers.
INFO: [RTMG 210-285] Implementing FIFO 'layer5_out_281_U(JetTaggerNN_fifo_w9_d2_S)' using Shift Registers.
INFO: [RTMG 210-285] Implementing FIFO 'layer5_out_282_U(JetTaggerNN_fifo_w9_d2_S)' using Shift Registers.
INFO: [RTMG 210-285] Implementing FIFO 'layer5_out_283_U(JetTaggerNN_fifo_w9_d2_S)' using Shift Registers.
INFO: [RTMG 210-285] Implementing FIFO 'layer5_out_284_U(JetTaggerNN_fifo_w9_d2_S)' using Shift Registers.
INFO: [RTMG 210-285] Implementing FIFO 'layer5_out_285_U(JetTaggerNN_fifo_w9_d2_S)' using Shift Registers.
INFO: [RTMG 210-285] Implementing FIFO 'layer5_out_286_U(JetTaggerNN_fifo_w9_d2_S)' using Shift Registers.
INFO: [RTMG 210-285] Implementing FIFO 'layer5_out_287_U(JetTaggerNN_fifo_w9_d2_S)' using Shift Registers.
INFO: [RTMG 210-285] Implementing FIFO 'layer5_out_288_U(JetTaggerNN_fifo_w9_d2_S)' using Shift Registers.
INFO: [RTMG 210-285] Implementing FIFO 'layer5_out_289_U(JetTaggerNN_fifo_w9_d2_S)' using Shift Registers.
INFO: [RTMG 210-285] Implementing FIFO 'layer5_out_290_U(JetTaggerNN_fifo_w9_d2_S)' using Shift Registers.
INFO: [RTMG 210-285] Implementing FIFO 'layer5_out_291_U(JetTaggerNN_fifo_w9_d2_S)' using Shift Registers.
INFO: [RTMG 210-285] Implementing FIFO 'layer5_out_292_U(JetTaggerNN_fifo_w9_d2_S)' using Shift Registers.
INFO: [RTMG 210-285] Implementing FIFO 'layer5_out_293_U(JetTaggerNN_fifo_w9_d2_S)' using Shift Registers.
INFO: [RTMG 210-285] Implementing FIFO 'layer5_out_294_U(JetTaggerNN_fifo_w9_d2_S)' using Shift Registers.
INFO: [RTMG 210-285] Implementing FIFO 'layer5_out_295_U(JetTaggerNN_fifo_w9_d2_S)' using Shift Registers.
INFO: [RTMG 210-285] Implementing FIFO 'layer5_out_296_U(JetTaggerNN_fifo_w9_d2_S)' using Shift Registers.
INFO: [RTMG 210-285] Implementing FIFO 'layer5_out_297_U(JetTaggerNN_fifo_w9_d2_S)' using Shift Registers.
INFO: [RTMG 210-285] Implementing FIFO 'layer5_out_298_U(JetTaggerNN_fifo_w9_d2_S)' using Shift Registers.
INFO: [RTMG 210-285] Implementing FIFO 'layer5_out_299_U(JetTaggerNN_fifo_w9_d2_S)' using Shift Registers.
INFO: [RTMG 210-285] Implementing FIFO 'layer5_out_300_U(JetTaggerNN_fifo_w9_d2_S)' using Shift Registers.
INFO: [RTMG 210-285] Implementing FIFO 'layer5_out_301_U(JetTaggerNN_fifo_w9_d2_S)' using Shift Registers.
INFO: [RTMG 210-285] Implementing FIFO 'layer5_out_302_U(JetTaggerNN_fifo_w9_d2_S)' using Shift Registers.
INFO: [RTMG 210-285] Implementing FIFO 'layer5_out_303_U(JetTaggerNN_fifo_w9_d2_S)' using Shift Registers.
INFO: [RTMG 210-285] Implementing FIFO 'layer5_out_304_U(JetTaggerNN_fifo_w9_d2_S)' using Shift Registers.
INFO: [RTMG 210-285] Implementing FIFO 'layer5_out_305_U(JetTaggerNN_fifo_w9_d2_S)' using Shift Registers.
INFO: [RTMG 210-285] Implementing FIFO 'layer5_out_306_U(JetTaggerNN_fifo_w9_d2_S)' using Shift Registers.
INFO: [RTMG 210-285] Implementing FIFO 'layer5_out_307_U(JetTaggerNN_fifo_w9_d2_S)' using Shift Registers.
INFO: [RTMG 210-285] Implementing FIFO 'layer5_out_308_U(JetTaggerNN_fifo_w9_d2_S)' using Shift Registers.
INFO: [RTMG 210-285] Implementing FIFO 'layer5_out_309_U(JetTaggerNN_fifo_w9_d2_S)' using Shift Registers.
INFO: [RTMG 210-285] Implementing FIFO 'layer5_out_310_U(JetTaggerNN_fifo_w9_d2_S)' using Shift Registers.
INFO: [RTMG 210-285] Implementing FIFO 'layer5_out_311_U(JetTaggerNN_fifo_w9_d2_S)' using Shift Registers.
INFO: [RTMG 210-285] Implementing FIFO 'layer5_out_312_U(JetTaggerNN_fifo_w9_d2_S)' using Shift Registers.
INFO: [RTMG 210-285] Implementing FIFO 'layer5_out_313_U(JetTaggerNN_fifo_w9_d2_S)' using Shift Registers.
INFO: [RTMG 210-285] Implementing FIFO 'layer5_out_314_U(JetTaggerNN_fifo_w9_d2_S)' using Shift Registers.
INFO: [RTMG 210-285] Implementing FIFO 'layer5_out_315_U(JetTaggerNN_fifo_w9_d2_S)' using Shift Registers.
INFO: [RTMG 210-285] Implementing FIFO 'layer5_out_316_U(JetTaggerNN_fifo_w9_d2_S)' using Shift Registers.
INFO: [RTMG 210-285] Implementing FIFO 'layer5_out_317_U(JetTaggerNN_fifo_w9_d2_S)' using Shift Registers.
INFO: [RTMG 210-285] Implementing FIFO 'layer5_out_318_U(JetTaggerNN_fifo_w9_d2_S)' using Shift Registers.
INFO: [RTMG 210-285] Implementing FIFO 'layer5_out_319_U(JetTaggerNN_fifo_w9_d2_S)' using Shift Registers.
INFO: [RTMG 210-285] Implementing FIFO 'layer5_out_320_U(JetTaggerNN_fifo_w9_d2_S)' using Shift Registers.
INFO: [RTMG 210-285] Implementing FIFO 'layer5_out_321_U(JetTaggerNN_fifo_w9_d2_S)' using Shift Registers.
INFO: [RTMG 210-285] Implementing FIFO 'layer5_out_322_U(JetTaggerNN_fifo_w9_d2_S)' using Shift Registers.
INFO: [RTMG 210-285] Implementing FIFO 'layer5_out_323_U(JetTaggerNN_fifo_w9_d2_S)' using Shift Registers.
INFO: [RTMG 210-285] Implementing FIFO 'layer5_out_324_U(JetTaggerNN_fifo_w9_d2_S)' using Shift Registers.
INFO: [RTMG 210-285] Implementing FIFO 'layer5_out_325_U(JetTaggerNN_fifo_w9_d2_S)' using Shift Registers.
INFO: [RTMG 210-285] Implementing FIFO 'layer5_out_326_U(JetTaggerNN_fifo_w9_d2_S)' using Shift Registers.
INFO: [RTMG 210-285] Implementing FIFO 'layer5_out_327_U(JetTaggerNN_fifo_w9_d2_S)' using Shift Registers.
INFO: [RTMG 210-285] Implementing FIFO 'layer5_out_328_U(JetTaggerNN_fifo_w9_d2_S)' using Shift Registers.
INFO: [RTMG 210-285] Implementing FIFO 'layer5_out_329_U(JetTaggerNN_fifo_w9_d2_S)' using Shift Registers.
INFO: [RTMG 210-285] Implementing FIFO 'layer5_out_330_U(JetTaggerNN_fifo_w9_d2_S)' using Shift Registers.
INFO: [RTMG 210-285] Implementing FIFO 'layer5_out_331_U(JetTaggerNN_fifo_w9_d2_S)' using Shift Registers.
INFO: [RTMG 210-285] Implementing FIFO 'layer5_out_332_U(JetTaggerNN_fifo_w9_d2_S)' using Shift Registers.
INFO: [RTMG 210-285] Implementing FIFO 'layer5_out_333_U(JetTaggerNN_fifo_w9_d2_S)' using Shift Registers.
INFO: [RTMG 210-285] Implementing FIFO 'layer5_out_334_U(JetTaggerNN_fifo_w9_d2_S)' using Shift Registers.
INFO: [RTMG 210-285] Implementing FIFO 'layer5_out_335_U(JetTaggerNN_fifo_w9_d2_S)' using Shift Registers.
INFO: [RTMG 210-285] Implementing FIFO 'layer5_out_336_U(JetTaggerNN_fifo_w9_d2_S)' using Shift Registers.
INFO: [RTMG 210-285] Implementing FIFO 'layer5_out_337_U(JetTaggerNN_fifo_w9_d2_S)' using Shift Registers.
INFO: [RTMG 210-285] Implementing FIFO 'layer5_out_338_U(JetTaggerNN_fifo_w9_d2_S)' using Shift Registers.
INFO: [RTMG 210-285] Implementing FIFO 'layer5_out_339_U(JetTaggerNN_fifo_w9_d2_S)' using Shift Registers.
INFO: [RTMG 210-285] Implementing FIFO 'layer5_out_340_U(JetTaggerNN_fifo_w9_d2_S)' using Shift Registers.
INFO: [RTMG 210-285] Implementing FIFO 'layer5_out_341_U(JetTaggerNN_fifo_w9_d2_S)' using Shift Registers.
INFO: [RTMG 210-285] Implementing FIFO 'layer5_out_342_U(JetTaggerNN_fifo_w9_d2_S)' using Shift Registers.
INFO: [RTMG 210-285] Implementing FIFO 'layer5_out_343_U(JetTaggerNN_fifo_w9_d2_S)' using Shift Registers.
INFO: [RTMG 210-285] Implementing FIFO 'layer5_out_344_U(JetTaggerNN_fifo_w9_d2_S)' using Shift Registers.
INFO: [RTMG 210-285] Implementing FIFO 'layer5_out_345_U(JetTaggerNN_fifo_w9_d2_S)' using Shift Registers.
INFO: [RTMG 210-285] Implementing FIFO 'layer5_out_346_U(JetTaggerNN_fifo_w9_d2_S)' using Shift Registers.
INFO: [RTMG 210-285] Implementing FIFO 'layer5_out_347_U(JetTaggerNN_fifo_w9_d2_S)' using Shift Registers.
INFO: [RTMG 210-285] Implementing FIFO 'layer5_out_348_U(JetTaggerNN_fifo_w9_d2_S)' using Shift Registers.
INFO: [RTMG 210-285] Implementing FIFO 'layer5_out_349_U(JetTaggerNN_fifo_w9_d2_S)' using Shift Registers.
INFO: [RTMG 210-285] Implementing FIFO 'layer5_out_350_U(JetTaggerNN_fifo_w9_d2_S)' using Shift Registers.
INFO: [RTMG 210-285] Implementing FIFO 'layer5_out_351_U(JetTaggerNN_fifo_w9_d2_S)' using Shift Registers.
INFO: [RTMG 210-285] Implementing FIFO 'layer5_out_352_U(JetTaggerNN_fifo_w9_d2_S)' using Shift Registers.
INFO: [RTMG 210-285] Implementing FIFO 'layer5_out_353_U(JetTaggerNN_fifo_w9_d2_S)' using Shift Registers.
INFO: [RTMG 210-285] Implementing FIFO 'layer5_out_354_U(JetTaggerNN_fifo_w9_d2_S)' using Shift Registers.
INFO: [RTMG 210-285] Implementing FIFO 'layer5_out_355_U(JetTaggerNN_fifo_w9_d2_S)' using Shift Registers.
INFO: [RTMG 210-285] Implementing FIFO 'layer5_out_356_U(JetTaggerNN_fifo_w9_d2_S)' using Shift Registers.
INFO: [RTMG 210-285] Implementing FIFO 'layer5_out_357_U(JetTaggerNN_fifo_w9_d2_S)' using Shift Registers.
INFO: [RTMG 210-285] Implementing FIFO 'layer5_out_358_U(JetTaggerNN_fifo_w9_d2_S)' using Shift Registers.
INFO: [RTMG 210-285] Implementing FIFO 'layer5_out_359_U(JetTaggerNN_fifo_w9_d2_S)' using Shift Registers.
INFO: [RTMG 210-285] Implementing FIFO 'layer5_out_360_U(JetTaggerNN_fifo_w9_d2_S)' using Shift Registers.
INFO: [RTMG 210-285] Implementing FIFO 'layer5_out_361_U(JetTaggerNN_fifo_w9_d2_S)' using Shift Registers.
INFO: [RTMG 210-285] Implementing FIFO 'layer5_out_362_U(JetTaggerNN_fifo_w9_d2_S)' using Shift Registers.
INFO: [RTMG 210-285] Implementing FIFO 'layer5_out_363_U(JetTaggerNN_fifo_w9_d2_S)' using Shift Registers.
INFO: [RTMG 210-285] Implementing FIFO 'layer5_out_364_U(JetTaggerNN_fifo_w9_d2_S)' using Shift Registers.
INFO: [RTMG 210-285] Implementing FIFO 'layer5_out_365_U(JetTaggerNN_fifo_w9_d2_S)' using Shift Registers.
INFO: [RTMG 210-285] Implementing FIFO 'layer5_out_366_U(JetTaggerNN_fifo_w9_d2_S)' using Shift Registers.
INFO: [RTMG 210-285] Implementing FIFO 'layer5_out_367_U(JetTaggerNN_fifo_w9_d2_S)' using Shift Registers.
INFO: [RTMG 210-285] Implementing FIFO 'layer5_out_368_U(JetTaggerNN_fifo_w9_d2_S)' using Shift Registers.
INFO: [RTMG 210-285] Implementing FIFO 'layer5_out_369_U(JetTaggerNN_fifo_w9_d2_S)' using Shift Registers.
INFO: [RTMG 210-285] Implementing FIFO 'layer5_out_370_U(JetTaggerNN_fifo_w9_d2_S)' using Shift Registers.
INFO: [RTMG 210-285] Implementing FIFO 'layer5_out_371_U(JetTaggerNN_fifo_w9_d2_S)' using Shift Registers.
INFO: [RTMG 210-285] Implementing FIFO 'layer5_out_372_U(JetTaggerNN_fifo_w9_d2_S)' using Shift Registers.
INFO: [RTMG 210-285] Implementing FIFO 'layer5_out_373_U(JetTaggerNN_fifo_w9_d2_S)' using Shift Registers.
INFO: [RTMG 210-285] Implementing FIFO 'layer5_out_374_U(JetTaggerNN_fifo_w9_d2_S)' using Shift Registers.
INFO: [RTMG 210-285] Implementing FIFO 'layer5_out_375_U(JetTaggerNN_fifo_w9_d2_S)' using Shift Registers.
INFO: [RTMG 210-285] Implementing FIFO 'layer5_out_376_U(JetTaggerNN_fifo_w9_d2_S)' using Shift Registers.
INFO: [RTMG 210-285] Implementing FIFO 'layer5_out_377_U(JetTaggerNN_fifo_w9_d2_S)' using Shift Registers.
INFO: [RTMG 210-285] Implementing FIFO 'layer5_out_378_U(JetTaggerNN_fifo_w9_d2_S)' using Shift Registers.
INFO: [RTMG 210-285] Implementing FIFO 'layer5_out_379_U(JetTaggerNN_fifo_w9_d2_S)' using Shift Registers.
INFO: [RTMG 210-285] Implementing FIFO 'layer5_out_380_U(JetTaggerNN_fifo_w9_d2_S)' using Shift Registers.
INFO: [RTMG 210-285] Implementing FIFO 'layer5_out_381_U(JetTaggerNN_fifo_w9_d2_S)' using Shift Registers.
INFO: [RTMG 210-285] Implementing FIFO 'layer5_out_382_U(JetTaggerNN_fifo_w9_d2_S)' using Shift Registers.
INFO: [RTMG 210-285] Implementing FIFO 'layer5_out_383_U(JetTaggerNN_fifo_w9_d2_S)' using Shift Registers.
INFO: [RTMG 210-285] Implementing FIFO 'layer5_out_384_U(JetTaggerNN_fifo_w9_d2_S)' using Shift Registers.
INFO: [RTMG 210-285] Implementing FIFO 'layer5_out_385_U(JetTaggerNN_fifo_w9_d2_S)' using Shift Registers.
INFO: [RTMG 210-285] Implementing FIFO 'layer5_out_386_U(JetTaggerNN_fifo_w9_d2_S)' using Shift Registers.
INFO: [RTMG 210-285] Implementing FIFO 'layer5_out_387_U(JetTaggerNN_fifo_w9_d2_S)' using Shift Registers.
INFO: [RTMG 210-285] Implementing FIFO 'layer5_out_388_U(JetTaggerNN_fifo_w9_d2_S)' using Shift Registers.
INFO: [RTMG 210-285] Implementing FIFO 'layer5_out_389_U(JetTaggerNN_fifo_w9_d2_S)' using Shift Registers.
INFO: [RTMG 210-285] Implementing FIFO 'layer5_out_390_U(JetTaggerNN_fifo_w9_d2_S)' using Shift Registers.
INFO: [RTMG 210-285] Implementing FIFO 'layer5_out_391_U(JetTaggerNN_fifo_w9_d2_S)' using Shift Registers.
INFO: [RTMG 210-285] Implementing FIFO 'layer5_out_392_U(JetTaggerNN_fifo_w9_d2_S)' using Shift Registers.
INFO: [RTMG 210-285] Implementing FIFO 'layer5_out_393_U(JetTaggerNN_fifo_w9_d2_S)' using Shift Registers.
INFO: [RTMG 210-285] Implementing FIFO 'layer5_out_394_U(JetTaggerNN_fifo_w9_d2_S)' using Shift Registers.
INFO: [RTMG 210-285] Implementing FIFO 'layer5_out_395_U(JetTaggerNN_fifo_w9_d2_S)' using Shift Registers.
INFO: [RTMG 210-285] Implementing FIFO 'layer5_out_396_U(JetTaggerNN_fifo_w9_d2_S)' using Shift Registers.
INFO: [RTMG 210-285] Implementing FIFO 'layer5_out_397_U(JetTaggerNN_fifo_w9_d2_S)' using Shift Registers.
INFO: [RTMG 210-285] Implementing FIFO 'layer5_out_398_U(JetTaggerNN_fifo_w9_d2_S)' using Shift Registers.
INFO: [RTMG 210-285] Implementing FIFO 'layer5_out_399_U(JetTaggerNN_fifo_w9_d2_S)' using Shift Registers.
INFO: [RTMG 210-285] Implementing FIFO 'layer5_out_400_U(JetTaggerNN_fifo_w9_d2_S)' using Shift Registers.
INFO: [RTMG 210-285] Implementing FIFO 'layer5_out_401_U(JetTaggerNN_fifo_w9_d2_S)' using Shift Registers.
INFO: [RTMG 210-285] Implementing FIFO 'layer5_out_402_U(JetTaggerNN_fifo_w9_d2_S)' using Shift Registers.
INFO: [RTMG 210-285] Implementing FIFO 'layer5_out_403_U(JetTaggerNN_fifo_w9_d2_S)' using Shift Registers.
INFO: [RTMG 210-285] Implementing FIFO 'layer5_out_404_U(JetTaggerNN_fifo_w9_d2_S)' using Shift Registers.
INFO: [RTMG 210-285] Implementing FIFO 'layer5_out_405_U(JetTaggerNN_fifo_w9_d2_S)' using Shift Registers.
INFO: [RTMG 210-285] Implementing FIFO 'layer5_out_406_U(JetTaggerNN_fifo_w9_d2_S)' using Shift Registers.
INFO: [RTMG 210-285] Implementing FIFO 'layer5_out_407_U(JetTaggerNN_fifo_w9_d2_S)' using Shift Registers.
INFO: [RTMG 210-285] Implementing FIFO 'layer5_out_408_U(JetTaggerNN_fifo_w9_d2_S)' using Shift Registers.
INFO: [RTMG 210-285] Implementing FIFO 'layer5_out_409_U(JetTaggerNN_fifo_w9_d2_S)' using Shift Registers.
INFO: [RTMG 210-285] Implementing FIFO 'layer5_out_410_U(JetTaggerNN_fifo_w9_d2_S)' using Shift Registers.
INFO: [RTMG 210-285] Implementing FIFO 'layer5_out_411_U(JetTaggerNN_fifo_w9_d2_S)' using Shift Registers.
INFO: [RTMG 210-285] Implementing FIFO 'layer5_out_412_U(JetTaggerNN_fifo_w9_d2_S)' using Shift Registers.
INFO: [RTMG 210-285] Implementing FIFO 'layer5_out_413_U(JetTaggerNN_fifo_w9_d2_S)' using Shift Registers.
INFO: [RTMG 210-285] Implementing FIFO 'layer5_out_414_U(JetTaggerNN_fifo_w9_d2_S)' using Shift Registers.
INFO: [RTMG 210-285] Implementing FIFO 'layer5_out_415_U(JetTaggerNN_fifo_w9_d2_S)' using Shift Registers.
INFO: [RTMG 210-285] Implementing FIFO 'layer5_out_416_U(JetTaggerNN_fifo_w9_d2_S)' using Shift Registers.
INFO: [RTMG 210-285] Implementing FIFO 'layer5_out_417_U(JetTaggerNN_fifo_w9_d2_S)' using Shift Registers.
INFO: [RTMG 210-285] Implementing FIFO 'layer5_out_418_U(JetTaggerNN_fifo_w9_d2_S)' using Shift Registers.
INFO: [RTMG 210-285] Implementing FIFO 'layer5_out_419_U(JetTaggerNN_fifo_w9_d2_S)' using Shift Registers.
INFO: [RTMG 210-285] Implementing FIFO 'layer5_out_420_U(JetTaggerNN_fifo_w9_d2_S)' using Shift Registers.
INFO: [RTMG 210-285] Implementing FIFO 'layer5_out_421_U(JetTaggerNN_fifo_w9_d2_S)' using Shift Registers.
INFO: [RTMG 210-285] Implementing FIFO 'layer5_out_422_U(JetTaggerNN_fifo_w9_d2_S)' using Shift Registers.
INFO: [RTMG 210-285] Implementing FIFO 'layer5_out_423_U(JetTaggerNN_fifo_w9_d2_S)' using Shift Registers.
INFO: [RTMG 210-285] Implementing FIFO 'layer5_out_424_U(JetTaggerNN_fifo_w9_d2_S)' using Shift Registers.
INFO: [RTMG 210-285] Implementing FIFO 'layer5_out_425_U(JetTaggerNN_fifo_w9_d2_S)' using Shift Registers.
INFO: [RTMG 210-285] Implementing FIFO 'layer5_out_426_U(JetTaggerNN_fifo_w9_d2_S)' using Shift Registers.
INFO: [RTMG 210-285] Implementing FIFO 'layer5_out_427_U(JetTaggerNN_fifo_w9_d2_S)' using Shift Registers.
INFO: [RTMG 210-285] Implementing FIFO 'layer5_out_428_U(JetTaggerNN_fifo_w9_d2_S)' using Shift Registers.
INFO: [RTMG 210-285] Implementing FIFO 'layer5_out_429_U(JetTaggerNN_fifo_w9_d2_S)' using Shift Registers.
INFO: [RTMG 210-285] Implementing FIFO 'layer5_out_430_U(JetTaggerNN_fifo_w9_d2_S)' using Shift Registers.
INFO: [RTMG 210-285] Implementing FIFO 'layer5_out_431_U(JetTaggerNN_fifo_w9_d2_S)' using Shift Registers.
INFO: [RTMG 210-285] Implementing FIFO 'layer5_out_432_U(JetTaggerNN_fifo_w9_d2_S)' using Shift Registers.
INFO: [RTMG 210-285] Implementing FIFO 'layer5_out_433_U(JetTaggerNN_fifo_w9_d2_S)' using Shift Registers.
INFO: [RTMG 210-285] Implementing FIFO 'layer5_out_434_U(JetTaggerNN_fifo_w9_d2_S)' using Shift Registers.
INFO: [RTMG 210-285] Implementing FIFO 'layer5_out_435_U(JetTaggerNN_fifo_w9_d2_S)' using Shift Registers.
INFO: [RTMG 210-285] Implementing FIFO 'layer5_out_436_U(JetTaggerNN_fifo_w9_d2_S)' using Shift Registers.
INFO: [RTMG 210-285] Implementing FIFO 'layer5_out_437_U(JetTaggerNN_fifo_w9_d2_S)' using Shift Registers.
INFO: [RTMG 210-285] Implementing FIFO 'layer5_out_438_U(JetTaggerNN_fifo_w9_d2_S)' using Shift Registers.
INFO: [RTMG 210-285] Implementing FIFO 'layer5_out_439_U(JetTaggerNN_fifo_w9_d2_S)' using Shift Registers.
INFO: [RTMG 210-285] Implementing FIFO 'layer5_out_440_U(JetTaggerNN_fifo_w9_d2_S)' using Shift Registers.
INFO: [RTMG 210-285] Implementing FIFO 'layer5_out_441_U(JetTaggerNN_fifo_w9_d2_S)' using Shift Registers.
INFO: [RTMG 210-285] Implementing FIFO 'layer5_out_442_U(JetTaggerNN_fifo_w9_d2_S)' using Shift Registers.
INFO: [RTMG 210-285] Implementing FIFO 'layer5_out_443_U(JetTaggerNN_fifo_w9_d2_S)' using Shift Registers.
INFO: [RTMG 210-285] Implementing FIFO 'layer5_out_444_U(JetTaggerNN_fifo_w9_d2_S)' using Shift Registers.
INFO: [RTMG 210-285] Implementing FIFO 'layer5_out_445_U(JetTaggerNN_fifo_w9_d2_S)' using Shift Registers.
INFO: [RTMG 210-285] Implementing FIFO 'layer5_out_446_U(JetTaggerNN_fifo_w9_d2_S)' using Shift Registers.
INFO: [RTMG 210-285] Implementing FIFO 'layer5_out_447_U(JetTaggerNN_fifo_w9_d2_S)' using Shift Registers.
INFO: [RTMG 210-285] Implementing FIFO 'layer5_out_448_U(JetTaggerNN_fifo_w9_d2_S)' using Shift Registers.
INFO: [RTMG 210-285] Implementing FIFO 'layer5_out_449_U(JetTaggerNN_fifo_w9_d2_S)' using Shift Registers.
INFO: [RTMG 210-285] Implementing FIFO 'layer5_out_450_U(JetTaggerNN_fifo_w9_d2_S)' using Shift Registers.
INFO: [RTMG 210-285] Implementing FIFO 'layer5_out_451_U(JetTaggerNN_fifo_w9_d2_S)' using Shift Registers.
INFO: [RTMG 210-285] Implementing FIFO 'layer5_out_452_U(JetTaggerNN_fifo_w9_d2_S)' using Shift Registers.
INFO: [RTMG 210-285] Implementing FIFO 'layer5_out_453_U(JetTaggerNN_fifo_w9_d2_S)' using Shift Registers.
INFO: [RTMG 210-285] Implementing FIFO 'layer5_out_454_U(JetTaggerNN_fifo_w9_d2_S)' using Shift Registers.
INFO: [RTMG 210-285] Implementing FIFO 'layer5_out_455_U(JetTaggerNN_fifo_w9_d2_S)' using Shift Registers.
INFO: [RTMG 210-285] Implementing FIFO 'layer5_out_456_U(JetTaggerNN_fifo_w9_d2_S)' using Shift Registers.
INFO: [RTMG 210-285] Implementing FIFO 'layer5_out_457_U(JetTaggerNN_fifo_w9_d2_S)' using Shift Registers.
INFO: [RTMG 210-285] Implementing FIFO 'layer5_out_458_U(JetTaggerNN_fifo_w9_d2_S)' using Shift Registers.
INFO: [RTMG 210-285] Implementing FIFO 'layer5_out_459_U(JetTaggerNN_fifo_w9_d2_S)' using Shift Registers.
INFO: [RTMG 210-285] Implementing FIFO 'layer5_out_460_U(JetTaggerNN_fifo_w9_d2_S)' using Shift Registers.
INFO: [RTMG 210-285] Implementing FIFO 'layer5_out_461_U(JetTaggerNN_fifo_w9_d2_S)' using Shift Registers.
INFO: [RTMG 210-285] Implementing FIFO 'layer5_out_462_U(JetTaggerNN_fifo_w9_d2_S)' using Shift Registers.
INFO: [RTMG 210-285] Implementing FIFO 'layer5_out_463_U(JetTaggerNN_fifo_w9_d2_S)' using Shift Registers.
INFO: [RTMG 210-285] Implementing FIFO 'layer5_out_464_U(JetTaggerNN_fifo_w9_d2_S)' using Shift Registers.
INFO: [RTMG 210-285] Implementing FIFO 'layer5_out_465_U(JetTaggerNN_fifo_w9_d2_S)' using Shift Registers.
INFO: [RTMG 210-285] Implementing FIFO 'layer5_out_466_U(JetTaggerNN_fifo_w9_d2_S)' using Shift Registers.
INFO: [RTMG 210-285] Implementing FIFO 'layer5_out_467_U(JetTaggerNN_fifo_w9_d2_S)' using Shift Registers.
INFO: [RTMG 210-285] Implementing FIFO 'layer5_out_468_U(JetTaggerNN_fifo_w9_d2_S)' using Shift Registers.
INFO: [RTMG 210-285] Implementing FIFO 'layer5_out_469_U(JetTaggerNN_fifo_w9_d2_S)' using Shift Registers.
INFO: [RTMG 210-285] Implementing FIFO 'layer5_out_470_U(JetTaggerNN_fifo_w9_d2_S)' using Shift Registers.
INFO: [RTMG 210-285] Implementing FIFO 'layer5_out_471_U(JetTaggerNN_fifo_w9_d2_S)' using Shift Registers.
INFO: [RTMG 210-285] Implementing FIFO 'layer5_out_472_U(JetTaggerNN_fifo_w9_d2_S)' using Shift Registers.
INFO: [RTMG 210-285] Implementing FIFO 'layer5_out_473_U(JetTaggerNN_fifo_w9_d2_S)' using Shift Registers.
INFO: [RTMG 210-285] Implementing FIFO 'layer5_out_474_U(JetTaggerNN_fifo_w9_d2_S)' using Shift Registers.
INFO: [RTMG 210-285] Implementing FIFO 'layer5_out_475_U(JetTaggerNN_fifo_w9_d2_S)' using Shift Registers.
INFO: [RTMG 210-285] Implementing FIFO 'layer5_out_476_U(JetTaggerNN_fifo_w9_d2_S)' using Shift Registers.
INFO: [RTMG 210-285] Implementing FIFO 'layer5_out_477_U(JetTaggerNN_fifo_w9_d2_S)' using Shift Registers.
INFO: [RTMG 210-285] Implementing FIFO 'layer5_out_478_U(JetTaggerNN_fifo_w9_d2_S)' using Shift Registers.
INFO: [RTMG 210-285] Implementing FIFO 'layer5_out_479_U(JetTaggerNN_fifo_w9_d2_S)' using Shift Registers.
INFO: [RTMG 210-285] Implementing FIFO 'layer5_out_480_U(JetTaggerNN_fifo_w9_d2_S)' using Shift Registers.
INFO: [RTMG 210-285] Implementing FIFO 'layer5_out_481_U(JetTaggerNN_fifo_w9_d2_S)' using Shift Registers.
INFO: [RTMG 210-285] Implementing FIFO 'layer5_out_482_U(JetTaggerNN_fifo_w9_d2_S)' using Shift Registers.
INFO: [RTMG 210-285] Implementing FIFO 'layer5_out_483_U(JetTaggerNN_fifo_w9_d2_S)' using Shift Registers.
INFO: [RTMG 210-285] Implementing FIFO 'layer5_out_484_U(JetTaggerNN_fifo_w9_d2_S)' using Shift Registers.
INFO: [RTMG 210-285] Implementing FIFO 'layer5_out_485_U(JetTaggerNN_fifo_w9_d2_S)' using Shift Registers.
INFO: [RTMG 210-285] Implementing FIFO 'layer5_out_486_U(JetTaggerNN_fifo_w9_d2_S)' using Shift Registers.
INFO: [RTMG 210-285] Implementing FIFO 'layer5_out_487_U(JetTaggerNN_fifo_w9_d2_S)' using Shift Registers.
INFO: [RTMG 210-285] Implementing FIFO 'layer5_out_488_U(JetTaggerNN_fifo_w9_d2_S)' using Shift Registers.
INFO: [RTMG 210-285] Implementing FIFO 'layer5_out_489_U(JetTaggerNN_fifo_w9_d2_S)' using Shift Registers.
INFO: [RTMG 210-285] Implementing FIFO 'layer5_out_490_U(JetTaggerNN_fifo_w9_d2_S)' using Shift Registers.
INFO: [RTMG 210-285] Implementing FIFO 'layer5_out_491_U(JetTaggerNN_fifo_w9_d2_S)' using Shift Registers.
INFO: [RTMG 210-285] Implementing FIFO 'layer5_out_492_U(JetTaggerNN_fifo_w9_d2_S)' using Shift Registers.
INFO: [RTMG 210-285] Implementing FIFO 'layer5_out_493_U(JetTaggerNN_fifo_w9_d2_S)' using Shift Registers.
INFO: [RTMG 210-285] Implementing FIFO 'layer5_out_494_U(JetTaggerNN_fifo_w9_d2_S)' using Shift Registers.
INFO: [RTMG 210-285] Implementing FIFO 'layer5_out_495_U(JetTaggerNN_fifo_w9_d2_S)' using Shift Registers.
INFO: [RTMG 210-285] Implementing FIFO 'layer5_out_496_U(JetTaggerNN_fifo_w9_d2_S)' using Shift Registers.
INFO: [RTMG 210-285] Implementing FIFO 'layer5_out_497_U(JetTaggerNN_fifo_w9_d2_S)' using Shift Registers.
INFO: [RTMG 210-285] Implementing FIFO 'layer5_out_498_U(JetTaggerNN_fifo_w9_d2_S)' using Shift Registers.
INFO: [RTMG 210-285] Implementing FIFO 'layer5_out_499_U(JetTaggerNN_fifo_w9_d2_S)' using Shift Registers.
INFO: [RTMG 210-285] Implementing FIFO 'layer5_out_500_U(JetTaggerNN_fifo_w9_d2_S)' using Shift Registers.
INFO: [RTMG 210-285] Implementing FIFO 'layer5_out_501_U(JetTaggerNN_fifo_w9_d2_S)' using Shift Registers.
INFO: [RTMG 210-285] Implementing FIFO 'layer5_out_502_U(JetTaggerNN_fifo_w9_d2_S)' using Shift Registers.
INFO: [RTMG 210-285] Implementing FIFO 'layer5_out_503_U(JetTaggerNN_fifo_w9_d2_S)' using Shift Registers.
INFO: [RTMG 210-285] Implementing FIFO 'layer5_out_504_U(JetTaggerNN_fifo_w9_d2_S)' using Shift Registers.
INFO: [RTMG 210-285] Implementing FIFO 'layer5_out_505_U(JetTaggerNN_fifo_w9_d2_S)' using Shift Registers.
INFO: [RTMG 210-285] Implementing FIFO 'layer5_out_506_U(JetTaggerNN_fifo_w9_d2_S)' using Shift Registers.
INFO: [RTMG 210-285] Implementing FIFO 'layer5_out_507_U(JetTaggerNN_fifo_w9_d2_S)' using Shift Registers.
INFO: [RTMG 210-285] Implementing FIFO 'layer5_out_508_U(JetTaggerNN_fifo_w9_d2_S)' using Shift Registers.
INFO: [RTMG 210-285] Implementing FIFO 'layer5_out_509_U(JetTaggerNN_fifo_w9_d2_S)' using Shift Registers.
INFO: [RTMG 210-285] Implementing FIFO 'layer5_out_510_U(JetTaggerNN_fifo_w9_d2_S)' using Shift Registers.
INFO: [RTMG 210-285] Implementing FIFO 'layer5_out_511_U(JetTaggerNN_fifo_w9_d2_S)' using Shift Registers.
INFO: [RTMG 210-285] Implementing FIFO 'layer29_out_U(JetTaggerNN_fifo_w21_d2_S)' using Shift Registers.
INFO: [RTMG 210-285] Implementing FIFO 'layer29_out_1_U(JetTaggerNN_fifo_w21_d2_S)' using Shift Registers.
INFO: [RTMG 210-285] Implementing FIFO 'layer29_out_2_U(JetTaggerNN_fifo_w21_d2_S)' using Shift Registers.
INFO: [RTMG 210-285] Implementing FIFO 'layer29_out_3_U(JetTaggerNN_fifo_w21_d2_S)' using Shift Registers.
INFO: [RTMG 210-285] Implementing FIFO 'layer29_out_4_U(JetTaggerNN_fifo_w21_d2_S)' using Shift Registers.
INFO: [RTMG 210-285] Implementing FIFO 'layer29_out_5_U(JetTaggerNN_fifo_w21_d2_S)' using Shift Registers.
INFO: [RTMG 210-285] Implementing FIFO 'layer29_out_6_U(JetTaggerNN_fifo_w21_d2_S)' using Shift Registers.
INFO: [RTMG 210-285] Implementing FIFO 'layer29_out_7_U(JetTaggerNN_fifo_w21_d2_S)' using Shift Registers.
INFO: [RTMG 210-285] Implementing FIFO 'layer29_out_8_U(JetTaggerNN_fifo_w21_d2_S)' using Shift Registers.
INFO: [RTMG 210-285] Implementing FIFO 'layer29_out_9_U(JetTaggerNN_fifo_w21_d2_S)' using Shift Registers.
INFO: [RTMG 210-285] Implementing FIFO 'layer29_out_10_U(JetTaggerNN_fifo_w21_d2_S)' using Shift Registers.
INFO: [RTMG 210-285] Implementing FIFO 'layer29_out_11_U(JetTaggerNN_fifo_w21_d2_S)' using Shift Registers.
INFO: [RTMG 210-285] Implementing FIFO 'layer29_out_12_U(JetTaggerNN_fifo_w21_d2_S)' using Shift Registers.
INFO: [RTMG 210-285] Implementing FIFO 'layer29_out_13_U(JetTaggerNN_fifo_w21_d2_S)' using Shift Registers.
INFO: [RTMG 210-285] Implementing FIFO 'layer29_out_14_U(JetTaggerNN_fifo_w21_d2_S)' using Shift Registers.
INFO: [RTMG 210-285] Implementing FIFO 'layer29_out_15_U(JetTaggerNN_fifo_w21_d2_S)' using Shift Registers.
INFO: [RTMG 210-285] Implementing FIFO 'layer29_out_16_U(JetTaggerNN_fifo_w21_d2_S)' using Shift Registers.
INFO: [RTMG 210-285] Implementing FIFO 'layer29_out_17_U(JetTaggerNN_fifo_w21_d2_S)' using Shift Registers.
INFO: [RTMG 210-285] Implementing FIFO 'layer29_out_18_U(JetTaggerNN_fifo_w21_d2_S)' using Shift Registers.
INFO: [RTMG 210-285] Implementing FIFO 'layer29_out_19_U(JetTaggerNN_fifo_w21_d2_S)' using Shift Registers.
INFO: [RTMG 210-285] Implementing FIFO 'layer29_out_20_U(JetTaggerNN_fifo_w21_d2_S)' using Shift Registers.
INFO: [RTMG 210-285] Implementing FIFO 'layer29_out_21_U(JetTaggerNN_fifo_w21_d2_S)' using Shift Registers.
INFO: [RTMG 210-285] Implementing FIFO 'layer29_out_22_U(JetTaggerNN_fifo_w21_d2_S)' using Shift Registers.
INFO: [RTMG 210-285] Implementing FIFO 'layer29_out_23_U(JetTaggerNN_fifo_w21_d2_S)' using Shift Registers.
INFO: [RTMG 210-285] Implementing FIFO 'layer29_out_24_U(JetTaggerNN_fifo_w21_d2_S)' using Shift Registers.
INFO: [RTMG 210-285] Implementing FIFO 'layer29_out_25_U(JetTaggerNN_fifo_w21_d2_S)' using Shift Registers.
INFO: [RTMG 210-285] Implementing FIFO 'layer29_out_26_U(JetTaggerNN_fifo_w21_d2_S)' using Shift Registers.
INFO: [RTMG 210-285] Implementing FIFO 'layer29_out_27_U(JetTaggerNN_fifo_w21_d2_S)' using Shift Registers.
INFO: [RTMG 210-285] Implementing FIFO 'layer29_out_28_U(JetTaggerNN_fifo_w21_d2_S)' using Shift Registers.
INFO: [RTMG 210-285] Implementing FIFO 'layer29_out_29_U(JetTaggerNN_fifo_w21_d2_S)' using Shift Registers.
INFO: [RTMG 210-285] Implementing FIFO 'layer29_out_30_U(JetTaggerNN_fifo_w21_d2_S)' using Shift Registers.
INFO: [RTMG 210-285] Implementing FIFO 'layer29_out_31_U(JetTaggerNN_fifo_w21_d2_S)' using Shift Registers.
INFO: [RTMG 210-285] Implementing FIFO 'layer29_out_32_U(JetTaggerNN_fifo_w21_d2_S)' using Shift Registers.
INFO: [RTMG 210-285] Implementing FIFO 'layer29_out_33_U(JetTaggerNN_fifo_w21_d2_S)' using Shift Registers.
INFO: [RTMG 210-285] Implementing FIFO 'layer29_out_34_U(JetTaggerNN_fifo_w21_d2_S)' using Shift Registers.
INFO: [RTMG 210-285] Implementing FIFO 'layer29_out_35_U(JetTaggerNN_fifo_w21_d2_S)' using Shift Registers.
INFO: [RTMG 210-285] Implementing FIFO 'layer29_out_36_U(JetTaggerNN_fifo_w21_d2_S)' using Shift Registers.
INFO: [RTMG 210-285] Implementing FIFO 'layer29_out_37_U(JetTaggerNN_fifo_w21_d2_S)' using Shift Registers.
INFO: [RTMG 210-285] Implementing FIFO 'layer29_out_38_U(JetTaggerNN_fifo_w21_d2_S)' using Shift Registers.
INFO: [RTMG 210-285] Implementing FIFO 'layer29_out_39_U(JetTaggerNN_fifo_w21_d2_S)' using Shift Registers.
INFO: [RTMG 210-285] Implementing FIFO 'layer29_out_40_U(JetTaggerNN_fifo_w21_d2_S)' using Shift Registers.
INFO: [RTMG 210-285] Implementing FIFO 'layer29_out_41_U(JetTaggerNN_fifo_w21_d2_S)' using Shift Registers.
INFO: [RTMG 210-285] Implementing FIFO 'layer29_out_42_U(JetTaggerNN_fifo_w21_d2_S)' using Shift Registers.
INFO: [RTMG 210-285] Implementing FIFO 'layer29_out_43_U(JetTaggerNN_fifo_w21_d2_S)' using Shift Registers.
INFO: [RTMG 210-285] Implementing FIFO 'layer29_out_44_U(JetTaggerNN_fifo_w21_d2_S)' using Shift Registers.
INFO: [RTMG 210-285] Implementing FIFO 'layer29_out_45_U(JetTaggerNN_fifo_w21_d2_S)' using Shift Registers.
INFO: [RTMG 210-285] Implementing FIFO 'layer29_out_46_U(JetTaggerNN_fifo_w21_d2_S)' using Shift Registers.
INFO: [RTMG 210-285] Implementing FIFO 'layer29_out_47_U(JetTaggerNN_fifo_w21_d2_S)' using Shift Registers.
INFO: [RTMG 210-285] Implementing FIFO 'layer29_out_48_U(JetTaggerNN_fifo_w21_d2_S)' using Shift Registers.
INFO: [RTMG 210-285] Implementing FIFO 'layer29_out_49_U(JetTaggerNN_fifo_w21_d2_S)' using Shift Registers.
INFO: [RTMG 210-285] Implementing FIFO 'layer29_out_50_U(JetTaggerNN_fifo_w21_d2_S)' using Shift Registers.
INFO: [RTMG 210-285] Implementing FIFO 'layer29_out_51_U(JetTaggerNN_fifo_w21_d2_S)' using Shift Registers.
INFO: [RTMG 210-285] Implementing FIFO 'layer29_out_52_U(JetTaggerNN_fifo_w21_d2_S)' using Shift Registers.
INFO: [RTMG 210-285] Implementing FIFO 'layer29_out_53_U(JetTaggerNN_fifo_w21_d2_S)' using Shift Registers.
INFO: [RTMG 210-285] Implementing FIFO 'layer29_out_54_U(JetTaggerNN_fifo_w21_d2_S)' using Shift Registers.
INFO: [RTMG 210-285] Implementing FIFO 'layer29_out_55_U(JetTaggerNN_fifo_w21_d2_S)' using Shift Registers.
INFO: [RTMG 210-285] Implementing FIFO 'layer29_out_56_U(JetTaggerNN_fifo_w21_d2_S)' using Shift Registers.
INFO: [RTMG 210-285] Implementing FIFO 'layer29_out_57_U(JetTaggerNN_fifo_w21_d2_S)' using Shift Registers.
INFO: [RTMG 210-285] Implementing FIFO 'layer29_out_58_U(JetTaggerNN_fifo_w21_d2_S)' using Shift Registers.
INFO: [RTMG 210-285] Implementing FIFO 'layer29_out_59_U(JetTaggerNN_fifo_w21_d2_S)' using Shift Registers.
INFO: [RTMG 210-285] Implementing FIFO 'layer29_out_60_U(JetTaggerNN_fifo_w21_d2_S)' using Shift Registers.
INFO: [RTMG 210-285] Implementing FIFO 'layer29_out_61_U(JetTaggerNN_fifo_w21_d2_S)' using Shift Registers.
INFO: [RTMG 210-285] Implementing FIFO 'layer29_out_62_U(JetTaggerNN_fifo_w21_d2_S)' using Shift Registers.
INFO: [RTMG 210-285] Implementing FIFO 'layer29_out_63_U(JetTaggerNN_fifo_w21_d2_S)' using Shift Registers.
INFO: [RTMG 210-285] Implementing FIFO 'layer29_out_64_U(JetTaggerNN_fifo_w21_d2_S)' using Shift Registers.
INFO: [RTMG 210-285] Implementing FIFO 'layer29_out_65_U(JetTaggerNN_fifo_w21_d2_S)' using Shift Registers.
INFO: [RTMG 210-285] Implementing FIFO 'layer29_out_66_U(JetTaggerNN_fifo_w21_d2_S)' using Shift Registers.
INFO: [RTMG 210-285] Implementing FIFO 'layer29_out_67_U(JetTaggerNN_fifo_w21_d2_S)' using Shift Registers.
INFO: [RTMG 210-285] Implementing FIFO 'layer29_out_68_U(JetTaggerNN_fifo_w21_d2_S)' using Shift Registers.
INFO: [RTMG 210-285] Implementing FIFO 'layer29_out_69_U(JetTaggerNN_fifo_w21_d2_S)' using Shift Registers.
INFO: [RTMG 210-285] Implementing FIFO 'layer29_out_70_U(JetTaggerNN_fifo_w21_d2_S)' using Shift Registers.
INFO: [RTMG 210-285] Implementing FIFO 'layer29_out_71_U(JetTaggerNN_fifo_w21_d2_S)' using Shift Registers.
INFO: [RTMG 210-285] Implementing FIFO 'layer29_out_72_U(JetTaggerNN_fifo_w21_d2_S)' using Shift Registers.
INFO: [RTMG 210-285] Implementing FIFO 'layer29_out_73_U(JetTaggerNN_fifo_w21_d2_S)' using Shift Registers.
INFO: [RTMG 210-285] Implementing FIFO 'layer29_out_74_U(JetTaggerNN_fifo_w21_d2_S)' using Shift Registers.
INFO: [RTMG 210-285] Implementing FIFO 'layer29_out_75_U(JetTaggerNN_fifo_w21_d2_S)' using Shift Registers.
INFO: [RTMG 210-285] Implementing FIFO 'layer29_out_76_U(JetTaggerNN_fifo_w21_d2_S)' using Shift Registers.
INFO: [RTMG 210-285] Implementing FIFO 'layer29_out_77_U(JetTaggerNN_fifo_w21_d2_S)' using Shift Registers.
INFO: [RTMG 210-285] Implementing FIFO 'layer29_out_78_U(JetTaggerNN_fifo_w21_d2_S)' using Shift Registers.
INFO: [RTMG 210-285] Implementing FIFO 'layer29_out_79_U(JetTaggerNN_fifo_w21_d2_S)' using Shift Registers.
INFO: [RTMG 210-285] Implementing FIFO 'layer29_out_80_U(JetTaggerNN_fifo_w21_d2_S)' using Shift Registers.
INFO: [RTMG 210-285] Implementing FIFO 'layer29_out_81_U(JetTaggerNN_fifo_w21_d2_S)' using Shift Registers.
INFO: [RTMG 210-285] Implementing FIFO 'layer29_out_82_U(JetTaggerNN_fifo_w21_d2_S)' using Shift Registers.
INFO: [RTMG 210-285] Implementing FIFO 'layer29_out_83_U(JetTaggerNN_fifo_w21_d2_S)' using Shift Registers.
INFO: [RTMG 210-285] Implementing FIFO 'layer29_out_84_U(JetTaggerNN_fifo_w21_d2_S)' using Shift Registers.
INFO: [RTMG 210-285] Implementing FIFO 'layer29_out_85_U(JetTaggerNN_fifo_w21_d2_S)' using Shift Registers.
INFO: [RTMG 210-285] Implementing FIFO 'layer29_out_86_U(JetTaggerNN_fifo_w21_d2_S)' using Shift Registers.
INFO: [RTMG 210-285] Implementing FIFO 'layer29_out_87_U(JetTaggerNN_fifo_w21_d2_S)' using Shift Registers.
INFO: [RTMG 210-285] Implementing FIFO 'layer29_out_88_U(JetTaggerNN_fifo_w21_d2_S)' using Shift Registers.
INFO: [RTMG 210-285] Implementing FIFO 'layer29_out_89_U(JetTaggerNN_fifo_w21_d2_S)' using Shift Registers.
INFO: [RTMG 210-285] Implementing FIFO 'layer29_out_90_U(JetTaggerNN_fifo_w21_d2_S)' using Shift Registers.
INFO: [RTMG 210-285] Implementing FIFO 'layer29_out_91_U(JetTaggerNN_fifo_w21_d2_S)' using Shift Registers.
INFO: [RTMG 210-285] Implementing FIFO 'layer29_out_92_U(JetTaggerNN_fifo_w21_d2_S)' using Shift Registers.
INFO: [RTMG 210-285] Implementing FIFO 'layer29_out_93_U(JetTaggerNN_fifo_w21_d2_S)' using Shift Registers.
INFO: [RTMG 210-285] Implementing FIFO 'layer29_out_94_U(JetTaggerNN_fifo_w21_d2_S)' using Shift Registers.
INFO: [RTMG 210-285] Implementing FIFO 'layer29_out_95_U(JetTaggerNN_fifo_w21_d2_S)' using Shift Registers.
INFO: [RTMG 210-285] Implementing FIFO 'layer29_out_96_U(JetTaggerNN_fifo_w21_d2_S)' using Shift Registers.
INFO: [RTMG 210-285] Implementing FIFO 'layer29_out_97_U(JetTaggerNN_fifo_w21_d2_S)' using Shift Registers.
INFO: [RTMG 210-285] Implementing FIFO 'layer29_out_98_U(JetTaggerNN_fifo_w21_d2_S)' using Shift Registers.
INFO: [RTMG 210-285] Implementing FIFO 'layer29_out_99_U(JetTaggerNN_fifo_w21_d2_S)' using Shift Registers.
INFO: [RTMG 210-285] Implementing FIFO 'layer29_out_100_U(JetTaggerNN_fifo_w21_d2_S)' using Shift Registers.
INFO: [RTMG 210-285] Implementing FIFO 'layer29_out_101_U(JetTaggerNN_fifo_w21_d2_S)' using Shift Registers.
INFO: [RTMG 210-285] Implementing FIFO 'layer29_out_102_U(JetTaggerNN_fifo_w21_d2_S)' using Shift Registers.
INFO: [RTMG 210-285] Implementing FIFO 'layer29_out_103_U(JetTaggerNN_fifo_w21_d2_S)' using Shift Registers.
INFO: [RTMG 210-285] Implementing FIFO 'layer29_out_104_U(JetTaggerNN_fifo_w21_d2_S)' using Shift Registers.
INFO: [RTMG 210-285] Implementing FIFO 'layer29_out_105_U(JetTaggerNN_fifo_w21_d2_S)' using Shift Registers.
INFO: [RTMG 210-285] Implementing FIFO 'layer29_out_106_U(JetTaggerNN_fifo_w21_d2_S)' using Shift Registers.
INFO: [RTMG 210-285] Implementing FIFO 'layer29_out_107_U(JetTaggerNN_fifo_w21_d2_S)' using Shift Registers.
INFO: [RTMG 210-285] Implementing FIFO 'layer29_out_108_U(JetTaggerNN_fifo_w21_d2_S)' using Shift Registers.
INFO: [RTMG 210-285] Implementing FIFO 'layer29_out_109_U(JetTaggerNN_fifo_w21_d2_S)' using Shift Registers.
INFO: [RTMG 210-285] Implementing FIFO 'layer29_out_110_U(JetTaggerNN_fifo_w21_d2_S)' using Shift Registers.
INFO: [RTMG 210-285] Implementing FIFO 'layer29_out_111_U(JetTaggerNN_fifo_w21_d2_S)' using Shift Registers.
INFO: [RTMG 210-285] Implementing FIFO 'layer29_out_112_U(JetTaggerNN_fifo_w21_d2_S)' using Shift Registers.
INFO: [RTMG 210-285] Implementing FIFO 'layer29_out_113_U(JetTaggerNN_fifo_w21_d2_S)' using Shift Registers.
INFO: [RTMG 210-285] Implementing FIFO 'layer29_out_114_U(JetTaggerNN_fifo_w21_d2_S)' using Shift Registers.
INFO: [RTMG 210-285] Implementing FIFO 'layer29_out_115_U(JetTaggerNN_fifo_w21_d2_S)' using Shift Registers.
INFO: [RTMG 210-285] Implementing FIFO 'layer29_out_116_U(JetTaggerNN_fifo_w21_d2_S)' using Shift Registers.
INFO: [RTMG 210-285] Implementing FIFO 'layer29_out_117_U(JetTaggerNN_fifo_w21_d2_S)' using Shift Registers.
INFO: [RTMG 210-285] Implementing FIFO 'layer29_out_118_U(JetTaggerNN_fifo_w21_d2_S)' using Shift Registers.
INFO: [RTMG 210-285] Implementing FIFO 'layer29_out_119_U(JetTaggerNN_fifo_w21_d2_S)' using Shift Registers.
INFO: [RTMG 210-285] Implementing FIFO 'layer29_out_120_U(JetTaggerNN_fifo_w21_d2_S)' using Shift Registers.
INFO: [RTMG 210-285] Implementing FIFO 'layer29_out_121_U(JetTaggerNN_fifo_w21_d2_S)' using Shift Registers.
INFO: [RTMG 210-285] Implementing FIFO 'layer29_out_122_U(JetTaggerNN_fifo_w21_d2_S)' using Shift Registers.
INFO: [RTMG 210-285] Implementing FIFO 'layer29_out_123_U(JetTaggerNN_fifo_w21_d2_S)' using Shift Registers.
INFO: [RTMG 210-285] Implementing FIFO 'layer29_out_124_U(JetTaggerNN_fifo_w21_d2_S)' using Shift Registers.
INFO: [RTMG 210-285] Implementing FIFO 'layer29_out_125_U(JetTaggerNN_fifo_w21_d2_S)' using Shift Registers.
INFO: [RTMG 210-285] Implementing FIFO 'layer29_out_126_U(JetTaggerNN_fifo_w21_d2_S)' using Shift Registers.
INFO: [RTMG 210-285] Implementing FIFO 'layer29_out_127_U(JetTaggerNN_fifo_w21_d2_S)' using Shift Registers.
INFO: [RTMG 210-285] Implementing FIFO 'layer29_out_128_U(JetTaggerNN_fifo_w21_d2_S)' using Shift Registers.
INFO: [RTMG 210-285] Implementing FIFO 'layer29_out_129_U(JetTaggerNN_fifo_w21_d2_S)' using Shift Registers.
INFO: [RTMG 210-285] Implementing FIFO 'layer29_out_130_U(JetTaggerNN_fifo_w21_d2_S)' using Shift Registers.
INFO: [RTMG 210-285] Implementing FIFO 'layer29_out_131_U(JetTaggerNN_fifo_w21_d2_S)' using Shift Registers.
INFO: [RTMG 210-285] Implementing FIFO 'layer29_out_132_U(JetTaggerNN_fifo_w21_d2_S)' using Shift Registers.
INFO: [RTMG 210-285] Implementing FIFO 'layer29_out_133_U(JetTaggerNN_fifo_w21_d2_S)' using Shift Registers.
INFO: [RTMG 210-285] Implementing FIFO 'layer29_out_134_U(JetTaggerNN_fifo_w21_d2_S)' using Shift Registers.
INFO: [RTMG 210-285] Implementing FIFO 'layer29_out_135_U(JetTaggerNN_fifo_w21_d2_S)' using Shift Registers.
INFO: [RTMG 210-285] Implementing FIFO 'layer29_out_136_U(JetTaggerNN_fifo_w21_d2_S)' using Shift Registers.
INFO: [RTMG 210-285] Implementing FIFO 'layer29_out_137_U(JetTaggerNN_fifo_w21_d2_S)' using Shift Registers.
INFO: [RTMG 210-285] Implementing FIFO 'layer29_out_138_U(JetTaggerNN_fifo_w21_d2_S)' using Shift Registers.
INFO: [RTMG 210-285] Implementing FIFO 'layer29_out_139_U(JetTaggerNN_fifo_w21_d2_S)' using Shift Registers.
INFO: [RTMG 210-285] Implementing FIFO 'layer29_out_140_U(JetTaggerNN_fifo_w21_d2_S)' using Shift Registers.
INFO: [RTMG 210-285] Implementing FIFO 'layer29_out_141_U(JetTaggerNN_fifo_w21_d2_S)' using Shift Registers.
INFO: [RTMG 210-285] Implementing FIFO 'layer29_out_142_U(JetTaggerNN_fifo_w21_d2_S)' using Shift Registers.
INFO: [RTMG 210-285] Implementing FIFO 'layer29_out_143_U(JetTaggerNN_fifo_w21_d2_S)' using Shift Registers.
INFO: [RTMG 210-285] Implementing FIFO 'layer29_out_144_U(JetTaggerNN_fifo_w21_d2_S)' using Shift Registers.
INFO: [RTMG 210-285] Implementing FIFO 'layer29_out_145_U(JetTaggerNN_fifo_w21_d2_S)' using Shift Registers.
INFO: [RTMG 210-285] Implementing FIFO 'layer29_out_146_U(JetTaggerNN_fifo_w21_d2_S)' using Shift Registers.
INFO: [RTMG 210-285] Implementing FIFO 'layer29_out_147_U(JetTaggerNN_fifo_w21_d2_S)' using Shift Registers.
INFO: [RTMG 210-285] Implementing FIFO 'layer29_out_148_U(JetTaggerNN_fifo_w21_d2_S)' using Shift Registers.
INFO: [RTMG 210-285] Implementing FIFO 'layer29_out_149_U(JetTaggerNN_fifo_w21_d2_S)' using Shift Registers.
INFO: [RTMG 210-285] Implementing FIFO 'layer29_out_150_U(JetTaggerNN_fifo_w21_d2_S)' using Shift Registers.
INFO: [RTMG 210-285] Implementing FIFO 'layer29_out_151_U(JetTaggerNN_fifo_w21_d2_S)' using Shift Registers.
INFO: [RTMG 210-285] Implementing FIFO 'layer29_out_152_U(JetTaggerNN_fifo_w21_d2_S)' using Shift Registers.
INFO: [RTMG 210-285] Implementing FIFO 'layer29_out_153_U(JetTaggerNN_fifo_w21_d2_S)' using Shift Registers.
INFO: [RTMG 210-285] Implementing FIFO 'layer29_out_154_U(JetTaggerNN_fifo_w21_d2_S)' using Shift Registers.
INFO: [RTMG 210-285] Implementing FIFO 'layer29_out_155_U(JetTaggerNN_fifo_w21_d2_S)' using Shift Registers.
INFO: [RTMG 210-285] Implementing FIFO 'layer29_out_156_U(JetTaggerNN_fifo_w21_d2_S)' using Shift Registers.
INFO: [RTMG 210-285] Implementing FIFO 'layer29_out_157_U(JetTaggerNN_fifo_w21_d2_S)' using Shift Registers.
INFO: [RTMG 210-285] Implementing FIFO 'layer29_out_158_U(JetTaggerNN_fifo_w21_d2_S)' using Shift Registers.
INFO: [RTMG 210-285] Implementing FIFO 'layer29_out_159_U(JetTaggerNN_fifo_w21_d2_S)' using Shift Registers.
INFO: [RTMG 210-285] Implementing FIFO 'layer29_out_160_U(JetTaggerNN_fifo_w21_d2_S)' using Shift Registers.
INFO: [RTMG 210-285] Implementing FIFO 'layer29_out_161_U(JetTaggerNN_fifo_w21_d2_S)' using Shift Registers.
INFO: [RTMG 210-285] Implementing FIFO 'layer29_out_162_U(JetTaggerNN_fifo_w21_d2_S)' using Shift Registers.
INFO: [RTMG 210-285] Implementing FIFO 'layer29_out_163_U(JetTaggerNN_fifo_w21_d2_S)' using Shift Registers.
INFO: [RTMG 210-285] Implementing FIFO 'layer29_out_164_U(JetTaggerNN_fifo_w21_d2_S)' using Shift Registers.
INFO: [RTMG 210-285] Implementing FIFO 'layer29_out_165_U(JetTaggerNN_fifo_w21_d2_S)' using Shift Registers.
INFO: [RTMG 210-285] Implementing FIFO 'layer29_out_166_U(JetTaggerNN_fifo_w21_d2_S)' using Shift Registers.
INFO: [RTMG 210-285] Implementing FIFO 'layer29_out_167_U(JetTaggerNN_fifo_w21_d2_S)' using Shift Registers.
INFO: [RTMG 210-285] Implementing FIFO 'layer29_out_168_U(JetTaggerNN_fifo_w21_d2_S)' using Shift Registers.
INFO: [RTMG 210-285] Implementing FIFO 'layer29_out_169_U(JetTaggerNN_fifo_w21_d2_S)' using Shift Registers.
INFO: [RTMG 210-285] Implementing FIFO 'layer29_out_170_U(JetTaggerNN_fifo_w21_d2_S)' using Shift Registers.
INFO: [RTMG 210-285] Implementing FIFO 'layer29_out_171_U(JetTaggerNN_fifo_w21_d2_S)' using Shift Registers.
INFO: [RTMG 210-285] Implementing FIFO 'layer29_out_172_U(JetTaggerNN_fifo_w21_d2_S)' using Shift Registers.
INFO: [RTMG 210-285] Implementing FIFO 'layer29_out_173_U(JetTaggerNN_fifo_w21_d2_S)' using Shift Registers.
INFO: [RTMG 210-285] Implementing FIFO 'layer29_out_174_U(JetTaggerNN_fifo_w21_d2_S)' using Shift Registers.
INFO: [RTMG 210-285] Implementing FIFO 'layer29_out_175_U(JetTaggerNN_fifo_w21_d2_S)' using Shift Registers.
INFO: [RTMG 210-285] Implementing FIFO 'layer29_out_176_U(JetTaggerNN_fifo_w21_d2_S)' using Shift Registers.
INFO: [RTMG 210-285] Implementing FIFO 'layer29_out_177_U(JetTaggerNN_fifo_w21_d2_S)' using Shift Registers.
INFO: [RTMG 210-285] Implementing FIFO 'layer29_out_178_U(JetTaggerNN_fifo_w21_d2_S)' using Shift Registers.
INFO: [RTMG 210-285] Implementing FIFO 'layer29_out_179_U(JetTaggerNN_fifo_w21_d2_S)' using Shift Registers.
INFO: [RTMG 210-285] Implementing FIFO 'layer29_out_180_U(JetTaggerNN_fifo_w21_d2_S)' using Shift Registers.
INFO: [RTMG 210-285] Implementing FIFO 'layer29_out_181_U(JetTaggerNN_fifo_w21_d2_S)' using Shift Registers.
INFO: [RTMG 210-285] Implementing FIFO 'layer29_out_182_U(JetTaggerNN_fifo_w21_d2_S)' using Shift Registers.
INFO: [RTMG 210-285] Implementing FIFO 'layer29_out_183_U(JetTaggerNN_fifo_w21_d2_S)' using Shift Registers.
INFO: [RTMG 210-285] Implementing FIFO 'layer29_out_184_U(JetTaggerNN_fifo_w21_d2_S)' using Shift Registers.
INFO: [RTMG 210-285] Implementing FIFO 'layer29_out_185_U(JetTaggerNN_fifo_w21_d2_S)' using Shift Registers.
INFO: [RTMG 210-285] Implementing FIFO 'layer29_out_186_U(JetTaggerNN_fifo_w21_d2_S)' using Shift Registers.
INFO: [RTMG 210-285] Implementing FIFO 'layer29_out_187_U(JetTaggerNN_fifo_w21_d2_S)' using Shift Registers.
INFO: [RTMG 210-285] Implementing FIFO 'layer29_out_188_U(JetTaggerNN_fifo_w21_d2_S)' using Shift Registers.
INFO: [RTMG 210-285] Implementing FIFO 'layer29_out_189_U(JetTaggerNN_fifo_w21_d2_S)' using Shift Registers.
INFO: [RTMG 210-285] Implementing FIFO 'layer29_out_190_U(JetTaggerNN_fifo_w21_d2_S)' using Shift Registers.
INFO: [RTMG 210-285] Implementing FIFO 'layer29_out_191_U(JetTaggerNN_fifo_w21_d2_S)' using Shift Registers.
INFO: [RTMG 210-285] Implementing FIFO 'layer29_out_192_U(JetTaggerNN_fifo_w21_d2_S)' using Shift Registers.
INFO: [RTMG 210-285] Implementing FIFO 'layer29_out_193_U(JetTaggerNN_fifo_w21_d2_S)' using Shift Registers.
INFO: [RTMG 210-285] Implementing FIFO 'layer29_out_194_U(JetTaggerNN_fifo_w21_d2_S)' using Shift Registers.
INFO: [RTMG 210-285] Implementing FIFO 'layer29_out_195_U(JetTaggerNN_fifo_w21_d2_S)' using Shift Registers.
INFO: [RTMG 210-285] Implementing FIFO 'layer29_out_196_U(JetTaggerNN_fifo_w21_d2_S)' using Shift Registers.
INFO: [RTMG 210-285] Implementing FIFO 'layer29_out_197_U(JetTaggerNN_fifo_w21_d2_S)' using Shift Registers.
INFO: [RTMG 210-285] Implementing FIFO 'layer29_out_198_U(JetTaggerNN_fifo_w21_d2_S)' using Shift Registers.
INFO: [RTMG 210-285] Implementing FIFO 'layer29_out_199_U(JetTaggerNN_fifo_w21_d2_S)' using Shift Registers.
INFO: [RTMG 210-285] Implementing FIFO 'layer29_out_200_U(JetTaggerNN_fifo_w21_d2_S)' using Shift Registers.
INFO: [RTMG 210-285] Implementing FIFO 'layer29_out_201_U(JetTaggerNN_fifo_w21_d2_S)' using Shift Registers.
INFO: [RTMG 210-285] Implementing FIFO 'layer29_out_202_U(JetTaggerNN_fifo_w21_d2_S)' using Shift Registers.
INFO: [RTMG 210-285] Implementing FIFO 'layer29_out_203_U(JetTaggerNN_fifo_w21_d2_S)' using Shift Registers.
INFO: [RTMG 210-285] Implementing FIFO 'layer29_out_204_U(JetTaggerNN_fifo_w21_d2_S)' using Shift Registers.
INFO: [RTMG 210-285] Implementing FIFO 'layer29_out_205_U(JetTaggerNN_fifo_w21_d2_S)' using Shift Registers.
INFO: [RTMG 210-285] Implementing FIFO 'layer29_out_206_U(JetTaggerNN_fifo_w21_d2_S)' using Shift Registers.
INFO: [RTMG 210-285] Implementing FIFO 'layer29_out_207_U(JetTaggerNN_fifo_w21_d2_S)' using Shift Registers.
INFO: [RTMG 210-285] Implementing FIFO 'layer29_out_208_U(JetTaggerNN_fifo_w21_d2_S)' using Shift Registers.
INFO: [RTMG 210-285] Implementing FIFO 'layer29_out_209_U(JetTaggerNN_fifo_w21_d2_S)' using Shift Registers.
INFO: [RTMG 210-285] Implementing FIFO 'layer29_out_210_U(JetTaggerNN_fifo_w21_d2_S)' using Shift Registers.
INFO: [RTMG 210-285] Implementing FIFO 'layer29_out_211_U(JetTaggerNN_fifo_w21_d2_S)' using Shift Registers.
INFO: [RTMG 210-285] Implementing FIFO 'layer29_out_212_U(JetTaggerNN_fifo_w21_d2_S)' using Shift Registers.
INFO: [RTMG 210-285] Implementing FIFO 'layer29_out_213_U(JetTaggerNN_fifo_w21_d2_S)' using Shift Registers.
INFO: [RTMG 210-285] Implementing FIFO 'layer29_out_214_U(JetTaggerNN_fifo_w21_d2_S)' using Shift Registers.
INFO: [RTMG 210-285] Implementing FIFO 'layer29_out_215_U(JetTaggerNN_fifo_w21_d2_S)' using Shift Registers.
INFO: [RTMG 210-285] Implementing FIFO 'layer29_out_216_U(JetTaggerNN_fifo_w21_d2_S)' using Shift Registers.
INFO: [RTMG 210-285] Implementing FIFO 'layer29_out_217_U(JetTaggerNN_fifo_w21_d2_S)' using Shift Registers.
INFO: [RTMG 210-285] Implementing FIFO 'layer29_out_218_U(JetTaggerNN_fifo_w21_d2_S)' using Shift Registers.
INFO: [RTMG 210-285] Implementing FIFO 'layer29_out_219_U(JetTaggerNN_fifo_w21_d2_S)' using Shift Registers.
INFO: [RTMG 210-285] Implementing FIFO 'layer29_out_220_U(JetTaggerNN_fifo_w21_d2_S)' using Shift Registers.
INFO: [RTMG 210-285] Implementing FIFO 'layer29_out_221_U(JetTaggerNN_fifo_w21_d2_S)' using Shift Registers.
INFO: [RTMG 210-285] Implementing FIFO 'layer29_out_222_U(JetTaggerNN_fifo_w21_d2_S)' using Shift Registers.
INFO: [RTMG 210-285] Implementing FIFO 'layer29_out_223_U(JetTaggerNN_fifo_w21_d2_S)' using Shift Registers.
INFO: [RTMG 210-285] Implementing FIFO 'layer29_out_224_U(JetTaggerNN_fifo_w21_d2_S)' using Shift Registers.
INFO: [RTMG 210-285] Implementing FIFO 'layer29_out_225_U(JetTaggerNN_fifo_w21_d2_S)' using Shift Registers.
INFO: [RTMG 210-285] Implementing FIFO 'layer29_out_226_U(JetTaggerNN_fifo_w21_d2_S)' using Shift Registers.
INFO: [RTMG 210-285] Implementing FIFO 'layer29_out_227_U(JetTaggerNN_fifo_w21_d2_S)' using Shift Registers.
INFO: [RTMG 210-285] Implementing FIFO 'layer29_out_228_U(JetTaggerNN_fifo_w21_d2_S)' using Shift Registers.
INFO: [RTMG 210-285] Implementing FIFO 'layer29_out_229_U(JetTaggerNN_fifo_w21_d2_S)' using Shift Registers.
INFO: [RTMG 210-285] Implementing FIFO 'layer29_out_230_U(JetTaggerNN_fifo_w21_d2_S)' using Shift Registers.
INFO: [RTMG 210-285] Implementing FIFO 'layer29_out_231_U(JetTaggerNN_fifo_w21_d2_S)' using Shift Registers.
INFO: [RTMG 210-285] Implementing FIFO 'layer29_out_232_U(JetTaggerNN_fifo_w21_d2_S)' using Shift Registers.
INFO: [RTMG 210-285] Implementing FIFO 'layer29_out_233_U(JetTaggerNN_fifo_w21_d2_S)' using Shift Registers.
INFO: [RTMG 210-285] Implementing FIFO 'layer29_out_234_U(JetTaggerNN_fifo_w21_d2_S)' using Shift Registers.
INFO: [RTMG 210-285] Implementing FIFO 'layer29_out_235_U(JetTaggerNN_fifo_w21_d2_S)' using Shift Registers.
INFO: [RTMG 210-285] Implementing FIFO 'layer29_out_236_U(JetTaggerNN_fifo_w21_d2_S)' using Shift Registers.
INFO: [RTMG 210-285] Implementing FIFO 'layer29_out_237_U(JetTaggerNN_fifo_w21_d2_S)' using Shift Registers.
INFO: [RTMG 210-285] Implementing FIFO 'layer29_out_238_U(JetTaggerNN_fifo_w21_d2_S)' using Shift Registers.
INFO: [RTMG 210-285] Implementing FIFO 'layer29_out_239_U(JetTaggerNN_fifo_w21_d2_S)' using Shift Registers.
INFO: [RTMG 210-285] Implementing FIFO 'layer29_out_240_U(JetTaggerNN_fifo_w21_d2_S)' using Shift Registers.
INFO: [RTMG 210-285] Implementing FIFO 'layer29_out_241_U(JetTaggerNN_fifo_w21_d2_S)' using Shift Registers.
INFO: [RTMG 210-285] Implementing FIFO 'layer29_out_242_U(JetTaggerNN_fifo_w21_d2_S)' using Shift Registers.
INFO: [RTMG 210-285] Implementing FIFO 'layer29_out_243_U(JetTaggerNN_fifo_w21_d2_S)' using Shift Registers.
INFO: [RTMG 210-285] Implementing FIFO 'layer29_out_244_U(JetTaggerNN_fifo_w21_d2_S)' using Shift Registers.
INFO: [RTMG 210-285] Implementing FIFO 'layer29_out_245_U(JetTaggerNN_fifo_w21_d2_S)' using Shift Registers.
INFO: [RTMG 210-285] Implementing FIFO 'layer29_out_246_U(JetTaggerNN_fifo_w21_d2_S)' using Shift Registers.
INFO: [RTMG 210-285] Implementing FIFO 'layer29_out_247_U(JetTaggerNN_fifo_w21_d2_S)' using Shift Registers.
INFO: [RTMG 210-285] Implementing FIFO 'layer29_out_248_U(JetTaggerNN_fifo_w21_d2_S)' using Shift Registers.
INFO: [RTMG 210-285] Implementing FIFO 'layer29_out_249_U(JetTaggerNN_fifo_w21_d2_S)' using Shift Registers.
INFO: [RTMG 210-285] Implementing FIFO 'layer29_out_250_U(JetTaggerNN_fifo_w21_d2_S)' using Shift Registers.
INFO: [RTMG 210-285] Implementing FIFO 'layer29_out_251_U(JetTaggerNN_fifo_w21_d2_S)' using Shift Registers.
INFO: [RTMG 210-285] Implementing FIFO 'layer29_out_252_U(JetTaggerNN_fifo_w21_d2_S)' using Shift Registers.
INFO: [RTMG 210-285] Implementing FIFO 'layer29_out_253_U(JetTaggerNN_fifo_w21_d2_S)' using Shift Registers.
INFO: [RTMG 210-285] Implementing FIFO 'layer29_out_254_U(JetTaggerNN_fifo_w21_d2_S)' using Shift Registers.
INFO: [RTMG 210-285] Implementing FIFO 'layer29_out_255_U(JetTaggerNN_fifo_w21_d2_S)' using Shift Registers.
INFO: [RTMG 210-285] Implementing FIFO 'layer29_out_256_U(JetTaggerNN_fifo_w21_d2_S)' using Shift Registers.
INFO: [RTMG 210-285] Implementing FIFO 'layer29_out_257_U(JetTaggerNN_fifo_w21_d2_S)' using Shift Registers.
INFO: [RTMG 210-285] Implementing FIFO 'layer29_out_258_U(JetTaggerNN_fifo_w21_d2_S)' using Shift Registers.
INFO: [RTMG 210-285] Implementing FIFO 'layer29_out_259_U(JetTaggerNN_fifo_w21_d2_S)' using Shift Registers.
INFO: [RTMG 210-285] Implementing FIFO 'layer29_out_260_U(JetTaggerNN_fifo_w21_d2_S)' using Shift Registers.
INFO: [RTMG 210-285] Implementing FIFO 'layer29_out_261_U(JetTaggerNN_fifo_w21_d2_S)' using Shift Registers.
INFO: [RTMG 210-285] Implementing FIFO 'layer29_out_262_U(JetTaggerNN_fifo_w21_d2_S)' using Shift Registers.
INFO: [RTMG 210-285] Implementing FIFO 'layer29_out_263_U(JetTaggerNN_fifo_w21_d2_S)' using Shift Registers.
INFO: [RTMG 210-285] Implementing FIFO 'layer29_out_264_U(JetTaggerNN_fifo_w21_d2_S)' using Shift Registers.
INFO: [RTMG 210-285] Implementing FIFO 'layer29_out_265_U(JetTaggerNN_fifo_w21_d2_S)' using Shift Registers.
INFO: [RTMG 210-285] Implementing FIFO 'layer29_out_266_U(JetTaggerNN_fifo_w21_d2_S)' using Shift Registers.
INFO: [RTMG 210-285] Implementing FIFO 'layer29_out_267_U(JetTaggerNN_fifo_w21_d2_S)' using Shift Registers.
INFO: [RTMG 210-285] Implementing FIFO 'layer29_out_268_U(JetTaggerNN_fifo_w21_d2_S)' using Shift Registers.
INFO: [RTMG 210-285] Implementing FIFO 'layer29_out_269_U(JetTaggerNN_fifo_w21_d2_S)' using Shift Registers.
INFO: [RTMG 210-285] Implementing FIFO 'layer29_out_270_U(JetTaggerNN_fifo_w21_d2_S)' using Shift Registers.
INFO: [RTMG 210-285] Implementing FIFO 'layer29_out_271_U(JetTaggerNN_fifo_w21_d2_S)' using Shift Registers.
INFO: [RTMG 210-285] Implementing FIFO 'layer29_out_272_U(JetTaggerNN_fifo_w21_d2_S)' using Shift Registers.
INFO: [RTMG 210-285] Implementing FIFO 'layer29_out_273_U(JetTaggerNN_fifo_w21_d2_S)' using Shift Registers.
INFO: [RTMG 210-285] Implementing FIFO 'layer29_out_274_U(JetTaggerNN_fifo_w21_d2_S)' using Shift Registers.
INFO: [RTMG 210-285] Implementing FIFO 'layer29_out_275_U(JetTaggerNN_fifo_w21_d2_S)' using Shift Registers.
INFO: [RTMG 210-285] Implementing FIFO 'layer29_out_276_U(JetTaggerNN_fifo_w21_d2_S)' using Shift Registers.
INFO: [RTMG 210-285] Implementing FIFO 'layer29_out_277_U(JetTaggerNN_fifo_w21_d2_S)' using Shift Registers.
INFO: [RTMG 210-285] Implementing FIFO 'layer29_out_278_U(JetTaggerNN_fifo_w21_d2_S)' using Shift Registers.
INFO: [RTMG 210-285] Implementing FIFO 'layer29_out_279_U(JetTaggerNN_fifo_w21_d2_S)' using Shift Registers.
INFO: [RTMG 210-285] Implementing FIFO 'layer29_out_280_U(JetTaggerNN_fifo_w21_d2_S)' using Shift Registers.
INFO: [RTMG 210-285] Implementing FIFO 'layer29_out_281_U(JetTaggerNN_fifo_w21_d2_S)' using Shift Registers.
INFO: [RTMG 210-285] Implementing FIFO 'layer29_out_282_U(JetTaggerNN_fifo_w21_d2_S)' using Shift Registers.
INFO: [RTMG 210-285] Implementing FIFO 'layer29_out_283_U(JetTaggerNN_fifo_w21_d2_S)' using Shift Registers.
INFO: [RTMG 210-285] Implementing FIFO 'layer29_out_284_U(JetTaggerNN_fifo_w21_d2_S)' using Shift Registers.
INFO: [RTMG 210-285] Implementing FIFO 'layer29_out_285_U(JetTaggerNN_fifo_w21_d2_S)' using Shift Registers.
INFO: [RTMG 210-285] Implementing FIFO 'layer29_out_286_U(JetTaggerNN_fifo_w21_d2_S)' using Shift Registers.
INFO: [RTMG 210-285] Implementing FIFO 'layer29_out_287_U(JetTaggerNN_fifo_w21_d2_S)' using Shift Registers.
INFO: [RTMG 210-285] Implementing FIFO 'layer29_out_288_U(JetTaggerNN_fifo_w21_d2_S)' using Shift Registers.
INFO: [RTMG 210-285] Implementing FIFO 'layer29_out_289_U(JetTaggerNN_fifo_w21_d2_S)' using Shift Registers.
INFO: [RTMG 210-285] Implementing FIFO 'layer29_out_290_U(JetTaggerNN_fifo_w21_d2_S)' using Shift Registers.
INFO: [RTMG 210-285] Implementing FIFO 'layer29_out_291_U(JetTaggerNN_fifo_w21_d2_S)' using Shift Registers.
INFO: [RTMG 210-285] Implementing FIFO 'layer29_out_292_U(JetTaggerNN_fifo_w21_d2_S)' using Shift Registers.
INFO: [RTMG 210-285] Implementing FIFO 'layer29_out_293_U(JetTaggerNN_fifo_w21_d2_S)' using Shift Registers.
INFO: [RTMG 210-285] Implementing FIFO 'layer29_out_294_U(JetTaggerNN_fifo_w21_d2_S)' using Shift Registers.
INFO: [RTMG 210-285] Implementing FIFO 'layer29_out_295_U(JetTaggerNN_fifo_w21_d2_S)' using Shift Registers.
INFO: [RTMG 210-285] Implementing FIFO 'layer29_out_296_U(JetTaggerNN_fifo_w21_d2_S)' using Shift Registers.
INFO: [RTMG 210-285] Implementing FIFO 'layer29_out_297_U(JetTaggerNN_fifo_w21_d2_S)' using Shift Registers.
INFO: [RTMG 210-285] Implementing FIFO 'layer29_out_298_U(JetTaggerNN_fifo_w21_d2_S)' using Shift Registers.
INFO: [RTMG 210-285] Implementing FIFO 'layer29_out_299_U(JetTaggerNN_fifo_w21_d2_S)' using Shift Registers.
INFO: [RTMG 210-285] Implementing FIFO 'layer29_out_300_U(JetTaggerNN_fifo_w21_d2_S)' using Shift Registers.
INFO: [RTMG 210-285] Implementing FIFO 'layer29_out_301_U(JetTaggerNN_fifo_w21_d2_S)' using Shift Registers.
INFO: [RTMG 210-285] Implementing FIFO 'layer29_out_302_U(JetTaggerNN_fifo_w21_d2_S)' using Shift Registers.
INFO: [RTMG 210-285] Implementing FIFO 'layer29_out_303_U(JetTaggerNN_fifo_w21_d2_S)' using Shift Registers.
INFO: [RTMG 210-285] Implementing FIFO 'layer29_out_304_U(JetTaggerNN_fifo_w21_d2_S)' using Shift Registers.
INFO: [RTMG 210-285] Implementing FIFO 'layer29_out_305_U(JetTaggerNN_fifo_w21_d2_S)' using Shift Registers.
INFO: [RTMG 210-285] Implementing FIFO 'layer29_out_306_U(JetTaggerNN_fifo_w21_d2_S)' using Shift Registers.
INFO: [RTMG 210-285] Implementing FIFO 'layer29_out_307_U(JetTaggerNN_fifo_w21_d2_S)' using Shift Registers.
INFO: [RTMG 210-285] Implementing FIFO 'layer29_out_308_U(JetTaggerNN_fifo_w21_d2_S)' using Shift Registers.
INFO: [RTMG 210-285] Implementing FIFO 'layer29_out_309_U(JetTaggerNN_fifo_w21_d2_S)' using Shift Registers.
INFO: [RTMG 210-285] Implementing FIFO 'layer29_out_310_U(JetTaggerNN_fifo_w21_d2_S)' using Shift Registers.
INFO: [RTMG 210-285] Implementing FIFO 'layer29_out_311_U(JetTaggerNN_fifo_w21_d2_S)' using Shift Registers.
INFO: [RTMG 210-285] Implementing FIFO 'layer29_out_312_U(JetTaggerNN_fifo_w21_d2_S)' using Shift Registers.
INFO: [RTMG 210-285] Implementing FIFO 'layer29_out_313_U(JetTaggerNN_fifo_w21_d2_S)' using Shift Registers.
INFO: [RTMG 210-285] Implementing FIFO 'layer29_out_314_U(JetTaggerNN_fifo_w21_d2_S)' using Shift Registers.
INFO: [RTMG 210-285] Implementing FIFO 'layer29_out_315_U(JetTaggerNN_fifo_w21_d2_S)' using Shift Registers.
INFO: [RTMG 210-285] Implementing FIFO 'layer29_out_316_U(JetTaggerNN_fifo_w21_d2_S)' using Shift Registers.
INFO: [RTMG 210-285] Implementing FIFO 'layer29_out_317_U(JetTaggerNN_fifo_w21_d2_S)' using Shift Registers.
INFO: [RTMG 210-285] Implementing FIFO 'layer29_out_318_U(JetTaggerNN_fifo_w21_d2_S)' using Shift Registers.
INFO: [RTMG 210-285] Implementing FIFO 'layer29_out_319_U(JetTaggerNN_fifo_w21_d2_S)' using Shift Registers.
INFO: [RTMG 210-285] Implementing FIFO 'layer29_out_320_U(JetTaggerNN_fifo_w21_d2_S)' using Shift Registers.
INFO: [RTMG 210-285] Implementing FIFO 'layer29_out_321_U(JetTaggerNN_fifo_w21_d2_S)' using Shift Registers.
INFO: [RTMG 210-285] Implementing FIFO 'layer29_out_322_U(JetTaggerNN_fifo_w21_d2_S)' using Shift Registers.
INFO: [RTMG 210-285] Implementing FIFO 'layer29_out_323_U(JetTaggerNN_fifo_w21_d2_S)' using Shift Registers.
INFO: [RTMG 210-285] Implementing FIFO 'layer29_out_324_U(JetTaggerNN_fifo_w21_d2_S)' using Shift Registers.
INFO: [RTMG 210-285] Implementing FIFO 'layer29_out_325_U(JetTaggerNN_fifo_w21_d2_S)' using Shift Registers.
INFO: [RTMG 210-285] Implementing FIFO 'layer29_out_326_U(JetTaggerNN_fifo_w21_d2_S)' using Shift Registers.
INFO: [RTMG 210-285] Implementing FIFO 'layer29_out_327_U(JetTaggerNN_fifo_w21_d2_S)' using Shift Registers.
INFO: [RTMG 210-285] Implementing FIFO 'layer29_out_328_U(JetTaggerNN_fifo_w21_d2_S)' using Shift Registers.
INFO: [RTMG 210-285] Implementing FIFO 'layer29_out_329_U(JetTaggerNN_fifo_w21_d2_S)' using Shift Registers.
INFO: [RTMG 210-285] Implementing FIFO 'layer29_out_330_U(JetTaggerNN_fifo_w21_d2_S)' using Shift Registers.
INFO: [RTMG 210-285] Implementing FIFO 'layer29_out_331_U(JetTaggerNN_fifo_w21_d2_S)' using Shift Registers.
INFO: [RTMG 210-285] Implementing FIFO 'layer29_out_332_U(JetTaggerNN_fifo_w21_d2_S)' using Shift Registers.
INFO: [RTMG 210-285] Implementing FIFO 'layer29_out_333_U(JetTaggerNN_fifo_w21_d2_S)' using Shift Registers.
INFO: [RTMG 210-285] Implementing FIFO 'layer29_out_334_U(JetTaggerNN_fifo_w21_d2_S)' using Shift Registers.
INFO: [RTMG 210-285] Implementing FIFO 'layer29_out_335_U(JetTaggerNN_fifo_w21_d2_S)' using Shift Registers.
INFO: [RTMG 210-285] Implementing FIFO 'layer29_out_336_U(JetTaggerNN_fifo_w21_d2_S)' using Shift Registers.
INFO: [RTMG 210-285] Implementing FIFO 'layer29_out_337_U(JetTaggerNN_fifo_w21_d2_S)' using Shift Registers.
INFO: [RTMG 210-285] Implementing FIFO 'layer29_out_338_U(JetTaggerNN_fifo_w21_d2_S)' using Shift Registers.
INFO: [RTMG 210-285] Implementing FIFO 'layer29_out_339_U(JetTaggerNN_fifo_w21_d2_S)' using Shift Registers.
INFO: [RTMG 210-285] Implementing FIFO 'layer29_out_340_U(JetTaggerNN_fifo_w21_d2_S)' using Shift Registers.
INFO: [RTMG 210-285] Implementing FIFO 'layer29_out_341_U(JetTaggerNN_fifo_w21_d2_S)' using Shift Registers.
INFO: [RTMG 210-285] Implementing FIFO 'layer29_out_342_U(JetTaggerNN_fifo_w21_d2_S)' using Shift Registers.
INFO: [RTMG 210-285] Implementing FIFO 'layer29_out_343_U(JetTaggerNN_fifo_w21_d2_S)' using Shift Registers.
INFO: [RTMG 210-285] Implementing FIFO 'layer29_out_344_U(JetTaggerNN_fifo_w21_d2_S)' using Shift Registers.
INFO: [RTMG 210-285] Implementing FIFO 'layer29_out_345_U(JetTaggerNN_fifo_w21_d2_S)' using Shift Registers.
INFO: [RTMG 210-285] Implementing FIFO 'layer29_out_346_U(JetTaggerNN_fifo_w21_d2_S)' using Shift Registers.
INFO: [RTMG 210-285] Implementing FIFO 'layer29_out_347_U(JetTaggerNN_fifo_w21_d2_S)' using Shift Registers.
INFO: [RTMG 210-285] Implementing FIFO 'layer29_out_348_U(JetTaggerNN_fifo_w21_d2_S)' using Shift Registers.
INFO: [RTMG 210-285] Implementing FIFO 'layer29_out_349_U(JetTaggerNN_fifo_w21_d2_S)' using Shift Registers.
INFO: [RTMG 210-285] Implementing FIFO 'layer29_out_350_U(JetTaggerNN_fifo_w21_d2_S)' using Shift Registers.
INFO: [RTMG 210-285] Implementing FIFO 'layer29_out_351_U(JetTaggerNN_fifo_w21_d2_S)' using Shift Registers.
INFO: [RTMG 210-285] Implementing FIFO 'layer29_out_352_U(JetTaggerNN_fifo_w21_d2_S)' using Shift Registers.
INFO: [RTMG 210-285] Implementing FIFO 'layer29_out_353_U(JetTaggerNN_fifo_w21_d2_S)' using Shift Registers.
INFO: [RTMG 210-285] Implementing FIFO 'layer29_out_354_U(JetTaggerNN_fifo_w21_d2_S)' using Shift Registers.
INFO: [RTMG 210-285] Implementing FIFO 'layer29_out_355_U(JetTaggerNN_fifo_w21_d2_S)' using Shift Registers.
INFO: [RTMG 210-285] Implementing FIFO 'layer29_out_356_U(JetTaggerNN_fifo_w21_d2_S)' using Shift Registers.
INFO: [RTMG 210-285] Implementing FIFO 'layer29_out_357_U(JetTaggerNN_fifo_w21_d2_S)' using Shift Registers.
INFO: [RTMG 210-285] Implementing FIFO 'layer29_out_358_U(JetTaggerNN_fifo_w21_d2_S)' using Shift Registers.
INFO: [RTMG 210-285] Implementing FIFO 'layer29_out_359_U(JetTaggerNN_fifo_w21_d2_S)' using Shift Registers.
INFO: [RTMG 210-285] Implementing FIFO 'layer29_out_360_U(JetTaggerNN_fifo_w21_d2_S)' using Shift Registers.
INFO: [RTMG 210-285] Implementing FIFO 'layer29_out_361_U(JetTaggerNN_fifo_w21_d2_S)' using Shift Registers.
INFO: [RTMG 210-285] Implementing FIFO 'layer29_out_362_U(JetTaggerNN_fifo_w21_d2_S)' using Shift Registers.
INFO: [RTMG 210-285] Implementing FIFO 'layer29_out_363_U(JetTaggerNN_fifo_w21_d2_S)' using Shift Registers.
INFO: [RTMG 210-285] Implementing FIFO 'layer29_out_364_U(JetTaggerNN_fifo_w21_d2_S)' using Shift Registers.
INFO: [RTMG 210-285] Implementing FIFO 'layer29_out_365_U(JetTaggerNN_fifo_w21_d2_S)' using Shift Registers.
INFO: [RTMG 210-285] Implementing FIFO 'layer29_out_366_U(JetTaggerNN_fifo_w21_d2_S)' using Shift Registers.
INFO: [RTMG 210-285] Implementing FIFO 'layer29_out_367_U(JetTaggerNN_fifo_w21_d2_S)' using Shift Registers.
INFO: [RTMG 210-285] Implementing FIFO 'layer29_out_368_U(JetTaggerNN_fifo_w21_d2_S)' using Shift Registers.
INFO: [RTMG 210-285] Implementing FIFO 'layer29_out_369_U(JetTaggerNN_fifo_w21_d2_S)' using Shift Registers.
INFO: [RTMG 210-285] Implementing FIFO 'layer29_out_370_U(JetTaggerNN_fifo_w21_d2_S)' using Shift Registers.
INFO: [RTMG 210-285] Implementing FIFO 'layer29_out_371_U(JetTaggerNN_fifo_w21_d2_S)' using Shift Registers.
INFO: [RTMG 210-285] Implementing FIFO 'layer29_out_372_U(JetTaggerNN_fifo_w21_d2_S)' using Shift Registers.
INFO: [RTMG 210-285] Implementing FIFO 'layer29_out_373_U(JetTaggerNN_fifo_w21_d2_S)' using Shift Registers.
INFO: [RTMG 210-285] Implementing FIFO 'layer29_out_374_U(JetTaggerNN_fifo_w21_d2_S)' using Shift Registers.
INFO: [RTMG 210-285] Implementing FIFO 'layer29_out_375_U(JetTaggerNN_fifo_w21_d2_S)' using Shift Registers.
INFO: [RTMG 210-285] Implementing FIFO 'layer29_out_376_U(JetTaggerNN_fifo_w21_d2_S)' using Shift Registers.
INFO: [RTMG 210-285] Implementing FIFO 'layer29_out_377_U(JetTaggerNN_fifo_w21_d2_S)' using Shift Registers.
INFO: [RTMG 210-285] Implementing FIFO 'layer29_out_378_U(JetTaggerNN_fifo_w21_d2_S)' using Shift Registers.
INFO: [RTMG 210-285] Implementing FIFO 'layer29_out_379_U(JetTaggerNN_fifo_w21_d2_S)' using Shift Registers.
INFO: [RTMG 210-285] Implementing FIFO 'layer29_out_380_U(JetTaggerNN_fifo_w21_d2_S)' using Shift Registers.
INFO: [RTMG 210-285] Implementing FIFO 'layer29_out_381_U(JetTaggerNN_fifo_w21_d2_S)' using Shift Registers.
INFO: [RTMG 210-285] Implementing FIFO 'layer29_out_382_U(JetTaggerNN_fifo_w21_d2_S)' using Shift Registers.
INFO: [RTMG 210-285] Implementing FIFO 'layer29_out_383_U(JetTaggerNN_fifo_w21_d2_S)' using Shift Registers.
INFO: [RTMG 210-285] Implementing FIFO 'layer29_out_384_U(JetTaggerNN_fifo_w21_d2_S)' using Shift Registers.
INFO: [RTMG 210-285] Implementing FIFO 'layer29_out_385_U(JetTaggerNN_fifo_w21_d2_S)' using Shift Registers.
INFO: [RTMG 210-285] Implementing FIFO 'layer29_out_386_U(JetTaggerNN_fifo_w21_d2_S)' using Shift Registers.
INFO: [RTMG 210-285] Implementing FIFO 'layer29_out_387_U(JetTaggerNN_fifo_w21_d2_S)' using Shift Registers.
INFO: [RTMG 210-285] Implementing FIFO 'layer29_out_388_U(JetTaggerNN_fifo_w21_d2_S)' using Shift Registers.
INFO: [RTMG 210-285] Implementing FIFO 'layer29_out_389_U(JetTaggerNN_fifo_w21_d2_S)' using Shift Registers.
INFO: [RTMG 210-285] Implementing FIFO 'layer29_out_390_U(JetTaggerNN_fifo_w21_d2_S)' using Shift Registers.
INFO: [RTMG 210-285] Implementing FIFO 'layer29_out_391_U(JetTaggerNN_fifo_w21_d2_S)' using Shift Registers.
INFO: [RTMG 210-285] Implementing FIFO 'layer29_out_392_U(JetTaggerNN_fifo_w21_d2_S)' using Shift Registers.
INFO: [RTMG 210-285] Implementing FIFO 'layer29_out_393_U(JetTaggerNN_fifo_w21_d2_S)' using Shift Registers.
INFO: [RTMG 210-285] Implementing FIFO 'layer29_out_394_U(JetTaggerNN_fifo_w21_d2_S)' using Shift Registers.
INFO: [RTMG 210-285] Implementing FIFO 'layer29_out_395_U(JetTaggerNN_fifo_w21_d2_S)' using Shift Registers.
INFO: [RTMG 210-285] Implementing FIFO 'layer29_out_396_U(JetTaggerNN_fifo_w21_d2_S)' using Shift Registers.
INFO: [RTMG 210-285] Implementing FIFO 'layer29_out_397_U(JetTaggerNN_fifo_w21_d2_S)' using Shift Registers.
INFO: [RTMG 210-285] Implementing FIFO 'layer29_out_398_U(JetTaggerNN_fifo_w21_d2_S)' using Shift Registers.
INFO: [RTMG 210-285] Implementing FIFO 'layer29_out_399_U(JetTaggerNN_fifo_w21_d2_S)' using Shift Registers.
INFO: [RTMG 210-285] Implementing FIFO 'layer29_out_400_U(JetTaggerNN_fifo_w21_d2_S)' using Shift Registers.
INFO: [RTMG 210-285] Implementing FIFO 'layer29_out_401_U(JetTaggerNN_fifo_w21_d2_S)' using Shift Registers.
INFO: [RTMG 210-285] Implementing FIFO 'layer29_out_402_U(JetTaggerNN_fifo_w21_d2_S)' using Shift Registers.
INFO: [RTMG 210-285] Implementing FIFO 'layer29_out_403_U(JetTaggerNN_fifo_w21_d2_S)' using Shift Registers.
INFO: [RTMG 210-285] Implementing FIFO 'layer29_out_404_U(JetTaggerNN_fifo_w21_d2_S)' using Shift Registers.
INFO: [RTMG 210-285] Implementing FIFO 'layer29_out_405_U(JetTaggerNN_fifo_w21_d2_S)' using Shift Registers.
INFO: [RTMG 210-285] Implementing FIFO 'layer29_out_406_U(JetTaggerNN_fifo_w21_d2_S)' using Shift Registers.
INFO: [RTMG 210-285] Implementing FIFO 'layer29_out_407_U(JetTaggerNN_fifo_w21_d2_S)' using Shift Registers.
INFO: [RTMG 210-285] Implementing FIFO 'layer29_out_408_U(JetTaggerNN_fifo_w21_d2_S)' using Shift Registers.
INFO: [RTMG 210-285] Implementing FIFO 'layer29_out_409_U(JetTaggerNN_fifo_w21_d2_S)' using Shift Registers.
INFO: [RTMG 210-285] Implementing FIFO 'layer29_out_410_U(JetTaggerNN_fifo_w21_d2_S)' using Shift Registers.
INFO: [RTMG 210-285] Implementing FIFO 'layer29_out_411_U(JetTaggerNN_fifo_w21_d2_S)' using Shift Registers.
INFO: [RTMG 210-285] Implementing FIFO 'layer29_out_412_U(JetTaggerNN_fifo_w21_d2_S)' using Shift Registers.
INFO: [RTMG 210-285] Implementing FIFO 'layer29_out_413_U(JetTaggerNN_fifo_w21_d2_S)' using Shift Registers.
INFO: [RTMG 210-285] Implementing FIFO 'layer29_out_414_U(JetTaggerNN_fifo_w21_d2_S)' using Shift Registers.
INFO: [RTMG 210-285] Implementing FIFO 'layer29_out_415_U(JetTaggerNN_fifo_w21_d2_S)' using Shift Registers.
INFO: [RTMG 210-285] Implementing FIFO 'layer8_out_U(JetTaggerNN_fifo_w9_d2_S)' using Shift Registers.
INFO: [RTMG 210-285] Implementing FIFO 'layer8_out_1_U(JetTaggerNN_fifo_w9_d2_S)' using Shift Registers.
INFO: [RTMG 210-285] Implementing FIFO 'layer8_out_2_U(JetTaggerNN_fifo_w9_d2_S)' using Shift Registers.
INFO: [RTMG 210-285] Implementing FIFO 'layer8_out_3_U(JetTaggerNN_fifo_w9_d2_S)' using Shift Registers.
INFO: [RTMG 210-285] Implementing FIFO 'layer8_out_4_U(JetTaggerNN_fifo_w9_d2_S)' using Shift Registers.
INFO: [RTMG 210-285] Implementing FIFO 'layer8_out_5_U(JetTaggerNN_fifo_w9_d2_S)' using Shift Registers.
INFO: [RTMG 210-285] Implementing FIFO 'layer8_out_6_U(JetTaggerNN_fifo_w9_d2_S)' using Shift Registers.
INFO: [RTMG 210-285] Implementing FIFO 'layer8_out_7_U(JetTaggerNN_fifo_w9_d2_S)' using Shift Registers.
INFO: [RTMG 210-285] Implementing FIFO 'layer8_out_8_U(JetTaggerNN_fifo_w9_d2_S)' using Shift Registers.
INFO: [RTMG 210-285] Implementing FIFO 'layer8_out_9_U(JetTaggerNN_fifo_w9_d2_S)' using Shift Registers.
INFO: [RTMG 210-285] Implementing FIFO 'layer8_out_10_U(JetTaggerNN_fifo_w9_d2_S)' using Shift Registers.
INFO: [RTMG 210-285] Implementing FIFO 'layer8_out_11_U(JetTaggerNN_fifo_w9_d2_S)' using Shift Registers.
INFO: [RTMG 210-285] Implementing FIFO 'layer8_out_12_U(JetTaggerNN_fifo_w9_d2_S)' using Shift Registers.
INFO: [RTMG 210-285] Implementing FIFO 'layer8_out_13_U(JetTaggerNN_fifo_w9_d2_S)' using Shift Registers.
INFO: [RTMG 210-285] Implementing FIFO 'layer8_out_14_U(JetTaggerNN_fifo_w9_d2_S)' using Shift Registers.
INFO: [RTMG 210-285] Implementing FIFO 'layer8_out_15_U(JetTaggerNN_fifo_w9_d2_S)' using Shift Registers.
INFO: [RTMG 210-285] Implementing FIFO 'layer8_out_16_U(JetTaggerNN_fifo_w9_d2_S)' using Shift Registers.
INFO: [RTMG 210-285] Implementing FIFO 'layer8_out_17_U(JetTaggerNN_fifo_w9_d2_S)' using Shift Registers.
INFO: [RTMG 210-285] Implementing FIFO 'layer8_out_18_U(JetTaggerNN_fifo_w9_d2_S)' using Shift Registers.
INFO: [RTMG 210-285] Implementing FIFO 'layer8_out_19_U(JetTaggerNN_fifo_w9_d2_S)' using Shift Registers.
INFO: [RTMG 210-285] Implementing FIFO 'layer8_out_20_U(JetTaggerNN_fifo_w9_d2_S)' using Shift Registers.
INFO: [RTMG 210-285] Implementing FIFO 'layer8_out_21_U(JetTaggerNN_fifo_w9_d2_S)' using Shift Registers.
INFO: [RTMG 210-285] Implementing FIFO 'layer8_out_22_U(JetTaggerNN_fifo_w9_d2_S)' using Shift Registers.
INFO: [RTMG 210-285] Implementing FIFO 'layer8_out_23_U(JetTaggerNN_fifo_w9_d2_S)' using Shift Registers.
INFO: [RTMG 210-285] Implementing FIFO 'layer8_out_24_U(JetTaggerNN_fifo_w9_d2_S)' using Shift Registers.
INFO: [RTMG 210-285] Implementing FIFO 'layer8_out_25_U(JetTaggerNN_fifo_w9_d2_S)' using Shift Registers.
INFO: [RTMG 210-285] Implementing FIFO 'layer8_out_26_U(JetTaggerNN_fifo_w9_d2_S)' using Shift Registers.
INFO: [RTMG 210-285] Implementing FIFO 'layer8_out_27_U(JetTaggerNN_fifo_w9_d2_S)' using Shift Registers.
INFO: [RTMG 210-285] Implementing FIFO 'layer8_out_28_U(JetTaggerNN_fifo_w9_d2_S)' using Shift Registers.
INFO: [RTMG 210-285] Implementing FIFO 'layer8_out_29_U(JetTaggerNN_fifo_w9_d2_S)' using Shift Registers.
INFO: [RTMG 210-285] Implementing FIFO 'layer8_out_30_U(JetTaggerNN_fifo_w9_d2_S)' using Shift Registers.
INFO: [RTMG 210-285] Implementing FIFO 'layer8_out_31_U(JetTaggerNN_fifo_w9_d2_S)' using Shift Registers.
INFO: [RTMG 210-285] Implementing FIFO 'layer8_out_32_U(JetTaggerNN_fifo_w9_d2_S)' using Shift Registers.
INFO: [RTMG 210-285] Implementing FIFO 'layer8_out_33_U(JetTaggerNN_fifo_w9_d2_S)' using Shift Registers.
INFO: [RTMG 210-285] Implementing FIFO 'layer8_out_34_U(JetTaggerNN_fifo_w9_d2_S)' using Shift Registers.
INFO: [RTMG 210-285] Implementing FIFO 'layer8_out_35_U(JetTaggerNN_fifo_w9_d2_S)' using Shift Registers.
INFO: [RTMG 210-285] Implementing FIFO 'layer8_out_36_U(JetTaggerNN_fifo_w9_d2_S)' using Shift Registers.
INFO: [RTMG 210-285] Implementing FIFO 'layer8_out_37_U(JetTaggerNN_fifo_w9_d2_S)' using Shift Registers.
INFO: [RTMG 210-285] Implementing FIFO 'layer8_out_38_U(JetTaggerNN_fifo_w9_d2_S)' using Shift Registers.
INFO: [RTMG 210-285] Implementing FIFO 'layer8_out_39_U(JetTaggerNN_fifo_w9_d2_S)' using Shift Registers.
INFO: [RTMG 210-285] Implementing FIFO 'layer8_out_40_U(JetTaggerNN_fifo_w9_d2_S)' using Shift Registers.
INFO: [RTMG 210-285] Implementing FIFO 'layer8_out_41_U(JetTaggerNN_fifo_w9_d2_S)' using Shift Registers.
INFO: [RTMG 210-285] Implementing FIFO 'layer8_out_42_U(JetTaggerNN_fifo_w9_d2_S)' using Shift Registers.
INFO: [RTMG 210-285] Implementing FIFO 'layer8_out_43_U(JetTaggerNN_fifo_w9_d2_S)' using Shift Registers.
INFO: [RTMG 210-285] Implementing FIFO 'layer8_out_44_U(JetTaggerNN_fifo_w9_d2_S)' using Shift Registers.
INFO: [RTMG 210-285] Implementing FIFO 'layer8_out_45_U(JetTaggerNN_fifo_w9_d2_S)' using Shift Registers.
INFO: [RTMG 210-285] Implementing FIFO 'layer8_out_46_U(JetTaggerNN_fifo_w9_d2_S)' using Shift Registers.
INFO: [RTMG 210-285] Implementing FIFO 'layer8_out_47_U(JetTaggerNN_fifo_w9_d2_S)' using Shift Registers.
INFO: [RTMG 210-285] Implementing FIFO 'layer8_out_48_U(JetTaggerNN_fifo_w9_d2_S)' using Shift Registers.
INFO: [RTMG 210-285] Implementing FIFO 'layer8_out_49_U(JetTaggerNN_fifo_w9_d2_S)' using Shift Registers.
INFO: [RTMG 210-285] Implementing FIFO 'layer8_out_50_U(JetTaggerNN_fifo_w9_d2_S)' using Shift Registers.
INFO: [RTMG 210-285] Implementing FIFO 'layer8_out_51_U(JetTaggerNN_fifo_w9_d2_S)' using Shift Registers.
INFO: [RTMG 210-285] Implementing FIFO 'layer8_out_52_U(JetTaggerNN_fifo_w9_d2_S)' using Shift Registers.
INFO: [RTMG 210-285] Implementing FIFO 'layer8_out_53_U(JetTaggerNN_fifo_w9_d2_S)' using Shift Registers.
INFO: [RTMG 210-285] Implementing FIFO 'layer8_out_54_U(JetTaggerNN_fifo_w9_d2_S)' using Shift Registers.
INFO: [RTMG 210-285] Implementing FIFO 'layer8_out_55_U(JetTaggerNN_fifo_w9_d2_S)' using Shift Registers.
INFO: [RTMG 210-285] Implementing FIFO 'layer8_out_56_U(JetTaggerNN_fifo_w9_d2_S)' using Shift Registers.
INFO: [RTMG 210-285] Implementing FIFO 'layer8_out_57_U(JetTaggerNN_fifo_w9_d2_S)' using Shift Registers.
INFO: [RTMG 210-285] Implementing FIFO 'layer8_out_58_U(JetTaggerNN_fifo_w9_d2_S)' using Shift Registers.
INFO: [RTMG 210-285] Implementing FIFO 'layer8_out_59_U(JetTaggerNN_fifo_w9_d2_S)' using Shift Registers.
INFO: [RTMG 210-285] Implementing FIFO 'layer8_out_60_U(JetTaggerNN_fifo_w9_d2_S)' using Shift Registers.
INFO: [RTMG 210-285] Implementing FIFO 'layer8_out_61_U(JetTaggerNN_fifo_w9_d2_S)' using Shift Registers.
INFO: [RTMG 210-285] Implementing FIFO 'layer8_out_62_U(JetTaggerNN_fifo_w9_d2_S)' using Shift Registers.
INFO: [RTMG 210-285] Implementing FIFO 'layer8_out_63_U(JetTaggerNN_fifo_w9_d2_S)' using Shift Registers.
INFO: [RTMG 210-285] Implementing FIFO 'layer8_out_64_U(JetTaggerNN_fifo_w9_d2_S)' using Shift Registers.
INFO: [RTMG 210-285] Implementing FIFO 'layer8_out_65_U(JetTaggerNN_fifo_w9_d2_S)' using Shift Registers.
INFO: [RTMG 210-285] Implementing FIFO 'layer8_out_66_U(JetTaggerNN_fifo_w9_d2_S)' using Shift Registers.
INFO: [RTMG 210-285] Implementing FIFO 'layer8_out_67_U(JetTaggerNN_fifo_w9_d2_S)' using Shift Registers.
INFO: [RTMG 210-285] Implementing FIFO 'layer8_out_68_U(JetTaggerNN_fifo_w9_d2_S)' using Shift Registers.
INFO: [RTMG 210-285] Implementing FIFO 'layer8_out_69_U(JetTaggerNN_fifo_w9_d2_S)' using Shift Registers.
INFO: [RTMG 210-285] Implementing FIFO 'layer8_out_70_U(JetTaggerNN_fifo_w9_d2_S)' using Shift Registers.
INFO: [RTMG 210-285] Implementing FIFO 'layer8_out_71_U(JetTaggerNN_fifo_w9_d2_S)' using Shift Registers.
INFO: [RTMG 210-285] Implementing FIFO 'layer8_out_72_U(JetTaggerNN_fifo_w9_d2_S)' using Shift Registers.
INFO: [RTMG 210-285] Implementing FIFO 'layer8_out_73_U(JetTaggerNN_fifo_w9_d2_S)' using Shift Registers.
INFO: [RTMG 210-285] Implementing FIFO 'layer8_out_74_U(JetTaggerNN_fifo_w9_d2_S)' using Shift Registers.
INFO: [RTMG 210-285] Implementing FIFO 'layer8_out_75_U(JetTaggerNN_fifo_w9_d2_S)' using Shift Registers.
INFO: [RTMG 210-285] Implementing FIFO 'layer8_out_76_U(JetTaggerNN_fifo_w9_d2_S)' using Shift Registers.
INFO: [RTMG 210-285] Implementing FIFO 'layer8_out_77_U(JetTaggerNN_fifo_w9_d2_S)' using Shift Registers.
INFO: [RTMG 210-285] Implementing FIFO 'layer8_out_78_U(JetTaggerNN_fifo_w9_d2_S)' using Shift Registers.
INFO: [RTMG 210-285] Implementing FIFO 'layer8_out_79_U(JetTaggerNN_fifo_w9_d2_S)' using Shift Registers.
INFO: [RTMG 210-285] Implementing FIFO 'layer8_out_80_U(JetTaggerNN_fifo_w9_d2_S)' using Shift Registers.
INFO: [RTMG 210-285] Implementing FIFO 'layer8_out_81_U(JetTaggerNN_fifo_w9_d2_S)' using Shift Registers.
INFO: [RTMG 210-285] Implementing FIFO 'layer8_out_82_U(JetTaggerNN_fifo_w9_d2_S)' using Shift Registers.
INFO: [RTMG 210-285] Implementing FIFO 'layer8_out_83_U(JetTaggerNN_fifo_w9_d2_S)' using Shift Registers.
INFO: [RTMG 210-285] Implementing FIFO 'layer8_out_84_U(JetTaggerNN_fifo_w9_d2_S)' using Shift Registers.
INFO: [RTMG 210-285] Implementing FIFO 'layer8_out_85_U(JetTaggerNN_fifo_w9_d2_S)' using Shift Registers.
INFO: [RTMG 210-285] Implementing FIFO 'layer8_out_86_U(JetTaggerNN_fifo_w9_d2_S)' using Shift Registers.
INFO: [RTMG 210-285] Implementing FIFO 'layer8_out_87_U(JetTaggerNN_fifo_w9_d2_S)' using Shift Registers.
INFO: [RTMG 210-285] Implementing FIFO 'layer8_out_88_U(JetTaggerNN_fifo_w9_d2_S)' using Shift Registers.
INFO: [RTMG 210-285] Implementing FIFO 'layer8_out_89_U(JetTaggerNN_fifo_w9_d2_S)' using Shift Registers.
INFO: [RTMG 210-285] Implementing FIFO 'layer8_out_90_U(JetTaggerNN_fifo_w9_d2_S)' using Shift Registers.
INFO: [RTMG 210-285] Implementing FIFO 'layer8_out_91_U(JetTaggerNN_fifo_w9_d2_S)' using Shift Registers.
INFO: [RTMG 210-285] Implementing FIFO 'layer8_out_92_U(JetTaggerNN_fifo_w9_d2_S)' using Shift Registers.
INFO: [RTMG 210-285] Implementing FIFO 'layer8_out_93_U(JetTaggerNN_fifo_w9_d2_S)' using Shift Registers.
INFO: [RTMG 210-285] Implementing FIFO 'layer8_out_94_U(JetTaggerNN_fifo_w9_d2_S)' using Shift Registers.
INFO: [RTMG 210-285] Implementing FIFO 'layer8_out_95_U(JetTaggerNN_fifo_w9_d2_S)' using Shift Registers.
INFO: [RTMG 210-285] Implementing FIFO 'layer8_out_96_U(JetTaggerNN_fifo_w9_d2_S)' using Shift Registers.
INFO: [RTMG 210-285] Implementing FIFO 'layer8_out_97_U(JetTaggerNN_fifo_w9_d2_S)' using Shift Registers.
INFO: [RTMG 210-285] Implementing FIFO 'layer8_out_98_U(JetTaggerNN_fifo_w9_d2_S)' using Shift Registers.
INFO: [RTMG 210-285] Implementing FIFO 'layer8_out_99_U(JetTaggerNN_fifo_w9_d2_S)' using Shift Registers.
INFO: [RTMG 210-285] Implementing FIFO 'layer8_out_100_U(JetTaggerNN_fifo_w9_d2_S)' using Shift Registers.
INFO: [RTMG 210-285] Implementing FIFO 'layer8_out_101_U(JetTaggerNN_fifo_w9_d2_S)' using Shift Registers.
INFO: [RTMG 210-285] Implementing FIFO 'layer8_out_102_U(JetTaggerNN_fifo_w9_d2_S)' using Shift Registers.
INFO: [RTMG 210-285] Implementing FIFO 'layer8_out_103_U(JetTaggerNN_fifo_w9_d2_S)' using Shift Registers.
INFO: [RTMG 210-285] Implementing FIFO 'layer8_out_104_U(JetTaggerNN_fifo_w9_d2_S)' using Shift Registers.
INFO: [RTMG 210-285] Implementing FIFO 'layer8_out_105_U(JetTaggerNN_fifo_w9_d2_S)' using Shift Registers.
INFO: [RTMG 210-285] Implementing FIFO 'layer8_out_106_U(JetTaggerNN_fifo_w9_d2_S)' using Shift Registers.
INFO: [RTMG 210-285] Implementing FIFO 'layer8_out_107_U(JetTaggerNN_fifo_w9_d2_S)' using Shift Registers.
INFO: [RTMG 210-285] Implementing FIFO 'layer8_out_108_U(JetTaggerNN_fifo_w9_d2_S)' using Shift Registers.
INFO: [RTMG 210-285] Implementing FIFO 'layer8_out_109_U(JetTaggerNN_fifo_w9_d2_S)' using Shift Registers.
INFO: [RTMG 210-285] Implementing FIFO 'layer8_out_110_U(JetTaggerNN_fifo_w9_d2_S)' using Shift Registers.
INFO: [RTMG 210-285] Implementing FIFO 'layer8_out_111_U(JetTaggerNN_fifo_w9_d2_S)' using Shift Registers.
INFO: [RTMG 210-285] Implementing FIFO 'layer8_out_112_U(JetTaggerNN_fifo_w9_d2_S)' using Shift Registers.
INFO: [RTMG 210-285] Implementing FIFO 'layer8_out_113_U(JetTaggerNN_fifo_w9_d2_S)' using Shift Registers.
INFO: [RTMG 210-285] Implementing FIFO 'layer8_out_114_U(JetTaggerNN_fifo_w9_d2_S)' using Shift Registers.
INFO: [RTMG 210-285] Implementing FIFO 'layer8_out_115_U(JetTaggerNN_fifo_w9_d2_S)' using Shift Registers.
INFO: [RTMG 210-285] Implementing FIFO 'layer8_out_116_U(JetTaggerNN_fifo_w9_d2_S)' using Shift Registers.
INFO: [RTMG 210-285] Implementing FIFO 'layer8_out_117_U(JetTaggerNN_fifo_w9_d2_S)' using Shift Registers.
INFO: [RTMG 210-285] Implementing FIFO 'layer8_out_118_U(JetTaggerNN_fifo_w9_d2_S)' using Shift Registers.
INFO: [RTMG 210-285] Implementing FIFO 'layer8_out_119_U(JetTaggerNN_fifo_w9_d2_S)' using Shift Registers.
INFO: [RTMG 210-285] Implementing FIFO 'layer8_out_120_U(JetTaggerNN_fifo_w9_d2_S)' using Shift Registers.
INFO: [RTMG 210-285] Implementing FIFO 'layer8_out_121_U(JetTaggerNN_fifo_w9_d2_S)' using Shift Registers.
INFO: [RTMG 210-285] Implementing FIFO 'layer8_out_122_U(JetTaggerNN_fifo_w9_d2_S)' using Shift Registers.
INFO: [RTMG 210-285] Implementing FIFO 'layer8_out_123_U(JetTaggerNN_fifo_w9_d2_S)' using Shift Registers.
INFO: [RTMG 210-285] Implementing FIFO 'layer8_out_124_U(JetTaggerNN_fifo_w9_d2_S)' using Shift Registers.
INFO: [RTMG 210-285] Implementing FIFO 'layer8_out_125_U(JetTaggerNN_fifo_w9_d2_S)' using Shift Registers.
INFO: [RTMG 210-285] Implementing FIFO 'layer8_out_126_U(JetTaggerNN_fifo_w9_d2_S)' using Shift Registers.
INFO: [RTMG 210-285] Implementing FIFO 'layer8_out_127_U(JetTaggerNN_fifo_w9_d2_S)' using Shift Registers.
INFO: [RTMG 210-285] Implementing FIFO 'layer8_out_128_U(JetTaggerNN_fifo_w9_d2_S)' using Shift Registers.
INFO: [RTMG 210-285] Implementing FIFO 'layer8_out_129_U(JetTaggerNN_fifo_w9_d2_S)' using Shift Registers.
INFO: [RTMG 210-285] Implementing FIFO 'layer8_out_130_U(JetTaggerNN_fifo_w9_d2_S)' using Shift Registers.
INFO: [RTMG 210-285] Implementing FIFO 'layer8_out_131_U(JetTaggerNN_fifo_w9_d2_S)' using Shift Registers.
INFO: [RTMG 210-285] Implementing FIFO 'layer8_out_132_U(JetTaggerNN_fifo_w9_d2_S)' using Shift Registers.
INFO: [RTMG 210-285] Implementing FIFO 'layer8_out_133_U(JetTaggerNN_fifo_w9_d2_S)' using Shift Registers.
INFO: [RTMG 210-285] Implementing FIFO 'layer8_out_134_U(JetTaggerNN_fifo_w9_d2_S)' using Shift Registers.
INFO: [RTMG 210-285] Implementing FIFO 'layer8_out_135_U(JetTaggerNN_fifo_w9_d2_S)' using Shift Registers.
INFO: [RTMG 210-285] Implementing FIFO 'layer8_out_136_U(JetTaggerNN_fifo_w9_d2_S)' using Shift Registers.
INFO: [RTMG 210-285] Implementing FIFO 'layer8_out_137_U(JetTaggerNN_fifo_w9_d2_S)' using Shift Registers.
INFO: [RTMG 210-285] Implementing FIFO 'layer8_out_138_U(JetTaggerNN_fifo_w9_d2_S)' using Shift Registers.
INFO: [RTMG 210-285] Implementing FIFO 'layer8_out_139_U(JetTaggerNN_fifo_w9_d2_S)' using Shift Registers.
INFO: [RTMG 210-285] Implementing FIFO 'layer8_out_140_U(JetTaggerNN_fifo_w9_d2_S)' using Shift Registers.
INFO: [RTMG 210-285] Implementing FIFO 'layer8_out_141_U(JetTaggerNN_fifo_w9_d2_S)' using Shift Registers.
INFO: [RTMG 210-285] Implementing FIFO 'layer8_out_142_U(JetTaggerNN_fifo_w9_d2_S)' using Shift Registers.
INFO: [RTMG 210-285] Implementing FIFO 'layer8_out_143_U(JetTaggerNN_fifo_w9_d2_S)' using Shift Registers.
INFO: [RTMG 210-285] Implementing FIFO 'layer8_out_144_U(JetTaggerNN_fifo_w9_d2_S)' using Shift Registers.
INFO: [RTMG 210-285] Implementing FIFO 'layer8_out_145_U(JetTaggerNN_fifo_w9_d2_S)' using Shift Registers.
INFO: [RTMG 210-285] Implementing FIFO 'layer8_out_146_U(JetTaggerNN_fifo_w9_d2_S)' using Shift Registers.
INFO: [RTMG 210-285] Implementing FIFO 'layer8_out_147_U(JetTaggerNN_fifo_w9_d2_S)' using Shift Registers.
INFO: [RTMG 210-285] Implementing FIFO 'layer8_out_148_U(JetTaggerNN_fifo_w9_d2_S)' using Shift Registers.
INFO: [RTMG 210-285] Implementing FIFO 'layer8_out_149_U(JetTaggerNN_fifo_w9_d2_S)' using Shift Registers.
INFO: [RTMG 210-285] Implementing FIFO 'layer8_out_150_U(JetTaggerNN_fifo_w9_d2_S)' using Shift Registers.
INFO: [RTMG 210-285] Implementing FIFO 'layer8_out_151_U(JetTaggerNN_fifo_w9_d2_S)' using Shift Registers.
INFO: [RTMG 210-285] Implementing FIFO 'layer8_out_152_U(JetTaggerNN_fifo_w9_d2_S)' using Shift Registers.
INFO: [RTMG 210-285] Implementing FIFO 'layer8_out_153_U(JetTaggerNN_fifo_w9_d2_S)' using Shift Registers.
INFO: [RTMG 210-285] Implementing FIFO 'layer8_out_154_U(JetTaggerNN_fifo_w9_d2_S)' using Shift Registers.
INFO: [RTMG 210-285] Implementing FIFO 'layer8_out_155_U(JetTaggerNN_fifo_w9_d2_S)' using Shift Registers.
INFO: [RTMG 210-285] Implementing FIFO 'layer8_out_156_U(JetTaggerNN_fifo_w9_d2_S)' using Shift Registers.
INFO: [RTMG 210-285] Implementing FIFO 'layer8_out_157_U(JetTaggerNN_fifo_w9_d2_S)' using Shift Registers.
INFO: [RTMG 210-285] Implementing FIFO 'layer8_out_158_U(JetTaggerNN_fifo_w9_d2_S)' using Shift Registers.
INFO: [RTMG 210-285] Implementing FIFO 'layer8_out_159_U(JetTaggerNN_fifo_w9_d2_S)' using Shift Registers.
INFO: [RTMG 210-285] Implementing FIFO 'layer8_out_160_U(JetTaggerNN_fifo_w9_d2_S)' using Shift Registers.
INFO: [RTMG 210-285] Implementing FIFO 'layer8_out_161_U(JetTaggerNN_fifo_w9_d2_S)' using Shift Registers.
INFO: [RTMG 210-285] Implementing FIFO 'layer8_out_162_U(JetTaggerNN_fifo_w9_d2_S)' using Shift Registers.
INFO: [RTMG 210-285] Implementing FIFO 'layer8_out_163_U(JetTaggerNN_fifo_w9_d2_S)' using Shift Registers.
INFO: [RTMG 210-285] Implementing FIFO 'layer8_out_164_U(JetTaggerNN_fifo_w9_d2_S)' using Shift Registers.
INFO: [RTMG 210-285] Implementing FIFO 'layer8_out_165_U(JetTaggerNN_fifo_w9_d2_S)' using Shift Registers.
INFO: [RTMG 210-285] Implementing FIFO 'layer8_out_166_U(JetTaggerNN_fifo_w9_d2_S)' using Shift Registers.
INFO: [RTMG 210-285] Implementing FIFO 'layer8_out_167_U(JetTaggerNN_fifo_w9_d2_S)' using Shift Registers.
INFO: [RTMG 210-285] Implementing FIFO 'layer8_out_168_U(JetTaggerNN_fifo_w9_d2_S)' using Shift Registers.
INFO: [RTMG 210-285] Implementing FIFO 'layer8_out_169_U(JetTaggerNN_fifo_w9_d2_S)' using Shift Registers.
INFO: [RTMG 210-285] Implementing FIFO 'layer8_out_170_U(JetTaggerNN_fifo_w9_d2_S)' using Shift Registers.
INFO: [RTMG 210-285] Implementing FIFO 'layer8_out_171_U(JetTaggerNN_fifo_w9_d2_S)' using Shift Registers.
INFO: [RTMG 210-285] Implementing FIFO 'layer8_out_172_U(JetTaggerNN_fifo_w9_d2_S)' using Shift Registers.
INFO: [RTMG 210-285] Implementing FIFO 'layer8_out_173_U(JetTaggerNN_fifo_w9_d2_S)' using Shift Registers.
INFO: [RTMG 210-285] Implementing FIFO 'layer8_out_174_U(JetTaggerNN_fifo_w9_d2_S)' using Shift Registers.
INFO: [RTMG 210-285] Implementing FIFO 'layer8_out_175_U(JetTaggerNN_fifo_w9_d2_S)' using Shift Registers.
INFO: [RTMG 210-285] Implementing FIFO 'layer8_out_176_U(JetTaggerNN_fifo_w9_d2_S)' using Shift Registers.
INFO: [RTMG 210-285] Implementing FIFO 'layer8_out_177_U(JetTaggerNN_fifo_w9_d2_S)' using Shift Registers.
INFO: [RTMG 210-285] Implementing FIFO 'layer8_out_178_U(JetTaggerNN_fifo_w9_d2_S)' using Shift Registers.
INFO: [RTMG 210-285] Implementing FIFO 'layer8_out_179_U(JetTaggerNN_fifo_w9_d2_S)' using Shift Registers.
INFO: [RTMG 210-285] Implementing FIFO 'layer8_out_180_U(JetTaggerNN_fifo_w9_d2_S)' using Shift Registers.
INFO: [RTMG 210-285] Implementing FIFO 'layer8_out_181_U(JetTaggerNN_fifo_w9_d2_S)' using Shift Registers.
INFO: [RTMG 210-285] Implementing FIFO 'layer8_out_182_U(JetTaggerNN_fifo_w9_d2_S)' using Shift Registers.
INFO: [RTMG 210-285] Implementing FIFO 'layer8_out_183_U(JetTaggerNN_fifo_w9_d2_S)' using Shift Registers.
INFO: [RTMG 210-285] Implementing FIFO 'layer8_out_184_U(JetTaggerNN_fifo_w9_d2_S)' using Shift Registers.
INFO: [RTMG 210-285] Implementing FIFO 'layer8_out_185_U(JetTaggerNN_fifo_w9_d2_S)' using Shift Registers.
INFO: [RTMG 210-285] Implementing FIFO 'layer8_out_186_U(JetTaggerNN_fifo_w9_d2_S)' using Shift Registers.
INFO: [RTMG 210-285] Implementing FIFO 'layer8_out_187_U(JetTaggerNN_fifo_w9_d2_S)' using Shift Registers.
INFO: [RTMG 210-285] Implementing FIFO 'layer8_out_188_U(JetTaggerNN_fifo_w9_d2_S)' using Shift Registers.
INFO: [RTMG 210-285] Implementing FIFO 'layer8_out_189_U(JetTaggerNN_fifo_w9_d2_S)' using Shift Registers.
INFO: [RTMG 210-285] Implementing FIFO 'layer8_out_190_U(JetTaggerNN_fifo_w9_d2_S)' using Shift Registers.
INFO: [RTMG 210-285] Implementing FIFO 'layer8_out_191_U(JetTaggerNN_fifo_w9_d2_S)' using Shift Registers.
INFO: [RTMG 210-285] Implementing FIFO 'layer8_out_192_U(JetTaggerNN_fifo_w9_d2_S)' using Shift Registers.
INFO: [RTMG 210-285] Implementing FIFO 'layer8_out_193_U(JetTaggerNN_fifo_w9_d2_S)' using Shift Registers.
INFO: [RTMG 210-285] Implementing FIFO 'layer8_out_194_U(JetTaggerNN_fifo_w9_d2_S)' using Shift Registers.
INFO: [RTMG 210-285] Implementing FIFO 'layer8_out_195_U(JetTaggerNN_fifo_w9_d2_S)' using Shift Registers.
INFO: [RTMG 210-285] Implementing FIFO 'layer8_out_196_U(JetTaggerNN_fifo_w9_d2_S)' using Shift Registers.
INFO: [RTMG 210-285] Implementing FIFO 'layer8_out_197_U(JetTaggerNN_fifo_w9_d2_S)' using Shift Registers.
INFO: [RTMG 210-285] Implementing FIFO 'layer8_out_198_U(JetTaggerNN_fifo_w9_d2_S)' using Shift Registers.
INFO: [RTMG 210-285] Implementing FIFO 'layer8_out_199_U(JetTaggerNN_fifo_w9_d2_S)' using Shift Registers.
INFO: [RTMG 210-285] Implementing FIFO 'layer8_out_200_U(JetTaggerNN_fifo_w9_d2_S)' using Shift Registers.
INFO: [RTMG 210-285] Implementing FIFO 'layer8_out_201_U(JetTaggerNN_fifo_w9_d2_S)' using Shift Registers.
INFO: [RTMG 210-285] Implementing FIFO 'layer8_out_202_U(JetTaggerNN_fifo_w9_d2_S)' using Shift Registers.
INFO: [RTMG 210-285] Implementing FIFO 'layer8_out_203_U(JetTaggerNN_fifo_w9_d2_S)' using Shift Registers.
INFO: [RTMG 210-285] Implementing FIFO 'layer8_out_204_U(JetTaggerNN_fifo_w9_d2_S)' using Shift Registers.
INFO: [RTMG 210-285] Implementing FIFO 'layer8_out_205_U(JetTaggerNN_fifo_w9_d2_S)' using Shift Registers.
INFO: [RTMG 210-285] Implementing FIFO 'layer8_out_206_U(JetTaggerNN_fifo_w9_d2_S)' using Shift Registers.
INFO: [RTMG 210-285] Implementing FIFO 'layer8_out_207_U(JetTaggerNN_fifo_w9_d2_S)' using Shift Registers.
INFO: [RTMG 210-285] Implementing FIFO 'layer8_out_208_U(JetTaggerNN_fifo_w9_d2_S)' using Shift Registers.
INFO: [RTMG 210-285] Implementing FIFO 'layer8_out_209_U(JetTaggerNN_fifo_w9_d2_S)' using Shift Registers.
INFO: [RTMG 210-285] Implementing FIFO 'layer8_out_210_U(JetTaggerNN_fifo_w9_d2_S)' using Shift Registers.
INFO: [RTMG 210-285] Implementing FIFO 'layer8_out_211_U(JetTaggerNN_fifo_w9_d2_S)' using Shift Registers.
INFO: [RTMG 210-285] Implementing FIFO 'layer8_out_212_U(JetTaggerNN_fifo_w9_d2_S)' using Shift Registers.
INFO: [RTMG 210-285] Implementing FIFO 'layer8_out_213_U(JetTaggerNN_fifo_w9_d2_S)' using Shift Registers.
INFO: [RTMG 210-285] Implementing FIFO 'layer8_out_214_U(JetTaggerNN_fifo_w9_d2_S)' using Shift Registers.
INFO: [RTMG 210-285] Implementing FIFO 'layer8_out_215_U(JetTaggerNN_fifo_w9_d2_S)' using Shift Registers.
INFO: [RTMG 210-285] Implementing FIFO 'layer8_out_216_U(JetTaggerNN_fifo_w9_d2_S)' using Shift Registers.
INFO: [RTMG 210-285] Implementing FIFO 'layer8_out_217_U(JetTaggerNN_fifo_w9_d2_S)' using Shift Registers.
INFO: [RTMG 210-285] Implementing FIFO 'layer8_out_218_U(JetTaggerNN_fifo_w9_d2_S)' using Shift Registers.
INFO: [RTMG 210-285] Implementing FIFO 'layer8_out_219_U(JetTaggerNN_fifo_w9_d2_S)' using Shift Registers.
INFO: [RTMG 210-285] Implementing FIFO 'layer8_out_220_U(JetTaggerNN_fifo_w9_d2_S)' using Shift Registers.
INFO: [RTMG 210-285] Implementing FIFO 'layer8_out_221_U(JetTaggerNN_fifo_w9_d2_S)' using Shift Registers.
INFO: [RTMG 210-285] Implementing FIFO 'layer8_out_222_U(JetTaggerNN_fifo_w9_d2_S)' using Shift Registers.
INFO: [RTMG 210-285] Implementing FIFO 'layer8_out_223_U(JetTaggerNN_fifo_w9_d2_S)' using Shift Registers.
INFO: [RTMG 210-285] Implementing FIFO 'layer8_out_224_U(JetTaggerNN_fifo_w9_d2_S)' using Shift Registers.
INFO: [RTMG 210-285] Implementing FIFO 'layer8_out_225_U(JetTaggerNN_fifo_w9_d2_S)' using Shift Registers.
INFO: [RTMG 210-285] Implementing FIFO 'layer8_out_226_U(JetTaggerNN_fifo_w9_d2_S)' using Shift Registers.
INFO: [RTMG 210-285] Implementing FIFO 'layer8_out_227_U(JetTaggerNN_fifo_w9_d2_S)' using Shift Registers.
INFO: [RTMG 210-285] Implementing FIFO 'layer8_out_228_U(JetTaggerNN_fifo_w9_d2_S)' using Shift Registers.
INFO: [RTMG 210-285] Implementing FIFO 'layer8_out_229_U(JetTaggerNN_fifo_w9_d2_S)' using Shift Registers.
INFO: [RTMG 210-285] Implementing FIFO 'layer8_out_230_U(JetTaggerNN_fifo_w9_d2_S)' using Shift Registers.
INFO: [RTMG 210-285] Implementing FIFO 'layer8_out_231_U(JetTaggerNN_fifo_w9_d2_S)' using Shift Registers.
INFO: [RTMG 210-285] Implementing FIFO 'layer8_out_232_U(JetTaggerNN_fifo_w9_d2_S)' using Shift Registers.
INFO: [RTMG 210-285] Implementing FIFO 'layer8_out_233_U(JetTaggerNN_fifo_w9_d2_S)' using Shift Registers.
INFO: [RTMG 210-285] Implementing FIFO 'layer8_out_234_U(JetTaggerNN_fifo_w9_d2_S)' using Shift Registers.
INFO: [RTMG 210-285] Implementing FIFO 'layer8_out_235_U(JetTaggerNN_fifo_w9_d2_S)' using Shift Registers.
INFO: [RTMG 210-285] Implementing FIFO 'layer8_out_236_U(JetTaggerNN_fifo_w9_d2_S)' using Shift Registers.
INFO: [RTMG 210-285] Implementing FIFO 'layer8_out_237_U(JetTaggerNN_fifo_w9_d2_S)' using Shift Registers.
INFO: [RTMG 210-285] Implementing FIFO 'layer8_out_238_U(JetTaggerNN_fifo_w9_d2_S)' using Shift Registers.
INFO: [RTMG 210-285] Implementing FIFO 'layer8_out_239_U(JetTaggerNN_fifo_w9_d2_S)' using Shift Registers.
INFO: [RTMG 210-285] Implementing FIFO 'layer8_out_240_U(JetTaggerNN_fifo_w9_d2_S)' using Shift Registers.
INFO: [RTMG 210-285] Implementing FIFO 'layer8_out_241_U(JetTaggerNN_fifo_w9_d2_S)' using Shift Registers.
INFO: [RTMG 210-285] Implementing FIFO 'layer8_out_242_U(JetTaggerNN_fifo_w9_d2_S)' using Shift Registers.
INFO: [RTMG 210-285] Implementing FIFO 'layer8_out_243_U(JetTaggerNN_fifo_w9_d2_S)' using Shift Registers.
INFO: [RTMG 210-285] Implementing FIFO 'layer8_out_244_U(JetTaggerNN_fifo_w9_d2_S)' using Shift Registers.
INFO: [RTMG 210-285] Implementing FIFO 'layer8_out_245_U(JetTaggerNN_fifo_w9_d2_S)' using Shift Registers.
INFO: [RTMG 210-285] Implementing FIFO 'layer8_out_246_U(JetTaggerNN_fifo_w9_d2_S)' using Shift Registers.
INFO: [RTMG 210-285] Implementing FIFO 'layer8_out_247_U(JetTaggerNN_fifo_w9_d2_S)' using Shift Registers.
INFO: [RTMG 210-285] Implementing FIFO 'layer8_out_248_U(JetTaggerNN_fifo_w9_d2_S)' using Shift Registers.
INFO: [RTMG 210-285] Implementing FIFO 'layer8_out_249_U(JetTaggerNN_fifo_w9_d2_S)' using Shift Registers.
INFO: [RTMG 210-285] Implementing FIFO 'layer8_out_250_U(JetTaggerNN_fifo_w9_d2_S)' using Shift Registers.
INFO: [RTMG 210-285] Implementing FIFO 'layer8_out_251_U(JetTaggerNN_fifo_w9_d2_S)' using Shift Registers.
INFO: [RTMG 210-285] Implementing FIFO 'layer8_out_252_U(JetTaggerNN_fifo_w9_d2_S)' using Shift Registers.
INFO: [RTMG 210-285] Implementing FIFO 'layer8_out_253_U(JetTaggerNN_fifo_w9_d2_S)' using Shift Registers.
INFO: [RTMG 210-285] Implementing FIFO 'layer8_out_254_U(JetTaggerNN_fifo_w9_d2_S)' using Shift Registers.
INFO: [RTMG 210-285] Implementing FIFO 'layer8_out_255_U(JetTaggerNN_fifo_w9_d2_S)' using Shift Registers.
INFO: [RTMG 210-285] Implementing FIFO 'layer8_out_256_U(JetTaggerNN_fifo_w9_d2_S)' using Shift Registers.
INFO: [RTMG 210-285] Implementing FIFO 'layer8_out_257_U(JetTaggerNN_fifo_w9_d2_S)' using Shift Registers.
INFO: [RTMG 210-285] Implementing FIFO 'layer8_out_258_U(JetTaggerNN_fifo_w9_d2_S)' using Shift Registers.
INFO: [RTMG 210-285] Implementing FIFO 'layer8_out_259_U(JetTaggerNN_fifo_w9_d2_S)' using Shift Registers.
INFO: [RTMG 210-285] Implementing FIFO 'layer8_out_260_U(JetTaggerNN_fifo_w9_d2_S)' using Shift Registers.
INFO: [RTMG 210-285] Implementing FIFO 'layer8_out_261_U(JetTaggerNN_fifo_w9_d2_S)' using Shift Registers.
INFO: [RTMG 210-285] Implementing FIFO 'layer8_out_262_U(JetTaggerNN_fifo_w9_d2_S)' using Shift Registers.
INFO: [RTMG 210-285] Implementing FIFO 'layer8_out_263_U(JetTaggerNN_fifo_w9_d2_S)' using Shift Registers.
INFO: [RTMG 210-285] Implementing FIFO 'layer8_out_264_U(JetTaggerNN_fifo_w9_d2_S)' using Shift Registers.
INFO: [RTMG 210-285] Implementing FIFO 'layer8_out_265_U(JetTaggerNN_fifo_w9_d2_S)' using Shift Registers.
INFO: [RTMG 210-285] Implementing FIFO 'layer8_out_266_U(JetTaggerNN_fifo_w9_d2_S)' using Shift Registers.
INFO: [RTMG 210-285] Implementing FIFO 'layer8_out_267_U(JetTaggerNN_fifo_w9_d2_S)' using Shift Registers.
INFO: [RTMG 210-285] Implementing FIFO 'layer8_out_268_U(JetTaggerNN_fifo_w9_d2_S)' using Shift Registers.
INFO: [RTMG 210-285] Implementing FIFO 'layer8_out_269_U(JetTaggerNN_fifo_w9_d2_S)' using Shift Registers.
INFO: [RTMG 210-285] Implementing FIFO 'layer8_out_270_U(JetTaggerNN_fifo_w9_d2_S)' using Shift Registers.
INFO: [RTMG 210-285] Implementing FIFO 'layer8_out_271_U(JetTaggerNN_fifo_w9_d2_S)' using Shift Registers.
INFO: [RTMG 210-285] Implementing FIFO 'layer8_out_272_U(JetTaggerNN_fifo_w9_d2_S)' using Shift Registers.
INFO: [RTMG 210-285] Implementing FIFO 'layer8_out_273_U(JetTaggerNN_fifo_w9_d2_S)' using Shift Registers.
INFO: [RTMG 210-285] Implementing FIFO 'layer8_out_274_U(JetTaggerNN_fifo_w9_d2_S)' using Shift Registers.
INFO: [RTMG 210-285] Implementing FIFO 'layer8_out_275_U(JetTaggerNN_fifo_w9_d2_S)' using Shift Registers.
INFO: [RTMG 210-285] Implementing FIFO 'layer8_out_276_U(JetTaggerNN_fifo_w9_d2_S)' using Shift Registers.
INFO: [RTMG 210-285] Implementing FIFO 'layer8_out_277_U(JetTaggerNN_fifo_w9_d2_S)' using Shift Registers.
INFO: [RTMG 210-285] Implementing FIFO 'layer8_out_278_U(JetTaggerNN_fifo_w9_d2_S)' using Shift Registers.
INFO: [RTMG 210-285] Implementing FIFO 'layer8_out_279_U(JetTaggerNN_fifo_w9_d2_S)' using Shift Registers.
INFO: [RTMG 210-285] Implementing FIFO 'layer8_out_280_U(JetTaggerNN_fifo_w9_d2_S)' using Shift Registers.
INFO: [RTMG 210-285] Implementing FIFO 'layer8_out_281_U(JetTaggerNN_fifo_w9_d2_S)' using Shift Registers.
INFO: [RTMG 210-285] Implementing FIFO 'layer8_out_282_U(JetTaggerNN_fifo_w9_d2_S)' using Shift Registers.
INFO: [RTMG 210-285] Implementing FIFO 'layer8_out_283_U(JetTaggerNN_fifo_w9_d2_S)' using Shift Registers.
INFO: [RTMG 210-285] Implementing FIFO 'layer8_out_284_U(JetTaggerNN_fifo_w9_d2_S)' using Shift Registers.
INFO: [RTMG 210-285] Implementing FIFO 'layer8_out_285_U(JetTaggerNN_fifo_w9_d2_S)' using Shift Registers.
INFO: [RTMG 210-285] Implementing FIFO 'layer8_out_286_U(JetTaggerNN_fifo_w9_d2_S)' using Shift Registers.
INFO: [RTMG 210-285] Implementing FIFO 'layer8_out_287_U(JetTaggerNN_fifo_w9_d2_S)' using Shift Registers.
INFO: [RTMG 210-285] Implementing FIFO 'layer8_out_288_U(JetTaggerNN_fifo_w9_d2_S)' using Shift Registers.
INFO: [RTMG 210-285] Implementing FIFO 'layer8_out_289_U(JetTaggerNN_fifo_w9_d2_S)' using Shift Registers.
INFO: [RTMG 210-285] Implementing FIFO 'layer8_out_290_U(JetTaggerNN_fifo_w9_d2_S)' using Shift Registers.
INFO: [RTMG 210-285] Implementing FIFO 'layer8_out_291_U(JetTaggerNN_fifo_w9_d2_S)' using Shift Registers.
INFO: [RTMG 210-285] Implementing FIFO 'layer8_out_292_U(JetTaggerNN_fifo_w9_d2_S)' using Shift Registers.
INFO: [RTMG 210-285] Implementing FIFO 'layer8_out_293_U(JetTaggerNN_fifo_w9_d2_S)' using Shift Registers.
INFO: [RTMG 210-285] Implementing FIFO 'layer8_out_294_U(JetTaggerNN_fifo_w9_d2_S)' using Shift Registers.
INFO: [RTMG 210-285] Implementing FIFO 'layer8_out_295_U(JetTaggerNN_fifo_w9_d2_S)' using Shift Registers.
INFO: [RTMG 210-285] Implementing FIFO 'layer8_out_296_U(JetTaggerNN_fifo_w9_d2_S)' using Shift Registers.
INFO: [RTMG 210-285] Implementing FIFO 'layer8_out_297_U(JetTaggerNN_fifo_w9_d2_S)' using Shift Registers.
INFO: [RTMG 210-285] Implementing FIFO 'layer8_out_298_U(JetTaggerNN_fifo_w9_d2_S)' using Shift Registers.
INFO: [RTMG 210-285] Implementing FIFO 'layer8_out_299_U(JetTaggerNN_fifo_w9_d2_S)' using Shift Registers.
INFO: [RTMG 210-285] Implementing FIFO 'layer8_out_300_U(JetTaggerNN_fifo_w9_d2_S)' using Shift Registers.
INFO: [RTMG 210-285] Implementing FIFO 'layer8_out_301_U(JetTaggerNN_fifo_w9_d2_S)' using Shift Registers.
INFO: [RTMG 210-285] Implementing FIFO 'layer8_out_302_U(JetTaggerNN_fifo_w9_d2_S)' using Shift Registers.
INFO: [RTMG 210-285] Implementing FIFO 'layer8_out_303_U(JetTaggerNN_fifo_w9_d2_S)' using Shift Registers.
INFO: [RTMG 210-285] Implementing FIFO 'layer8_out_304_U(JetTaggerNN_fifo_w9_d2_S)' using Shift Registers.
INFO: [RTMG 210-285] Implementing FIFO 'layer8_out_305_U(JetTaggerNN_fifo_w9_d2_S)' using Shift Registers.
INFO: [RTMG 210-285] Implementing FIFO 'layer8_out_306_U(JetTaggerNN_fifo_w9_d2_S)' using Shift Registers.
INFO: [RTMG 210-285] Implementing FIFO 'layer8_out_307_U(JetTaggerNN_fifo_w9_d2_S)' using Shift Registers.
INFO: [RTMG 210-285] Implementing FIFO 'layer8_out_308_U(JetTaggerNN_fifo_w9_d2_S)' using Shift Registers.
INFO: [RTMG 210-285] Implementing FIFO 'layer8_out_309_U(JetTaggerNN_fifo_w9_d2_S)' using Shift Registers.
INFO: [RTMG 210-285] Implementing FIFO 'layer8_out_310_U(JetTaggerNN_fifo_w9_d2_S)' using Shift Registers.
INFO: [RTMG 210-285] Implementing FIFO 'layer8_out_311_U(JetTaggerNN_fifo_w9_d2_S)' using Shift Registers.
INFO: [RTMG 210-285] Implementing FIFO 'layer8_out_312_U(JetTaggerNN_fifo_w9_d2_S)' using Shift Registers.
INFO: [RTMG 210-285] Implementing FIFO 'layer8_out_313_U(JetTaggerNN_fifo_w9_d2_S)' using Shift Registers.
INFO: [RTMG 210-285] Implementing FIFO 'layer8_out_314_U(JetTaggerNN_fifo_w9_d2_S)' using Shift Registers.
INFO: [RTMG 210-285] Implementing FIFO 'layer8_out_315_U(JetTaggerNN_fifo_w9_d2_S)' using Shift Registers.
INFO: [RTMG 210-285] Implementing FIFO 'layer8_out_316_U(JetTaggerNN_fifo_w9_d2_S)' using Shift Registers.
INFO: [RTMG 210-285] Implementing FIFO 'layer8_out_317_U(JetTaggerNN_fifo_w9_d2_S)' using Shift Registers.
INFO: [RTMG 210-285] Implementing FIFO 'layer8_out_318_U(JetTaggerNN_fifo_w9_d2_S)' using Shift Registers.
INFO: [RTMG 210-285] Implementing FIFO 'layer8_out_319_U(JetTaggerNN_fifo_w9_d2_S)' using Shift Registers.
INFO: [RTMG 210-285] Implementing FIFO 'layer8_out_320_U(JetTaggerNN_fifo_w9_d2_S)' using Shift Registers.
INFO: [RTMG 210-285] Implementing FIFO 'layer8_out_321_U(JetTaggerNN_fifo_w9_d2_S)' using Shift Registers.
INFO: [RTMG 210-285] Implementing FIFO 'layer8_out_322_U(JetTaggerNN_fifo_w9_d2_S)' using Shift Registers.
INFO: [RTMG 210-285] Implementing FIFO 'layer8_out_323_U(JetTaggerNN_fifo_w9_d2_S)' using Shift Registers.
INFO: [RTMG 210-285] Implementing FIFO 'layer8_out_324_U(JetTaggerNN_fifo_w9_d2_S)' using Shift Registers.
INFO: [RTMG 210-285] Implementing FIFO 'layer8_out_325_U(JetTaggerNN_fifo_w9_d2_S)' using Shift Registers.
INFO: [RTMG 210-285] Implementing FIFO 'layer8_out_326_U(JetTaggerNN_fifo_w9_d2_S)' using Shift Registers.
INFO: [RTMG 210-285] Implementing FIFO 'layer8_out_327_U(JetTaggerNN_fifo_w9_d2_S)' using Shift Registers.
INFO: [RTMG 210-285] Implementing FIFO 'layer8_out_328_U(JetTaggerNN_fifo_w9_d2_S)' using Shift Registers.
INFO: [RTMG 210-285] Implementing FIFO 'layer8_out_329_U(JetTaggerNN_fifo_w9_d2_S)' using Shift Registers.
INFO: [RTMG 210-285] Implementing FIFO 'layer8_out_330_U(JetTaggerNN_fifo_w9_d2_S)' using Shift Registers.
INFO: [RTMG 210-285] Implementing FIFO 'layer8_out_331_U(JetTaggerNN_fifo_w9_d2_S)' using Shift Registers.
INFO: [RTMG 210-285] Implementing FIFO 'layer8_out_332_U(JetTaggerNN_fifo_w9_d2_S)' using Shift Registers.
INFO: [RTMG 210-285] Implementing FIFO 'layer8_out_333_U(JetTaggerNN_fifo_w9_d2_S)' using Shift Registers.
INFO: [RTMG 210-285] Implementing FIFO 'layer8_out_334_U(JetTaggerNN_fifo_w9_d2_S)' using Shift Registers.
INFO: [RTMG 210-285] Implementing FIFO 'layer8_out_335_U(JetTaggerNN_fifo_w9_d2_S)' using Shift Registers.
INFO: [RTMG 210-285] Implementing FIFO 'layer8_out_336_U(JetTaggerNN_fifo_w9_d2_S)' using Shift Registers.
INFO: [RTMG 210-285] Implementing FIFO 'layer8_out_337_U(JetTaggerNN_fifo_w9_d2_S)' using Shift Registers.
INFO: [RTMG 210-285] Implementing FIFO 'layer8_out_338_U(JetTaggerNN_fifo_w9_d2_S)' using Shift Registers.
INFO: [RTMG 210-285] Implementing FIFO 'layer8_out_339_U(JetTaggerNN_fifo_w9_d2_S)' using Shift Registers.
INFO: [RTMG 210-285] Implementing FIFO 'layer8_out_340_U(JetTaggerNN_fifo_w9_d2_S)' using Shift Registers.
INFO: [RTMG 210-285] Implementing FIFO 'layer8_out_341_U(JetTaggerNN_fifo_w9_d2_S)' using Shift Registers.
INFO: [RTMG 210-285] Implementing FIFO 'layer8_out_342_U(JetTaggerNN_fifo_w9_d2_S)' using Shift Registers.
INFO: [RTMG 210-285] Implementing FIFO 'layer8_out_343_U(JetTaggerNN_fifo_w9_d2_S)' using Shift Registers.
INFO: [RTMG 210-285] Implementing FIFO 'layer8_out_344_U(JetTaggerNN_fifo_w9_d2_S)' using Shift Registers.
INFO: [RTMG 210-285] Implementing FIFO 'layer8_out_345_U(JetTaggerNN_fifo_w9_d2_S)' using Shift Registers.
INFO: [RTMG 210-285] Implementing FIFO 'layer8_out_346_U(JetTaggerNN_fifo_w9_d2_S)' using Shift Registers.
INFO: [RTMG 210-285] Implementing FIFO 'layer8_out_347_U(JetTaggerNN_fifo_w9_d2_S)' using Shift Registers.
INFO: [RTMG 210-285] Implementing FIFO 'layer8_out_348_U(JetTaggerNN_fifo_w9_d2_S)' using Shift Registers.
INFO: [RTMG 210-285] Implementing FIFO 'layer8_out_349_U(JetTaggerNN_fifo_w9_d2_S)' using Shift Registers.
INFO: [RTMG 210-285] Implementing FIFO 'layer8_out_350_U(JetTaggerNN_fifo_w9_d2_S)' using Shift Registers.
INFO: [RTMG 210-285] Implementing FIFO 'layer8_out_351_U(JetTaggerNN_fifo_w9_d2_S)' using Shift Registers.
INFO: [RTMG 210-285] Implementing FIFO 'layer8_out_352_U(JetTaggerNN_fifo_w9_d2_S)' using Shift Registers.
INFO: [RTMG 210-285] Implementing FIFO 'layer8_out_353_U(JetTaggerNN_fifo_w9_d2_S)' using Shift Registers.
INFO: [RTMG 210-285] Implementing FIFO 'layer8_out_354_U(JetTaggerNN_fifo_w9_d2_S)' using Shift Registers.
INFO: [RTMG 210-285] Implementing FIFO 'layer8_out_355_U(JetTaggerNN_fifo_w9_d2_S)' using Shift Registers.
INFO: [RTMG 210-285] Implementing FIFO 'layer8_out_356_U(JetTaggerNN_fifo_w9_d2_S)' using Shift Registers.
INFO: [RTMG 210-285] Implementing FIFO 'layer8_out_357_U(JetTaggerNN_fifo_w9_d2_S)' using Shift Registers.
INFO: [RTMG 210-285] Implementing FIFO 'layer8_out_358_U(JetTaggerNN_fifo_w9_d2_S)' using Shift Registers.
INFO: [RTMG 210-285] Implementing FIFO 'layer8_out_359_U(JetTaggerNN_fifo_w9_d2_S)' using Shift Registers.
INFO: [RTMG 210-285] Implementing FIFO 'layer8_out_360_U(JetTaggerNN_fifo_w9_d2_S)' using Shift Registers.
INFO: [RTMG 210-285] Implementing FIFO 'layer8_out_361_U(JetTaggerNN_fifo_w9_d2_S)' using Shift Registers.
INFO: [RTMG 210-285] Implementing FIFO 'layer8_out_362_U(JetTaggerNN_fifo_w9_d2_S)' using Shift Registers.
INFO: [RTMG 210-285] Implementing FIFO 'layer8_out_363_U(JetTaggerNN_fifo_w9_d2_S)' using Shift Registers.
INFO: [RTMG 210-285] Implementing FIFO 'layer8_out_364_U(JetTaggerNN_fifo_w9_d2_S)' using Shift Registers.
INFO: [RTMG 210-285] Implementing FIFO 'layer8_out_365_U(JetTaggerNN_fifo_w9_d2_S)' using Shift Registers.
INFO: [RTMG 210-285] Implementing FIFO 'layer8_out_366_U(JetTaggerNN_fifo_w9_d2_S)' using Shift Registers.
INFO: [RTMG 210-285] Implementing FIFO 'layer8_out_367_U(JetTaggerNN_fifo_w9_d2_S)' using Shift Registers.
INFO: [RTMG 210-285] Implementing FIFO 'layer8_out_368_U(JetTaggerNN_fifo_w9_d2_S)' using Shift Registers.
INFO: [RTMG 210-285] Implementing FIFO 'layer8_out_369_U(JetTaggerNN_fifo_w9_d2_S)' using Shift Registers.
INFO: [RTMG 210-285] Implementing FIFO 'layer8_out_370_U(JetTaggerNN_fifo_w9_d2_S)' using Shift Registers.
INFO: [RTMG 210-285] Implementing FIFO 'layer8_out_371_U(JetTaggerNN_fifo_w9_d2_S)' using Shift Registers.
INFO: [RTMG 210-285] Implementing FIFO 'layer8_out_372_U(JetTaggerNN_fifo_w9_d2_S)' using Shift Registers.
INFO: [RTMG 210-285] Implementing FIFO 'layer8_out_373_U(JetTaggerNN_fifo_w9_d2_S)' using Shift Registers.
INFO: [RTMG 210-285] Implementing FIFO 'layer8_out_374_U(JetTaggerNN_fifo_w9_d2_S)' using Shift Registers.
INFO: [RTMG 210-285] Implementing FIFO 'layer8_out_375_U(JetTaggerNN_fifo_w9_d2_S)' using Shift Registers.
INFO: [RTMG 210-285] Implementing FIFO 'layer8_out_376_U(JetTaggerNN_fifo_w9_d2_S)' using Shift Registers.
INFO: [RTMG 210-285] Implementing FIFO 'layer8_out_377_U(JetTaggerNN_fifo_w9_d2_S)' using Shift Registers.
INFO: [RTMG 210-285] Implementing FIFO 'layer8_out_378_U(JetTaggerNN_fifo_w9_d2_S)' using Shift Registers.
INFO: [RTMG 210-285] Implementing FIFO 'layer8_out_379_U(JetTaggerNN_fifo_w9_d2_S)' using Shift Registers.
INFO: [RTMG 210-285] Implementing FIFO 'layer8_out_380_U(JetTaggerNN_fifo_w9_d2_S)' using Shift Registers.
INFO: [RTMG 210-285] Implementing FIFO 'layer8_out_381_U(JetTaggerNN_fifo_w9_d2_S)' using Shift Registers.
INFO: [RTMG 210-285] Implementing FIFO 'layer8_out_382_U(JetTaggerNN_fifo_w9_d2_S)' using Shift Registers.
INFO: [RTMG 210-285] Implementing FIFO 'layer8_out_383_U(JetTaggerNN_fifo_w9_d2_S)' using Shift Registers.
INFO: [RTMG 210-285] Implementing FIFO 'layer8_out_384_U(JetTaggerNN_fifo_w9_d2_S)' using Shift Registers.
INFO: [RTMG 210-285] Implementing FIFO 'layer8_out_385_U(JetTaggerNN_fifo_w9_d2_S)' using Shift Registers.
INFO: [RTMG 210-285] Implementing FIFO 'layer8_out_386_U(JetTaggerNN_fifo_w9_d2_S)' using Shift Registers.
INFO: [RTMG 210-285] Implementing FIFO 'layer8_out_387_U(JetTaggerNN_fifo_w9_d2_S)' using Shift Registers.
INFO: [RTMG 210-285] Implementing FIFO 'layer8_out_388_U(JetTaggerNN_fifo_w9_d2_S)' using Shift Registers.
INFO: [RTMG 210-285] Implementing FIFO 'layer8_out_389_U(JetTaggerNN_fifo_w9_d2_S)' using Shift Registers.
INFO: [RTMG 210-285] Implementing FIFO 'layer8_out_390_U(JetTaggerNN_fifo_w9_d2_S)' using Shift Registers.
INFO: [RTMG 210-285] Implementing FIFO 'layer8_out_391_U(JetTaggerNN_fifo_w9_d2_S)' using Shift Registers.
INFO: [RTMG 210-285] Implementing FIFO 'layer8_out_392_U(JetTaggerNN_fifo_w9_d2_S)' using Shift Registers.
INFO: [RTMG 210-285] Implementing FIFO 'layer8_out_393_U(JetTaggerNN_fifo_w9_d2_S)' using Shift Registers.
INFO: [RTMG 210-285] Implementing FIFO 'layer8_out_394_U(JetTaggerNN_fifo_w9_d2_S)' using Shift Registers.
INFO: [RTMG 210-285] Implementing FIFO 'layer8_out_395_U(JetTaggerNN_fifo_w9_d2_S)' using Shift Registers.
INFO: [RTMG 210-285] Implementing FIFO 'layer8_out_396_U(JetTaggerNN_fifo_w9_d2_S)' using Shift Registers.
INFO: [RTMG 210-285] Implementing FIFO 'layer8_out_397_U(JetTaggerNN_fifo_w9_d2_S)' using Shift Registers.
INFO: [RTMG 210-285] Implementing FIFO 'layer8_out_398_U(JetTaggerNN_fifo_w9_d2_S)' using Shift Registers.
INFO: [RTMG 210-285] Implementing FIFO 'layer8_out_399_U(JetTaggerNN_fifo_w9_d2_S)' using Shift Registers.
INFO: [RTMG 210-285] Implementing FIFO 'layer8_out_400_U(JetTaggerNN_fifo_w9_d2_S)' using Shift Registers.
INFO: [RTMG 210-285] Implementing FIFO 'layer8_out_401_U(JetTaggerNN_fifo_w9_d2_S)' using Shift Registers.
INFO: [RTMG 210-285] Implementing FIFO 'layer8_out_402_U(JetTaggerNN_fifo_w9_d2_S)' using Shift Registers.
INFO: [RTMG 210-285] Implementing FIFO 'layer8_out_403_U(JetTaggerNN_fifo_w9_d2_S)' using Shift Registers.
INFO: [RTMG 210-285] Implementing FIFO 'layer8_out_404_U(JetTaggerNN_fifo_w9_d2_S)' using Shift Registers.
INFO: [RTMG 210-285] Implementing FIFO 'layer8_out_405_U(JetTaggerNN_fifo_w9_d2_S)' using Shift Registers.
INFO: [RTMG 210-285] Implementing FIFO 'layer8_out_406_U(JetTaggerNN_fifo_w9_d2_S)' using Shift Registers.
INFO: [RTMG 210-285] Implementing FIFO 'layer8_out_407_U(JetTaggerNN_fifo_w9_d2_S)' using Shift Registers.
INFO: [RTMG 210-285] Implementing FIFO 'layer8_out_408_U(JetTaggerNN_fifo_w9_d2_S)' using Shift Registers.
INFO: [RTMG 210-285] Implementing FIFO 'layer8_out_409_U(JetTaggerNN_fifo_w9_d2_S)' using Shift Registers.
INFO: [RTMG 210-285] Implementing FIFO 'layer8_out_410_U(JetTaggerNN_fifo_w9_d2_S)' using Shift Registers.
INFO: [RTMG 210-285] Implementing FIFO 'layer8_out_411_U(JetTaggerNN_fifo_w9_d2_S)' using Shift Registers.
INFO: [RTMG 210-285] Implementing FIFO 'layer8_out_412_U(JetTaggerNN_fifo_w9_d2_S)' using Shift Registers.
INFO: [RTMG 210-285] Implementing FIFO 'layer8_out_413_U(JetTaggerNN_fifo_w9_d2_S)' using Shift Registers.
INFO: [RTMG 210-285] Implementing FIFO 'layer8_out_414_U(JetTaggerNN_fifo_w9_d2_S)' using Shift Registers.
INFO: [RTMG 210-285] Implementing FIFO 'layer8_out_415_U(JetTaggerNN_fifo_w9_d2_S)' using Shift Registers.
INFO: [RTMG 210-285] Implementing FIFO 'layer9_out_U(JetTaggerNN_fifo_w9_d2_S)' using Shift Registers.
INFO: [RTMG 210-285] Implementing FIFO 'layer9_out_1_U(JetTaggerNN_fifo_w9_d2_S)' using Shift Registers.
INFO: [RTMG 210-285] Implementing FIFO 'layer9_out_2_U(JetTaggerNN_fifo_w9_d2_S)' using Shift Registers.
INFO: [RTMG 210-285] Implementing FIFO 'layer9_out_3_U(JetTaggerNN_fifo_w9_d2_S)' using Shift Registers.
INFO: [RTMG 210-285] Implementing FIFO 'layer9_out_4_U(JetTaggerNN_fifo_w9_d2_S)' using Shift Registers.
INFO: [RTMG 210-285] Implementing FIFO 'layer9_out_5_U(JetTaggerNN_fifo_w9_d2_S)' using Shift Registers.
INFO: [RTMG 210-285] Implementing FIFO 'layer9_out_6_U(JetTaggerNN_fifo_w9_d2_S)' using Shift Registers.
INFO: [RTMG 210-285] Implementing FIFO 'layer9_out_7_U(JetTaggerNN_fifo_w9_d2_S)' using Shift Registers.
INFO: [RTMG 210-285] Implementing FIFO 'layer9_out_8_U(JetTaggerNN_fifo_w9_d2_S)' using Shift Registers.
INFO: [RTMG 210-285] Implementing FIFO 'layer9_out_9_U(JetTaggerNN_fifo_w9_d2_S)' using Shift Registers.
INFO: [RTMG 210-285] Implementing FIFO 'layer9_out_10_U(JetTaggerNN_fifo_w9_d2_S)' using Shift Registers.
INFO: [RTMG 210-285] Implementing FIFO 'layer9_out_11_U(JetTaggerNN_fifo_w9_d2_S)' using Shift Registers.
INFO: [RTMG 210-285] Implementing FIFO 'layer9_out_12_U(JetTaggerNN_fifo_w9_d2_S)' using Shift Registers.
INFO: [RTMG 210-285] Implementing FIFO 'layer9_out_13_U(JetTaggerNN_fifo_w9_d2_S)' using Shift Registers.
INFO: [RTMG 210-285] Implementing FIFO 'layer9_out_14_U(JetTaggerNN_fifo_w9_d2_S)' using Shift Registers.
INFO: [RTMG 210-285] Implementing FIFO 'layer9_out_15_U(JetTaggerNN_fifo_w9_d2_S)' using Shift Registers.
INFO: [RTMG 210-285] Implementing FIFO 'layer9_out_16_U(JetTaggerNN_fifo_w9_d2_S)' using Shift Registers.
INFO: [RTMG 210-285] Implementing FIFO 'layer9_out_17_U(JetTaggerNN_fifo_w9_d2_S)' using Shift Registers.
INFO: [RTMG 210-285] Implementing FIFO 'layer9_out_18_U(JetTaggerNN_fifo_w9_d2_S)' using Shift Registers.
INFO: [RTMG 210-285] Implementing FIFO 'layer9_out_19_U(JetTaggerNN_fifo_w9_d2_S)' using Shift Registers.
INFO: [RTMG 210-285] Implementing FIFO 'layer9_out_20_U(JetTaggerNN_fifo_w9_d2_S)' using Shift Registers.
INFO: [RTMG 210-285] Implementing FIFO 'layer9_out_21_U(JetTaggerNN_fifo_w9_d2_S)' using Shift Registers.
INFO: [RTMG 210-285] Implementing FIFO 'layer9_out_22_U(JetTaggerNN_fifo_w9_d2_S)' using Shift Registers.
INFO: [RTMG 210-285] Implementing FIFO 'layer9_out_23_U(JetTaggerNN_fifo_w9_d2_S)' using Shift Registers.
INFO: [RTMG 210-285] Implementing FIFO 'layer9_out_24_U(JetTaggerNN_fifo_w9_d2_S)' using Shift Registers.
INFO: [RTMG 210-285] Implementing FIFO 'layer9_out_25_U(JetTaggerNN_fifo_w9_d2_S)' using Shift Registers.
INFO: [RTMG 210-285] Implementing FIFO 'layer9_out_26_U(JetTaggerNN_fifo_w9_d2_S)' using Shift Registers.
INFO: [RTMG 210-285] Implementing FIFO 'layer9_out_27_U(JetTaggerNN_fifo_w9_d2_S)' using Shift Registers.
INFO: [RTMG 210-285] Implementing FIFO 'layer9_out_28_U(JetTaggerNN_fifo_w9_d2_S)' using Shift Registers.
INFO: [RTMG 210-285] Implementing FIFO 'layer9_out_29_U(JetTaggerNN_fifo_w9_d2_S)' using Shift Registers.
INFO: [RTMG 210-285] Implementing FIFO 'layer9_out_30_U(JetTaggerNN_fifo_w9_d2_S)' using Shift Registers.
INFO: [RTMG 210-285] Implementing FIFO 'layer9_out_31_U(JetTaggerNN_fifo_w9_d2_S)' using Shift Registers.
INFO: [RTMG 210-285] Implementing FIFO 'layer9_out_32_U(JetTaggerNN_fifo_w9_d2_S)' using Shift Registers.
INFO: [RTMG 210-285] Implementing FIFO 'layer9_out_33_U(JetTaggerNN_fifo_w9_d2_S)' using Shift Registers.
INFO: [RTMG 210-285] Implementing FIFO 'layer9_out_34_U(JetTaggerNN_fifo_w9_d2_S)' using Shift Registers.
INFO: [RTMG 210-285] Implementing FIFO 'layer9_out_35_U(JetTaggerNN_fifo_w9_d2_S)' using Shift Registers.
INFO: [RTMG 210-285] Implementing FIFO 'layer9_out_36_U(JetTaggerNN_fifo_w9_d2_S)' using Shift Registers.
INFO: [RTMG 210-285] Implementing FIFO 'layer9_out_37_U(JetTaggerNN_fifo_w9_d2_S)' using Shift Registers.
INFO: [RTMG 210-285] Implementing FIFO 'layer9_out_38_U(JetTaggerNN_fifo_w9_d2_S)' using Shift Registers.
INFO: [RTMG 210-285] Implementing FIFO 'layer9_out_39_U(JetTaggerNN_fifo_w9_d2_S)' using Shift Registers.
INFO: [RTMG 210-285] Implementing FIFO 'layer9_out_40_U(JetTaggerNN_fifo_w9_d2_S)' using Shift Registers.
INFO: [RTMG 210-285] Implementing FIFO 'layer9_out_41_U(JetTaggerNN_fifo_w9_d2_S)' using Shift Registers.
INFO: [RTMG 210-285] Implementing FIFO 'layer9_out_42_U(JetTaggerNN_fifo_w9_d2_S)' using Shift Registers.
INFO: [RTMG 210-285] Implementing FIFO 'layer9_out_43_U(JetTaggerNN_fifo_w9_d2_S)' using Shift Registers.
INFO: [RTMG 210-285] Implementing FIFO 'layer9_out_44_U(JetTaggerNN_fifo_w9_d2_S)' using Shift Registers.
INFO: [RTMG 210-285] Implementing FIFO 'layer9_out_45_U(JetTaggerNN_fifo_w9_d2_S)' using Shift Registers.
INFO: [RTMG 210-285] Implementing FIFO 'layer9_out_46_U(JetTaggerNN_fifo_w9_d2_S)' using Shift Registers.
INFO: [RTMG 210-285] Implementing FIFO 'layer9_out_47_U(JetTaggerNN_fifo_w9_d2_S)' using Shift Registers.
INFO: [RTMG 210-285] Implementing FIFO 'layer9_out_48_U(JetTaggerNN_fifo_w9_d2_S)' using Shift Registers.
INFO: [RTMG 210-285] Implementing FIFO 'layer9_out_49_U(JetTaggerNN_fifo_w9_d2_S)' using Shift Registers.
INFO: [RTMG 210-285] Implementing FIFO 'layer9_out_50_U(JetTaggerNN_fifo_w9_d2_S)' using Shift Registers.
INFO: [RTMG 210-285] Implementing FIFO 'layer9_out_51_U(JetTaggerNN_fifo_w9_d2_S)' using Shift Registers.
INFO: [RTMG 210-285] Implementing FIFO 'layer9_out_52_U(JetTaggerNN_fifo_w9_d2_S)' using Shift Registers.
INFO: [RTMG 210-285] Implementing FIFO 'layer9_out_53_U(JetTaggerNN_fifo_w9_d2_S)' using Shift Registers.
INFO: [RTMG 210-285] Implementing FIFO 'layer9_out_54_U(JetTaggerNN_fifo_w9_d2_S)' using Shift Registers.
INFO: [RTMG 210-285] Implementing FIFO 'layer9_out_55_U(JetTaggerNN_fifo_w9_d2_S)' using Shift Registers.
INFO: [RTMG 210-285] Implementing FIFO 'layer9_out_56_U(JetTaggerNN_fifo_w9_d2_S)' using Shift Registers.
INFO: [RTMG 210-285] Implementing FIFO 'layer9_out_57_U(JetTaggerNN_fifo_w9_d2_S)' using Shift Registers.
INFO: [RTMG 210-285] Implementing FIFO 'layer9_out_58_U(JetTaggerNN_fifo_w9_d2_S)' using Shift Registers.
INFO: [RTMG 210-285] Implementing FIFO 'layer9_out_59_U(JetTaggerNN_fifo_w9_d2_S)' using Shift Registers.
INFO: [RTMG 210-285] Implementing FIFO 'layer9_out_60_U(JetTaggerNN_fifo_w9_d2_S)' using Shift Registers.
INFO: [RTMG 210-285] Implementing FIFO 'layer9_out_61_U(JetTaggerNN_fifo_w9_d2_S)' using Shift Registers.
INFO: [RTMG 210-285] Implementing FIFO 'layer9_out_62_U(JetTaggerNN_fifo_w9_d2_S)' using Shift Registers.
INFO: [RTMG 210-285] Implementing FIFO 'layer9_out_63_U(JetTaggerNN_fifo_w9_d2_S)' using Shift Registers.
INFO: [RTMG 210-285] Implementing FIFO 'layer9_out_64_U(JetTaggerNN_fifo_w9_d2_S)' using Shift Registers.
INFO: [RTMG 210-285] Implementing FIFO 'layer9_out_65_U(JetTaggerNN_fifo_w9_d2_S)' using Shift Registers.
INFO: [RTMG 210-285] Implementing FIFO 'layer9_out_66_U(JetTaggerNN_fifo_w9_d2_S)' using Shift Registers.
INFO: [RTMG 210-285] Implementing FIFO 'layer9_out_67_U(JetTaggerNN_fifo_w9_d2_S)' using Shift Registers.
INFO: [RTMG 210-285] Implementing FIFO 'layer9_out_68_U(JetTaggerNN_fifo_w9_d2_S)' using Shift Registers.
INFO: [RTMG 210-285] Implementing FIFO 'layer9_out_69_U(JetTaggerNN_fifo_w9_d2_S)' using Shift Registers.
INFO: [RTMG 210-285] Implementing FIFO 'layer9_out_70_U(JetTaggerNN_fifo_w9_d2_S)' using Shift Registers.
INFO: [RTMG 210-285] Implementing FIFO 'layer9_out_71_U(JetTaggerNN_fifo_w9_d2_S)' using Shift Registers.
INFO: [RTMG 210-285] Implementing FIFO 'layer9_out_72_U(JetTaggerNN_fifo_w9_d2_S)' using Shift Registers.
INFO: [RTMG 210-285] Implementing FIFO 'layer9_out_73_U(JetTaggerNN_fifo_w9_d2_S)' using Shift Registers.
INFO: [RTMG 210-285] Implementing FIFO 'layer9_out_74_U(JetTaggerNN_fifo_w9_d2_S)' using Shift Registers.
INFO: [RTMG 210-285] Implementing FIFO 'layer9_out_75_U(JetTaggerNN_fifo_w9_d2_S)' using Shift Registers.
INFO: [RTMG 210-285] Implementing FIFO 'layer9_out_76_U(JetTaggerNN_fifo_w9_d2_S)' using Shift Registers.
INFO: [RTMG 210-285] Implementing FIFO 'layer9_out_77_U(JetTaggerNN_fifo_w9_d2_S)' using Shift Registers.
INFO: [RTMG 210-285] Implementing FIFO 'layer9_out_78_U(JetTaggerNN_fifo_w9_d2_S)' using Shift Registers.
INFO: [RTMG 210-285] Implementing FIFO 'layer9_out_79_U(JetTaggerNN_fifo_w9_d2_S)' using Shift Registers.
INFO: [RTMG 210-285] Implementing FIFO 'layer9_out_80_U(JetTaggerNN_fifo_w9_d2_S)' using Shift Registers.
INFO: [RTMG 210-285] Implementing FIFO 'layer9_out_81_U(JetTaggerNN_fifo_w9_d2_S)' using Shift Registers.
INFO: [RTMG 210-285] Implementing FIFO 'layer9_out_82_U(JetTaggerNN_fifo_w9_d2_S)' using Shift Registers.
INFO: [RTMG 210-285] Implementing FIFO 'layer9_out_83_U(JetTaggerNN_fifo_w9_d2_S)' using Shift Registers.
INFO: [RTMG 210-285] Implementing FIFO 'layer9_out_84_U(JetTaggerNN_fifo_w9_d2_S)' using Shift Registers.
INFO: [RTMG 210-285] Implementing FIFO 'layer9_out_85_U(JetTaggerNN_fifo_w9_d2_S)' using Shift Registers.
INFO: [RTMG 210-285] Implementing FIFO 'layer9_out_86_U(JetTaggerNN_fifo_w9_d2_S)' using Shift Registers.
INFO: [RTMG 210-285] Implementing FIFO 'layer9_out_87_U(JetTaggerNN_fifo_w9_d2_S)' using Shift Registers.
INFO: [RTMG 210-285] Implementing FIFO 'layer9_out_88_U(JetTaggerNN_fifo_w9_d2_S)' using Shift Registers.
INFO: [RTMG 210-285] Implementing FIFO 'layer9_out_89_U(JetTaggerNN_fifo_w9_d2_S)' using Shift Registers.
INFO: [RTMG 210-285] Implementing FIFO 'layer9_out_90_U(JetTaggerNN_fifo_w9_d2_S)' using Shift Registers.
INFO: [RTMG 210-285] Implementing FIFO 'layer9_out_91_U(JetTaggerNN_fifo_w9_d2_S)' using Shift Registers.
INFO: [RTMG 210-285] Implementing FIFO 'layer9_out_92_U(JetTaggerNN_fifo_w9_d2_S)' using Shift Registers.
INFO: [RTMG 210-285] Implementing FIFO 'layer9_out_93_U(JetTaggerNN_fifo_w9_d2_S)' using Shift Registers.
INFO: [RTMG 210-285] Implementing FIFO 'layer9_out_94_U(JetTaggerNN_fifo_w9_d2_S)' using Shift Registers.
INFO: [RTMG 210-285] Implementing FIFO 'layer9_out_95_U(JetTaggerNN_fifo_w9_d2_S)' using Shift Registers.
INFO: [RTMG 210-285] Implementing FIFO 'layer9_out_96_U(JetTaggerNN_fifo_w9_d2_S)' using Shift Registers.
INFO: [RTMG 210-285] Implementing FIFO 'layer9_out_97_U(JetTaggerNN_fifo_w9_d2_S)' using Shift Registers.
INFO: [RTMG 210-285] Implementing FIFO 'layer9_out_98_U(JetTaggerNN_fifo_w9_d2_S)' using Shift Registers.
INFO: [RTMG 210-285] Implementing FIFO 'layer9_out_99_U(JetTaggerNN_fifo_w9_d2_S)' using Shift Registers.
INFO: [RTMG 210-285] Implementing FIFO 'layer9_out_100_U(JetTaggerNN_fifo_w9_d2_S)' using Shift Registers.
INFO: [RTMG 210-285] Implementing FIFO 'layer9_out_101_U(JetTaggerNN_fifo_w9_d2_S)' using Shift Registers.
INFO: [RTMG 210-285] Implementing FIFO 'layer9_out_102_U(JetTaggerNN_fifo_w9_d2_S)' using Shift Registers.
INFO: [RTMG 210-285] Implementing FIFO 'layer9_out_103_U(JetTaggerNN_fifo_w9_d2_S)' using Shift Registers.
INFO: [RTMG 210-285] Implementing FIFO 'layer9_out_104_U(JetTaggerNN_fifo_w9_d2_S)' using Shift Registers.
INFO: [RTMG 210-285] Implementing FIFO 'layer9_out_105_U(JetTaggerNN_fifo_w9_d2_S)' using Shift Registers.
INFO: [RTMG 210-285] Implementing FIFO 'layer9_out_106_U(JetTaggerNN_fifo_w9_d2_S)' using Shift Registers.
INFO: [RTMG 210-285] Implementing FIFO 'layer9_out_107_U(JetTaggerNN_fifo_w9_d2_S)' using Shift Registers.
INFO: [RTMG 210-285] Implementing FIFO 'layer9_out_108_U(JetTaggerNN_fifo_w9_d2_S)' using Shift Registers.
INFO: [RTMG 210-285] Implementing FIFO 'layer9_out_109_U(JetTaggerNN_fifo_w9_d2_S)' using Shift Registers.
INFO: [RTMG 210-285] Implementing FIFO 'layer9_out_110_U(JetTaggerNN_fifo_w9_d2_S)' using Shift Registers.
INFO: [RTMG 210-285] Implementing FIFO 'layer9_out_111_U(JetTaggerNN_fifo_w9_d2_S)' using Shift Registers.
INFO: [RTMG 210-285] Implementing FIFO 'layer9_out_112_U(JetTaggerNN_fifo_w9_d2_S)' using Shift Registers.
INFO: [RTMG 210-285] Implementing FIFO 'layer9_out_113_U(JetTaggerNN_fifo_w9_d2_S)' using Shift Registers.
INFO: [RTMG 210-285] Implementing FIFO 'layer9_out_114_U(JetTaggerNN_fifo_w9_d2_S)' using Shift Registers.
INFO: [RTMG 210-285] Implementing FIFO 'layer9_out_115_U(JetTaggerNN_fifo_w9_d2_S)' using Shift Registers.
INFO: [RTMG 210-285] Implementing FIFO 'layer9_out_116_U(JetTaggerNN_fifo_w9_d2_S)' using Shift Registers.
INFO: [RTMG 210-285] Implementing FIFO 'layer9_out_117_U(JetTaggerNN_fifo_w9_d2_S)' using Shift Registers.
INFO: [RTMG 210-285] Implementing FIFO 'layer9_out_118_U(JetTaggerNN_fifo_w9_d2_S)' using Shift Registers.
INFO: [RTMG 210-285] Implementing FIFO 'layer9_out_119_U(JetTaggerNN_fifo_w9_d2_S)' using Shift Registers.
INFO: [RTMG 210-285] Implementing FIFO 'layer9_out_120_U(JetTaggerNN_fifo_w9_d2_S)' using Shift Registers.
INFO: [RTMG 210-285] Implementing FIFO 'layer9_out_121_U(JetTaggerNN_fifo_w9_d2_S)' using Shift Registers.
INFO: [RTMG 210-285] Implementing FIFO 'layer9_out_122_U(JetTaggerNN_fifo_w9_d2_S)' using Shift Registers.
INFO: [RTMG 210-285] Implementing FIFO 'layer9_out_123_U(JetTaggerNN_fifo_w9_d2_S)' using Shift Registers.
INFO: [RTMG 210-285] Implementing FIFO 'layer9_out_124_U(JetTaggerNN_fifo_w9_d2_S)' using Shift Registers.
INFO: [RTMG 210-285] Implementing FIFO 'layer9_out_125_U(JetTaggerNN_fifo_w9_d2_S)' using Shift Registers.
INFO: [RTMG 210-285] Implementing FIFO 'layer9_out_126_U(JetTaggerNN_fifo_w9_d2_S)' using Shift Registers.
INFO: [RTMG 210-285] Implementing FIFO 'layer9_out_127_U(JetTaggerNN_fifo_w9_d2_S)' using Shift Registers.
INFO: [RTMG 210-285] Implementing FIFO 'layer9_out_128_U(JetTaggerNN_fifo_w9_d2_S)' using Shift Registers.
INFO: [RTMG 210-285] Implementing FIFO 'layer9_out_129_U(JetTaggerNN_fifo_w9_d2_S)' using Shift Registers.
INFO: [RTMG 210-285] Implementing FIFO 'layer9_out_130_U(JetTaggerNN_fifo_w9_d2_S)' using Shift Registers.
INFO: [RTMG 210-285] Implementing FIFO 'layer9_out_131_U(JetTaggerNN_fifo_w9_d2_S)' using Shift Registers.
INFO: [RTMG 210-285] Implementing FIFO 'layer9_out_132_U(JetTaggerNN_fifo_w9_d2_S)' using Shift Registers.
INFO: [RTMG 210-285] Implementing FIFO 'layer9_out_133_U(JetTaggerNN_fifo_w9_d2_S)' using Shift Registers.
INFO: [RTMG 210-285] Implementing FIFO 'layer9_out_134_U(JetTaggerNN_fifo_w9_d2_S)' using Shift Registers.
INFO: [RTMG 210-285] Implementing FIFO 'layer9_out_135_U(JetTaggerNN_fifo_w9_d2_S)' using Shift Registers.
INFO: [RTMG 210-285] Implementing FIFO 'layer9_out_136_U(JetTaggerNN_fifo_w9_d2_S)' using Shift Registers.
INFO: [RTMG 210-285] Implementing FIFO 'layer9_out_137_U(JetTaggerNN_fifo_w9_d2_S)' using Shift Registers.
INFO: [RTMG 210-285] Implementing FIFO 'layer9_out_138_U(JetTaggerNN_fifo_w9_d2_S)' using Shift Registers.
INFO: [RTMG 210-285] Implementing FIFO 'layer9_out_139_U(JetTaggerNN_fifo_w9_d2_S)' using Shift Registers.
INFO: [RTMG 210-285] Implementing FIFO 'layer9_out_140_U(JetTaggerNN_fifo_w9_d2_S)' using Shift Registers.
INFO: [RTMG 210-285] Implementing FIFO 'layer9_out_141_U(JetTaggerNN_fifo_w9_d2_S)' using Shift Registers.
INFO: [RTMG 210-285] Implementing FIFO 'layer9_out_142_U(JetTaggerNN_fifo_w9_d2_S)' using Shift Registers.
INFO: [RTMG 210-285] Implementing FIFO 'layer9_out_143_U(JetTaggerNN_fifo_w9_d2_S)' using Shift Registers.
INFO: [RTMG 210-285] Implementing FIFO 'layer9_out_144_U(JetTaggerNN_fifo_w9_d2_S)' using Shift Registers.
INFO: [RTMG 210-285] Implementing FIFO 'layer9_out_145_U(JetTaggerNN_fifo_w9_d2_S)' using Shift Registers.
INFO: [RTMG 210-285] Implementing FIFO 'layer9_out_146_U(JetTaggerNN_fifo_w9_d2_S)' using Shift Registers.
INFO: [RTMG 210-285] Implementing FIFO 'layer9_out_147_U(JetTaggerNN_fifo_w9_d2_S)' using Shift Registers.
INFO: [RTMG 210-285] Implementing FIFO 'layer9_out_148_U(JetTaggerNN_fifo_w9_d2_S)' using Shift Registers.
INFO: [RTMG 210-285] Implementing FIFO 'layer9_out_149_U(JetTaggerNN_fifo_w9_d2_S)' using Shift Registers.
INFO: [RTMG 210-285] Implementing FIFO 'layer9_out_150_U(JetTaggerNN_fifo_w9_d2_S)' using Shift Registers.
INFO: [RTMG 210-285] Implementing FIFO 'layer9_out_151_U(JetTaggerNN_fifo_w9_d2_S)' using Shift Registers.
INFO: [RTMG 210-285] Implementing FIFO 'layer9_out_152_U(JetTaggerNN_fifo_w9_d2_S)' using Shift Registers.
INFO: [RTMG 210-285] Implementing FIFO 'layer9_out_153_U(JetTaggerNN_fifo_w9_d2_S)' using Shift Registers.
INFO: [RTMG 210-285] Implementing FIFO 'layer9_out_154_U(JetTaggerNN_fifo_w9_d2_S)' using Shift Registers.
INFO: [RTMG 210-285] Implementing FIFO 'layer9_out_155_U(JetTaggerNN_fifo_w9_d2_S)' using Shift Registers.
INFO: [RTMG 210-285] Implementing FIFO 'layer9_out_156_U(JetTaggerNN_fifo_w9_d2_S)' using Shift Registers.
INFO: [RTMG 210-285] Implementing FIFO 'layer9_out_157_U(JetTaggerNN_fifo_w9_d2_S)' using Shift Registers.
INFO: [RTMG 210-285] Implementing FIFO 'layer9_out_158_U(JetTaggerNN_fifo_w9_d2_S)' using Shift Registers.
INFO: [RTMG 210-285] Implementing FIFO 'layer9_out_159_U(JetTaggerNN_fifo_w9_d2_S)' using Shift Registers.
INFO: [RTMG 210-285] Implementing FIFO 'layer9_out_160_U(JetTaggerNN_fifo_w9_d2_S)' using Shift Registers.
INFO: [RTMG 210-285] Implementing FIFO 'layer9_out_161_U(JetTaggerNN_fifo_w9_d2_S)' using Shift Registers.
INFO: [RTMG 210-285] Implementing FIFO 'layer9_out_162_U(JetTaggerNN_fifo_w9_d2_S)' using Shift Registers.
INFO: [RTMG 210-285] Implementing FIFO 'layer9_out_163_U(JetTaggerNN_fifo_w9_d2_S)' using Shift Registers.
INFO: [RTMG 210-285] Implementing FIFO 'layer9_out_164_U(JetTaggerNN_fifo_w9_d2_S)' using Shift Registers.
INFO: [RTMG 210-285] Implementing FIFO 'layer9_out_165_U(JetTaggerNN_fifo_w9_d2_S)' using Shift Registers.
INFO: [RTMG 210-285] Implementing FIFO 'layer9_out_166_U(JetTaggerNN_fifo_w9_d2_S)' using Shift Registers.
INFO: [RTMG 210-285] Implementing FIFO 'layer9_out_167_U(JetTaggerNN_fifo_w9_d2_S)' using Shift Registers.
INFO: [RTMG 210-285] Implementing FIFO 'layer9_out_168_U(JetTaggerNN_fifo_w9_d2_S)' using Shift Registers.
INFO: [RTMG 210-285] Implementing FIFO 'layer9_out_169_U(JetTaggerNN_fifo_w9_d2_S)' using Shift Registers.
INFO: [RTMG 210-285] Implementing FIFO 'layer9_out_170_U(JetTaggerNN_fifo_w9_d2_S)' using Shift Registers.
INFO: [RTMG 210-285] Implementing FIFO 'layer9_out_171_U(JetTaggerNN_fifo_w9_d2_S)' using Shift Registers.
INFO: [RTMG 210-285] Implementing FIFO 'layer9_out_172_U(JetTaggerNN_fifo_w9_d2_S)' using Shift Registers.
INFO: [RTMG 210-285] Implementing FIFO 'layer9_out_173_U(JetTaggerNN_fifo_w9_d2_S)' using Shift Registers.
INFO: [RTMG 210-285] Implementing FIFO 'layer9_out_174_U(JetTaggerNN_fifo_w9_d2_S)' using Shift Registers.
INFO: [RTMG 210-285] Implementing FIFO 'layer9_out_175_U(JetTaggerNN_fifo_w9_d2_S)' using Shift Registers.
INFO: [RTMG 210-285] Implementing FIFO 'layer9_out_176_U(JetTaggerNN_fifo_w9_d2_S)' using Shift Registers.
INFO: [RTMG 210-285] Implementing FIFO 'layer9_out_177_U(JetTaggerNN_fifo_w9_d2_S)' using Shift Registers.
INFO: [RTMG 210-285] Implementing FIFO 'layer9_out_178_U(JetTaggerNN_fifo_w9_d2_S)' using Shift Registers.
INFO: [RTMG 210-285] Implementing FIFO 'layer9_out_179_U(JetTaggerNN_fifo_w9_d2_S)' using Shift Registers.
INFO: [RTMG 210-285] Implementing FIFO 'layer9_out_180_U(JetTaggerNN_fifo_w9_d2_S)' using Shift Registers.
INFO: [RTMG 210-285] Implementing FIFO 'layer9_out_181_U(JetTaggerNN_fifo_w9_d2_S)' using Shift Registers.
INFO: [RTMG 210-285] Implementing FIFO 'layer9_out_182_U(JetTaggerNN_fifo_w9_d2_S)' using Shift Registers.
INFO: [RTMG 210-285] Implementing FIFO 'layer9_out_183_U(JetTaggerNN_fifo_w9_d2_S)' using Shift Registers.
INFO: [RTMG 210-285] Implementing FIFO 'layer9_out_184_U(JetTaggerNN_fifo_w9_d2_S)' using Shift Registers.
INFO: [RTMG 210-285] Implementing FIFO 'layer9_out_185_U(JetTaggerNN_fifo_w9_d2_S)' using Shift Registers.
INFO: [RTMG 210-285] Implementing FIFO 'layer9_out_186_U(JetTaggerNN_fifo_w9_d2_S)' using Shift Registers.
INFO: [RTMG 210-285] Implementing FIFO 'layer9_out_187_U(JetTaggerNN_fifo_w9_d2_S)' using Shift Registers.
INFO: [RTMG 210-285] Implementing FIFO 'layer9_out_188_U(JetTaggerNN_fifo_w9_d2_S)' using Shift Registers.
INFO: [RTMG 210-285] Implementing FIFO 'layer9_out_189_U(JetTaggerNN_fifo_w9_d2_S)' using Shift Registers.
INFO: [RTMG 210-285] Implementing FIFO 'layer9_out_190_U(JetTaggerNN_fifo_w9_d2_S)' using Shift Registers.
INFO: [RTMG 210-285] Implementing FIFO 'layer9_out_191_U(JetTaggerNN_fifo_w9_d2_S)' using Shift Registers.
INFO: [RTMG 210-285] Implementing FIFO 'layer9_out_192_U(JetTaggerNN_fifo_w9_d2_S)' using Shift Registers.
INFO: [RTMG 210-285] Implementing FIFO 'layer9_out_193_U(JetTaggerNN_fifo_w9_d2_S)' using Shift Registers.
INFO: [RTMG 210-285] Implementing FIFO 'layer9_out_194_U(JetTaggerNN_fifo_w9_d2_S)' using Shift Registers.
INFO: [RTMG 210-285] Implementing FIFO 'layer9_out_195_U(JetTaggerNN_fifo_w9_d2_S)' using Shift Registers.
INFO: [RTMG 210-285] Implementing FIFO 'layer9_out_196_U(JetTaggerNN_fifo_w9_d2_S)' using Shift Registers.
INFO: [RTMG 210-285] Implementing FIFO 'layer9_out_197_U(JetTaggerNN_fifo_w9_d2_S)' using Shift Registers.
INFO: [RTMG 210-285] Implementing FIFO 'layer9_out_198_U(JetTaggerNN_fifo_w9_d2_S)' using Shift Registers.
INFO: [RTMG 210-285] Implementing FIFO 'layer9_out_199_U(JetTaggerNN_fifo_w9_d2_S)' using Shift Registers.
INFO: [RTMG 210-285] Implementing FIFO 'layer9_out_200_U(JetTaggerNN_fifo_w9_d2_S)' using Shift Registers.
INFO: [RTMG 210-285] Implementing FIFO 'layer9_out_201_U(JetTaggerNN_fifo_w9_d2_S)' using Shift Registers.
INFO: [RTMG 210-285] Implementing FIFO 'layer9_out_202_U(JetTaggerNN_fifo_w9_d2_S)' using Shift Registers.
INFO: [RTMG 210-285] Implementing FIFO 'layer9_out_203_U(JetTaggerNN_fifo_w9_d2_S)' using Shift Registers.
INFO: [RTMG 210-285] Implementing FIFO 'layer9_out_204_U(JetTaggerNN_fifo_w9_d2_S)' using Shift Registers.
INFO: [RTMG 210-285] Implementing FIFO 'layer9_out_205_U(JetTaggerNN_fifo_w9_d2_S)' using Shift Registers.
INFO: [RTMG 210-285] Implementing FIFO 'layer9_out_206_U(JetTaggerNN_fifo_w9_d2_S)' using Shift Registers.
INFO: [RTMG 210-285] Implementing FIFO 'layer9_out_207_U(JetTaggerNN_fifo_w9_d2_S)' using Shift Registers.
INFO: [RTMG 210-285] Implementing FIFO 'layer9_out_208_U(JetTaggerNN_fifo_w9_d2_S)' using Shift Registers.
INFO: [RTMG 210-285] Implementing FIFO 'layer9_out_209_U(JetTaggerNN_fifo_w9_d2_S)' using Shift Registers.
INFO: [RTMG 210-285] Implementing FIFO 'layer9_out_210_U(JetTaggerNN_fifo_w9_d2_S)' using Shift Registers.
INFO: [RTMG 210-285] Implementing FIFO 'layer9_out_211_U(JetTaggerNN_fifo_w9_d2_S)' using Shift Registers.
INFO: [RTMG 210-285] Implementing FIFO 'layer9_out_212_U(JetTaggerNN_fifo_w9_d2_S)' using Shift Registers.
INFO: [RTMG 210-285] Implementing FIFO 'layer9_out_213_U(JetTaggerNN_fifo_w9_d2_S)' using Shift Registers.
INFO: [RTMG 210-285] Implementing FIFO 'layer9_out_214_U(JetTaggerNN_fifo_w9_d2_S)' using Shift Registers.
INFO: [RTMG 210-285] Implementing FIFO 'layer9_out_215_U(JetTaggerNN_fifo_w9_d2_S)' using Shift Registers.
INFO: [RTMG 210-285] Implementing FIFO 'layer9_out_216_U(JetTaggerNN_fifo_w9_d2_S)' using Shift Registers.
INFO: [RTMG 210-285] Implementing FIFO 'layer9_out_217_U(JetTaggerNN_fifo_w9_d2_S)' using Shift Registers.
INFO: [RTMG 210-285] Implementing FIFO 'layer9_out_218_U(JetTaggerNN_fifo_w9_d2_S)' using Shift Registers.
INFO: [RTMG 210-285] Implementing FIFO 'layer9_out_219_U(JetTaggerNN_fifo_w9_d2_S)' using Shift Registers.
INFO: [RTMG 210-285] Implementing FIFO 'layer9_out_220_U(JetTaggerNN_fifo_w9_d2_S)' using Shift Registers.
INFO: [RTMG 210-285] Implementing FIFO 'layer9_out_221_U(JetTaggerNN_fifo_w9_d2_S)' using Shift Registers.
INFO: [RTMG 210-285] Implementing FIFO 'layer9_out_222_U(JetTaggerNN_fifo_w9_d2_S)' using Shift Registers.
INFO: [RTMG 210-285] Implementing FIFO 'layer9_out_223_U(JetTaggerNN_fifo_w9_d2_S)' using Shift Registers.
INFO: [RTMG 210-285] Implementing FIFO 'layer9_out_224_U(JetTaggerNN_fifo_w9_d2_S)' using Shift Registers.
INFO: [RTMG 210-285] Implementing FIFO 'layer9_out_225_U(JetTaggerNN_fifo_w9_d2_S)' using Shift Registers.
INFO: [RTMG 210-285] Implementing FIFO 'layer9_out_226_U(JetTaggerNN_fifo_w9_d2_S)' using Shift Registers.
INFO: [RTMG 210-285] Implementing FIFO 'layer9_out_227_U(JetTaggerNN_fifo_w9_d2_S)' using Shift Registers.
INFO: [RTMG 210-285] Implementing FIFO 'layer9_out_228_U(JetTaggerNN_fifo_w9_d2_S)' using Shift Registers.
INFO: [RTMG 210-285] Implementing FIFO 'layer9_out_229_U(JetTaggerNN_fifo_w9_d2_S)' using Shift Registers.
INFO: [RTMG 210-285] Implementing FIFO 'layer9_out_230_U(JetTaggerNN_fifo_w9_d2_S)' using Shift Registers.
INFO: [RTMG 210-285] Implementing FIFO 'layer9_out_231_U(JetTaggerNN_fifo_w9_d2_S)' using Shift Registers.
INFO: [RTMG 210-285] Implementing FIFO 'layer9_out_232_U(JetTaggerNN_fifo_w9_d2_S)' using Shift Registers.
INFO: [RTMG 210-285] Implementing FIFO 'layer9_out_233_U(JetTaggerNN_fifo_w9_d2_S)' using Shift Registers.
INFO: [RTMG 210-285] Implementing FIFO 'layer9_out_234_U(JetTaggerNN_fifo_w9_d2_S)' using Shift Registers.
INFO: [RTMG 210-285] Implementing FIFO 'layer9_out_235_U(JetTaggerNN_fifo_w9_d2_S)' using Shift Registers.
INFO: [RTMG 210-285] Implementing FIFO 'layer9_out_236_U(JetTaggerNN_fifo_w9_d2_S)' using Shift Registers.
INFO: [RTMG 210-285] Implementing FIFO 'layer9_out_237_U(JetTaggerNN_fifo_w9_d2_S)' using Shift Registers.
INFO: [RTMG 210-285] Implementing FIFO 'layer9_out_238_U(JetTaggerNN_fifo_w9_d2_S)' using Shift Registers.
INFO: [RTMG 210-285] Implementing FIFO 'layer9_out_239_U(JetTaggerNN_fifo_w9_d2_S)' using Shift Registers.
INFO: [RTMG 210-285] Implementing FIFO 'layer9_out_240_U(JetTaggerNN_fifo_w9_d2_S)' using Shift Registers.
INFO: [RTMG 210-285] Implementing FIFO 'layer9_out_241_U(JetTaggerNN_fifo_w9_d2_S)' using Shift Registers.
INFO: [RTMG 210-285] Implementing FIFO 'layer9_out_242_U(JetTaggerNN_fifo_w9_d2_S)' using Shift Registers.
INFO: [RTMG 210-285] Implementing FIFO 'layer9_out_243_U(JetTaggerNN_fifo_w9_d2_S)' using Shift Registers.
INFO: [RTMG 210-285] Implementing FIFO 'layer9_out_244_U(JetTaggerNN_fifo_w9_d2_S)' using Shift Registers.
INFO: [RTMG 210-285] Implementing FIFO 'layer9_out_245_U(JetTaggerNN_fifo_w9_d2_S)' using Shift Registers.
INFO: [RTMG 210-285] Implementing FIFO 'layer9_out_246_U(JetTaggerNN_fifo_w9_d2_S)' using Shift Registers.
INFO: [RTMG 210-285] Implementing FIFO 'layer9_out_247_U(JetTaggerNN_fifo_w9_d2_S)' using Shift Registers.
INFO: [RTMG 210-285] Implementing FIFO 'layer9_out_248_U(JetTaggerNN_fifo_w9_d2_S)' using Shift Registers.
INFO: [RTMG 210-285] Implementing FIFO 'layer9_out_249_U(JetTaggerNN_fifo_w9_d2_S)' using Shift Registers.
INFO: [RTMG 210-285] Implementing FIFO 'layer9_out_250_U(JetTaggerNN_fifo_w9_d2_S)' using Shift Registers.
INFO: [RTMG 210-285] Implementing FIFO 'layer9_out_251_U(JetTaggerNN_fifo_w9_d2_S)' using Shift Registers.
INFO: [RTMG 210-285] Implementing FIFO 'layer9_out_252_U(JetTaggerNN_fifo_w9_d2_S)' using Shift Registers.
INFO: [RTMG 210-285] Implementing FIFO 'layer9_out_253_U(JetTaggerNN_fifo_w9_d2_S)' using Shift Registers.
INFO: [RTMG 210-285] Implementing FIFO 'layer9_out_254_U(JetTaggerNN_fifo_w9_d2_S)' using Shift Registers.
INFO: [RTMG 210-285] Implementing FIFO 'layer9_out_255_U(JetTaggerNN_fifo_w9_d2_S)' using Shift Registers.
INFO: [RTMG 210-285] Implementing FIFO 'layer9_out_256_U(JetTaggerNN_fifo_w9_d2_S)' using Shift Registers.
INFO: [RTMG 210-285] Implementing FIFO 'layer9_out_257_U(JetTaggerNN_fifo_w9_d2_S)' using Shift Registers.
INFO: [RTMG 210-285] Implementing FIFO 'layer9_out_258_U(JetTaggerNN_fifo_w9_d2_S)' using Shift Registers.
INFO: [RTMG 210-285] Implementing FIFO 'layer9_out_259_U(JetTaggerNN_fifo_w9_d2_S)' using Shift Registers.
INFO: [RTMG 210-285] Implementing FIFO 'layer9_out_260_U(JetTaggerNN_fifo_w9_d2_S)' using Shift Registers.
INFO: [RTMG 210-285] Implementing FIFO 'layer9_out_261_U(JetTaggerNN_fifo_w9_d2_S)' using Shift Registers.
INFO: [RTMG 210-285] Implementing FIFO 'layer9_out_262_U(JetTaggerNN_fifo_w9_d2_S)' using Shift Registers.
INFO: [RTMG 210-285] Implementing FIFO 'layer9_out_263_U(JetTaggerNN_fifo_w9_d2_S)' using Shift Registers.
INFO: [RTMG 210-285] Implementing FIFO 'layer9_out_264_U(JetTaggerNN_fifo_w9_d2_S)' using Shift Registers.
INFO: [RTMG 210-285] Implementing FIFO 'layer9_out_265_U(JetTaggerNN_fifo_w9_d2_S)' using Shift Registers.
INFO: [RTMG 210-285] Implementing FIFO 'layer9_out_266_U(JetTaggerNN_fifo_w9_d2_S)' using Shift Registers.
INFO: [RTMG 210-285] Implementing FIFO 'layer9_out_267_U(JetTaggerNN_fifo_w9_d2_S)' using Shift Registers.
INFO: [RTMG 210-285] Implementing FIFO 'layer9_out_268_U(JetTaggerNN_fifo_w9_d2_S)' using Shift Registers.
INFO: [RTMG 210-285] Implementing FIFO 'layer9_out_269_U(JetTaggerNN_fifo_w9_d2_S)' using Shift Registers.
INFO: [RTMG 210-285] Implementing FIFO 'layer9_out_270_U(JetTaggerNN_fifo_w9_d2_S)' using Shift Registers.
INFO: [RTMG 210-285] Implementing FIFO 'layer9_out_271_U(JetTaggerNN_fifo_w9_d2_S)' using Shift Registers.
INFO: [RTMG 210-285] Implementing FIFO 'layer9_out_272_U(JetTaggerNN_fifo_w9_d2_S)' using Shift Registers.
INFO: [RTMG 210-285] Implementing FIFO 'layer9_out_273_U(JetTaggerNN_fifo_w9_d2_S)' using Shift Registers.
INFO: [RTMG 210-285] Implementing FIFO 'layer9_out_274_U(JetTaggerNN_fifo_w9_d2_S)' using Shift Registers.
INFO: [RTMG 210-285] Implementing FIFO 'layer9_out_275_U(JetTaggerNN_fifo_w9_d2_S)' using Shift Registers.
INFO: [RTMG 210-285] Implementing FIFO 'layer9_out_276_U(JetTaggerNN_fifo_w9_d2_S)' using Shift Registers.
INFO: [RTMG 210-285] Implementing FIFO 'layer9_out_277_U(JetTaggerNN_fifo_w9_d2_S)' using Shift Registers.
INFO: [RTMG 210-285] Implementing FIFO 'layer9_out_278_U(JetTaggerNN_fifo_w9_d2_S)' using Shift Registers.
INFO: [RTMG 210-285] Implementing FIFO 'layer9_out_279_U(JetTaggerNN_fifo_w9_d2_S)' using Shift Registers.
INFO: [RTMG 210-285] Implementing FIFO 'layer9_out_280_U(JetTaggerNN_fifo_w9_d2_S)' using Shift Registers.
INFO: [RTMG 210-285] Implementing FIFO 'layer9_out_281_U(JetTaggerNN_fifo_w9_d2_S)' using Shift Registers.
INFO: [RTMG 210-285] Implementing FIFO 'layer9_out_282_U(JetTaggerNN_fifo_w9_d2_S)' using Shift Registers.
INFO: [RTMG 210-285] Implementing FIFO 'layer9_out_283_U(JetTaggerNN_fifo_w9_d2_S)' using Shift Registers.
INFO: [RTMG 210-285] Implementing FIFO 'layer9_out_284_U(JetTaggerNN_fifo_w9_d2_S)' using Shift Registers.
INFO: [RTMG 210-285] Implementing FIFO 'layer9_out_285_U(JetTaggerNN_fifo_w9_d2_S)' using Shift Registers.
INFO: [RTMG 210-285] Implementing FIFO 'layer9_out_286_U(JetTaggerNN_fifo_w9_d2_S)' using Shift Registers.
INFO: [RTMG 210-285] Implementing FIFO 'layer9_out_287_U(JetTaggerNN_fifo_w9_d2_S)' using Shift Registers.
INFO: [RTMG 210-285] Implementing FIFO 'layer9_out_288_U(JetTaggerNN_fifo_w9_d2_S)' using Shift Registers.
INFO: [RTMG 210-285] Implementing FIFO 'layer9_out_289_U(JetTaggerNN_fifo_w9_d2_S)' using Shift Registers.
INFO: [RTMG 210-285] Implementing FIFO 'layer9_out_290_U(JetTaggerNN_fifo_w9_d2_S)' using Shift Registers.
INFO: [RTMG 210-285] Implementing FIFO 'layer9_out_291_U(JetTaggerNN_fifo_w9_d2_S)' using Shift Registers.
INFO: [RTMG 210-285] Implementing FIFO 'layer9_out_292_U(JetTaggerNN_fifo_w9_d2_S)' using Shift Registers.
INFO: [RTMG 210-285] Implementing FIFO 'layer9_out_293_U(JetTaggerNN_fifo_w9_d2_S)' using Shift Registers.
INFO: [RTMG 210-285] Implementing FIFO 'layer9_out_294_U(JetTaggerNN_fifo_w9_d2_S)' using Shift Registers.
INFO: [RTMG 210-285] Implementing FIFO 'layer9_out_295_U(JetTaggerNN_fifo_w9_d2_S)' using Shift Registers.
INFO: [RTMG 210-285] Implementing FIFO 'layer9_out_296_U(JetTaggerNN_fifo_w9_d2_S)' using Shift Registers.
INFO: [RTMG 210-285] Implementing FIFO 'layer9_out_297_U(JetTaggerNN_fifo_w9_d2_S)' using Shift Registers.
INFO: [RTMG 210-285] Implementing FIFO 'layer9_out_298_U(JetTaggerNN_fifo_w9_d2_S)' using Shift Registers.
INFO: [RTMG 210-285] Implementing FIFO 'layer9_out_299_U(JetTaggerNN_fifo_w9_d2_S)' using Shift Registers.
INFO: [RTMG 210-285] Implementing FIFO 'layer9_out_300_U(JetTaggerNN_fifo_w9_d2_S)' using Shift Registers.
INFO: [RTMG 210-285] Implementing FIFO 'layer9_out_301_U(JetTaggerNN_fifo_w9_d2_S)' using Shift Registers.
INFO: [RTMG 210-285] Implementing FIFO 'layer9_out_302_U(JetTaggerNN_fifo_w9_d2_S)' using Shift Registers.
INFO: [RTMG 210-285] Implementing FIFO 'layer9_out_303_U(JetTaggerNN_fifo_w9_d2_S)' using Shift Registers.
INFO: [RTMG 210-285] Implementing FIFO 'layer9_out_304_U(JetTaggerNN_fifo_w9_d2_S)' using Shift Registers.
INFO: [RTMG 210-285] Implementing FIFO 'layer9_out_305_U(JetTaggerNN_fifo_w9_d2_S)' using Shift Registers.
INFO: [RTMG 210-285] Implementing FIFO 'layer9_out_306_U(JetTaggerNN_fifo_w9_d2_S)' using Shift Registers.
INFO: [RTMG 210-285] Implementing FIFO 'layer9_out_307_U(JetTaggerNN_fifo_w9_d2_S)' using Shift Registers.
INFO: [RTMG 210-285] Implementing FIFO 'layer9_out_308_U(JetTaggerNN_fifo_w9_d2_S)' using Shift Registers.
INFO: [RTMG 210-285] Implementing FIFO 'layer9_out_309_U(JetTaggerNN_fifo_w9_d2_S)' using Shift Registers.
INFO: [RTMG 210-285] Implementing FIFO 'layer9_out_310_U(JetTaggerNN_fifo_w9_d2_S)' using Shift Registers.
INFO: [RTMG 210-285] Implementing FIFO 'layer9_out_311_U(JetTaggerNN_fifo_w9_d2_S)' using Shift Registers.
INFO: [RTMG 210-285] Implementing FIFO 'layer9_out_312_U(JetTaggerNN_fifo_w9_d2_S)' using Shift Registers.
INFO: [RTMG 210-285] Implementing FIFO 'layer9_out_313_U(JetTaggerNN_fifo_w9_d2_S)' using Shift Registers.
INFO: [RTMG 210-285] Implementing FIFO 'layer9_out_314_U(JetTaggerNN_fifo_w9_d2_S)' using Shift Registers.
INFO: [RTMG 210-285] Implementing FIFO 'layer9_out_315_U(JetTaggerNN_fifo_w9_d2_S)' using Shift Registers.
INFO: [RTMG 210-285] Implementing FIFO 'layer9_out_316_U(JetTaggerNN_fifo_w9_d2_S)' using Shift Registers.
INFO: [RTMG 210-285] Implementing FIFO 'layer9_out_317_U(JetTaggerNN_fifo_w9_d2_S)' using Shift Registers.
INFO: [RTMG 210-285] Implementing FIFO 'layer9_out_318_U(JetTaggerNN_fifo_w9_d2_S)' using Shift Registers.
INFO: [RTMG 210-285] Implementing FIFO 'layer9_out_319_U(JetTaggerNN_fifo_w9_d2_S)' using Shift Registers.
INFO: [RTMG 210-285] Implementing FIFO 'layer9_out_320_U(JetTaggerNN_fifo_w9_d2_S)' using Shift Registers.
INFO: [RTMG 210-285] Implementing FIFO 'layer9_out_321_U(JetTaggerNN_fifo_w9_d2_S)' using Shift Registers.
INFO: [RTMG 210-285] Implementing FIFO 'layer9_out_322_U(JetTaggerNN_fifo_w9_d2_S)' using Shift Registers.
INFO: [RTMG 210-285] Implementing FIFO 'layer9_out_323_U(JetTaggerNN_fifo_w9_d2_S)' using Shift Registers.
INFO: [RTMG 210-285] Implementing FIFO 'layer9_out_324_U(JetTaggerNN_fifo_w9_d2_S)' using Shift Registers.
INFO: [RTMG 210-285] Implementing FIFO 'layer9_out_325_U(JetTaggerNN_fifo_w9_d2_S)' using Shift Registers.
INFO: [RTMG 210-285] Implementing FIFO 'layer9_out_326_U(JetTaggerNN_fifo_w9_d2_S)' using Shift Registers.
INFO: [RTMG 210-285] Implementing FIFO 'layer9_out_327_U(JetTaggerNN_fifo_w9_d2_S)' using Shift Registers.
INFO: [RTMG 210-285] Implementing FIFO 'layer9_out_328_U(JetTaggerNN_fifo_w9_d2_S)' using Shift Registers.
INFO: [RTMG 210-285] Implementing FIFO 'layer9_out_329_U(JetTaggerNN_fifo_w9_d2_S)' using Shift Registers.
INFO: [RTMG 210-285] Implementing FIFO 'layer9_out_330_U(JetTaggerNN_fifo_w9_d2_S)' using Shift Registers.
INFO: [RTMG 210-285] Implementing FIFO 'layer9_out_331_U(JetTaggerNN_fifo_w9_d2_S)' using Shift Registers.
INFO: [RTMG 210-285] Implementing FIFO 'layer9_out_332_U(JetTaggerNN_fifo_w9_d2_S)' using Shift Registers.
INFO: [RTMG 210-285] Implementing FIFO 'layer9_out_333_U(JetTaggerNN_fifo_w9_d2_S)' using Shift Registers.
INFO: [RTMG 210-285] Implementing FIFO 'layer9_out_334_U(JetTaggerNN_fifo_w9_d2_S)' using Shift Registers.
INFO: [RTMG 210-285] Implementing FIFO 'layer9_out_335_U(JetTaggerNN_fifo_w9_d2_S)' using Shift Registers.
INFO: [RTMG 210-285] Implementing FIFO 'layer9_out_336_U(JetTaggerNN_fifo_w9_d2_S)' using Shift Registers.
INFO: [RTMG 210-285] Implementing FIFO 'layer9_out_337_U(JetTaggerNN_fifo_w9_d2_S)' using Shift Registers.
INFO: [RTMG 210-285] Implementing FIFO 'layer9_out_338_U(JetTaggerNN_fifo_w9_d2_S)' using Shift Registers.
INFO: [RTMG 210-285] Implementing FIFO 'layer9_out_339_U(JetTaggerNN_fifo_w9_d2_S)' using Shift Registers.
INFO: [RTMG 210-285] Implementing FIFO 'layer9_out_340_U(JetTaggerNN_fifo_w9_d2_S)' using Shift Registers.
INFO: [RTMG 210-285] Implementing FIFO 'layer9_out_341_U(JetTaggerNN_fifo_w9_d2_S)' using Shift Registers.
INFO: [RTMG 210-285] Implementing FIFO 'layer9_out_342_U(JetTaggerNN_fifo_w9_d2_S)' using Shift Registers.
INFO: [RTMG 210-285] Implementing FIFO 'layer9_out_343_U(JetTaggerNN_fifo_w9_d2_S)' using Shift Registers.
INFO: [RTMG 210-285] Implementing FIFO 'layer9_out_344_U(JetTaggerNN_fifo_w9_d2_S)' using Shift Registers.
INFO: [RTMG 210-285] Implementing FIFO 'layer9_out_345_U(JetTaggerNN_fifo_w9_d2_S)' using Shift Registers.
INFO: [RTMG 210-285] Implementing FIFO 'layer9_out_346_U(JetTaggerNN_fifo_w9_d2_S)' using Shift Registers.
INFO: [RTMG 210-285] Implementing FIFO 'layer9_out_347_U(JetTaggerNN_fifo_w9_d2_S)' using Shift Registers.
INFO: [RTMG 210-285] Implementing FIFO 'layer9_out_348_U(JetTaggerNN_fifo_w9_d2_S)' using Shift Registers.
INFO: [RTMG 210-285] Implementing FIFO 'layer9_out_349_U(JetTaggerNN_fifo_w9_d2_S)' using Shift Registers.
INFO: [RTMG 210-285] Implementing FIFO 'layer9_out_350_U(JetTaggerNN_fifo_w9_d2_S)' using Shift Registers.
INFO: [RTMG 210-285] Implementing FIFO 'layer9_out_351_U(JetTaggerNN_fifo_w9_d2_S)' using Shift Registers.
INFO: [RTMG 210-285] Implementing FIFO 'layer9_out_352_U(JetTaggerNN_fifo_w9_d2_S)' using Shift Registers.
INFO: [RTMG 210-285] Implementing FIFO 'layer9_out_353_U(JetTaggerNN_fifo_w9_d2_S)' using Shift Registers.
INFO: [RTMG 210-285] Implementing FIFO 'layer9_out_354_U(JetTaggerNN_fifo_w9_d2_S)' using Shift Registers.
INFO: [RTMG 210-285] Implementing FIFO 'layer9_out_355_U(JetTaggerNN_fifo_w9_d2_S)' using Shift Registers.
INFO: [RTMG 210-285] Implementing FIFO 'layer9_out_356_U(JetTaggerNN_fifo_w9_d2_S)' using Shift Registers.
INFO: [RTMG 210-285] Implementing FIFO 'layer9_out_357_U(JetTaggerNN_fifo_w9_d2_S)' using Shift Registers.
INFO: [RTMG 210-285] Implementing FIFO 'layer9_out_358_U(JetTaggerNN_fifo_w9_d2_S)' using Shift Registers.
INFO: [RTMG 210-285] Implementing FIFO 'layer9_out_359_U(JetTaggerNN_fifo_w9_d2_S)' using Shift Registers.
INFO: [RTMG 210-285] Implementing FIFO 'layer9_out_360_U(JetTaggerNN_fifo_w9_d2_S)' using Shift Registers.
INFO: [RTMG 210-285] Implementing FIFO 'layer9_out_361_U(JetTaggerNN_fifo_w9_d2_S)' using Shift Registers.
INFO: [RTMG 210-285] Implementing FIFO 'layer9_out_362_U(JetTaggerNN_fifo_w9_d2_S)' using Shift Registers.
INFO: [RTMG 210-285] Implementing FIFO 'layer9_out_363_U(JetTaggerNN_fifo_w9_d2_S)' using Shift Registers.
INFO: [RTMG 210-285] Implementing FIFO 'layer9_out_364_U(JetTaggerNN_fifo_w9_d2_S)' using Shift Registers.
INFO: [RTMG 210-285] Implementing FIFO 'layer9_out_365_U(JetTaggerNN_fifo_w9_d2_S)' using Shift Registers.
INFO: [RTMG 210-285] Implementing FIFO 'layer9_out_366_U(JetTaggerNN_fifo_w9_d2_S)' using Shift Registers.
INFO: [RTMG 210-285] Implementing FIFO 'layer9_out_367_U(JetTaggerNN_fifo_w9_d2_S)' using Shift Registers.
INFO: [RTMG 210-285] Implementing FIFO 'layer9_out_368_U(JetTaggerNN_fifo_w9_d2_S)' using Shift Registers.
INFO: [RTMG 210-285] Implementing FIFO 'layer9_out_369_U(JetTaggerNN_fifo_w9_d2_S)' using Shift Registers.
INFO: [RTMG 210-285] Implementing FIFO 'layer9_out_370_U(JetTaggerNN_fifo_w9_d2_S)' using Shift Registers.
INFO: [RTMG 210-285] Implementing FIFO 'layer9_out_371_U(JetTaggerNN_fifo_w9_d2_S)' using Shift Registers.
INFO: [RTMG 210-285] Implementing FIFO 'layer9_out_372_U(JetTaggerNN_fifo_w9_d2_S)' using Shift Registers.
INFO: [RTMG 210-285] Implementing FIFO 'layer9_out_373_U(JetTaggerNN_fifo_w9_d2_S)' using Shift Registers.
INFO: [RTMG 210-285] Implementing FIFO 'layer9_out_374_U(JetTaggerNN_fifo_w9_d2_S)' using Shift Registers.
INFO: [RTMG 210-285] Implementing FIFO 'layer9_out_375_U(JetTaggerNN_fifo_w9_d2_S)' using Shift Registers.
INFO: [RTMG 210-285] Implementing FIFO 'layer9_out_376_U(JetTaggerNN_fifo_w9_d2_S)' using Shift Registers.
INFO: [RTMG 210-285] Implementing FIFO 'layer9_out_377_U(JetTaggerNN_fifo_w9_d2_S)' using Shift Registers.
INFO: [RTMG 210-285] Implementing FIFO 'layer9_out_378_U(JetTaggerNN_fifo_w9_d2_S)' using Shift Registers.
INFO: [RTMG 210-285] Implementing FIFO 'layer9_out_379_U(JetTaggerNN_fifo_w9_d2_S)' using Shift Registers.
INFO: [RTMG 210-285] Implementing FIFO 'layer9_out_380_U(JetTaggerNN_fifo_w9_d2_S)' using Shift Registers.
INFO: [RTMG 210-285] Implementing FIFO 'layer9_out_381_U(JetTaggerNN_fifo_w9_d2_S)' using Shift Registers.
INFO: [RTMG 210-285] Implementing FIFO 'layer9_out_382_U(JetTaggerNN_fifo_w9_d2_S)' using Shift Registers.
INFO: [RTMG 210-285] Implementing FIFO 'layer9_out_383_U(JetTaggerNN_fifo_w9_d2_S)' using Shift Registers.
INFO: [RTMG 210-285] Implementing FIFO 'layer9_out_384_U(JetTaggerNN_fifo_w9_d2_S)' using Shift Registers.
INFO: [RTMG 210-285] Implementing FIFO 'layer9_out_385_U(JetTaggerNN_fifo_w9_d2_S)' using Shift Registers.
INFO: [RTMG 210-285] Implementing FIFO 'layer9_out_386_U(JetTaggerNN_fifo_w9_d2_S)' using Shift Registers.
INFO: [RTMG 210-285] Implementing FIFO 'layer9_out_387_U(JetTaggerNN_fifo_w9_d2_S)' using Shift Registers.
INFO: [RTMG 210-285] Implementing FIFO 'layer9_out_388_U(JetTaggerNN_fifo_w9_d2_S)' using Shift Registers.
INFO: [RTMG 210-285] Implementing FIFO 'layer9_out_389_U(JetTaggerNN_fifo_w9_d2_S)' using Shift Registers.
INFO: [RTMG 210-285] Implementing FIFO 'layer9_out_390_U(JetTaggerNN_fifo_w9_d2_S)' using Shift Registers.
INFO: [RTMG 210-285] Implementing FIFO 'layer9_out_391_U(JetTaggerNN_fifo_w9_d2_S)' using Shift Registers.
INFO: [RTMG 210-285] Implementing FIFO 'layer9_out_392_U(JetTaggerNN_fifo_w9_d2_S)' using Shift Registers.
INFO: [RTMG 210-285] Implementing FIFO 'layer9_out_393_U(JetTaggerNN_fifo_w9_d2_S)' using Shift Registers.
INFO: [RTMG 210-285] Implementing FIFO 'layer9_out_394_U(JetTaggerNN_fifo_w9_d2_S)' using Shift Registers.
INFO: [RTMG 210-285] Implementing FIFO 'layer9_out_395_U(JetTaggerNN_fifo_w9_d2_S)' using Shift Registers.
INFO: [RTMG 210-285] Implementing FIFO 'layer9_out_396_U(JetTaggerNN_fifo_w9_d2_S)' using Shift Registers.
INFO: [RTMG 210-285] Implementing FIFO 'layer9_out_397_U(JetTaggerNN_fifo_w9_d2_S)' using Shift Registers.
INFO: [RTMG 210-285] Implementing FIFO 'layer9_out_398_U(JetTaggerNN_fifo_w9_d2_S)' using Shift Registers.
INFO: [RTMG 210-285] Implementing FIFO 'layer9_out_399_U(JetTaggerNN_fifo_w9_d2_S)' using Shift Registers.
INFO: [RTMG 210-285] Implementing FIFO 'layer9_out_400_U(JetTaggerNN_fifo_w9_d2_S)' using Shift Registers.
INFO: [RTMG 210-285] Implementing FIFO 'layer9_out_401_U(JetTaggerNN_fifo_w9_d2_S)' using Shift Registers.
INFO: [RTMG 210-285] Implementing FIFO 'layer9_out_402_U(JetTaggerNN_fifo_w9_d2_S)' using Shift Registers.
INFO: [RTMG 210-285] Implementing FIFO 'layer9_out_403_U(JetTaggerNN_fifo_w9_d2_S)' using Shift Registers.
INFO: [RTMG 210-285] Implementing FIFO 'layer9_out_404_U(JetTaggerNN_fifo_w9_d2_S)' using Shift Registers.
INFO: [RTMG 210-285] Implementing FIFO 'layer9_out_405_U(JetTaggerNN_fifo_w9_d2_S)' using Shift Registers.
INFO: [RTMG 210-285] Implementing FIFO 'layer9_out_406_U(JetTaggerNN_fifo_w9_d2_S)' using Shift Registers.
INFO: [RTMG 210-285] Implementing FIFO 'layer9_out_407_U(JetTaggerNN_fifo_w9_d2_S)' using Shift Registers.
INFO: [RTMG 210-285] Implementing FIFO 'layer9_out_408_U(JetTaggerNN_fifo_w9_d2_S)' using Shift Registers.
INFO: [RTMG 210-285] Implementing FIFO 'layer9_out_409_U(JetTaggerNN_fifo_w9_d2_S)' using Shift Registers.
INFO: [RTMG 210-285] Implementing FIFO 'layer9_out_410_U(JetTaggerNN_fifo_w9_d2_S)' using Shift Registers.
INFO: [RTMG 210-285] Implementing FIFO 'layer9_out_411_U(JetTaggerNN_fifo_w9_d2_S)' using Shift Registers.
INFO: [RTMG 210-285] Implementing FIFO 'layer9_out_412_U(JetTaggerNN_fifo_w9_d2_S)' using Shift Registers.
INFO: [RTMG 210-285] Implementing FIFO 'layer9_out_413_U(JetTaggerNN_fifo_w9_d2_S)' using Shift Registers.
INFO: [RTMG 210-285] Implementing FIFO 'layer9_out_414_U(JetTaggerNN_fifo_w9_d2_S)' using Shift Registers.
INFO: [RTMG 210-285] Implementing FIFO 'layer9_out_415_U(JetTaggerNN_fifo_w9_d2_S)' using Shift Registers.
INFO: [RTMG 210-285] Implementing FIFO 'layer10_out_U(JetTaggerNN_fifo_w10_d2_S)' using Shift Registers.
INFO: [RTMG 210-285] Implementing FIFO 'layer10_out_1_U(JetTaggerNN_fifo_w10_d2_S)' using Shift Registers.
INFO: [RTMG 210-285] Implementing FIFO 'layer10_out_2_U(JetTaggerNN_fifo_w10_d2_S)' using Shift Registers.
INFO: [RTMG 210-285] Implementing FIFO 'layer10_out_3_U(JetTaggerNN_fifo_w10_d2_S)' using Shift Registers.
INFO: [RTMG 210-285] Implementing FIFO 'layer10_out_4_U(JetTaggerNN_fifo_w10_d2_S)' using Shift Registers.
INFO: [RTMG 210-285] Implementing FIFO 'layer10_out_5_U(JetTaggerNN_fifo_w10_d2_S)' using Shift Registers.
INFO: [RTMG 210-285] Implementing FIFO 'layer10_out_6_U(JetTaggerNN_fifo_w10_d2_S)' using Shift Registers.
INFO: [RTMG 210-285] Implementing FIFO 'layer10_out_7_U(JetTaggerNN_fifo_w10_d2_S)' using Shift Registers.
INFO: [RTMG 210-285] Implementing FIFO 'layer10_out_8_U(JetTaggerNN_fifo_w10_d2_S)' using Shift Registers.
INFO: [RTMG 210-285] Implementing FIFO 'layer10_out_9_U(JetTaggerNN_fifo_w10_d2_S)' using Shift Registers.
INFO: [RTMG 210-285] Implementing FIFO 'layer10_out_10_U(JetTaggerNN_fifo_w10_d2_S)' using Shift Registers.
INFO: [RTMG 210-285] Implementing FIFO 'layer10_out_11_U(JetTaggerNN_fifo_w10_d2_S)' using Shift Registers.
INFO: [RTMG 210-285] Implementing FIFO 'layer10_out_12_U(JetTaggerNN_fifo_w10_d2_S)' using Shift Registers.
INFO: [RTMG 210-285] Implementing FIFO 'layer10_out_13_U(JetTaggerNN_fifo_w10_d2_S)' using Shift Registers.
INFO: [RTMG 210-285] Implementing FIFO 'layer10_out_14_U(JetTaggerNN_fifo_w10_d2_S)' using Shift Registers.
INFO: [RTMG 210-285] Implementing FIFO 'layer10_out_15_U(JetTaggerNN_fifo_w10_d2_S)' using Shift Registers.
INFO: [RTMG 210-285] Implementing FIFO 'layer10_out_16_U(JetTaggerNN_fifo_w10_d2_S)' using Shift Registers.
INFO: [RTMG 210-285] Implementing FIFO 'layer10_out_17_U(JetTaggerNN_fifo_w10_d2_S)' using Shift Registers.
INFO: [RTMG 210-285] Implementing FIFO 'layer10_out_18_U(JetTaggerNN_fifo_w10_d2_S)' using Shift Registers.
INFO: [RTMG 210-285] Implementing FIFO 'layer10_out_19_U(JetTaggerNN_fifo_w10_d2_S)' using Shift Registers.
INFO: [RTMG 210-285] Implementing FIFO 'layer10_out_20_U(JetTaggerNN_fifo_w10_d2_S)' using Shift Registers.
INFO: [RTMG 210-285] Implementing FIFO 'layer10_out_21_U(JetTaggerNN_fifo_w10_d2_S)' using Shift Registers.
INFO: [RTMG 210-285] Implementing FIFO 'layer10_out_22_U(JetTaggerNN_fifo_w10_d2_S)' using Shift Registers.
INFO: [RTMG 210-285] Implementing FIFO 'layer10_out_23_U(JetTaggerNN_fifo_w10_d2_S)' using Shift Registers.
INFO: [RTMG 210-285] Implementing FIFO 'layer10_out_24_U(JetTaggerNN_fifo_w10_d2_S)' using Shift Registers.
INFO: [RTMG 210-285] Implementing FIFO 'layer10_out_25_U(JetTaggerNN_fifo_w10_d2_S)' using Shift Registers.
INFO: [RTMG 210-285] Implementing FIFO 'layer11_out_U(JetTaggerNN_fifo_w22_d2_S)' using Shift Registers.
INFO: [RTMG 210-285] Implementing FIFO 'layer11_out_1_U(JetTaggerNN_fifo_w22_d2_S)' using Shift Registers.
INFO: [RTMG 210-285] Implementing FIFO 'layer11_out_2_U(JetTaggerNN_fifo_w22_d2_S)' using Shift Registers.
INFO: [RTMG 210-285] Implementing FIFO 'layer11_out_3_U(JetTaggerNN_fifo_w22_d2_S)' using Shift Registers.
INFO: [RTMG 210-285] Implementing FIFO 'layer11_out_4_U(JetTaggerNN_fifo_w22_d2_S)' using Shift Registers.
INFO: [RTMG 210-285] Implementing FIFO 'layer11_out_5_U(JetTaggerNN_fifo_w22_d2_S)' using Shift Registers.
INFO: [RTMG 210-285] Implementing FIFO 'layer11_out_6_U(JetTaggerNN_fifo_w22_d2_S)' using Shift Registers.
INFO: [RTMG 210-285] Implementing FIFO 'layer11_out_7_U(JetTaggerNN_fifo_w22_d2_S)' using Shift Registers.
INFO: [RTMG 210-285] Implementing FIFO 'layer11_out_8_U(JetTaggerNN_fifo_w22_d2_S)' using Shift Registers.
INFO: [RTMG 210-285] Implementing FIFO 'layer11_out_9_U(JetTaggerNN_fifo_w22_d2_S)' using Shift Registers.
INFO: [RTMG 210-285] Implementing FIFO 'layer11_out_10_U(JetTaggerNN_fifo_w22_d2_S)' using Shift Registers.
INFO: [RTMG 210-285] Implementing FIFO 'layer11_out_11_U(JetTaggerNN_fifo_w22_d2_S)' using Shift Registers.
INFO: [RTMG 210-285] Implementing FIFO 'layer11_out_12_U(JetTaggerNN_fifo_w22_d2_S)' using Shift Registers.
INFO: [RTMG 210-285] Implementing FIFO 'layer11_out_13_U(JetTaggerNN_fifo_w22_d2_S)' using Shift Registers.
INFO: [RTMG 210-285] Implementing FIFO 'layer13_out_3_c_channel_U(JetTaggerNN_fifo_w9_d2_S)' using Shift Registers.
INFO: [RTMG 210-285] Implementing FIFO 'layer13_out_3_c51_channel_U(JetTaggerNN_fifo_w9_d2_S)' using Shift Registers.
INFO: [RTMG 210-285] Implementing FIFO 'layer13_out_4_c_channel_U(JetTaggerNN_fifo_w9_d2_S)' using Shift Registers.
INFO: [RTMG 210-285] Implementing FIFO 'layer13_out_4_c52_channel_U(JetTaggerNN_fifo_w9_d2_S)' using Shift Registers.
INFO: [RTMG 210-285] Implementing FIFO 'layer13_out_7_c_channel_U(JetTaggerNN_fifo_w9_d2_S)' using Shift Registers.
INFO: [RTMG 210-285] Implementing FIFO 'layer13_out_7_c53_channel_U(JetTaggerNN_fifo_w9_d2_S)' using Shift Registers.
INFO: [RTMG 210-285] Implementing FIFO 'layer13_out_10_c_channel_U(JetTaggerNN_fifo_w9_d2_S)' using Shift Registers.
INFO: [RTMG 210-285] Implementing FIFO 'layer13_out_10_c54_channel_U(JetTaggerNN_fifo_w9_d2_S)' using Shift Registers.
INFO: [RTMG 210-285] Implementing FIFO 'layer13_out_12_c_channel_U(JetTaggerNN_fifo_w9_d2_S)' using Shift Registers.
INFO: [RTMG 210-285] Implementing FIFO 'layer13_out_12_c55_channel_U(JetTaggerNN_fifo_w9_d2_S)' using Shift Registers.
INFO: [RTMG 210-285] Implementing FIFO 'layer13_out_14_c_channel_U(JetTaggerNN_fifo_w9_d2_S)' using Shift Registers.
INFO: [RTMG 210-285] Implementing FIFO 'layer13_out_14_c56_channel_U(JetTaggerNN_fifo_w9_d2_S)' using Shift Registers.
INFO: [RTMG 210-285] Implementing FIFO 'layer13_out_17_c_channel_U(JetTaggerNN_fifo_w9_d2_S)' using Shift Registers.
INFO: [RTMG 210-285] Implementing FIFO 'layer13_out_17_c57_channel_U(JetTaggerNN_fifo_w9_d2_S)' using Shift Registers.
INFO: [RTMG 210-285] Implementing FIFO 'layer13_out_20_c_channel_U(JetTaggerNN_fifo_w9_d2_S)' using Shift Registers.
INFO: [RTMG 210-285] Implementing FIFO 'layer13_out_20_c58_channel_U(JetTaggerNN_fifo_w9_d2_S)' using Shift Registers.
INFO: [RTMG 210-285] Implementing FIFO 'layer13_out_23_c_channel_U(JetTaggerNN_fifo_w9_d2_S)' using Shift Registers.
INFO: [RTMG 210-285] Implementing FIFO 'layer13_out_23_c59_channel_U(JetTaggerNN_fifo_w9_d2_S)' using Shift Registers.
INFO: [RTMG 210-285] Implementing FIFO 'layer13_out_24_c_channel_U(JetTaggerNN_fifo_w9_d2_S)' using Shift Registers.
INFO: [RTMG 210-285] Implementing FIFO 'layer13_out_24_c60_channel_U(JetTaggerNN_fifo_w9_d2_S)' using Shift Registers.
INFO: [RTMG 210-285] Implementing FIFO 'layer13_out_26_c_channel_U(JetTaggerNN_fifo_w9_d2_S)' using Shift Registers.
INFO: [RTMG 210-285] Implementing FIFO 'layer13_out_26_c61_channel_U(JetTaggerNN_fifo_w9_d2_S)' using Shift Registers.
INFO: [RTMG 210-285] Implementing FIFO 'layer13_out_28_c_channel_U(JetTaggerNN_fifo_w9_d2_S)' using Shift Registers.
INFO: [RTMG 210-285] Implementing FIFO 'layer13_out_28_c62_channel_U(JetTaggerNN_fifo_w9_d2_S)' using Shift Registers.
INFO: [RTMG 210-285] Implementing FIFO 'layer13_out_30_c_channel_U(JetTaggerNN_fifo_w9_d2_S)' using Shift Registers.
INFO: [RTMG 210-285] Implementing FIFO 'layer13_out_30_c63_channel_U(JetTaggerNN_fifo_w9_d2_S)' using Shift Registers.
INFO: [RTMG 210-285] Implementing FIFO 'layer13_out_31_c_channel_U(JetTaggerNN_fifo_w9_d2_S)' using Shift Registers.
INFO: [RTMG 210-285] Implementing FIFO 'layer13_out_31_c64_channel_U(JetTaggerNN_fifo_w9_d2_S)' using Shift Registers.
INFO: [RTMG 210-285] Implementing FIFO 'layer14_out_U(JetTaggerNN_fifo_w21_d2_S)' using Shift Registers.
INFO: [RTMG 210-285] Implementing FIFO 'layer14_out_1_U(JetTaggerNN_fifo_w21_d2_S)' using Shift Registers.
INFO: [RTMG 210-285] Implementing FIFO 'layer14_out_2_U(JetTaggerNN_fifo_w21_d2_S)' using Shift Registers.
INFO: [RTMG 210-285] Implementing FIFO 'layer14_out_3_U(JetTaggerNN_fifo_w21_d2_S)' using Shift Registers.
INFO: [RTMG 210-285] Implementing FIFO 'layer14_out_4_U(JetTaggerNN_fifo_w21_d2_S)' using Shift Registers.
INFO: [RTMG 210-285] Implementing FIFO 'layer14_out_5_U(JetTaggerNN_fifo_w21_d2_S)' using Shift Registers.
INFO: [RTMG 210-285] Implementing FIFO 'layer14_out_6_U(JetTaggerNN_fifo_w21_d2_S)' using Shift Registers.
INFO: [RTMG 210-285] Implementing FIFO 'layer14_out_7_U(JetTaggerNN_fifo_w21_d2_S)' using Shift Registers.
INFO: [RTMG 210-285] Implementing FIFO 'layer14_out_8_U(JetTaggerNN_fifo_w21_d2_S)' using Shift Registers.
INFO: [RTMG 210-285] Implementing FIFO 'layer14_out_9_U(JetTaggerNN_fifo_w21_d2_S)' using Shift Registers.
INFO: [RTMG 210-285] Implementing FIFO 'layer14_out_10_U(JetTaggerNN_fifo_w21_d2_S)' using Shift Registers.
INFO: [RTMG 210-285] Implementing FIFO 'layer14_out_11_U(JetTaggerNN_fifo_w21_d2_S)' using Shift Registers.
INFO: [RTMG 210-285] Implementing FIFO 'layer14_out_12_U(JetTaggerNN_fifo_w21_d2_S)' using Shift Registers.
INFO: [RTMG 210-285] Implementing FIFO 'layer14_out_13_U(JetTaggerNN_fifo_w21_d2_S)' using Shift Registers.
INFO: [RTMG 210-285] Implementing FIFO 'layer14_out_14_U(JetTaggerNN_fifo_w21_d2_S)' using Shift Registers.
INFO: [RTMG 210-285] Implementing FIFO 'layer14_out_15_U(JetTaggerNN_fifo_w21_d2_S)' using Shift Registers.
INFO: [RTMG 210-285] Implementing FIFO 'layer14_out_16_U(JetTaggerNN_fifo_w21_d2_S)' using Shift Registers.
INFO: [RTMG 210-285] Implementing FIFO 'layer14_out_17_U(JetTaggerNN_fifo_w21_d2_S)' using Shift Registers.
INFO: [RTMG 210-285] Implementing FIFO 'layer14_out_18_U(JetTaggerNN_fifo_w21_d2_S)' using Shift Registers.
INFO: [RTMG 210-285] Implementing FIFO 'layer14_out_19_U(JetTaggerNN_fifo_w21_d2_S)' using Shift Registers.
INFO: [RTMG 210-285] Implementing FIFO 'layer16_out_U(JetTaggerNN_fifo_w21_d2_S)' using Shift Registers.
INFO: [RTMG 210-285] Implementing FIFO 'layer16_out_1_U(JetTaggerNN_fifo_w21_d2_S)' using Shift Registers.
INFO: [RTMG 210-285] Implementing FIFO 'layer16_out_2_U(JetTaggerNN_fifo_w21_d2_S)' using Shift Registers.
INFO: [RTMG 210-285] Implementing FIFO 'layer16_out_3_U(JetTaggerNN_fifo_w21_d2_S)' using Shift Registers.
INFO: [RTMG 210-285] Implementing FIFO 'layer16_out_4_U(JetTaggerNN_fifo_w21_d2_S)' using Shift Registers.
INFO: [RTMG 210-285] Implementing FIFO 'layer16_out_5_U(JetTaggerNN_fifo_w21_d2_S)' using Shift Registers.
INFO: [RTMG 210-285] Implementing FIFO 'layer16_out_6_U(JetTaggerNN_fifo_w21_d2_S)' using Shift Registers.
INFO: [RTMG 210-285] Implementing FIFO 'layer16_out_7_U(JetTaggerNN_fifo_w21_d2_S)' using Shift Registers.
INFO: [RTMG 210-285] Implementing FIFO 'layer16_out_8_U(JetTaggerNN_fifo_w21_d2_S)' using Shift Registers.
INFO: [RTMG 210-285] Implementing FIFO 'layer16_out_9_U(JetTaggerNN_fifo_w21_d2_S)' using Shift Registers.
INFO: [RTMG 210-285] Implementing FIFO 'layer16_out_10_U(JetTaggerNN_fifo_w21_d2_S)' using Shift Registers.
INFO: [RTMG 210-285] Implementing FIFO 'layer16_out_11_U(JetTaggerNN_fifo_w21_d2_S)' using Shift Registers.
INFO: [RTMG 210-285] Implementing FIFO 'layer16_out_12_U(JetTaggerNN_fifo_w21_d2_S)' using Shift Registers.
INFO: [RTMG 210-285] Implementing FIFO 'layer18_out_U(JetTaggerNN_fifo_w9_d2_S)' using Shift Registers.
INFO: [RTMG 210-285] Implementing FIFO 'layer18_out_1_U(JetTaggerNN_fifo_w9_d2_S)' using Shift Registers.
INFO: [RTMG 210-285] Implementing FIFO 'layer18_out_2_U(JetTaggerNN_fifo_w9_d2_S)' using Shift Registers.
INFO: [RTMG 210-285] Implementing FIFO 'layer18_out_3_U(JetTaggerNN_fifo_w9_d2_S)' using Shift Registers.
INFO: [RTMG 210-285] Implementing FIFO 'layer18_out_4_U(JetTaggerNN_fifo_w9_d2_S)' using Shift Registers.
INFO: [RTMG 210-285] Implementing FIFO 'layer18_out_5_U(JetTaggerNN_fifo_w9_d2_S)' using Shift Registers.
INFO: [RTMG 210-285] Implementing FIFO 'layer18_out_6_U(JetTaggerNN_fifo_w9_d2_S)' using Shift Registers.
INFO: [RTMG 210-285] Implementing FIFO 'layer18_out_7_U(JetTaggerNN_fifo_w9_d2_S)' using Shift Registers.
INFO: [RTMG 210-285] Implementing FIFO 'layer18_out_8_U(JetTaggerNN_fifo_w9_d2_S)' using Shift Registers.
INFO: [RTMG 210-285] Implementing FIFO 'layer18_out_9_U(JetTaggerNN_fifo_w9_d2_S)' using Shift Registers.
INFO: [RTMG 210-285] Implementing FIFO 'layer18_out_10_U(JetTaggerNN_fifo_w9_d2_S)' using Shift Registers.
INFO: [RTMG 210-285] Implementing FIFO 'layer18_out_11_U(JetTaggerNN_fifo_w9_d2_S)' using Shift Registers.
INFO: [RTMG 210-285] Implementing FIFO 'layer18_out_12_U(JetTaggerNN_fifo_w9_d2_S)' using Shift Registers.
INFO: [RTMG 210-285] Implementing FIFO 'layer18_out_13_U(JetTaggerNN_fifo_w9_d2_S)' using Shift Registers.
INFO: [RTMG 210-285] Implementing FIFO 'layer18_out_14_U(JetTaggerNN_fifo_w9_d2_S)' using Shift Registers.
INFO: [RTMG 210-285] Implementing FIFO 'layer18_out_15_U(JetTaggerNN_fifo_w9_d2_S)' using Shift Registers.
INFO: [RTMG 210-285] Implementing FIFO 'layer18_out_16_U(JetTaggerNN_fifo_w9_d2_S)' using Shift Registers.
INFO: [RTMG 210-285] Implementing FIFO 'layer18_out_17_U(JetTaggerNN_fifo_w9_d2_S)' using Shift Registers.
INFO: [RTMG 210-285] Implementing FIFO 'layer18_out_18_U(JetTaggerNN_fifo_w9_d2_S)' using Shift Registers.
INFO: [RTMG 210-285] Implementing FIFO 'layer18_out_19_U(JetTaggerNN_fifo_w9_d2_S)' using Shift Registers.
INFO: [RTMG 210-285] Implementing FIFO 'layer19_out_U(JetTaggerNN_fifo_w9_d2_S)' using Shift Registers.
INFO: [RTMG 210-285] Implementing FIFO 'layer19_out_1_U(JetTaggerNN_fifo_w9_d2_S)' using Shift Registers.
INFO: [RTMG 210-285] Implementing FIFO 'layer19_out_2_U(JetTaggerNN_fifo_w9_d2_S)' using Shift Registers.
INFO: [RTMG 210-285] Implementing FIFO 'layer19_out_3_U(JetTaggerNN_fifo_w9_d2_S)' using Shift Registers.
INFO: [RTMG 210-285] Implementing FIFO 'layer19_out_4_U(JetTaggerNN_fifo_w9_d2_S)' using Shift Registers.
INFO: [RTMG 210-285] Implementing FIFO 'layer19_out_5_U(JetTaggerNN_fifo_w9_d2_S)' using Shift Registers.
INFO: [RTMG 210-285] Implementing FIFO 'layer19_out_6_U(JetTaggerNN_fifo_w9_d2_S)' using Shift Registers.
INFO: [RTMG 210-285] Implementing FIFO 'layer19_out_7_U(JetTaggerNN_fifo_w9_d2_S)' using Shift Registers.
INFO: [RTMG 210-285] Implementing FIFO 'layer19_out_8_U(JetTaggerNN_fifo_w9_d2_S)' using Shift Registers.
INFO: [RTMG 210-285] Implementing FIFO 'layer19_out_9_U(JetTaggerNN_fifo_w9_d2_S)' using Shift Registers.
INFO: [RTMG 210-285] Implementing FIFO 'layer19_out_10_U(JetTaggerNN_fifo_w9_d2_S)' using Shift Registers.
INFO: [RTMG 210-285] Implementing FIFO 'layer19_out_11_U(JetTaggerNN_fifo_w9_d2_S)' using Shift Registers.
INFO: [RTMG 210-285] Implementing FIFO 'layer19_out_12_U(JetTaggerNN_fifo_w9_d2_S)' using Shift Registers.
INFO: [RTMG 210-285] Implementing FIFO 'layer20_out_U(JetTaggerNN_fifo_w24_d2_S)' using Shift Registers.
INFO: [RTMG 210-285] Implementing FIFO 'layer20_out_1_U(JetTaggerNN_fifo_w24_d2_S)' using Shift Registers.
INFO: [RTMG 210-285] Implementing FIFO 'layer20_out_2_U(JetTaggerNN_fifo_w24_d2_S)' using Shift Registers.
INFO: [RTMG 210-285] Implementing FIFO 'layer20_out_3_U(JetTaggerNN_fifo_w24_d2_S)' using Shift Registers.
INFO: [RTMG 210-285] Implementing FIFO 'layer20_out_4_U(JetTaggerNN_fifo_w24_d2_S)' using Shift Registers.
INFO: [RTMG 210-285] Implementing FIFO 'layer20_out_5_U(JetTaggerNN_fifo_w24_d2_S)' using Shift Registers.
INFO: [RTMG 210-285] Implementing FIFO 'layer20_out_6_U(JetTaggerNN_fifo_w24_d2_S)' using Shift Registers.
INFO: [RTMG 210-285] Implementing FIFO 'layer20_out_7_U(JetTaggerNN_fifo_w24_d2_S)' using Shift Registers.
INFO: [RTMG 210-285] Implementing FIFO 'layer22_out_U(JetTaggerNN_fifo_w10_d2_S)' using Shift Registers.
INFO: [HLS 200-111] Finished Creating RTL model: CPU user time: 76.26 seconds. CPU system time: 4.43 seconds. Elapsed time: 81.37 seconds; current allocated memory: 6.095 GB.
INFO: [HLS 200-111] Finished Generating all RTL models: CPU user time: 16.41 seconds. CPU system time: 1.82 seconds. Elapsed time: 18.44 seconds; current allocated memory: 6.192 GB.
INFO: [HLS 200-111] Finished Updating report files: CPU user time: 13.58 seconds. CPU system time: 0.18 seconds. Elapsed time: 13.84 seconds; current allocated memory: 6.372 GB.
INFO: [VHDL 208-304] Generating VHDL RTL for JetTaggerNN.
INFO: [VLOG 209-307] Generating Verilog RTL for JetTaggerNN.
INFO: [HLS 200-789] **** Estimated Fmax: 493.83 MHz
INFO: [HLS 200-111] Finished Command csynth_design CPU user time: 1080.08 seconds. CPU system time: 20.73 seconds. Elapsed time: 1111.77 seconds; current allocated memory: 6.124 GB.
